Name; Median Time; Min Time; Max Time; Median Frame Index; Min Frame Index; Max Frame Index; Min Depth; Max Depth; Total Time; Mean Time; Time Lower Quartile; Time Upper Quartile; Count Total; Count Median; Count Min; Count Max; Number of frames containing Marker; First Frame Index; Time Min Individual; Time Max Individual; Min Individual Frame; Max Individual Frame; Time at Median Frame
"mscorlib.dll!System.IO::StreamWriter..ctor()";96.4834;96.4834;96.4834;61925;61925;61925;21;24;96.4833984375;96.4834;96.4834;96.4834;18;18;18;18;1;61925;0.9744;10.3938;61925;61925;0
"mscorlib.dll!System.IO::FileStream..ctor()";96.2594;96.2594;96.2594;61925;61925;61925;24;27;96.2593994140625;96.2594;96.2594;96.2594;18;18;18;18;1;61925;0.9614;10.3818;61925;61925;0
"mscorlib.dll!System.IO::MonoIO.Open()";57.3884;57.3884;57.3884;61925;61925;61925;27;29;57.3884010314941;57.3884;57.3884;57.3884;12;12;12;12;1;61925;0.2854;9.8967;61925;61925;0
"Assembly-CSharp.dll!::WaveSystem.FinishWave()";57.3546;57.3546;57.3546;61925;61925;61925;16;16;57.3545989990234;57.3546;57.3546;57.3546;1;1;1;1;1;61925;57.3546;57.3546;61925;61925;0
"Assembly-CSharp.dll!::WaveSystem.EndRun()";55.1947;55.1947;55.1947;61925;61925;61925;17;17;55.1946983337402;55.1947;55.1947;55.1947;1;1;1;1;1;61925;55.1947;55.1947;61925;61925;0
"Newtonsoft.Json.dll!Newtonsoft.Json::JsonConvert.SerializeObject()";54.841;54.841;54.841;61925;61925;61925;20;23;54.8409957885742;54.841;54.841;54.841;17;17;17;17;1;61925;0.0621;16.751;61925;61925;0
"Application.WaitForAsyncOperationToComplete";36.8748;36.8748;36.8748;62046;62046;62046;5;5;36.8748016357422;36.8748;36.8748;36.8748;1;1;1;1;1;62046;36.8748;36.8748;62046;62046;0
"Unity.ResourceManager.dll!UnityEngine.ResourceManagement.AsyncOperations::AsyncOperationBase`1.DecrementReferenceCount()";34.6879;34.6879;34.6879;62046;62046;62046;14;22;34.6878967285156;34.6879;34.6879;34.6879;19;19;19;19;1;62046;0;11.2751;62046;62046;0
"mscorlib.dll!System.IO::File.WriteAllText()";32.8762;32.8762;32.8762;61925;61925;61925;20;21;32.8762016296387;32.8762;32.8762;32.8762;6;6;6;6;1;61925;1.1036;10.5188;61925;61925;0
"Application.LoadLevelAsync Integrate";27.4166;27.4166;27.4166;62046;62046;62046;7;7;27.4165992736816;27.4166;27.4166;27.4166;1;1;1;1;1;62046;27.4166;27.4166;62046;62046;0
"Assembly-CSharp.dll!::MetaProgressService.Save()";23.704;23.704;23.704;61925;61925;61925;19;20;23.7039985656738;23.704;23.704;23.704;4;4;4;4;1;61925;1.6829;7.9017;61925;61925;0
"Unity.ResourceManager.dll!UnityEngine.ResourceManagement.AsyncOperations::AsyncOperationHandle`1.Release()";23.5002;23.5002;23.5002;62046;62046;62046;13;19;23.5002002716064;23.5002;23.5002;23.5002;15;15;15;15;1;62046;0.0003;11.2753;62046;62046;0
"UnloadScene";23.2959;23.2959;23.2959;62046;62046;62046;8;8;23.2959003448486;23.2959;23.2959;23.2959;1;1;1;1;1;62046;23.2959;23.2959;62046;62046;0
"Assembly-CSharp.dll!::WaveRunRewards.RecordMetaProgress()";22.8738;22.8738;22.8738;61925;61925;61925;18;18;22.87380027771;22.8738;22.8738;22.8738;1;1;1;1;1;61925;22.8738;22.8738;61925;61925;0
"Unity.ResourceManager.dll!UnityEngine.ResourceManagement.AsyncOperations::ProviderOperation`1.Destroy()";22.3165;22.3165;22.3165;62046;62046;62046;15;23;22.3164978027344;22.3165;22.3165;22.3165;9;9;9;9;1;62046;0.001;11.2591;62046;62046;0
"Assembly-CSharp.dll!::WaveSystem.EndSessionStats()";19.527;19.527;19.527;61925;61925;61925;18;18;19.5270004272461;19.527;19.527;19.527;1;1;1;1;1;61925;19.527;19.527;61925;61925;0
"Assembly-CSharp.dll!::PlaySessionStatsService.EndRun()";19.2203;19.2203;19.2203;61925;61925;61925;19;19;19.2203006744385;19.2203;19.2203;19.2203;1;1;1;1;1;61925;19.2203;19.2203;61925;61925;0
"Newtonsoft.Json.dll!Newtonsoft.Json.Utilities::ThreadSafeStore`2.Get()";18.5188;18.5188;18.5188;61925;61925;61925;29;49;18.518798828125;18.5188;18.5188;18.5188;329;329;329;329;1;61925;0.0013;6.7013;61925;61925;0
"mscorlib.dll!System.Collections.Concurrent::ConcurrentDictionary`2.GetOrAdd()";18.4662;18.4662;18.4662;61925;61925;61925;30;50;18.4661979675293;18.4662;18.4662;18.4662;329;329;329;329;1;61925;0.0012;6.7009;61925;61925;0
"Assembly-CSharp.dll!::PlaySessionStatsService.SaveToQueue()";18.338;18.338;18.338;61925;61925;61925;20;20;18.3379993438721;18.338;18.338;18.338;1;1;1;1;1;61925;18.338;18.338;61925;61925;0
"Newtonsoft.Json.dll!Newtonsoft.Json::JsonConvert.SerializeObjectInternal()";18.2533;18.2533;18.2533;61925;61925;61925;22;24;18.2532997131348;18.2533;18.2533;18.2533;6;6;6;6;1;61925;0.0549;16.7449;61925;61925;0
"Newtonsoft.Json.dll!Newtonsoft.Json::JsonSerializer.Serialize()";18.1556;18.1556;18.1556;61925;61925;61925;23;25;18.1555995941162;18.1556;18.1556;18.1556;6;6;6;6;1;61925;0.0418;16.7265;61925;61925;0
"Newtonsoft.Json.dll!Newtonsoft.Json::JsonSerializer.SerializeInternal()";18.154;18.154;18.154;61925;61925;61925;24;26;18.1539993286133;18.154;18.154;18.154;6;6;6;6;1;61925;0.0416;16.7262;61925;61925;0
"Newtonsoft.Json.dll!Newtonsoft.Json.Serialization::JsonSerializerInternalWriter.Serialize()";18.1091;18.1091;18.1091;61925;61925;61925;25;27;18.1091003417969;18.1091;18.1091;18.1091;6;6;6;6;1;61925;0.0357;16.7183;61925;61925;0
"Newtonsoft.Json.dll!Newtonsoft.Json.Serialization::JsonSerializerInternalWriter.SerializeValue()";16.8908;16.8908;16.8908;61925;61925;61925;26;34;16.8907985687256;16.8908;16.8908;16.8908;84;84;84;84;1;61925;0.0022;10.0116;61925;61925;0
"PlayerLoop";16.6477;1.0454;1336.93;60584;62097;62096;1;1;34870.7407748699;17.43537;16.5822;16.7156;2000;1;1;1;2000;60314;1.0454;1336.93;62097;62096;16.6477
"Newtonsoft.Json.dll!Newtonsoft.Json.Serialization::DefaultContractResolver.ResolveContract()";14.3654;14.3654;14.3654;61925;61925;61925;28;35;14.3653993606567;14.3654;14.3654;14.3654;54;54;54;54;1;61925;0.0016;6.7019;61925;61925;0
"Newtonsoft.Json.dll!Newtonsoft.Json.Serialization::DefaultContractResolver.CreateContract()";14.1243;14.1243;14.1243;61925;61925;61925;33;36;14.1243000030518;14.1243;14.1243;14.1243;4;4;4;4;1;61925;1.5991;6.6951;61925;61925;0
"Assembly-CSharp.dll!::TowerBasePrefabLoader.OnDestroy()";13.0694;13.0694;13.0694;62046;62046;62046;10;10;13.0693998336792;13.0694;13.0694;13.0694;1;1;1;1;1;62046;13.0694;13.0694;62046;62046;0
"Assembly-CSharp.dll!::TowerBasePrefabLoader.ReleaseAll()";12.8355;12.8355;12.8355;62046;62046;62046;11;11;12.8354997634888;12.8355;12.8355;12.8355;1;1;1;1;1;62046;12.8355;12.8355;62046;62046;0
"Unity.Addressables.dll!UnityEngine.AddressableAssets::Addressables.Release()";12.2241;12.2241;12.2241;62046;62046;62046;12;12;12.224100112915;12.2241;12.2241;12.2241;8;8;8;8;1;62046;0.0004;11.2758;62046;62046;0
"Newtonsoft.Json.dll!Newtonsoft.Json.Serialization::JsonSerializerInternalWriter.SerializeObject()";11.9364;11.9364;11.9364;61925;61925;61925;28;33;11.9364004135132;11.9364;11.9364;11.9364;16;16;16;16;1;61925;0.0359;10.0097;61925;61925;0
"Assembly-CSharp.dll!::ScoreService.SaveCurrentRun()";11.2283;11.2283;11.2283;61925;61925;61925;18;18;11.2283000946045;11.2283;11.2283;11.2283;1;1;1;1;1;61925;11.2283;11.2283;61925;61925;0
"Unity.ResourceManager.dll!UnityEngine.ResourceManagement.AsyncOperations::GroupOperation.Destroy()";11.2191;11.2191;11.2191;62046;62046;62046;18;18;11.2190999984741;11.2191;11.2191;11.2191;1;1;1;1;1;62046;11.2191;11.2191;62046;62046;0
"Unity.ResourceManager.dll!UnityEngine.ResourceManagement.AsyncOperations::GroupOperation.ReleaseDependencies()";11.2183;11.2183;11.2183;62046;62046;62046;19;19;11.2182998657227;11.2183;11.2183;11.2183;1;1;1;1;1;62046;11.2183;11.2183;62046;62046;0
"Unity.ResourceManager.dll!UnityEngine.ResourceManagement.AsyncOperations::AsyncOperationHandle.Release()";11.2161;11.2161;11.2161;62046;62046;62046;16;20;11.2160997390747;11.2161;11.2161;11.2161;4;4;4;4;1;62046;0.016;11.1508;62046;62046;0
"Unity.ResourceManager.dll!UnityEngine.ResourceManagement.AsyncOperations::AsyncOperationBase`1.UnityEngine.ResourceManagement.AsyncOperations.IAsyncOperation.DecrementReferenceCount()";11.195;11.195;11.195;62046;62046;62046;17;21;11.1950006484985;11.195;11.195;11.195;4;4;4;4;1;62046;0.003;11.1452;62046;62046;0
"Assembly-CSharp.dll!::ScoreService.SaveScore()";11.106;11.106;11.106;61925;61925;61925;19;19;11.1059999465942;11.106;11.106;11.106;1;1;1;1;1;61925;11.106;11.106;61925;61925;0
"TimeUpdate.WaitForLastPresentationAndUpdateTime";11.0463;0.055;17.7756;61241;62046;62306;2;2;21057.0855524465;10.52854;9.2138;12.4329;2000;1;1;1;2000;60314;0.055;17.7756;62046;62306;10.1944
"GfxDeviceD3D11.WaitForLastPresent";11.0432;0.0537;17.7664;61127;62046;62306;3;3;21050.2239551134;10.52511;9.2109;12.4295;2000;1;1;1;2000;60314;0.0537;17.7664;62046;62306;10.1915
"WaitForTargetFPS";11.0423;0.0533;17.7644;61127;62046;62306;4;4;21048.3188427724;10.52416;9.2102;12.4287;2000;1;1;1;2000;60314;0.0533;17.7644;62046;62306;10.1907
"DXGI.WaitOnSwapChain";10.9622;0.0024;16.1727;60686;60619;62306;5;5;20844.8785458326;10.42244;9.093;12.3214;2000;1;1;1;2000;60314;0.0024;16.1727;60619;62306;10.133
"Unity.ResourceManager.dll!UnityEngine.ResourceManagement.ResourceProviders::AssetBundleProvider.Release()";10.8364;10.8364;10.8364;62046;62046;62046;24;24;10.8364000320435;10.8364;10.8364;10.8364;3;3;3;3;1;62046;0.0104;10.8026;62046;62046;0
"Unity.ResourceManager.dll!UnityEngine.ResourceManagement.ResourceProviders::AssetBundleResource.Unload()";10.6476;10.6476;10.6476;62046;62046;62046;25;25;10.6475992202759;10.6476;10.6476;10.6476;3;3;3;3;1;62046;0.0081;10.6207;62046;62046;0
"Newtonsoft.Json.dll!Newtonsoft.Json.Serialization::JsonTypeReflector.GetAttribute()";10.3717;10.3717;10.3717;61925;61925;61925;38;47;10.3717031478882;10.3717;10.3717;10.3717;348;348;348;348;1;61925;0.0145;0.6195;61925;61925;0
"UnityEngine.AssetBundleModule.dll!UnityEngine::AssetBundle.UnloadAsync()";9.628099;9.628099;9.628099;62046;62046;62046;26;26;9.62809944152832;9.628099;9.628099;9.628099;3;3;3;3;1;62046;0.0036;9.6149;62046;62046;0
"UnityEngine.AssetBundleModule.dll!UnityEngine::AssetBundle.UnloadAsync_Injected()";9.3944;9.3944;9.3944;62046;62046;62046;27;27;9.39439964294434;9.3944;9.3944;9.3944;3;3;3;3;1;62046;0.0019;9.3886;62046;62046;0
"Assembly-CSharp.dll!::MetaProgressService.AddCrystals()";9.0004;9.0004;9.0004;61925;61925;61925;18;19;9.00039958953857;9.0004;9.0004;9.0004;2;2;2;2;1;61925;1.6837;7.3167;61925;61925;0
"Newtonsoft.Json.dll!Newtonsoft.Json.Utilities::ReflectionUtils.GetAttributes()";8.097099;8.097099;8.097099;61925;61925;61925;40;50;8.09709930419922;8.097099;8.097099;8.097099;487;487;487;487;1;61925;0.0101;0.2901;61925;61925;0
"Assembly-CSharp.dll!::MetaProgressService.MarkStageCleared()";8.0605;8.0605;8.0605;61925;61925;61925;19;19;8.0605001449585;8.0605;8.0605;8.0605;1;1;1;1;1;61925;8.0605;8.0605;61925;61925;0
"Newtonsoft.Json.dll!Newtonsoft.Json.Serialization::DefaultContractResolver.CreateObjectContract()";7.829;7.829;7.829;61925;61925;61925;34;37;7.8289999961853;7.829;7.829;7.829;2;2;2;2;1;61925;1.4965;6.3325;61925;61925;0
"GarbageCollectAssetsProfile";7.6765;7.6765;7.6765;62046;62046;62046;7;7;7.67649984359741;7.6765;7.6765;7.6765;1;1;1;1;1;62046;7.6765;7.6765;62046;62046;0
"Assembly-CSharp.dll!::MetaProgressService.RecordScore()";7.1461;7.1461;7.1461;61925;61925;61925;19;19;7.14610004425049;7.1461;7.1461;7.1461;1;1;1;1;1;61925;7.1461;7.1461;61925;61925;0
"Newtonsoft.Json.dll!Newtonsoft.Json.Serialization::JsonSerializerInternalWriter.GetContractSafe()";6.8095;6.8095;6.8095;61925;61925;61925;26;32;6.80950021743774;6.8095;6.8095;6.8095;31;31;31;31;1;61925;0.002;6.7034;61925;61925;0
"Newtonsoft.Json.dll!Newtonsoft.Json.Serialization::JsonSerializerInternalWriter.GetContract()";6.8038;6.8038;6.8038;61925;61925;61925;27;33;6.80380010604858;6.8038;6.8038;6.8038;31;31;31;31;1;61925;0.0018;6.7027;61925;61925;0
"Newtonsoft.Json.dll!Newtonsoft.Json.Serialization::DefaultContractResolver.CreateProperties()";6.7668;6.7668;6.7668;61925;61925;61925;35;38;6.76679992675781;6.7668;6.7668;6.7668;2;2;2;2;1;61925;1.0133;5.7535;61925;61925;0
"Newtonsoft.Json.dll!Newtonsoft.Json.Serialization::JsonSerializerInternalWriter.CalculatePropertyValues()";6.2545;6.2545;6.2545;61925;61925;61925;29;34;6.25450038909912;6.2545;6.2545;6.2545;64;64;64;64;1;61925;0.0049;3.8991;61925;61925;0
"GC.DeleteUnusedAssets";5.2007;5.2007;5.2007;62046;62046;62046;8;8;5.20069980621338;5.2007;5.2007;5.2007;1;1;1;1;1;62046;5.2007;5.2007;62046;62046;0
"BatchDeleteObjects";5.1026;5.1026;5.1026;62046;62046;62046;9;9;5.10260009765625;5.1026;5.1026;5.1026;1;1;1;1;1;62046;5.1026;5.1026;62046;62046;0
"Newtonsoft.Json.dll!Newtonsoft.Json.Serialization::DefaultContractResolver.InitializeContract()";4.9642;4.9642;4.9642;61925;61925;61925;35;38;4.96420001983643;4.9642;4.9642;4.9642;4;4;4;4;1;61925;0.2256;2.8705;61925;61925;0
"Newtonsoft.Json.dll!Newtonsoft.Json.Serialization::DefaultContractResolver.CreateProperty()";4.2229;4.2229;4.2229;61925;61925;61925;36;39;4.22289991378784;4.2229;4.2229;4.2229;20;20;20;20;1;61925;0.1863;0.3367;61925;61925;0
"Newtonsoft.Json.dll!Newtonsoft.Json.Utilities::ReflectionUtils.GetAttribute()";4.0942;4.0942;4.0942;61925;61925;61925;39;48;4.09420013427734;4.0942;4.0942;4.0942;236;236;236;236;1;61925;0.0113;0.0639;61925;61925;0
"mscorlib.dll!System::MonoCustomAttrs.GetCustomAttributes()";3.739301;3.739301;3.739301;61925;61925;61925;39;53;3.73930072784424;3.739301;3.739301;3.739301;258;258;258;258;1;61925;0.0083;0.2503;61925;61925;0
"Newtonsoft.Json.dll!Newtonsoft.Json.Serialization::DefaultContractResolver.SetPropertySettingsFromAttributes()";3.6451;3.6451;3.6451;61925;61925;61925;37;40;3.64510011672974;3.6451;3.6451;3.6451;20;20;20;20;1;61925;0.16;0.3074;61925;61925;0
"mscorlib.dll!System.IO::FileSystem.DirectoryExists()";3.5659;3.5659;3.5659;61925;61925;61925;21;30;3.56589984893799;3.5659;3.5659;3.5659;36;36;36;36;1;61925;0.0546;0.1708;61925;61925;0
"Newtonsoft.Json.dll!Newtonsoft.Json.Serialization::JsonSerializerInternalWriter.SerializeList()";3.3845;3.3845;3.3845;61925;61925;61925;27;31;3.3844997882843;3.3845;3.3845;3.3845;15;15;15;15;1;61925;0.0078;2.6408;61925;61925;0
"Newtonsoft.Json.dll!Newtonsoft.Json.Serialization::CachedAttributeGetter`1.GetAttribute()";3.2309;3.2309;3.2309;61925;61925;61925;35;43;3.23090004920959;3.2309;3.2309;3.2309;101;101;101;101;1;61925;0.0014;0.6266;61925;61925;0
"Newtonsoft.Json.dll!Newtonsoft.Json.Serialization::DefaultContractResolver.CreateArrayContract()";3.1649;3.1649;3.1649;61925;61925;61925;35;35;3.16490006446838;3.1649;3.1649;3.1649;1;1;1;1;1;61925;3.1649;3.1649;61925;61925;0
"mscorlib.dll!System.IO::Directory.Exists()";3.1612;3.1612;3.1612;61925;61925;61925;20;28;3.16119980812073;3.1612;3.1612;3.1612;18;18;18;18;1;61925;0.1092;0.2782;61925;61925;0
"Newtonsoft.Json.dll!Newtonsoft.Json.Serialization::DefaultContractResolver.ResolveCallbackMethods()";2.8016;2.8016;2.8016;61925;61925;61925;36;39;2.80159997940063;2.8016;2.8016;2.8016;4;4;4;4;1;61925;0.018;2.1689;61925;61925;0
"Newtonsoft.Json.dll!Newtonsoft.Json.Serialization::DefaultContractResolver.GetCallbackMethodsForType()";2.8003;2.8003;2.8003;61925;61925;61925;37;40;2.80030012130737;2.8003;2.8003;2.8003;4;4;4;4;1;61925;0.0178;2.1685;61925;61925;0
"mscorlib.dll!System::String.IndexOfAny()";2.7044;2.7044;2.7044;61925;61925;61925;21;35;2.70439982414246;2.7044;2.7044;2.7044;182;182;182;182;1;61925;0.0097;0.0312;61925;61925;0
"Newtonsoft.Json.dll!Newtonsoft.Json.Serialization::JsonTypeReflector.GetCachedAttribute()";2.5859;2.5859;2.5859;61925;61925;61925;34;42;2.58590030670166;2.5859;2.5859;2.5859;40;40;40;40;1;61925;0.0016;0.6274;61925;61925;0
"mscorlib.dll!System.IO::Path.InsecureGetFullPath()";2.3196;2.3196;2.3196;61925;61925;61925;22;30;2.31960010528564;2.3196;2.3196;2.3196;30;30;30;30;1;61925;0.0536;0.1356;61925;61925;0
"mscorlib.dll!System::RuntimeType.GetCustomAttributes()";2.1428;2.1428;2.1428;61925;61925;61925;38;50;2.14280009269714;2.1428;2.1428;2.1428;98;98;98;98;1;61925;0.0086;0.2507;61925;61925;0
"Newtonsoft.Json.dll!Newtonsoft.Json.Serialization::JsonSerializerInternalWriter.WriteStartArray()";2.03;2.03;2.03;61925;61925;61925;28;32;2.02999997138977;2.03;2.03;2.03;15;15;15;15;1;61925;0.0019;1.9931;61925;61925;0
"mscorlib.dll!System::Attribute.GetCustomAttributes()";1.841;1.841;1.841;61925;61925;61925;42;51;1.84100043773651;1.841;1.841;1.841;160;160;160;160;1;61925;0.0099;0.0191;61925;61925;0
"GC.MarkDependencies";1.8352;1.8352;1.8352;62046;62046;62046;8;8;1.83519995212555;1.8352;1.8352;1.8352;1;1;1;1;1;62046;1.8352;1.8352;62046;62046;0
"mscorlib.dll!System.IO::Path.GetFullPath()";1.7798;1.7798;1.7798;61925;61925;61925;21;29;1.7797999382019;1.7798;1.7798;1.7798;24;24;24;24;1;61925;0.0537;0.1231;61925;61925;0
"mscorlib.dll!System.IO::FileSystem.FillAttributeInfo()";1.7713;1.7713;1.7713;61925;61925;61925;23;31;1.77129995822906;1.7713;1.7713;1.7713;18;18;18;18;1;61925;0.0544;0.1697;61925;61925;0
"mscorlib.dll!System.IO::FileSystem.UnityGetFileAttributesEx()";1.7217;1.7217;1.7217;61925;61925;61925;24;32;1.72170007228851;1.7217;1.7217;1.7217;18;18;18;18;1;61925;0.0527;0.1661;61925;61925;0
"mscorlib.dll!System.IO::Path.CanonicalizePath()";1.7122;1.7122;1.7122;61925;61925;61925;23;31;1.71219980716705;1.7122;1.7122;1.7122;30;30;30;30;1;61925;0.0406;0.0941;61925;61925;0
"Assembly-CSharp.dll!::WaveRunRewards.OnWaveCleared()";1.6845;1.6845;1.6845;61925;61925;61925;17;17;1.68449997901917;1.6845;1.6845;1.6845;1;1;1;1;1;61925;1.6845;1.6845;61925;61925;0
"mscorlib.dll!System.Reflection::RuntimeFieldInfo.GetCustomAttributes()";1.6507;1.6507;1.6507;61925;61925;61925;43;52;1.65070033073425;1.6507;1.6507;1.6507;160;160;160;160;1;61925;0.009;0.0173;61925;61925;0
"Newtonsoft.Json.dll!Newtonsoft.Json.Serialization::DefaultContractResolver.CreatePrimitiveContract()";1.5948;1.5948;1.5948;61925;61925;61925;35;35;1.59479999542236;1.5948;1.5948;1.5948;1;1;1;1;1;61925;1.5948;1.5948;61925;61925;0
"Loading.AwakeFromLoad";1.5472;1.5472;1.5472;62046;62046;62046;7;8;1.5472000837326;1.5472;1.5472;1.5472;154;154;154;154;1;62046;0;0.1985;62046;62046;0
"mscorlib.dll!System::MonoCustomAttrs.IsDefined()";1.462497;1.462497;1.462497;61925;61925;61925;38;43;1.46249687671661;1.462497;1.462497;1.462497;530;530;530;530;1;61925;0.0018;0.0101;61925;61925;0
"Newtonsoft.Json.dll!Newtonsoft.Json.Serialization::JsonSerializerInternalWriter.SerializePrimitive()";1.4453;1.4453;1.4453;61925;61925;61925;29;35;1.44530022144318;1.4453;1.4453;1.4453;53;53;53;53;1;61925;0.0014;1.2486;61925;61925;0
"Newtonsoft.Json.dll!Newtonsoft.Json::JsonWriter.WriteValue()";1.4192;1.4192;1.4192;61925;61925;61925;30;36;1.41919994354248;1.4192;1.4192;1.4192;53;53;53;53;1;61925;0.0011;1.2473;61925;61925;0
"Newtonsoft.Json.dll!Newtonsoft.Json.Serialization::DefaultContractResolver.IsValidCallback()";1.412403;1.412403;1.412403;61925;61925;61925;39;39;1.41240286827087;1.412403;1.412403;1.412403;485;485;485;485;1;61925;0.002;0.0076;61925;61925;0
"Assembly-CSharp.dll!::EnemySpawner.SpawnSplitChildren()";1.402;1.402;1.5286;60524;60524;60429;11;11;2.93059992790222;1.4653;1.402;1.402;2;1;1;1;2;60429;1.402;1.5286;60524;60429;0
"Newtonsoft.Json.dll!Newtonsoft.Json.Serialization::DefaultContractResolver.GetSerializableMembers()";1.3901;1.3901;1.3901;61925;61925;61925;36;39;1.39010000228882;1.3901;1.3901;1.3901;2;2;2;2;1;61925;0.3629;1.0272;61925;61925;0
"System.Core.dll!System.Linq::Enumerable.ToList()";1.3667;1.3667;1.3667;61925;61925;61925;36;40;1.36669993400574;1.3667;1.3667;1.3667;4;4;4;4;1;61925;0.0185;0.9683;61925;61925;0
"UnityEngine.UI.dll!UnityEngine.UI::Image.OnCanvasHierarchyChanged()";1.3434;1.3434;1.3434;62046;62046;62046;9;12;1.3433997631073;1.3434;1.3434;1.3434;122;122;122;122;1;62046;0.0048;0.029;62046;62046;0
"mscorlib.dll!System.Reflection::RuntimeMethodInfo.IsDefined()";1.340402;1.340402;1.340402;61925;61925;61925;40;40;1.34040200710297;1.340402;1.340402;1.340402;485;485;485;485;1;61925;0.0019;0.0073;61925;61925;0
"mscorlib.dll!System::String.IndexOfCharArray()";1.3315;1.3315;1.3315;61925;61925;61925;23;36;1.33150005340576;1.3315;1.3315;1.3315;91;91;91;91;1;61925;0.0096;0.0308;61925;61925;0
"Newtonsoft.Json.dll!Newtonsoft.Json::JsonTextWriter.WriteValue()";1.3302;1.3302;1.3302;61925;61925;61925;31;37;1.33019983768463;1.3302;1.3302;1.3302;53;53;53;53;1;61925;0.0009;1.1736;61925;61925;0
"mscorlib.dll!::Kernel32.GetFileAttributesEx()";1.2997;1.2997;1.2997;61925;61925;61925;25;33;1.29970002174377;1.2997;1.2997;1.2997;18;18;18;18;1;61925;0.0378;0.1357;61925;61925;0
"mscorlib.dll!::Kernel32.GetFileAttributesExPrivate()";1.2849;1.2849;1.2849;61925;61925;61925;26;34;1.28489995002747;1.2849;1.2849;1.2849;18;18;18;18;1;61925;0.037;0.1345;61925;61925;0
"mscorlib.dll!System::MonoCustomAttrs.GetCustomAttributesBase()";1.284899;1.284899;1.284899;61925;61925;61925;40;54;1.28489911556244;1.284899;1.284899;1.284899;299;299;299;299;1;61925;0.0012;0.1412;61925;61925;0
"mscorlib.dll!System::Array.CreateInstance()";1.2757;1.2757;1.2757;61925;61925;61925;40;55;1.27569997310638;1.2757;1.2757;1.2757;516;516;516;516;1;61925;0.0017;0.0079;61925;61925;0
"PostLateUpdate.PlayerUpdateCanvases";1.1577;0.0461;16.2559;60980;62047;60538;2;2;2903.06689068675;1.451533;0.4463;1.959;2000;1;1;1;2000;60314;0.0461;16.2559;62047;60538;1.6089
"UIEvents.WillRenderCanvases";1.1535;0.0426;16.2424;60980;62047;60538;3;3;2894.61459443718;1.447307;0.443;1.9541;2000;1;1;1;2000;60314;0.0426;16.2424;62047;60538;1.6038
"UGUI.Rendering.UpdateBatches";1.1532;0.0426;16.2415;60980;62047;60538;4;4;2893.90719501302;1.446954;0.4428;1.9537;2000;1;1;1;2000;60314;0.0426;16.2415;62047;60538;1.6034
"mscorlib.dll!System.IO::Path.IsPathRooted()";1.1262;1.1262;1.1262;61925;61925;61925;22;34;1.12619996070862;1.1262;1.1262;1.1262;144;144;144;144;1;61925;0;0.0323;61925;61925;0
"didUnloadScene.Invoke";1.1189;1.1189;1.1189;62046;62046;62046;9;9;1.1188999414444;1.1189;1.1189;1.1189;1;1;1;1;1;62046;1.1189;1.1189;62046;62046;0
"UnityEngine.UIModule.dll!UnityEngine::Canvas.SendWillRenderCanvases()";1.1059;0.0219;16.0567;60942;62047;60538;5;5;2791.75389247946;1.395877;0.4046;1.8931;2000;1;1;1;2000;60314;0.0219;16.0567;62047;60538;1.5537
"UnityEngine.UIModule.dll!::<Module>.invoke_void()";1.1056;0.0218;16.0554;60878;62047;60538;6;6;2790.60729323141;1.395304;0.4041;1.8924;2000;1;1;1;2000;60314;0.0218;16.0554;62047;60538;1.5532
"UnityEngine.CoreModule.dll!UnityEngine.SceneManagement::SceneManager.Internal_SceneUnloaded()";1.0995;1.0995;1.0995;62046;62046;62046;10;10;1.09949994087219;1.0995;1.0995;1.0995;1;1;1;1;1;62046;1.0995;1.0995;62046;62046;0
"Newtonsoft.Json.dll!Newtonsoft.Json.Serialization::JsonTypeReflector.GetJsonConverter()";1.0892;1.0892;1.0892;61925;61925;61925;37;41;1.08919990062714;1.0892;1.0892;1.0892;24;24;24;24;1;61925;0.0174;0.2481;61925;61925;0
"Unity.TextMeshPro.dll!TMPro::TMP_FontAsset.TryAddCharacterInternal()";1.0297;1.0297;1.0297;61925;61925;61925;19;19;1.02970004081726;1.0297;1.0297;1.0297;2;2;2;2;1;61925;0.4774;0.5523;61925;61925;0
"TMP.TryAddCharacter";1.0287;1.0287;1.0287;61925;61925;61925;20;20;1.02869999408722;1.0287;1.0287;1.0287;2;2;2;2;1;61925;0.477;0.5517;61925;61925;0
"Unity.TextMeshPro.dll!TMPro::TextMeshPro.Rebuild()";1.02;0.0977;14.9475;61736;61926;60538;8;8;2158.05609983206;1.351319;0.5574;1.7522;17567;9;1;35;1597;60314;0.0749;4.4117;60531;61512;1.3085
"Unity.TextMeshPro.dll!TMPro::TextMeshPro.OnPreRenderObject()";1.0141;0.097;14.8554;60659;61926;60538;9;9;2143.54568975419;1.342233;0.554;1.7404;17567;9;1;35;1597;60314;0.0743;4.4062;60531;61512;1.3001
"Newtonsoft.Json.dll!Newtonsoft.Json::JsonConvert.ToString()";0.9926;0.9926;0.9926;61925;61925;61925;34;34;0.99260002374649;0.9926;0.9926;0.9926;1;1;1;1;1;61925;0.9926;0.9926;61925;61925;0
"UnityEngine.UI.dll!UnityEngine.UI::MaskableGraphic.OnCanvasHierarchyChanged()";0.9903999;0.9903999;0.9903999;62046;62046;62046;10;13;0.990399897098541;0.9903999;0.9903999;0.9903999;178;178;178;178;1;62046;0.001;0.0231;62046;62046;0
"System.Core.dll!System.Linq::OrderedEnumerable`1.ToList()";0.9848;0.9848;0.9848;61925;61925;61925;37;40;0.984799981117249;0.9848;0.9848;0.9848;2;2;2;2;1;61925;0.0175;0.9673;61925;61925;0
"mscorlib.dll!System::MonoCustomAttrs.GetPseudoCustomAttributes()";0.9836928;0.9836928;0.9836928;61925;61925;61925;39;55;0.983692824840546;0.9836928;0.9836928;0.9836928;886;886;886;886;1;61925;0.0002;0.0075;61925;61925;0
"Newtonsoft.Json.dll!Newtonsoft.Json.Serialization::JsonTypeReflector.GetAssociatedMetadataType()";0.9823002;0.9823002;0.9823002;61925;61925;61925;40;48;0.982300162315369;0.9823002;0.9823002;0.9823002;174;174;174;174;1;61925;0.0014;0.31;61925;61925;0
"Update.ScriptRunBehaviourUpdate";0.9803;0.109;60.0089;60463;62096;61925;2;2;2156.68339273334;1.078342;0.7921;1.1749;2000;1;1;1;2000;60314;0.109;60.0089;62096;61925;1.046
"BehaviourUpdate";0.9793;0.1084;60.007;61979;62096;61925;3;3;2154.52609422803;1.077263;0.7913;1.1739;2000;1;1;1;2000;60314;0.1084;60.007;62096;61925;1.0442
"UnityEngine.TextCoreFontEngineModule.dll!UnityEngine.TextCore.LowLevel::FontEngine.TryAddGlyphToTexture()";0.9749;0.9749;0.9749;61925;61925;61925;21;21;0.974900007247925;0.9749;0.9749;0.9749;2;2;2;2;1;61925;0.4534;0.5215;61925;61925;0
"UnityEngine.CoreModule.dll!UnityEngine.Events::UnityAction`1.invoke_void_T0()";0.9735;0.9735;0.9735;62046;62046;62046;11;11;0.97350001335144;0.9735;0.9735;0.9735;1;1;1;1;1;62046;0.9735;0.9735;62046;62046;0
"System.Core.dll!System.Linq::OrderedEnumerable`1.SortedMap()";0.9702;0.9702;0.9702;61925;61925;61925;38;41;0.970200002193451;0.9702;0.9702;0.9702;2;2;2;2;1;61925;0.0116;0.9586;61925;61925;0
"System.Core.dll!System.Linq::EnumerableSorter`1.Sort()";0.9664;0.9664;0.9664;61925;61925;61925;39;42;0.966399967670441;0.9664;0.9664;0.9664;2;2;2;2;1;61925;0.0096;0.9568;61925;61925;0
"System.Core.dll!System.Linq::EnumerableSorter`2.QuickSort()";0.9552;0.9552;0.9552;61925;61925;61925;40;43;0.955200016498566;0.9552;0.9552;0.9552;2;2;2;2;1;61925;0.0065;0.9487;61925;61925;0
"mscorlib.dll!System::Array.Sort()";0.9504;0.9504;0.9504;61925;61925;61925;41;44;0.950399994850159;0.9504;0.9504;0.9504;2;2;2;2;1;61925;0.0041;0.9463;61925;61925;0
"UnityEngine.UI.dll!UnityEngine.UI::Graphic.OnCanvasHierarchyChanged()";0.9043997;0.9043997;0.9043997;62046;62046;62046;11;14;0.904399693012238;0.9043997;0.9043997;0.9043997;178;178;178;178;1;62046;0.0007;0.0224;62046;62046;0
"mscorlib.dll!System::RuntimeType.get_ContainsGenericParameters()";0.8992993;0.8992993;0.8992993;61925;61925;61925;34;56;0.899299263954163;0.8992993;0.8992993;0.8992993;581;581;581;581;1;61925;0.0004;0.0054;61925;61925;0
"UnityEngine.TextCoreFontEngineModule.dll!UnityEngine.TextCore.LowLevel::FontEngine.TryAddGlyphToTexture_Internal()";0.8941;0.8941;0.8941;61925;61925;61925;22;22;0.89410001039505;0.8941;0.8941;0.8941;2;2;2;2;1;61925;0.4133;0.4808;61925;61925;0
"Unity.ResourceManager.dll!UnityEngine.ResourceManagement.ResourceProviders::AssetBundleResource.RemoveBundleFromProfiler()";0.8878;0.8878;0.8878;62046;62046;62046;26;26;0.887799978256226;0.8878;0.8878;0.8878;3;3;3;3;1;62046;0.0038;0.8775;62046;62046;0
"UnityEngine.TextCoreFontEngineModule.dll!UnityEngine.TextCore.LowLevel::FontEngine.TryAddGlyphToTexture_Internal_Injected()";0.8799;0.8799;0.8799;61925;61925;61925;23;23;0.879899978637695;0.8799;0.8799;0.8799;2;2;2;2;1;61925;0.4074;0.4725;61925;61925;0
"UnityEngine.CoreModule.dll!UnityEngine::SetupCoroutine.InvokeMoveNext()";0.851;0.007;58.5758;61516;61986;61925;4;30;1967.192193917;1.141063;0.4648;1.4119;55105;29;1;100;1724;60314;0.0004;58.4728;60430;61925;0.8037999
"Unity.TextMeshPro.dll!TMPro::TMP_UpdateManager.DoRebuilds()";0.8419;0.006;15.1341;61276;62046;60538;7;7;2224.74279619288;1.112371;0.2798;1.4634;2000;1;1;1;2000;60314;0.006;15.1341;62046;60538;1.3376
"mscorlib.dll!Mono.Globalization.Unicode::SimpleCollator.IsPrefix()";0.8353998;0.8353998;0.8353998;61925;61925;61925;29;39;0.835399806499481;0.8353998;0.8353998;0.8353998;108;108;108;108;1;61925;0.0044;0.017;61925;61925;0
"mscorlib.dll!System::String.StartsWith()";0.8193;0.8193;0.8193;61925;61925;61925;25;34;0.8192999958992;0.8193;0.8193;0.8193;72;72;72;72;1;61925;0.0065;0.0239;61925;61925;0
"GC.Collect";0.8091;0.6225;1.1178;60440;61633;62046;6;8;3.45829999446869;0.864575;0.6225;0.9089;4;1;1;1;4;60440;0.6225;1.1178;61633;62046;0
"mscorlib.dll!System.IO::Path.GetPathRoot()";0.7866001;0.7866001;0.7866001;61925;61925;61925;21;32;0.786600053310394;0.7866001;0.7866001;0.7866001;41;41;41;41;1;61925;0.0124;0.0369;61925;61925;0
"Assembly-CSharp.dll!::EndRunPresenter.Show()";0.777;0.777;0.777;61925;61925;61925;18;18;0.77700001001358;0.777;0.777;0.777;1;1;1;1;1;61925;0.777;0.777;61925;61925;0
"Assembly-CSharp.dll!::PanelTowerDataViewer.OnPanel()";0.7752;0.7752;0.7752;60642;60642;60642;5;5;0.775200009346008;0.7752;0.7752;0.7752;1;1;1;1;1;60642;0.7752;0.7752;60642;60642;0
"PostLateUpdate.FinishFrameRendering";0.7665;0.1197;4.6537;61137;62047;60681;2;2;1562.03189669549;0.7810159;0.679;0.8563;2000;1;1;1;2000;60314;0.1197;4.6537;62047;60681;0.8678
"CoroutinesDelayedCalls";0.7622;0.0004;14.6127;60630;62047;61570;3;8;1946.10268017769;0.9730514;0.3041;1.3113;9697;5;4;20;2000;60314;0;14.5858;61986;61570;0.8559
"Newtonsoft.Json.dll!Newtonsoft.Json.Serialization::JsonTypeReflector.GetDataContractAttribute()";0.7621;0.7621;0.7621;61925;61925;61925;36;41;0.762099981307983;0.7621;0.7621;0.7621;30;30;30;30;1;61925;0.0059;0.255;61925;61925;0
"Update.ScriptRunDelayedDynamicFrameRate";0.7586;0.0001;14.5888;61125;62085;61570;2;2;1935.15109426848;0.9675756;0.3016;1.3068;2000;1;1;1;2000;60314;0.0001;14.5888;62085;61570;0.8465
"Newtonsoft.Json.dll!Newtonsoft.Json.Utilities::ReflectionUtils.GetFieldsAndProperties()";0.7393;0.7393;0.7393;61925;61925;61925;37;40;0.739299952983856;0.7393;0.7393;0.7393;4;4;4;4;1;61925;0.0746;0.3715;61925;61925;0
"mscorlib.dll!System::MonoCustomAttrs.IsUserCattrProvider()";0.6954005;0.6954005;0.6954005;61925;61925;61925;39;55;0.695400536060333;0.6954005;0.6954005;0.6954005;829;829;829;829;1;61925;0;0.0032;61925;61925;0
"FixedUpdate.Physics2DFixedUpdate";0.6919;0.0084;6.0217;60814;62098;60538;2;2;1394.19829614647;0.8338507;0.5369;1.0314;1696;1;1;16;1672;60314;0.0018;6.0217;62100;60538;0.9095
"mscorlib.dll!System.IO::TextWriter.Dispose()";0.6806;0.6806;0.6806;61925;61925;61925;21;31;0.680599987506866;0.6806;0.6806;0.6806;18;18;18;18;1;61925;0;0.134;61925;61925;0
"Physics2D.Simulate";0.678;0.0019;5.996;61014;62098;60538;3;3;1372.93409697153;0.8211328;0.5289;1.018;1696;1;1;16;1672;60314;0.0005;5.996;62100;60538;0.8855
"mscorlib.dll!System.IO::StreamWriter.Dispose()";0.6733;0.6733;0.6733;61925;61925;61925;22;23;0.673299968242645;0.6733;0.6733;0.6733;6;6;6;6;1;61925;0.0987;0.1329;61925;61925;0
"mscorlib.dll!System.Collections.Concurrent::ConcurrentDictionary`2.TryAddInternal()";0.6718;0.6718;0.6718;61925;61925;61925;33;46;0.671799957752228;0.6718;0.6718;0.6718;42;42;42;42;1;61925;0.0008;0.1429;61925;61925;0
"Unity.TextMeshPro.dll!TMPro::TextMeshPro.GenerateTextMesh()";0.6689001;0.0643;10.0486;61536;61926;60538;10;10;1423.91379281133;0.8916179;0.3687;1.1528;17567;9;1;35;1597;60314;0.0474;4.1964;60531;61512;0.8458999
"TMP Layout Text";0.6656001;0.064;9.9983;61067;61926;60538;11;11;1418.34259579331;0.8881294;0.3669;1.1481;17567;9;1;35;1597;60314;0.0472;4.1936;60531;61512;0.8411999
"FontEngine.GlyphRasterizer.Calculate3x3AAEDT";0.664;0.664;0.664;61925;61925;61925;26;26;0.664000034332275;0.664;0.664;0.664;2;2;2;2;1;61925;0.3075;0.3565;61925;61925;0
"Unity.Addressables.dll!UnityEngine.AddressableAssets::AddressablesImpl.OnSceneUnloaded()";0.6589;0.6589;0.6589;62046;62046;62046;12;12;0.658900022506714;0.6589;0.6589;0.6589;1;1;1;1;1;62046;0.6589;0.6589;62046;62046;0
"Unity.ResourceManager.dll!UnityEngine.ResourceManagement.Profiling::ProfilerRuntime.BundleReleased()";0.6544001;0.6544001;0.6544001;62046;62046;62046;27;27;0.654400050640106;0.6544001;0.6544001;0.6544001;3;3;3;3;1;62046;0.0034;0.6452;62046;62046;0
"mscorlib.dll!System.Collections.Concurrent::ConcurrentDictionary`2.GrowTable()";0.6088001;0.6088001;0.6088001;61925;61925;61925;35;47;0.608800053596497;0.6088001;0.6088001;0.6088001;11;11;11;11;1;61925;0.0007;0.1411;61925;61925;0
"Camera.Render";0.608;0.0758;3.7784;61765;62047;60681;3;3;1235.9094966352;0.6179547;0.5354;0.6854;2000;1;1;1;2000;60314;0.0758;3.7784;62047;60681;0.6525
"Assembly-CSharp.dll!::TargetProjectile.OnTriggerEnter2D()";0.5722;0.0027;1.4241;61217;60429;60581;7;7;26.3624000304844;0.4793164;0.0068;0.7314;56;1;1;2;55;60340;0.0027;1.4241;60429;60581;0
"Assembly-CSharp.dll!::EnemySpawner.SpawnEnemyInstance()";0.5695;0.5136;1.5169;60318;60815;60429;7;12;10.5647999644279;0.70432;0.5406;0.6196;19;1;1;3;15;60318;0.4387;0.8307;60524;60349;0
"mscorlib.dll!System::Type.get_IsValueType()";0.5652018;0.5652018;0.5652018;61925;61925;61925;36;56;0.565201818943024;0.5652018;0.5652018;0.5652018;595;595;595;595;1;61925;0.0007;0.0049;61925;61925;0
"Assembly-CSharp.dll!::EnemySpawner.SpawnBossMinion()";0.5643;0.5178;0.8379;60380;60815;60349;6;6;7.72229987382889;0.594023;0.5448;0.6226;13;1;1;1;13;60318;0.5178;0.8379;60815;60349;0
"mscorlib.dll!System.IO::MonoIO.Write()";0.5609;0.5609;0.5609;61925;61925;61925;26;28;0.560899972915649;0.5609;0.5609;0.5609;12;12;12;12;1;61925;0.0347;0.0725;61925;61925;0
"Newtonsoft.Json.dll!Newtonsoft.Json.Serialization::JsonTypeReflector.GetAssociateMetadataTypeFromAttribute()";0.5581;0.5581;0.5581;61925;61925;61925;43;46;0.558099985122681;0.5581;0.5581;0.5581;4;4;4;4;1;61925;0.077;0.301;61925;61925;0
"Assembly-CSharp.dll!::BombProjectile.Explode()";0.5467;0.2838;58.6085;61779;60370;61925;5;8;96.3654013872147;1.60609;0.4241;0.7975;63;1;1;2;60;60323;0.0949;58.6085;60587;61925;0
"mscorlib.dll!System::RuntimeType.IsSubclassOf()";0.5450998;0.5450998;0.5450998;61925;61925;61925;34;58;0.545099794864655;0.5450998;0.5450998;0.5450998;760;760;760;760;1;61925;0.0005;0.0027;61925;61925;0
"UnityEngine.UI.dll!UnityEngine.UI::LayoutRebuilder.Rebuild()";0.5422;0.5422;0.5422;62046;62046;62046;10;10;0.542200028896332;0.5422;0.5422;0.5422;3;3;3;3;1;62046;0.0001;0.542;62046;62046;0
"Newtonsoft.Json.dll!Newtonsoft.Json.Serialization::DefaultContractResolver.ResolveContractConverter()";0.5304;0.5304;0.5304;61925;61925;61925;36;39;0.530399978160858;0.5304;0.5304;0.5304;4;4;4;4;1;61925;0.0407;0.2484;61925;61925;0
"mscorlib.dll!System.IO::Path.GetDirectoryName()";0.5271;0.5271;0.5271;61925;61925;61925;20;28;0.527100026607513;0.5271;0.5271;0.5271;11;11;11;11;1;61925;0.0356;0.0693;61925;61925;0
"System.Core.dll!System.Linq::Enumerable.ToArray()";0.5216998;0.5216998;0.5216998;61925;61925;61925;42;50;0.521699845790863;0.5216998;0.5216998;0.5216998;167;167;167;167;1;61925;0.0007;0.0278;61925;61925;0
"Assembly-CSharp.dll!::BombProjectile.BeginAoEDamage()";0.5171;0.2679;58.5742;60403;60370;61925;6;9;94.1368997395039;1.568948;0.3951;0.7642;63;1;1;2;60;60323;0.0772;58.5742;60587;61925;0
"Newtonsoft.Json.dll!Newtonsoft.Json.Serialization::DefaultContractResolver.CanConvertToString()";0.498;0.498;0.498;61925;61925;61925;34;37;0.497999995946884;0.498;0.498;0.498;2;2;2;2;1;61925;0.2168;0.2812;61925;61925;0
"Newtonsoft.Json.dll!Newtonsoft.Json.Serialization::JsonTypeReflector.CanTypeDescriptorConvertString()";0.4953;0.4953;0.4953;61925;61925;61925;35;38;0.495299994945526;0.4953;0.4953;0.4953;2;2;2;2;1;61925;0.2156;0.2797;61925;61925;0
"mscorlib.dll!System::RuntimeType.IsValueTypeImpl()";0.4926988;0.4926988;0.4926988;61925;61925;61925;37;57;0.492698758840561;0.4926988;0.4926988;0.4926988;595;595;595;595;1;61925;0.0007;0.0036;61925;61925;0
"mscorlib.dll!System.Reflection::RuntimeMethodInfo.get_ContainsGenericParameters()";0.4908;0.4908;0.4908;61925;61925;61925;39;39;0.490799993276596;0.4908;0.4908;0.4908;98;98;98;98;1;61925;0.0017;0.0109;61925;61925;0
"Assembly-CSharp.dll!::BuildModeController.OnDestroy()";0.4845;0.4845;0.4845;62046;62046;62046;10;10;0.484499990940094;0.4845;0.4845;0.4845;1;1;1;1;1;62046;0.4845;0.4845;62046;62046;0
"System.dll!System.ComponentModel::TypeDescriptor.GetConverter()";0.4841;0.4841;0.4841;61925;61925;61925;36;39;0.484099984169006;0.4841;0.4841;0.4841;2;2;2;2;1;61925;0.2108;0.2733;61925;61925;0
"Unity.ResourceManager.dll!UnityEngine.ResourceManagement.Profiling::ProfilerFrameData`2.Remove()";0.4731;0.4731;0.4731;62046;62046;62046;28;28;0.473100006580353;0.4731;0.4731;0.4731;9;9;9;9;1;62046;0.0006;0.2521;62046;62046;0
"System.Core.dll!System.Collections.Generic::EnumerableHelpers.ToArray()";0.4669001;0.4669001;0.4669001;61925;61925;61925;39;51;0.466900050640106;0.4669001;0.4669001;0.4669001;169;169;169;169;1;61925;0.0005;0.0258;61925;61925;0
"mscorlib.dll!System::String.IsCharBitSet()";0.4572768;0.4572768;0.4572768;61925;61925;61925;24;37;0.457276791334152;0.4572768;0.4572768;0.4572768;7749;7749;7749;7749;1;61925;0;0.002;61925;61925;0
"mscorlib.dll!System::MonoCustomAttrs.GetCustomAttributesInternal()";0.4570999;0.4570999;0.4570999;61925;61925;61925;41;55;0.457099944353104;0.4570999;0.4570999;0.4570999;299;299;299;299;1;61925;0.0004;0.1176;61925;61925;0
"mscorlib.dll!System::RuntimeType.GetMethodCandidates()";0.4424;0.4424;0.4424;61925;61925;61925;39;47;0.442400008440018;0.4424;0.4424;0.4424;25;25;25;25;1;61925;0.0037;0.2657;61925;61925;0
"Assembly-CSharp.dll!::ObjectDetector.HideAttackRange()";0.4315;0.4315;0.4476;60771;60771;60428;5;5;0.879099994897842;0.43955;0.4315;0.4315;2;1;1;1;2;60428;0.4315;0.4476;60771;60428;0
"Newtonsoft.Json.dll!Newtonsoft.Json.Serialization::JsonProperty.WritePropertyName()";0.4306;0.4306;0.4306;61925;61925;61925;29;34;0.430599957704544;0.4306;0.4306;0.4306;64;64;64;64;1;61925;0.0032;0.0805;61925;61925;0
"mscorlib.dll!System::String.Split()";0.4293;0.4293;0.4293;61925;61925;61925;24;32;0.429300010204315;0.4293;0.4293;0.4293;30;30;30;30;1;61925;0.0095;0.0238;61925;61925;0
"Unity.TextMeshPro.dll!TMPro::TextMeshProUGUI.OnCanvasHierarchyChanged()";0.424;0.424;0.424;62046;62046;62046;9;12;0.42399999499321;0.424;0.424;0.424;56;56;56;56;1;62046;0.0046;0.0147;62046;62046;0
"UnityEngine.UI.dll!UnityEngine.EventSystems::StandaloneInputModule.ProcessMouseEvent()";0.4228;0.1475;3.6145;61815;62278;61266;6;7;985.121597990394;0.4930539;0.3238;0.5356;3996;2;2;2;1998;60314;0.0735;1.8084;62278;61266;0.6913
"Assembly-CSharp.dll!::PanelTowerDataViewer.OffPanel()";0.4185;0.4185;0.4352;60771;60771;60428;6;6;0.853700011968613;0.42685;0.4185;0.4185;2;1;1;1;2;60428;0.4185;0.4352;60771;60428;0
"mscorlib.dll!System::String.SplitInternal()";0.4158;0.4158;0.4158;61925;61925;61925;25;33;0.415800005197525;0.4158;0.4158;0.4158;30;30;30;30;1;61925;0.0092;0.0233;61925;61925;0
"Assembly-CSharp.dll!::<ApplyOverFrames>d__2.MoveNext()";0.4141;0.1863;58.4719;61688;60370;61925;11;14;87.2527009397745;1.454212;0.2898;0.6679;63;1;1;2;60;60323;0.0002;58.4719;60587;61925;0
"mscorlib.dll!System::Type.GetMethod()";0.4139;0.4139;0.4139;61925;61925;61925;38;44;0.413900047540665;0.4139;0.4139;0.4139;80;80;80;80;1;61925;0.0043;0.0098;61925;61925;0
"Assembly-CSharp.dll!::AttackBehaviorBase.Deactivate()";0.4138997;0.4138997;0.4138997;62046;62046;62046;11;13;0.413899719715118;0.4138997;0.4138997;0.4138997;134;134;134;134;1;62046;0.0002;0.0203;62046;62046;0
"mscorlib.dll!System::String.InitializeProbabilisticMap()";0.4112999;0.4112999;0.4112999;61925;61925;61925;24;37;0.41129994392395;0.4112999;0.4112999;0.4112999;102;102;102;102;1;61925;0.0003;0.0097;61925;61925;0
"Newtonsoft.Json.dll!Newtonsoft.Json::JsonTextWriter.WritePropertyName()";0.4106999;0.4106999;0.4106999;61925;61925;61925;30;35;0.410699903964996;0.4106999;0.4106999;0.4106999;64;64;64;64;1;61925;0.003;0.0803;61925;61925;0
"Unity.TextMeshPro.dll!TMPro::TextMeshProUGUI.Rebuild()";0.4097;0.2101;2.9605;60524;61223;61925;10;10;32.5254996865988;0.8131375;0.3723;1.7206;172;4;2;10;40;60347;0.0005;1.7302;60347;60379;0
"System.dll!::DefaultTypeDescriptor.System.ComponentModel.ICustomTypeDescriptor.GetConverter()";0.4092;0.4092;0.4092;61925;61925;61925;37;40;0.409200012683868;0.4092;0.4092;0.4092;2;2;2;2;1;61925;0.1795;0.2297;61925;61925;0
"System.dll!System.ComponentModel::ReflectTypeDescriptionProvider.GetConverter()";0.4085;0.4085;0.4085;61925;61925;61925;38;41;0.408500015735626;0.4085;0.4085;0.4085;2;2;2;2;1;61925;0.1791;0.2294;61925;61925;0
"Unity.TextMeshPro.dll!TMPro::TextMeshProUGUI.OnPreRenderCanvas()";0.4072;0.2086;2.8596;60524;61223;61925;11;11;32.0727999955416;0.80182;0.3699;1.7161;86;2;1;5;40;60347;0.1197;1.7292;61926;60379;0
"mscorlib.dll!System.Reflection::RuntimeMethodInfo.GetParameters()";0.4051;0.4051;0.4051;61925;61925;61925;39;39;0.405100017786026;0.4051;0.4051;0.4051;97;97;97;97;1;61925;0.0004;0.021;61925;61925;0
"Assembly-CSharp.dll!::EndRunOverlay.Show()";0.3994;0.3994;0.3994;61925;61925;61925;19;19;0.399399995803833;0.3994;0.3994;0.3994;1;1;1;1;1;61925;0.3994;0.3994;61925;61925;0
"System.dll!::ReflectedTypeData.GetConverter()";0.3978;0.3978;0.3978;61925;61925;61925;39;42;0.397800028324127;0.3978;0.3978;0.3978;2;2;2;2;1;61925;0.1747;0.2231;61925;61925;0
"mscorlib.dll!System.IO::StringWriter.Write()";0.3927005;0.3927005;0.3927005;61925;61925;61925;29;41;0.392700463533401;0.3927005;0.3927005;0.3927005;611;611;611;611;1;61925;0.0001;0.0773;61925;61925;0
"UnityEngine.UI.dll!UnityEngine.UI::LayoutUtility.GetLayoutProperty()";0.388;0.388;0.388;62046;62046;62046;18;19;0.387999981641769;0.388;0.388;0.388;32;32;32;32;1;62046;0.003;0.1022;62046;62046;0
"UnityEngine.UI.dll!UnityEngine.UI::Graphic.OnDestroy()";0.3824999;0.3824999;0.3824999;62046;62046;62046;10;10;0.382499933242798;0.3824999;0.3824999;0.3824999;52;52;52;52;1;62046;0.0061;0.0132;62046;62046;0
"UnityEngine.CoreModule.dll!UnityEngine::Component.get_transform()";0.3824002;0.004;4.331202;61269;62106;61570;5;26;877.305365553126;0.4386527;0.2857998;0.5408002;390657;178;2;706;2000;60314;0.0012;0.635;60319;60865;0.3119
"UnityEngine.CoreModule.dll!UnityEngine.Bindings::Unmarshal.UnmarshalUnityObject()";0.3801002;0.0049;5.79358;61365;62100;61570;6;34;934.932448401116;0.4674662;0.2495004;0.6005988;626800;280;4;1288;2000;60314;0.0001;0.6323;60314;60865;0.3328
"System.Core.dll!::WhereListIterator`1.ToList()";0.3788;0.3788;0.3788;61925;61925;61925;38;41;0.378800004720688;0.3788;0.3788;0.3788;2;2;2;2;1;61925;0.0934;0.2854;61925;61925;0
"mscorlib.dll!System.Reflection::MonoMethodInfo.GetParametersInfo()";0.3767;0.3767;0.3767;61925;61925;61925;40;55;0.376700043678284;0.3767;0.3767;0.3767;129;129;129;129;1;61925;0.0003;0.0203;61925;61925;0
"Newtonsoft.Json.dll!Newtonsoft.Json::JsonSerializer.GetMatchingConverter()";0.3740999;0.3740999;0.3740999;61925;61925;61925;27;39;0.374099880456924;0.3740999;0.3740999;0.3740999;172;172;172;172;1;61925;0;0.1041;61925;61925;0
"UnityEngine.TilemapModule.dll!UnityEngine.Tilemaps::TilemapRenderer.UnregisterSpriteAtlasRegistered()";0.3693;0.3693;0.3693;62046;62046;62046;12;12;0.369300007820129;0.3693;0.3693;0.3693;3;3;3;3;1;62046;0.0049;0.359;62046;62046;0
"Newtonsoft.Json.dll!Newtonsoft.Json.Serialization::DefaultContractResolver.FilterMembers()";0.3605;0.3605;0.3605;61925;61925;61925;39;42;0.360500007867813;0.3605;0.3605;0.3605;20;20;20;20;1;61925;0.0012;0.0487;61925;61925;0
"mscorlib.dll!System::RuntimeTypeHandle.IsSubclassOf()";0.3597024;0.3597024;0.3597024;61925;61925;61925;35;59;0.359702438116074;0.3597024;0.3597024;0.3597024;760;760;760;760;1;61925;0.0003;0.002;61925;61925;0
"Assembly-CSharp.dll!::TowerWeapon.OnDisable()";0.3597;0.3597;0.3597;62046;62046;62046;12;12;0.35970002412796;0.3597;0.3597;0.3597;80;80;80;80;1;62046;0.0002;0.0442;62046;62046;0
"mscorlib.dll!System::RuntimeType.GetMethods()";0.3595;0.3595;0.3595;61925;61925;61925;38;41;0.359499990940094;0.3595;0.3595;0.3595;5;5;5;5;1;61925;0.0055;0.2665;61925;61925;0
"mscorlib.dll!System::RuntimeType.get_BaseType()";0.3588004;0.3588004;0.3588004;61925;61925;61925;38;53;0.358800441026688;0.3588004;0.3588004;0.3588004;284;284;284;284;1;61925;0.0008;0.0036;61925;61925;0
"mscorlib.dll!System.IO::StreamWriter.Flush()";0.3585;0.3585;0.3585;61925;61925;61925;23;24;0.358500003814697;0.3585;0.3585;0.3585;6;6;6;6;1;61925;0.0492;0.0826;61925;61925;0
"mscorlib.dll!System.Reflection::MonoMethodInfo.get_parameter_info()";0.3566;0.3566;0.3566;61925;61925;61925;41;56;0.356599986553192;0.3566;0.3566;0.3566;129;129;129;129;1;61925;0.0002;0.0203;61925;61925;0
"Newtonsoft.Json.dll!Newtonsoft.Json.Utilities::ReflectionUtils.IsByRefLikeType()";0.3548;0.3548;0.3548;61925;61925;61925;40;43;0.354800015687943;0.3548;0.3548;0.3548;20;20;20;20;1;61925;0.001;0.0481;61925;61925;0
"mscorlib.dll!System::RuntimeType.GetMethodsByName()";0.3547;0.3547;0.3547;61925;61925;61925;40;48;0.354699999094009;0.3547;0.3547;0.3547;25;25;25;25;1;61925;0.0033;0.2067;61925;61925;0
"Assembly-CSharp.dll!::Enemy.OnDie()";0.3451;0.2681;58.1469;60474;61794;61925;8;16;69.8635001182556;2.79454;0.3043;0.4289;26;1;1;2;25;60347;0.2681;58.1469;61794;61925;0
"Assembly-CSharp.dll!::EnemySpawner.DestroyEnemy()";0.3443;0.2673;58.1456;60474;61794;61925;9;17;69.8353992402554;2.793416;0.3033;0.4278;26;1;1;2;25;60347;0.2673;58.1456;61794;61925;0
"mscorlib.dll!System::String.Substring()";0.3416002;0.3416002;0.3416002;61925;61925;61925;21;36;0.341600179672241;0.3416002;0.3416002;0.3416002;314;314;314;314;1;61925;0.0007;0.0038;61925;61925;0
"Unity.TextMeshPro.dll!TMPro::TextMeshProUGUI.Awake()";0.3413;0.3413;0.3413;62046;62046;62046;9;9;0.341300010681152;0.3413;0.3413;0.3413;5;5;5;5;1;62046;0.0595;0.0995;62046;62046;0
"UnityEngine.CoreModule.dll!UnityEngine::Transform.Rotate()";0.3387999;0.009299999;2.752099;61526;62073;61074;5;18;734.388543699868;0.3671943;0.2999001;0.4178001;366296;206;4;242;2000;60314;0.001;0.7187;60421;61266;0.3026998
"mscorlib.dll!System.Globalization::CompareInfo.IsPrefix()";0.3369;0.3369;0.3369;61925;61925;61925;27;35;0.336899995803833;0.3369;0.3369;0.3369;36;36;36;36;1;61925;0.0054;0.0197;61925;61925;0
"Newtonsoft.Json.dll!Newtonsoft.Json.Serialization::ReflectionValueProvider.GetValue()";0.336;0.336;0.336;61925;61925;61925;30;35;0.335999965667725;0.336;0.336;0.336;64;64;64;64;1;61925;0.003;0.0192;61925;61925;0
"mscorlib.dll!System::String.SplitKeepEmptyEntries()";0.3331;0.3331;0.3331;61925;61925;61925;26;34;0.333099991083145;0.3331;0.3331;0.3331;30;30;30;30;1;61925;0.0074;0.0186;61925;61925;0
"Drawing";0.333;0.0112;2.3619;62004;62047;60681;4;4;669.405797889456;0.3347029;0.2894;0.3859;2000;1;1;1;2000;60314;0.0112;2.3619;62047;60681;0.3628
"Assembly-CSharp.dll!::Tower.Update()";0.3322001;0.2535;2.9093;61449;61966;60865;4;4;693.761012554169;0.4005549;0.3006;0.4055;138560;80;80;80;1732;60314;0.0029;0.7395;60501;61266;0.2945001
"UnityEngine.UI.dll!UnityEngine.UI::LayoutRebuilder.PerformLayoutControl()";0.3275;0.3275;0.3275;62046;62046;62046;11;12;0.32750004529953;0.3275;0.3275;0.3275;6;6;6;6;1;62046;0.0022;0.1763;62046;62046;0
"Newtonsoft.Json.dll!Newtonsoft.Json.Utilities::CollectionUtils.ResolveEnumerableCollectionConstructor()";0.3238;0.3238;0.3238;61925;61925;61925;37;38;0.32379999756813;0.3238;0.3238;0.3238;2;2;2;2;1;61925;0.156;0.1678;61925;61925;0
"mscorlib.dll!System.Globalization::CompareInfo.StartsWith()";0.3236;0.3236;0.3236;61925;61925;61925;28;36;0.323600023984909;0.3236;0.3236;0.3236;36;36;36;36;1;61925;0.0053;0.0189;61925;61925;0
"Assembly-CSharp.dll!::EnemySpawner.SpawnEnemyHpSlider()";0.3236;0.2928;0.8613;60846;60815;60429;8;13;6.10349997878075;0.4069;0.3064;0.3809;19;1;1;3;15;60318;0.2541;0.491;60429;60349;0
"mscorlib.dll!System::Single.TryFormat()";0.3217;0.3217;0.3217;61925;61925;61925;23;23;0.321700006723404;0.3217;0.3217;0.3217;1;1;1;1;1;61925;0.3217;0.3217;61925;61925;0
"Assembly-CSharp.dll!::MultiShotBehavior.SpawnFan()";0.3187;0.257;1.9291;60818;60494;61858;6;16;14.173899948597;0.3830784;0.2836;0.3672;37;1;1;1;37;60331;0.257;1.9291;60494;61858;0
"Shader.MainThreadCleanup";0.3183;0.3183;0.3183;62046;62046;62046;10;10;0.318299978971481;0.3183;0.3183;0.3183;5;5;5;5;1;62046;0.0355;0.1123;62046;62046;0
"Assembly-CSharp.dll!::<AttackLoop>d__4.MoveNext()";0.3177;0.0079;3.3194;61242;60524;61570;5;15;474.088598438539;0.3698039;0.203;0.4435;2471;2;1;5;1282;60314;0.0079;1.5427;60524;60538;0.165
"Newtonsoft.Json.dll!Newtonsoft.Json.Utilities::ReflectionUtils.GetMemberValue()";0.3176;0.3176;0.3176;61925;61925;61925;31;36;0.317599952220917;0.3176;0.3176;0.3176;64;64;64;64;1;61925;0.0029;0.0169;61925;61925;0
"UnityEngine.IMGUIModule.dll!UnityEngine::GUIUtility.DestroyGUI()";0.3165;0.3165;0.3165;62046;62046;62046;10;10;0.316500008106232;0.3165;0.3165;0.3165;1;1;1;1;1;62046;0.3165;0.3165;62046;62046;0
"mscorlib.dll!System::RuntimeType.get_Assembly()";0.3126981;0.3126981;0.3126981;61925;61925;61925;40;56;0.312698096036911;0.3126981;0.3126981;0.3126981;690;690;690;690;1;61925;0.0003;0.0021;61925;61925;0
"SetPlayerPause";0.3064;0.2113;0.5062;62096;62313;62095;2;2;1.0239000171423;0.3413;0.2113;0.3064;5;2;1;2;3;62095;0.0026;0.5025;62313;62095;0
"mscorlib.dll!System::Array.LastIndexOf()";0.3051;0.3051;0.3051;62046;62046;62046;16;17;0.30510002374649;0.3051;0.3051;0.3051;4;4;4;4;1;62046;0.004;0.1527;62046;62046;0
"mscorlib.dll!System.IO::Stream.Close()";0.3051;0.3051;0.3051;61925;61925;61925;23;24;0.305099993944168;0.3051;0.3051;0.3051;6;6;6;6;1;61925;0.0477;0.0583;61925;61925;0
"mscorlib.dll!System.IO::FileStream.Flush()";0.3041;0.3041;0.3041;61925;61925;61925;24;25;0.304099977016449;0.3041;0.3041;0.3041;6;6;6;6;1;61925;0.0387;0.0758;61925;61925;0
"Unity.TextMeshPro.dll!TMPro::TMP_Text.ParseInputText()";0.3028;0.0382;4.277801;61264;61843;60538;10;23;637.459996938705;0.3989111;0.1661;0.5152;17654;9;1;35;1598;60314;0.0221;0.7068;60339;61925;0.3984
"mscorlib.dll!System.IO::FileStream.FlushBuffer()";0.302;0.302;0.302;61925;61925;61925;25;26;0.302000015974045;0.302;0.302;0.302;12;12;12;12;1;61925;0;0.0752;61925;61925;0
"UnityEngine.UI.dll!UnityEngine.UI::Graphic.Rebuild()";0.3006;0.1356;4.2736;60654;61714;61570;10;10;468.051601946354;0.3605945;0.1942;0.4349;5028;4;2;16;1298;60314;0.0009;1.4318;60316;61247;0.1867
"TMP Parse Text";0.3005;0.0377;4.242799;61264;61843;60538;11;24;631.305097188801;0.3950595;0.1643;0.5104001;17654;9;1;35;1598;60314;0.0219;0.7064;60339;61925;0.3951
"mscorlib.dll!System.IO::FileStream.Dispose()";0.2999;0.2999;0.2999;61925;61925;61925;24;25;0.299899995326996;0.2999;0.2999;0.2999;6;6;6;6;1;61925;0.0469;0.0575;61925;61925;0
"Render.TransparentGeometry";0.2986;0.0009;2.1514;60790;62051;60681;5;5;596.493798589101;0.2982469;0.2592;0.3486;2000;1;1;1;2000;60314;0.0009;2.1514;62051;60681;0.3301
"PostLateUpdate.ProfilerEndFrame";0.2972;0.0492;9.8034;61603;62047;61015;2;2;665.276997935027;0.3326385;0.2646;0.396;2000;1;1;1;2000;60314;0.0492;9.8034;62047;61015;0.3575
"Profiler.FlushCounters";0.2964;0.0489;9.8021;61603;62047;61015;3;3;663.639099448919;0.3318196;0.2639;0.3951;2000;1;1;1;2000;60314;0.0489;9.8021;62047;61015;0.3568
"Physics2D.SyncTransformChanges";0.2947;0.0014;2.7235;61766;62098;61089;4;4;611.087598598911;0.365483;0.2539;0.4569;1696;1;1;16;1672;60314;0.0004;2.7235;62100;61089;0.4396
"UnityEngine.UI.dll!UnityEngine.UI::Graphic.UpdateGeometry()";0.2943;0.1327;4.1984;61211;61714;61570;11;11;457.057298824191;0.3521243;0.191;0.4265;2514;2;1;8;1298;60314;0.0619;1.42;62046;61247;0.1838
"UnityEngine.UI.dll!UnityEngine.UI::Graphic.DoMeshGeneration()";0.2937;0.1324;4.1901;61211;61714;61570;12;12;456.037498772144;0.3513386;0.1907;0.4255;2514;2;1;8;1298;60314;0.0617;1.4173;62046;61247;0.1834
"WaitForJobGroupID";0.2933;0.014;1.7589;60891;62092;61434;3;24;563.369298434816;0.2816846;0.2648;0.3223;25666;15;2;16;2000;60314;0.0004;0.6838;62064;61434;0.2878
"mscorlib.dll!System::Delegate.Remove()";0.2918;0.2918;0.2918;62046;62046;62046;12;16;0.291799962520599;0.2918;0.2918;0.2918;8;8;8;8;1;62046;0.003;0.2544;62046;62046;0
"Assembly-CSharp.dll!::TargetProjectile.Release()";0.2893;0.0627;0.4561;60406;60676;60915;5;8;11.095999866724;0.292;0.212;0.3574;40;1;1;2;38;60343;0.0482;0.4561;60558;60915;0
"Unity.TextMeshPro.dll!TMPro::TextMeshProUGUI.GenerateTextMesh()";0.2882;0.1458;1.7627;61794;60475;60379;12;12;22.8578000813723;0.571445;0.2637;1.1663;86;2;1;5;40;60347;0.081;1.3542;61926;60379;0
"Assembly-CSharp.dll!::EnemySpawner.ReturnEnemyToPool()";0.2876;0.2231;0.7252;60474;61794;61925;10;18;7.95569995045662;0.318228;0.2535;0.3435;26;1;1;2;25;60347;0.2231;0.7252;61794;61925;0
"TMP.GenerateText";0.2876;0.1455;1.7616;61794;60475;60379;13;13;22.8248998224735;0.5706225;0.263;1.1643;86;2;1;5;40;60347;0.0807;1.3537;61926;60379;0
"UnityEngine.UI.dll!UnityEngine.EventSystems::EventSystem.Update()";0.2862;0.0797;3.2099;62047;62096;61266;4;4;657.646798022091;0.3288234;0.2194;0.3582;2000;1;1;1;2000;60314;0.0797;3.2099;62096;61266;0.4653
"mscorlib.dll!System::MulticastDelegate.RemoveImpl()";0.2841;0.2841;0.2841;62046;62046;62046;13;17;0.284099996089935;0.2841;0.2841;0.2841;8;8;8;8;1;62046;0.0028;0.251;62046;62046;0
"Profiler.FlushMemoryCounters";0.2821;0.0377;9.7828;60852;62047;61015;4;4;629.868098370731;0.314934;0.2503;0.3767;2000;1;1;1;2000;60314;0.0377;9.7828;62047;61015;0.3354
"mscorlib.dll!System.IO::MonoIO.Close()";0.2806;0.2806;0.2806;61925;61925;61925;25;26;0.280600011348724;0.2806;0.2806;0.2806;6;6;6;6;1;61925;0.0437;0.0533;61925;61925;0
"UnityEngine.CoreModule.dll!UnityEngine.Events::UnityEvent.RemoveListener()";0.2799;0.2799;0.2799;62046;62046;62046;11;11;0.27989998459816;0.2799;0.2799;0.2799;1;1;1;1;1;62046;0.2799;0.2799;62046;62046;0
"Unity.TextMeshPro.dll!TMPro::TextMeshProUGUI.OnEnable()";0.2796;0.0871;0.3426;60642;61925;62046;9;24;0.70930004119873;0.2364333;0.0871;0.2796;9;3;1;5;3;60642;0.0602;0.1051;62046;60642;0
"Assembly-CSharp.dll!::ProjectileLifecycle.Release()";0.2794;0.0536;0.4398;60406;60676;60915;6;9;10.711399897933;0.2818789;0.2034;0.3442;40;1;1;2;38;60343;0.0429;0.4398;60558;60915;0
"Physics2D.Step";0.2788;0.1926;1.9895;61153;62002;61875;4;4;484.438298895955;0.3345568;0.2293;0.3479;1457;1;1;2;1448;60314;0.0245;1.9895;61928;61875;0.3173
"UnityEngine.UI.dll!UnityEngine.UI::HorizontalOrVerticalLayoutGroup.SetChildrenAlongAxis()";0.2774;0.2774;0.2774;62046;62046;62046;14;14;0.277399986982346;0.2774;0.2774;0.2774;2;2;2;2;1;62046;0.1238;0.1536;62046;62046;0
"Assembly-CSharp.dll!::LaserBehavior.SpawnLaser()";0.277;0.0534;2.8714;60587;61269;61570;6;16;411.560899306089;0.3235542;0.1778;0.3854;2418;2;1;4;1272;60314;0.0534;1.3509;61269;60538;0.1496
"System.dll!System.ComponentModel::ReflectTypeDescriptionProvider.SearchIntrinsicTable()";0.2764;0.2764;0.2764;61925;61925;61925;40;43;0.276399999856949;0.2764;0.2764;0.2764;2;2;2;2;1;61925;0.1249;0.1515;61925;61925;0
"RenderForwardAlpha.Render";0.2757;0.0004;1.969;61272;62046;60681;6;6;551.20189858356;0.2756009;0.2397;0.3224;2000;1;1;1;2000;60314;0.0004;1.969;62046;60681;0.3105
"Unity.Addressables.dll!UnityEngine.AddressableAssets::AddressablesImpl.OnHandleDestroyed()";0.2744;0.2744;0.2744;62046;62046;62046;16;19;0.274400025606155;0.2744;0.2744;0.2744;6;6;6;6;1;62046;0.0027;0.2587;62046;62046;0
"UnityEngine.CoreModule.dll!UnityEngine.Events::UnityEventBase.RemoveListener()";0.274;0.274;0.274;62046;62046;62046;12;12;0.273999989032745;0.274;0.274;0.274;1;1;1;1;1;62046;0.274;0.274;62046;62046;0
"UnityEngine.CoreModule.dll!UnityEngine.Events::InvokableCallList.RemoveListener()";0.2738;0.2738;0.2738;62046;62046;62046;13;13;0.273799985647202;0.2738;0.2738;0.2738;1;1;1;1;1;62046;0.2738;0.2738;62046;62046;0
"Newtonsoft.Json.dll!Newtonsoft.Json.Utilities::TypeExtensions.AssignableToTypeName()";0.2725;0.2725;0.2725;61925;61925;61925;37;42;0.27250000834465;0.2725;0.2725;0.2725;26;26;26;26;1;61925;0.0052;0.029;61925;61925;0
"mscorlib.dll!System::String.InternalSubString()";0.2707998;0.2707998;0.2707998;61925;61925;61925;22;37;0.27079975605011;0.2707998;0.2707998;0.2707998;284;284;284;284;1;61925;0.0006;0.0037;61925;61925;0
"System.Core.dll!System.Collections.Generic::LargeArrayBuilder`1.AddRange()";0.2699;0.2699;0.2699;61925;61925;61925;44;51;0.269899994134903;0.2699;0.2699;0.2699;91;91;91;91;1;61925;0.0014;0.0203;61925;61925;0
"mscorlib.dll!System.Reflection::RuntimeMethodInfo.GetPseudoCustomAttributes()";0.2691995;0.2691995;0.2691995;61925;61925;61925;43;43;0.269199460744858;0.2691995;0.2691995;0.2691995;485;485;485;485;1;61925;0.0003;0.0019;61925;61925;0
"mscorlib.dll!System.Reflection::RuntimeFieldInfo.GetValue()";0.2689;0.2689;0.2689;61925;61925;61925;32;37;0.268900007009506;0.2689;0.2689;0.2689;64;64;64;64;1;61925;0.0024;0.0149;61925;61925;0
"UnityEngine.CoreModule.dll!UnityEngine.U2D::SpriteAtlasManager.remove_atlasRegistered()";0.2683;0.2683;0.2683;62046;62046;62046;13;13;0.268299996852875;0.2683;0.2683;0.2683;3;3;3;3;1;62046;0.0033;0.26;62046;62046;0
"Newtonsoft.Json.dll!Newtonsoft.Json.Serialization::DefaultContractResolver.SetIsSpecifiedActions()";0.2681;0.2681;0.2681;61925;61925;61925;37;40;0.268099993467331;0.2681;0.2681;0.2681;20;20;20;20;1;61925;0.0118;0.0206;61925;61925;0
"mscorlib.dll!System.Collections.Generic::ObjectEqualityComparer`1.GetHashCode()";0.2654996;0.2654996;0.2654996;61925;61925;61925;31;51;0.26549956202507;0.2654996;0.2654996;0.2654996;329;329;329;329;1;61925;0.0004;0.0033;61925;61925;0
"Assembly-CSharp.dll!::ChainLightning.ApplyDamage()";0.2636;0.1857;0.9438;61453;61173;61159;6;6;9.62869998812675;0.3320241;0.2131;0.3522;29;1;1;1;29;60377;0.1857;0.9438;61173;61159;0
"Newtonsoft.Json.dll!Newtonsoft.Json::JsonWriter.AutoComplete()";0.2609;0.2609;0.2609;61925;61925;61925;30;39;0.260899990797043;0.2609;0.2609;0.2609;148;148;148;148;1;61925;0.0001;0.0094;61925;61925;0
"Assembly-CSharp.dll!::DamagePopupSpawner.ShowBody()";0.2587;0.1402;0.9624;61222;60460;61544;7;17;62.8824998140335;0.3037802;0.1922;0.3633;279;1;1;5;207;60314;0.1144;0.8154;61601;61089;0
"Assembly-CSharp.dll!::DamagePopupSpawner.Show()";0.2582;0.14;0.9608;61222;60460;61544;8;18;62.7484997808933;0.3031329;0.1919;0.3619;279;1;1;5;207;60314;0.1143;0.8144;61601;61089;0
"UnityEngine.CoreModule.dll!UnityEngine::Debug.Log()";0.2578;0.2578;0.2578;61925;61925;61925;20;20;0.25780001282692;0.2578;0.2578;0.2578;1;1;1;1;1;61925;0.2578;0.2578;61925;61925;0
"UnityEngine.CoreModule.dll!UnityEngine::Logger.Log()";0.2569;0.2569;0.2569;61925;61925;61925;21;21;0.256900012493134;0.2569;0.2569;0.2569;1;1;1;1;1;61925;0.2569;0.2569;61925;61925;0
"Mono.JIT";0.2557;0.0823;5.5467;62045;62313;62046;7;46;11.426000289619;2.8565;0.0823;5.5413;123;2;1;65;4;61925;0.017;0.8522;62046;61925;0
"System.Core.dll!System.Linq::GroupedEnumerable`2.GetEnumerator()";0.2556;0.2556;0.2556;61925;61925;61925;38;41;0.255599975585938;0.2556;0.2556;0.2556;4;4;4;4;1;61925;0.0091;0.1907;61925;61925;0
"Physics2D.SyncColliderTransformChanges";0.2545;0.0003;2.5739;61535;62046;61089;5;5;531.287398126122;0.3177556;0.2217;0.3942;1696;1;1;16;1672;60314;0.0001;2.5739;62100;61089;0.4006
"UnityEngine.CoreModule.dll!UnityEngine::DebugLogHandler.LogFormat()";0.2541;0.2541;0.2541;61925;61925;61925;22;22;0.254099994897842;0.2541;0.2541;0.2541;1;1;1;1;1;61925;0.2541;0.2541;61925;61925;0
"Newtonsoft.Json.dll!Newtonsoft.Json.Serialization::JsonTypeReflector.IsNonSerializable()";0.2539;0.2539;0.2539;61925;61925;61925;38;41;0.253900021314621;0.2539;0.2539;0.2539;20;20;20;20;1;61925;0.0115;0.02;61925;61925;0
"UnityEngine.IMGUIModule.dll!UnityEngine::GUILayoutUtility.RemoveSelectedIdList()";0.2527;0.2527;0.2527;62046;62046;62046;11;11;0.252700001001358;0.2527;0.2527;0.2527;1;1;1;1;1;62046;0.2527;0.2527;62046;62046;0
"mscorlib.dll!System::RuntimeType.GetConstructorCandidates()";0.2526;0.2526;0.2526;61925;61925;61925;37;51;0.252599954605103;0.2526;0.2526;0.2526;19;19;19;19;1;61925;0.0037;0.0866;61925;61925;0
"mscorlib.dll!Mono.Globalization.Unicode::SimpleCollator.CompareInternal()";0.252;0.252;0.252;61925;61925;61925;32;40;0.252000033855438;0.252;0.252;0.252;36;36;36;36;1;61925;0.0044;0.0133;61925;61925;0
"System.Core.dll!System.Linq::Lookup`2.Create()";0.2515;0.2515;0.2515;61925;61925;61925;39;42;0.251500010490417;0.2515;0.2515;0.2515;4;4;4;4;1;61925;0.0084;0.1895;61925;61925;0
"Newtonsoft.Json.dll!Newtonsoft.Json.Serialization::JsonArrayContract..ctor()";0.251;0.251;0.251;61925;61925;61925;36;36;0.250999987125397;0.251;0.251;0.251;1;1;1;1;1;61925;0.251;0.251;61925;61925;0
"UnityEngine.UI.dll!UnityEngine.UI::LayoutRebuilder.PerformLayoutCalculation()";0.2496;0.2496;0.2496;62046;62046;62046;11;12;0.249600008130074;0.2496;0.2496;0.2496;6;6;6;6;1;62046;0.0039;0.1667;62046;62046;0
"UnityEngine.CoreModule.dll!UnityEngine::DebugLogHandler.Internal_Log()";0.2496;0.2496;0.2496;61925;61925;61925;23;23;0.249599993228912;0.2496;0.2496;0.2496;1;1;1;1;1;61925;0.2496;0.2496;61925;61925;0
"playerPaused.Invoke";0.2493;0.1871;0.4368;62096;62313;62095;3;3;0.873199999332428;0.2910667;0.1871;0.2493;3;1;1;1;3;62095;0.1871;0.4368;62313;62095;0
"didDestroyWorld.Invoke";0.2483;0.2483;0.2483;62046;62046;62046;9;9;0.2483000010252;0.2483;0.2483;0.2483;1;1;1;1;1;62046;0.2483;0.2483;62046;62046;0
"mscorlib.dll!System::MonoCustomAttrs.IsDefinedInternal()";0.2482991;0.2482991;0.2482991;61925;61925;61925;39;44;0.248299136757851;0.2482991;0.2482991;0.2482991;530;530;530;530;1;61925;0.0002;0.0027;61925;61925;0
"Newtonsoft.Json.dll!Newtonsoft.Json.Serialization::DefaultContractResolver.GetExtensionDataMemberForType()";0.248;0.248;0.248;61925;61925;61925;35;38;0.247999995946884;0.248;0.248;0.248;2;2;2;2;1;61925;0.0602;0.1878;61925;61925;0
"UnityEngine.CoreModule.dll!UnityEngine::DebugLogHandler.Internal_Log_Injected()";0.2473;0.2473;0.2473;61925;61925;61925;24;24;0.247299998998642;0.2473;0.2473;0.2473;1;1;1;1;1;61925;0.2473;0.2473;61925;61925;0
"Assembly-CSharp.dll!::<ChainRoutine>d__30.MoveNext()";0.2468;0.014;1.0758;61536;60460;61159;5;21;11.294999952428;0.2626744;0.0226;0.3461;44;1;1;2;43;60363;0.0134;1.0758;61509;61159;0
"mscorlib.dll!System::MonoCustomAttrs.GetBase()";0.2462003;0.2462003;0.2462003;61925;61925;61925;39;54;0.24620033800602;0.2462003;0.2462003;0.2462003;326;326;326;326;1;61925;0.0001;0.0038;61925;61925;0
"LogStringToConsole";0.2447;0.2447;0.2447;61925;61925;61925;25;25;0.244699999690056;0.2447;0.2447;0.2447;1;1;1;1;1;61925;0.2447;0.2447;61925;61925;0
"UnityEngine.UI.dll!UnityEngine.EventSystems::StandaloneInputModule.ReleaseMouse()";0.2445;0.0116;0.4827;60732;60777;62045;9;9;2.99859996233135;0.1763882;0.018;0.2754;17;1;1;1;17;60360;0.0116;0.4827;60777;62045;0
"RenderForward.RenderLoopJob";0.2441;0.1217;1.6856;60791;61998;61266;7;7;468.368698604405;0.2704207;0.217;0.2803;1732;1;1;1;1732;60314;0.1217;1.6856;61998;61266;0.2784
"GC.FindLiveObjects";0.244;0.244;0.244;62046;62046;62046;8;8;0.244000002741814;0.244;0.244;0.244;1;1;1;1;1;62046;0.244;0.244;62046;62046;0
"Unity.ResourceManager.dll!UnityEngine.ResourceManagement::ResourceManager.OnOperationDestroyCached()";0.2434;0.2434;0.2434;62046;62046;62046;15;23;0.243399977684021;0.2434;0.2434;0.2434;10;10;10;10;1;62046;0.0044;0.1316;62046;62046;0
"Unity.TextMeshPro.dll!TMPro::TextMeshProUGUI.LoadFontAsset()";0.2422;0.2422;0.2422;62046;62046;62046;10;10;0.242200002074242;0.2422;0.2422;0.2422;5;5;5;5;1;62046;0.0445;0.0628;62046;62046;0
"Physics2D.FindNewContacts";0.2398;0.181;1.7359;61702;61962;61875;5;6;410.341193854809;0.2833848;0.2031;0.2861;2905;2;2;3;1448;60314;0;1.7346;60329;61875;0.2777
"UnityEngine.UI.dll!UnityEngine.UI::GraphicRaycaster.Raycast()";0.239;0.0223;2.3817;61235;62106;61266;10;11;550.250398090109;0.2754006;0.1788;0.3025;3907;2;1;2;1998;60314;0.0223;1.2621;62106;61266;0.398
"UnityEngine.UI.dll!UnityEngine.EventSystems::StandaloneInputModule.Process()";0.2387;0.0106;1.9917;62251;62096;61266;5;5;554.928997970186;0.2776033;0.1831;0.3018;1999;1;1;1;1999;60314;0.0106;1.9917;62096;61266;0.3793
"mscorlib.dll!System::String.TrimWhiteSpaceHelper()";0.2365;0.2365;0.2365;61925;61925;61925;22;34;0.236500024795532;0.2365;0.2365;0.2365;344;344;344;344;1;61925;0.0004;0.0033;61925;61925;0
"GC.BuildLiveObjectMaps";0.2364;0.2364;0.2364;62046;62046;62046;8;8;0.236399993300438;0.2364;0.2364;0.2364;1;1;1;1;1;62046;0.2364;0.2364;62046;62046;0
"TMP GenerateText - Phase I";0.2353;0.0227;3.9241;60653;60815;60538;12;14;514.278194347396;0.3218262;0.1296;0.4341;17653;9;1;35;1598;60314;0.0129;1.114;60341;60379;0.2967
"System.Core.dll!System.Linq::Enumerable.LastOrDefault()";0.2309;0.2309;0.2309;61925;61925;61925;36;39;0.23089998960495;0.2309;0.2309;0.2309;2;2;2;2;1;61925;0.0514;0.1795;61925;61925;0
"Newtonsoft.Json.dll!Newtonsoft.Json::JsonTextWriter.WriteIndent()";0.2304001;0.2304001;0.2304001;61925;61925;61925;32;38;0.230400055646896;0.2304001;0.2304001;0.2304001;99;99;99;99;1;61925;0.0013;0.0093;61925;61925;0
"Assembly-CSharp.dll!::<SearchTarget>d__13.MoveNext()";0.2302;0;8.443299;60428;60602;61570;5;10;706.337394033748;0.4715203;0.0714;0.6023;19812;10;1;39;1498;60315;0;1.4943;60361;60965;0.0466
"System.Core.dll!System.Linq::Enumerable.TryGetLast()";0.2299;0.2299;0.2299;61925;61925;61925;37;40;0.229900002479553;0.2299;0.2299;0.2299;2;2;2;2;1;61925;0.051;0.1789;61925;61925;0
"AssetBundle.UnloadAsync.Integrate";0.229;0.229;0.229;62046;62046;62046;7;7;0.229000002145767;0.229;0.229;0.229;3;3;3;3;1;62046;0.0115;0.2059;62046;62046;0
"mscorlib.dll!System::RuntimeType.GetConstructors()";0.225;0.225;0.225;61925;61925;61925;36;50;0.224999994039536;0.225;0.225;0.225;15;15;15;15;1;61925;0.0043;0.0876;61925;61925;0
"mscorlib.dll!System.Reflection::FieldInfo.GetPseudoCustomAttributes()";0.2241002;0.2241002;0.2241002;61925;61925;61925;40;56;0.224100157618523;0.2241002;0.2241002;0.2241002;200;200;200;200;1;61925;0.0009;0.0034;61925;61925;0
"mscorlib.dll!System::RuntimeType.GetFields_internal()";0.2222;0.2222;0.2222;61925;61925;61925;39;45;0.222199991345406;0.2222;0.2222;0.2222;28;28;28;28;1;61925;0.0024;0.0504;61925;61925;0
"mscorlib.dll!System::RuntimeType.GetRuntimeAssembly()";0.2215015;0.2215015;0.2215015;61925;61925;61925;41;57;0.221501499414444;0.2215015;0.2215015;0.2215015;690;690;690;690;1;61925;0.0002;0.0019;61925;61925;0
"Assembly-CSharp.dll!::ProjectileVfx.NotifyHit()";0.2203;0.142;0.4735;60394;61110;60916;9;10;17.549099907279;0.23715;0.1699;0.2752;77;1;1;2;74;60331;0.095;0.4215;60524;61462;0
"Assembly-CSharp.dll!::EnemyHp.ReleaseViewerToPool()";0.22;0.1845;0.5975;61110;61794;61925;11;19;6.41779999434948;0.256712;0.2078;0.2758;26;1;1;2;25;60347;0.1845;0.5975;61794;61925;0
"UnityEngine.UI.dll!UnityEngine.UI::CanvasUpdateRegistry.PerformUpdate()";0.2188;0.0142;4.5038;60832;62134;61570;7;7;561.984399267472;0.2809922;0.0222;0.4291;2000;1;1;1;2000;60314;0.0142;4.5038;62134;61570;0.213
"mscorlib.dll!System::Number.NumberToDouble()";0.2167;0.2167;0.2167;61925;61925;61925;38;38;0.216700002551079;0.2167;0.2167;0.2167;1;1;1;1;1;61925;0.2167;0.2167;61925;61925;0
"Newtonsoft.Json.dll!Newtonsoft.Json.Utilities::ReflectionUtils.GetFields()";0.2142;0.2142;0.2142;61925;61925;61925;38;41;0.214199990034103;0.2142;0.2142;0.2142;4;4;4;4;1;61925;0.0207;0.0928;61925;61925;0
"mscorlib.dll!System.Reflection::MonoMethodInfo.GetMethodInfo()";0.214001;0.214001;0.214001;61925;61925;61925;42;44;0.214001014828682;0.214001;0.214001;0.214001;582;582;582;582;1;61925;0.0002;0.0031;61925;61925;0
"Assembly-CSharp.dll!::GameObjectPoolManager.Spawn()";0.214;0.0401;1.6134;60479;60631;60429;7;20;88.2723997235298;0.2674921;0.1026;0.3729;844;2;1;15;330;60314;0.0228;0.4747;60331;61089;0
"Assembly-CSharp.dll!::ChargePierceBehavior.OnAttackStopped()";0.214;0.214;0.214;62046;62046;62046;12;14;0.213999956846237;0.214;0.214;0.214;22;22;22;22;1;62046;0.0084;0.0199;62046;62046;0
"Assembly-CSharp.dll!::TowerWeapon.FindClosestAttackTarget()";0.2088;0.0047;8.3233;60363;61966;61570;6;11;649.803695883136;0.4432495;0.0691;0.5839;19620;12;1;39;1466;60315;0.0031;0.5688;61964;60965;0.0453
"mscorlib.dll!System::RuntimeType.GetConstructors_internal()";0.2088;0.2088;0.2088;61925;61925;61925;38;52;0.208799988031387;0.2088;0.2088;0.2088;19;19;19;19;1;61925;0.0029;0.0819;61925;61925;0
"Assembly-CSharp.dll!::ProjectileVfx.SpawnImpact()";0.2085;0.1337;0.4506;60394;61110;60916;10;11;16.6133000850677;0.2245041;0.1601;0.2596;77;1;1;2;74;60331;0.0887;0.3993;60524;61462;0
"System.Core.dll!System.Linq::Lookup`2.GetGrouping()";0.2077001;0.2077001;0.2077001;61925;61925;61925;40;43;0.207700118422508;0.2077001;0.2077001;0.2077001;40;40;40;40;1;61925;0.0012;0.1431;61925;61925;0
"Assembly-CSharp.dll!::ProjectileVfx.SpawnFallbackImpact()";0.2075;0.1331;0.4485;60394;61110;60916;11;12;16.5378000289202;0.2234838;0.1594;0.2589;77;1;1;2;74;60331;0.0883;0.3972;60524;61462;0
"mscorlib.dll!System::String.SetCharBit()";0.2073026;0.2073026;0.2073026;61925;61925;61925;25;38;0.207302570343018;0.2073026;0.2073026;0.2073026;3309;3309;3309;3309;1;61925;0;0.0051;61925;61925;0
"Render";0.2068;0.0053;4.4167;60594;62245;61570;8;8;531.494898397475;0.2657475;0.0081;0.4137;2000;1;1;1;2000;60314;0.0053;4.4167;62245;61570;0.1994
"Assembly-CSharp.dll!::Projectile.Release()";0.206;0.0624;0.8876;61367;60938;61462;5;8;22.828899949789;0.2353495;0.118;0.3095;149;1;1;4;97;60328;0.0422;0.8876;60717;61462;0
"UnityEngine.UI.dll!UnityEngine.UI::HorizontalOrVerticalLayoutGroup.GetChildSizes()";0.206;0.206;0.206;62046;62046;62046;15;15;0.206000000238419;0.206;0.206;0.206;8;8;8;8;1;62046;0.0004;0.1171;62046;62046;0
"Newtonsoft.Json.dll!Newtonsoft.Json::JsonWriter.InternalWritePropertyName()";0.1992999;0.1992999;0.1992999;61925;61925;61925;31;36;0.199299916625023;0.1992999;0.1992999;0.1992999;64;64;64;64;1;61925;0.0017;0.0096;61925;61925;0
"UnityEngine.UI.dll!UnityEngine.UI::Image.OnPopulateMesh()";0.1977;0.0775;3.065;60514;61714;61570;13;13;309.177899383008;0.2381956;0.1248;0.2943;2514;2;1;8;1298;60314;0.0278;1.0126;62046;61247;0.122
"Assembly-CSharp.dll!::Pathfinder.ShowPath()";0.1973;0.1546;0.2992;62031;61509;61770;4;4;1.48269997537136;0.2118143;0.1613;0.2328;7;1;1;1;7;60471;0.1546;0.2992;61509;61770;0
"mscorlib.dll!System::Number.TryFormatSingle()";0.1971;0.1971;0.1971;61925;61925;61925;24;24;0.19709999859333;0.1971;0.1971;0.1971;1;1;1;1;1;61925;0.1971;0.1971;61925;61925;0
"mscorlib.dll!System::RuntimeType.GetFields()";0.1961;0.1961;0.1961;61925;61925;61925;39;43;0.196099996566772;0.1961;0.1961;0.1961;8;8;8;8;1;61925;0.0032;0.0604;61925;61925;0
"CanvasUpdate.PreRender";0.1946;0.0003;4.2798;61377;60525;61570;9;9;503.117898952944;0.251559;0.0004;0.3942;2000;1;1;1;2000;60314;0.0003;4.2798;60525;61570;0.188
"mscorlib.dll!System.Reflection::RuntimeFieldInfo.get_DeclaringType()";0.1941019;0.1941019;0.1941019;61925;61925;61925;33;57;0.194101899862289;0.1941019;0.1941019;0.1941019;848;848;848;848;1;61925;0.0001;0.0024;61925;61925;0
"UnityEngine.UI.dll!UnityEngine.UI::Image.GenerateSlicedSprite()";0.194;0.0757;3.0245;61491;61714;61570;14;14;303.889798782766;0.2341216;0.1224;0.2896;2507;2;1;8;1298;60314;0.0644;1.0018;61684;61247;0.1201
"UnityEngine.CoreModule.dll!UnityEngine::Object.DestroyImmediate()";0.1935;0.1935;0.1935;62046;62046;62046;11;12;0.193499997258186;0.1935;0.1935;0.1935;34;34;34;34;1;62046;0.0031;0.0209;62046;62046;0
"UnityEngine.UI.dll!UnityEngine.UI::LayoutGroup.SetChildAlongAxisWithScale()";0.1923;0.1923;0.1923;62046;62046;62046;15;15;0.192300006747246;0.1923;0.1923;0.1923;4;4;4;4;1;62046;0.0196;0.0867;62046;62046;0
"UnityEngine.CoreModule.dll!UnityEngine::Object.CompareBaseObjects()";0.1911009;0.008999999;2.941795;61485;62096;61570;6;40;482.726232416928;0.2413631;0.08999997;0.325801;1350039;574;32;4569;2000;60314;0;0.3258;60314;60865;0.2680014
"mscorlib.dll!System::RuntimeType.GetFieldCandidates()";0.1908;0.1908;0.1908;61925;61925;61925;40;44;0.190799996256828;0.1908;0.1908;0.1908;8;8;8;8;1;61925;0.0027;0.0597;61925;61925;0
"mscorlib.dll!System.Runtime.InteropServices::GCHandle.get_Target()";0.1904995;0.0021;3.0021;61549;62093;61570;7;35;473.760885452386;0.2368804;0.1242998;0.3029998;613073;271;3;1275;2000;60314;0.0004;0.6286;60331;60865;0.1662999
"System.Core.dll!System.Linq::Enumerable.FirstOrDefault()";0.1904002;0.1904002;0.1904002;61925;61925;61925;38;49;0.190400153398514;0.1904002;0.1904002;0.1904002;237;237;237;237;1;61925;0.0006;0.0144;61925;61925;0
"UnityEngine.UI.dll!UnityEngine.UI::VertexHelper.AddVert()";0.1903001;0.05940001;3.1671;61428;61765;61570;15;18;299.146080773324;0.2304669;0.1173;0.2899;182952;120;48;612;1298;60314;0.0008;0.1327;60316;61247;0.117
"Unity.TextMeshPro.dll!TMPro::TextMeshProUGUI.OnDisable()";0.1898;0.0815;0.7932;60771;61925;62046;11;24;1.26440001279116;0.3161;0.0815;0.1999;20;3;1;13;4;60428;0.04;0.1055;62046;62046;0
"UnityEngine.UI.dll!UnityEngine.EventSystems::PointerInputModule.GetMousePointerEventData()";0.1894;0.0584;1.5286;61668;62313;61266;8;8;434.134699281305;0.2172846;0.1444;0.2402;1998;1;1;1;1998;60314;0.0584;1.5286;62313;61266;0.3192
"Newtonsoft.Json.dll!Newtonsoft.Json.Utilities::ReflectionUtils.GetDefaultConstructor()";0.1894;0.1894;0.1894;61925;61925;61925;36;41;0.189400002360344;0.1894;0.1894;0.1894;12;12;12;12;1;61925;0.0068;0.0336;61925;61925;0
"System.Core.dll!System.Linq::Enumerable.TryGetFirst()";0.1829001;0.1829001;0.1829001;61925;61925;61925;39;50;0.182900130748749;0.1829001;0.1829001;0.1829001;277;277;277;277;1;61925;0.0004;0.0142;61925;61925;0
"Assembly-CSharp.dll!::TowerWeapon.OnDestroy()";0.1804999;0.1804999;0.1804999;62046;62046;62046;10;10;0.180499941110611;0.1804999;0.1804999;0.1804999;80;80;80;80;1;62046;0.0003;0.0206;62046;62046;0
"System.Core.dll!System.Linq::Enumerable.Cast()";0.1796001;0.1796001;0.1796001;61925;61925;61925;39;50;0.179600074887276;0.1796001;0.1796001;0.1796001;171;171;171;171;1;61925;0.0001;0.0097;61925;61925;0
"Newtonsoft.Json.dll!Newtonsoft.Json.Serialization::DefaultContractResolver.CreateShouldSerializeTest()";0.1769;0.1769;0.1769;61925;61925;61925;37;40;0.176899984478951;0.1769;0.1769;0.1769;20;20;20;20;1;61925;0.0073;0.0173;61925;61925;0
"Unity.TextMeshPro.dll!TMPro::TextMeshProUGUI.OnDestroy()";0.1764;0.1764;0.1764;62046;62046;62046;10;10;0.176400005817413;0.1764;0.1764;0.1764;17;17;17;17;1;62046;0.0069;0.0297;62046;62046;0
"System.dll!System.ComponentModel::TypeDescriptor.NodeFor()";0.1752;0.1752;0.1752;61925;61925;61925;38;46;0.17519998550415;0.1752;0.1752;0.1752;8;8;8;8;1;61925;0.008;0.0409;61925;61925;0
"Assembly-CSharp.dll!::Projectile.Setup()";0.1728;0.1442;1.114;60511;60371;61858;7;17;7.83679988980293;0.2118054;0.1542;0.2043;114;3;3;4;37;60331;0.0398;0.4095;61773;61858;0
"AssetBundle.UnloadAsync.Integrate.DestroyObjects";0.1713;0.1713;0.1713;62046;62046;62046;8;8;0.171300008893013;0.1713;0.1713;0.1713;3;3;3;3;1;62046;0.001;0.1683;62046;62046;0
"mscorlib.dll!System::String.Join()";0.1689;0.1689;0.1689;61925;61925;61925;24;32;0.168900012969971;0.1689;0.1689;0.1689;30;30;30;30;1;61925;0.0039;0.0099;61925;61925;0
"System.Core.dll!::<CastIterator>d__34`1.MoveNext()";0.1686999;0.1686999;0.1686999;61925;61925;61925;41;52;0.168699949979782;0.1686999;0.1686999;0.1686999;165;165;165;165;1;61925;0.0002;0.0073;61925;61925;0
"mscorlib.dll!System.Collections.Concurrent::ConcurrentDictionary`2.TryGetValueInternal()";0.1669998;0.1669998;0.1669998;61925;61925;61925;31;51;0.166999787092209;0.1669998;0.1669998;0.1669998;329;329;329;329;1;61925;0.0001;0.0036;61925;61925;0
"mscorlib.dll!System::RuntimeType.GetInterfaces()";0.1658999;0.1658999;0.1658999;61925;61925;61925;37;48;0.165899947285652;0.1658999;0.1658999;0.1658999;183;183;183;183;1;61925;0.0002;0.046;61925;61925;0
"Newtonsoft.Json.dll!Newtonsoft.Json.Utilities::TypeExtensions.BaseType()";0.165;0.165;0.165;61925;61925;61925;37;43;0.164999976754189;0.165;0.165;0.165;113;113;113;113;1;61925;0.0011;0.0037;61925;61925;0
"UnityEngine.UI.dll!UnityEngine.UI::Button.OnPointerClick()";0.1649;0.1372;0.3447;60370;60732;62045;12;12;1.67600001394749;0.1862222;0.1427;0.1901;9;1;1;1;9;60360;0.1372;0.3447;60732;62045;0
"mscorlib.dll!System.Reflection::RuntimeFieldInfo.IsDefined()";0.1649;0.1649;0.1649;61925;61925;61925;37;42;0.164899960160255;0.1649;0.1649;0.1649;40;40;40;40;1;61925;0.0025;0.0103;61925;61925;0
"UnityEngine.UI.dll!UnityEngine.UI::Button.Press()";0.1646;0.1368;0.3442;60370;60732;62045;13;13;1.6708999723196;0.1856555;0.1423;0.1888;9;1;1;1;9;60360;0.1368;0.3442;60732;62045;0
"mscorlib.dll!System::String.JoinCore()";0.1634;0.1634;0.1634;61925;61925;61925;25;33;0.163399994373322;0.1634;0.1634;0.1634;30;30;30;30;1;61925;0.0038;0.0096;61925;61925;0
"UnityEngine.CoreModule.dll!UnityEngine.Events::UnityEvent.Invoke()";0.1621;0.1339;0.3405;60370;60732;62045;14;14;1.64069999754429;0.1823;0.1394;0.1849;9;1;1;1;9;60360;0.1339;0.3405;60732;62045;0
"Assembly-CSharp.dll!::Player.OnDestroy()";0.1621;0.1621;0.1621;62046;62046;62046;10;10;0.162100002169609;0.1621;0.1621;0.1621;1;1;1;1;1;62046;0.1621;0.1621;62046;62046;0
"TMP GenerateText - Phase II";0.1614;0.0183;4.6111;60648;61950;61512;12;14;350.371197028086;0.2192561;0.08970001;0.2885;17653;9;1;35;1598;60314;0.0111;3.8194;60331;61512;0.2016
"UnityEngine.CoreModule.dll!UnityEngine.Events::InvokableCall.Invoke()";0.1607;0.1324;0.334;60370;60732;62045;15;15;1.61779998242855;0.1797556;0.1375;0.182;9;1;1;1;9;60360;0.1324;0.334;60732;62045;0
"Assembly-CSharp.dll!::DamagePopupSpawner.Release()";0.1606;0.0957;2.0962;60974;60844;61154;6;6;49.2167999148369;0.2130597;0.1344;0.2189;307;1;1;6;231;60315;0.0721;0.7562;61834;61154;0.3465
"mscorlib.dll!System::String.TrimEnd()";0.1600999;0.1600999;0.1600999;61925;61925;61925;24;32;0.160099908709526;0.1600999;0.1600999;0.1600999;232;232;232;232;1;61925;0.0005;0.0035;61925;61925;0
"mscorlib.dll!System::RuntimeType.get_FullName()";0.1599999;0.1599999;0.1599999;61925;61925;61925;35;47;0.159999936819077;0.1599999;0.1599999;0.1599999;81;81;81;81;1;61925;0.001;0.0215;61925;61925;0
"UnityEngine.CoreModule.dll!UnityEngine::StackTraceUtility.ExtractStackTrace()";0.1593;0.1593;0.1593;61925;61925;61925;26;26;0.159299999475479;0.1593;0.1593;0.1593;1;1;1;1;1;61925;0.1593;0.1593;61925;61925;0
"Assembly-CSharp.dll!::MetaProgressService.SetStageBestScore()";0.1586;0.1586;0.1586;61925;61925;61925;20;20;0.158600002527237;0.1586;0.1586;0.1586;1;1;1;1;1;61925;0.1586;0.1586;61925;61925;0
"UnityEngine.UI.dll!UnityEngine.UI::LayoutUtility.GetPreferredSize()";0.1577;0.1577;0.1577;62046;62046;62046;16;16;0.157700002193451;0.1577;0.1577;0.1577;4;4;4;4;1;62046;0.01;0.1058;62046;62046;0
"PreLateUpdate.ScriptRunBehaviourLateUpdate";0.1576;0.0207;1.3195;60586;62219;60538;2;2;346.552799731493;0.1732764;0.1225;0.2092;2000;1;1;1;2000;60314;0.0207;1.3195;62219;60538;0.1707
"LateBehaviourUpdate";0.1571;0.0206;1.3172;60583;62219;60538;3;3;345.283399013802;0.1726417;0.122;0.2086;2000;1;1;1;2000;60314;0.0206;1.3172;62219;60538;0.1701
"UnityEngine.UI.dll!UnityEngine.UI::LayoutUtility.GetPreferredHeight()";0.1571;0.1571;0.1571;62046;62046;62046;17;17;0.157100006937981;0.1571;0.1571;0.1571;4;4;4;4;1;62046;0.0098;0.1056;62046;62046;0
"Assembly-CSharp.dll!::EnemyHp.FlushPendingDamagePopups()";0.1567;0.0022;0.8306;60523;60518;61089;6;16;8.90020006336272;0.1534517;0.0035;0.196;67;1;1;4;58;60335;0.0022;0.8306;60518;61089;0
"UnityEngine.UI.dll!UnityEngine.UI::HorizontalOrVerticalLayoutGroup.CalcAlongAxis()";0.1555;0.1555;0.1555;62046;62046;62046;14;14;0.155500009655952;0.1555;0.1555;0.1555;2;2;2;2;1;62046;0.0072;0.1483;62046;62046;0
"System.dll!System::SecurityUtils.SecureCreateInstance()";0.1545;0.1545;0.1545;61925;61925;61925;42;46;0.154500007629395;0.1545;0.1545;0.1545;4;4;4;4;1;61925;0.0334;0.0439;61925;61925;0
"UnityEngine.UI.dll!::<>c.<Rebuild>b__12_3()";0.1542;0.1542;0.1542;62046;62046;62046;12;12;0.154200002551079;0.1542;0.1542;0.1542;1;1;1;1;1;62046;0.1542;0.1542;62046;62046;0
"UnityEngine.UI.dll!UnityEngine.UI::HorizontalLayoutGroup.SetLayoutVertical()";0.1538;0.1538;0.1538;62046;62046;62046;13;13;0.153799995779991;0.1538;0.1538;0.1538;1;1;1;1;1;62046;0.1538;0.1538;62046;62046;0
"Unity.ResourceManager.dll!UnityEngine.ResourceManagement::ResourceManager.RemoveOperationFromCache()";0.1532;0.1532;0.1532;62046;62046;62046;16;24;0.153200000524521;0.1532;0.1532;0.1532;10;10;10;10;1;62046;0.0021;0.1135;62046;62046;0
"Assembly-CSharp.dll!::TowerChargeGaugeView.BuildVisual()";0.1524;0.1524;0.2077;61165;61165;61686;14;14;0.360100001096725;0.18005;0.1524;0.1524;2;1;1;1;2;61165;0.1524;0.2077;61165;61686;0
"UnityEngine.CoreModule.dll!UnityEngine::Debug.ExtractStackTraceNoAlloc()";0.1523;0.1523;0.1523;61925;61925;61925;27;27;0.152300000190735;0.1523;0.1523;0.1523;1;1;1;1;1;61925;0.1523;0.1523;61925;61925;0
"Unity.TextMeshPro.dll!TMPro::TextMeshPro.SetArraySizes()";0.152;0.0129;2.28;61736;61926;60538;12;12;320.836401554756;0.2008994;0.0873;0.258;17567;9;1;35;1597;60314;0.0097;0.2704;60381;61154;0.2091
"Newtonsoft.Json.dll!Newtonsoft.Json.Utilities::CollectionUtils.AddRange()";0.1518;0.1518;0.1518;61925;61925;61925;35;43;0.151800006628036;0.1518;0.1518;0.1518;8;8;8;8;1;61925;0.0066;0.0566;61925;61925;0
"UnityEngine.CoreModule.dll!UnityEngine::Debug.ExtractStackTraceNoAlloc_Injected()";0.1513;0.1513;0.1513;61925;61925;61925;28;28;0.151299998164177;0.1513;0.1513;0.1513;1;1;1;1;1;61925;0.1513;0.1513;61925;61925;0
"TMP.SetArraySizes";0.1503;0.0202;2.2411;61676;60815;60538;13;26;322.110798669979;0.2015712;0.0863;0.2653;17654;9;1;35;1598;60314;0.0095;0.6861;60363;61925;0.2059
"UnityEngine.UI.dll!::<>c.<Rebuild>b__12_2()";0.1494;0.1494;0.1494;62046;62046;62046;12;13;0.149399995803833;0.1494;0.1494;0.1494;4;4;4;4;1;62046;0.0002;0.1487;62046;62046;0
"UnityEngine.CoreModule.dll!UnityEngine::AsyncOperation.InvokeCompletionEvent()";0.1489;0.1489;0.1489;62046;62046;62046;7;7;0.148900002241135;0.1489;0.1489;0.1489;4;4;4;4;1;62046;0.0002;0.1453;62046;62046;0
"UnityEngine.UI.dll!UnityEngine.UI::HorizontalLayoutGroup.CalculateLayoutInputVertical()";0.1485;0.1485;0.1485;62046;62046;62046;13;13;0.148499995470047;0.1485;0.1485;0.1485;1;1;1;1;1;62046;0.1485;0.1485;62046;62046;0
"Loading.LockPersistentManager";0.1483;0.1483;0.1483;62046;62046;62046;9;9;0.148300006985664;0.1483;0.1483;0.1483;1;1;1;1;1;62046;0.1483;0.1483;62046;62046;0
"Newtonsoft.Json.dll!Newtonsoft.Json.Serialization::JsonSerializerInternalWriter.WriteObjectStart()";0.1481;0.1481;0.1481;61925;61925;61925;29;34;0.148100003600121;0.1481;0.1481;0.1481;16;16;16;16;1;61925;0.0045;0.0527;61925;61925;0
"UnityEngine.CoreModule.dll!UnityEngine::Object.op_Equality()";0.1475;0.0094;2.305806;61135;62096;61570;5;39;382.696661462076;0.1913483;0.0671;0.2582995;659763;270;16;2970;2000;60314;0.0001;0.2647;60314;61462;0.2402998
"Assembly-CSharp.dll!::PanelTowerDataViewer.UpGradeTowerButton()";0.1473;0.1306;0.2129;60684;60732;60379;16;16;1.26680000126362;0.15835;0.1333;0.1689;8;1;1;1;8;60360;0.1306;0.2129;60732;60379;0
"mscorlib.dll!System::Array.LastIndexOfImpl()";0.1459;0.1459;0.1459;62046;62046;62046;18;18;0.145899996161461;0.1459;0.1459;0.1459;2;2;2;2;1;62046;0.004;0.1419;62046;62046;0
"System.Core.dll!::SelectManySingleSelectorIterator`2.MoveNext()";0.1447;0.1447;0.1447;61925;61925;61925;38;41;0.144699975848198;0.1447;0.1447;0.1447;22;22;22;22;1;61925;0.0003;0.0996;61925;61925;0
"BatchRenderer.Flush";0.1446;0.07589999;0.9821;61984;61998;60681;8;8;279.150602824986;0.1611724;0.132;0.1668;66333;35;22;68;1732;60314;0.0001;0.3034;60315;61875;0.1624
"Newtonsoft.Json.dll!Newtonsoft.Json.Converters::DiscriminatedUnionConverter.CanConvert()";0.1436;0.1436;0.1436;61925;61925;61925;37;40;0.14360000193119;0.1436;0.1436;0.1436;4;4;4;4;1;61925;0.001;0.054;61925;61925;0
"Material.ResetAllCachedMaterialData";0.1413;0.1413;0.1413;62046;62046;62046;11;11;0.14130000770092;0.1413;0.1413;0.1413;5;5;5;5;1;62046;0.0116;0.049;62046;62046;0
"Newtonsoft.Json.dll!Newtonsoft.Json.Serialization::JsonTypeReflector.GetObjectMemberSerialization()";0.1411;0.1411;0.1411;61925;61925;61925;35;40;0.141099989414215;0.1411;0.1411;0.1411;4;4;4;4;1;61925;0.0076;0.069;61925;61925;0
"UnityEngine.UI.dll!UnityEngine.EventSystems::EventSystem.RaycastAll()";0.141;0.0258;1.3153;60953;62106;60681;9;9;329.710298810154;0.1650202;0.1072;0.1807;1998;1;1;1;1998;60314;0.0258;1.3153;62106;60681;0.2388
"Assembly-CSharp.dll!::PanelTowerDataViewer.UpdateTowerData()";0.1409;0.1196;0.2062;60684;60642;60379;6;17;1.33630001544952;0.1484778;0.1278;0.1632;9;1;1;1;9;60360;0.1196;0.2062;60642;60379;0
"Assembly-CSharp.dll!::BossIntroFx.StartSummonGather()";0.1397;0.1397;0.1985;60815;60815;61373;6;6;0.338199988007545;0.1691;0.1397;0.1397;2;1;1;1;2;60815;0.1397;0.1985;60815;61373;0
"Unity.ResourceManager.dll!UnityEngine.ResourceManagement::ResourceManager.IsOperationCached()";0.1353;0.1353;0.1353;62046;62046;62046;17;25;0.135300010442734;0.1353;0.1353;0.1353;10;10;10;10;1;62046;0.0011;0.1109;62046;62046;0
"mscorlib.dll!System::RuntimeType.get_IsGenericParameter()";0.1346;0.1346;0.1346;61925;61925;61925;35;57;0.134600028395653;0.1346;0.1346;0.1346;585;585;585;585;1;61925;0.0001;0.0017;61925;61925;0
"Unity.TextMeshPro.dll!TMPro::TextMeshProUGUI.OnRectTransformDimensionsChange()";0.1339;0.1339;0.1339;62046;62046;62046;18;18;0.133900001645088;0.1339;0.1339;0.1339;3;3;3;3;1;62046;0.0369;0.0534;62046;62046;0
"UnityEngine.UI.dll!UnityEngine.UI::Image.OnEnable()";0.1325;0.0782;0.3986;61433;61925;60429;9;24;3.24309998750687;0.1801722;0.1231;0.1795;49;2;1;7;18;60318;0.0497;0.1247;62046;61403;0
"Unity.TextMeshPro.dll!TMPro::TMP_Text.GetPaddingForMaterial()";0.1317;0.1317;0.1317;62046;62046;62046;11;11;0.13170000910759;0.1317;0.1317;0.1317;5;5;5;5;1;62046;0.0243;0.032;62046;62046;0
"Assembly-CSharp.dll!::<PlayGather>d__23.MoveNext()";0.1314;0.0002;0.4011;60322;60957;60854;5;11;4.25169997794728;0.1417233;0.1125;0.1592;30;1;1;1;30;60315;0.0002;0.4011;60957;60854;0
"Newtonsoft.Json.dll!Newtonsoft.Json.Utilities::ReflectionUtils.ImplementsGenericDefinition()";0.1308;0.1308;0.1308;61925;61925;61925;35;39;0.130799993872643;0.1308;0.1308;0.1308;13;13;13;13;1;61925;0.0023;0.0232;61925;61925;0
"Unity.TextMeshPro.dll!TMPro::TMP_Text.PopulateTextProcessingArray()";0.1301;0.0144;1.7531;60978;60734;60538;12;25;269.793499142863;0.168832;0.067;0.2143;17654;9;1;35;1598;60314;0.0108;0.3005;60531;61074;0.166
"UnityEngine.CoreModule.dll!UnityEngine::Object.IsNativeObjectAlive()";0.1298001;0.0051;2.007098;60616;62096;61570;7;41;326.985923160799;0.163493;0.05920003;0.2237016;968175;403;11;2673;2000;60314;0.0002;0.1939;60314;61895;0.1745008
"Newtonsoft.Json.dll!Newtonsoft.Json.Serialization::JsonSerializerInternalWriter.ShouldWriteReference()";0.1295;0.1295;0.1295;61925;61925;61925;26;35;0.129500031471252;0.1295;0.1295;0.1295;84;84;84;84;1;61925;0;0.0667;61925;61925;0
"PostLateUpdate.UpdateAllRenderers";0.1289;0.0017;0.5048;60718;62047;61159;2;2;244.291599671589;0.1221458;0.1098;0.1469;2000;1;1;1;2000;60314;0.0017;0.5048;62047;61159;0.1206
"Assembly-CSharp.dll!::<PlayRoutine>d__10.MoveNext()";0.1288;0.0152;7.4282;61493;60732;61031;5;24;303.125499123707;0.1895719;0.0731;0.2409;17884;9;1;36;1599;60314;0.0051;6.8799;60356;61031;0.4878
"Newtonsoft.Json.dll!::<>c.<GetExtensionDataMemberForType>b__44_0()";0.1282;0.1282;0.1282;61925;61925;61925;39;42;0.128199994564056;0.1282;0.1282;0.1282;2;2;2;2;1;61925;0.0317;0.0965;61925;61925;0
"Assembly-CSharp.dll!::EnemyHp.TakeDamage()";0.1278;0.0446;58.4668;61431;61373;61925;7;17;309.892699982971;0.2387463;0.0778;0.1945;2651;2;1;6;1298;60314;0.0355;58.4668;61098;61925;0.0556
"Assembly-CSharp.dll!::Projectile.ReleaseMiss()";0.1262;0.0621;0.5653;60846;60524;60681;4;5;9.58069997280836;0.1545274;0.0875;0.1967;109;2;1;4;62;60328;0.0424;0.5653;60717;60681;0
"Newtonsoft.Json.dll!Newtonsoft.Json.Serialization::JsonSerializerInternalWriter.ResolveIsReference()";0.1253;0.1253;0.1253;61925;61925;61925;27;35;0.125300019979477;0.1253;0.1253;0.1253;62;62;62;62;1;61925;0.0004;0.0657;61925;61925;0
"Assembly-CSharp.dll!::<AggregateDamagePopupRoutine>d__32.MoveNext()";0.1249;0.0001;0.8329;60605;60336;61089;5;23;8.14790002212976;0.1216104;0.0001;0.1752;85;1;1;4;67;60335;0;0.8329;61571;61089;0
"mscorlib.dll!System.Collections.ObjectModel::Collection`1.Add()";0.1248;0.1248;0.1248;61925;61925;61925;36;40;0.124799959361553;0.1248;0.1248;0.1248;40;40;40;40;1;61925;0.0016;0.0099;61925;61925;0
"UnityEngine.UI.dll!::<>c.<Rebuild>b__12_1()";0.1242;0.1242;0.1242;62046;62046;62046;12;12;0.124200001358986;0.1242;0.1242;0.1242;1;1;1;1;1;62046;0.1242;0.1242;62046;62046;0
"UnityEngine.UI.dll!UnityEngine.UI::HorizontalLayoutGroup.SetLayoutHorizontal()";0.124;0.124;0.124;62046;62046;62046;13;13;0.123999997973442;0.124;0.124;0.124;1;1;1;1;1;62046;0.124;0.124;62046;62046;0
"Assembly-CSharp.dll!::ChargePierceBehavior.FireMeteor()";0.1237;0.1029;0.1995;60447;60395;61777;6;6;1.66130000352859;0.1277923;0.1093;0.1304;13;1;1;1;13;60344;0.1029;0.1995;60395;61777;0
"UnityEngine.UI.dll!UnityEngine.UI::MaskableGraphic.OnEnable()";0.1232;0.0699;0.3721;61433;61925;60429;10;25;3.00960000604391;0.1672;0.1137;0.1702;49;2;1;7;18;60318;0.0462;0.1194;62046;61403;0
"mscorlib.dll!System::RuntimeTypeHandle.GetAssembly()";0.123101;0.123101;0.123101;61925;61925;61925;42;58;0.123100966215134;0.123101;0.123101;0.123101;690;690;690;690;1;61925;0.0001;0.0007;61925;61925;0
"Newtonsoft.Json.dll!Newtonsoft.Json.Serialization::JsonSerializerInternalWriter.CheckForCircularReference()";0.1226;0.1226;0.1226;61925;61925;61925;28;35;0.12260003387928;0.1226;0.1226;0.1226;78;78;78;78;1;61925;0;0.0521;61925;61925;0
"mscorlib.dll!System.Reflection::MonoMethodInfo.get_method_info()";0.1225006;0.1225006;0.1225006;61925;61925;61925;43;45;0.122500635683537;0.1225006;0.1225006;0.1225006;582;582;582;582;1;61925;0.0001;0.0028;61925;61925;0
"System.dll!System.ComponentModel::ReflectTypeDescriptionProvider.CreateInstance()";0.122;0.122;0.122;61925;61925;61925;41;44;0.121999993920326;0.122;0.122;0.122;2;2;2;2;1;61925;0.0579;0.0641;61925;61925;0
"mscorlib.dll!System::RuntimeType.GetPropertyCandidates()";0.1218;0.1218;0.1218;61925;61925;61925;40;44;0.121800020337105;0.1218;0.1218;0.1218;30;30;30;30;1;61925;0.0027;0.0073;61925;61925;0
"mscorlib.dll!System.Reflection::RuntimeFieldInfo.CheckGeneric()";0.1215;0.1215;0.1215;61925;61925;61925;33;38;0.121499963104725;0.1215;0.1215;0.1215;64;64;64;64;1;61925;0.0012;0.0047;61925;61925;0
"mscorlib.dll!System::Array.CreateInstanceImpl()";0.1183001;0.1183001;0.1183001;61925;61925;61925;42;56;0.118300080299377;0.1183001;0.1183001;0.1183001;258;258;258;258;1;61925;0.0002;0.0031;61925;61925;0
"UnityEngine.UI.dll!::<>c.<GetPreferredHeight>b__7_1()";0.1179;0.1179;0.1179;62046;62046;62046;20;20;0.117899991571903;0.1179;0.1179;0.1179;6;6;6;6;1;62046;0.0002;0.0989;62046;62046;0
"mscorlib.dll!System::String.Trim()";0.1177999;0.1177999;0.1177999;61925;61925;61925;21;33;0.117799945175648;0.1177999;0.1177999;0.1177999;112;112;112;112;1;61925;0.0007;0.0021;61925;61925;0
"Assembly-CSharp.dll!::<AttackLoop>d__0.MoveNext()";0.1174;0;2.0573;60646;60648;61858;5;15;32.7772001308549;0.1503541;0.0151;0.1707;276;1;1;5;218;60314;0;2.0573;60648;61858;0
"Newtonsoft.Json.dll!Newtonsoft.Json::JsonConvert.EnsureDecimalPlace()";0.116;0.116;0.116;61925;61925;61925;35;35;0.11599999666214;0.116;0.116;0.116;1;1;1;1;1;61925;0.116;0.116;61925;61925;0
"Newtonsoft.Json.dll!Newtonsoft.Json::JsonTextWriter.WriteIntegerValue()";0.1143;0.1143;0.1143;61925;61925;61925;32;39;0.114299982786179;0.1143;0.1143;0.1143;65;65;65;65;1;61925;0.0002;0.0043;61925;61925;0
"Assembly-CSharp.dll!::GameObjectPoolManager.Return()";0.1131;0.0259;1.5056;61199;61217;61154;7;21;53.6234996654093;0.1422374;0.0685;0.1766;612;1;1;7;377;60315;0.0152;0.5622;61794;61154;0.2562
"Assembly-CSharp.dll!::ScoreService.SetTextBestScore()";0.1122;0.1122;0.1122;61925;61925;61925;20;20;0.112199999392033;0.1122;0.1122;0.1122;1;1;1;1;1;61925;0.1122;0.1122;61925;61925;0
"mscorlib.dll!System.Collections.Generic::List`1.AddEnumerable()";0.1117;0.1117;0.1117;61925;61925;61925;40;43;0.111699990928173;0.1117;0.1117;0.1117;8;8;8;8;1;61925;0.0042;0.0296;61925;61925;0
"Assembly-CSharp.dll!::GameObjectPoolManager.SpawnFromPool()";0.1116;0.0364;1.1917;61124;60631;60429;8;21;50.6632999256253;0.1535251;0.0806;0.1886;546;1;1;9;330;60314;0.0207;0.4733;60494;60349;0
"Newtonsoft.Json.dll!Newtonsoft.Json::JsonWriter.InternalWriteEnd()";0.1115;0.1115;0.1115;61925;61925;61925;29;35;0.11150000244379;0.1115;0.1115;0.1115;31;31;31;31;1;61925;0.0015;0.0057;61925;61925;0
"UnityEngine.UI.dll!UnityEngine.UI::Image.AddQuad()";0.1111;0.0353;1.8116;61424;61761;61570;15;15;175.356795366853;0.1350977;0.0691;0.1677;15239;10;4;51;1298;60314;0.0078;0.2404;60341;61247;0.0725
"UnityEngine.UI.dll!UnityEngine.EventSystems::ExecuteEvents.ExecuteHierarchy()";0.1106;0.0012;0.4263;60713;60642;62143;9;9;1.60779999010265;0.09457647;0.0016;0.1312;17;1;1;1;17;60356;0.0012;0.4263;60642;62143;0
"mscorlib.dll!System::MonoCustomAttrs.RetrieveAttributeUsage()";0.1095;0.1095;0.1095;61925;61925;61925;39;52;0.109499990940094;0.1095;0.1095;0.1095;61;61;61;61;1;61925;0.0012;0.012;61925;61925;0
"System.Core.dll!System.Linq::Enumerable.CastIterator()";0.1091;0.1091;0.1091;61925;61925;61925;40;50;0.109099961817265;0.1091;0.1091;0.1091;95;95;95;95;1;61925;0.0007;0.0039;61925;61925;0
"UnityEngine.CoreModule.dll!UnityEngine::Object.op_Inequality()";0.1082002;0.0064;1.564599;60611;62096;61570;5;37;266.894433400594;0.1334472;0.0554;0.1777002;635389;285;16;1204;2000;60314;0.0001;0.3264;60314;60865;0.1137003
"mscorlib.dll!System::RuntimeType.GetPropertiesByName()";0.1082;0.1082;0.1082;61925;61925;61925;41;45;0.108200006186962;0.1082;0.1082;0.1082;30;30;30;30;1;61925;0.0023;0.0058;61925;61925;0
"mscorlib.dll!System.Collections.Generic::List`1..cctor()";0.1074;0.1074;0.1074;62046;62046;62046;14;14;0.107400000095367;0.1074;0.1074;0.1074;1;1;1;1;1;62046;0.1074;0.1074;62046;62046;0
"Newtonsoft.Json.dll!Newtonsoft.Json::JsonWriter.AutoCompleteClose()";0.1071;0.1071;0.1071;61925;61925;61925;30;36;0.107100017368793;0.1071;0.1071;0.1071;31;31;31;31;1;61925;0.0014;0.0054;61925;61925;0
"mscorlib.dll!System::RuntimeType.getFullName()";0.1058;0.1058;0.1058;61925;61925;61925;41;52;0.105799995362759;0.1058;0.1058;0.1058;5;5;5;5;1;61925;0.0025;0.0818;61925;61925;0
"UnityEngine.CoreModule.dll!UnityEngine::GameObject.AddComponent()";0.1053;0.028;0.6927;60335;60844;62046;6;16;13.0779000166804;0.1282147;0.085;0.1545;222;2;2;8;102;60315;0.0056;0.3468;61165;62046;0
"Unity.TextMeshPro.dll!TMPro::ShaderUtilities.GetPadding()";0.1053;0.1053;0.1053;62046;62046;62046;12;12;0.10530000180006;0.1053;0.1053;0.1053;5;5;5;5;1;62046;0.0193;0.0268;62046;62046;0
"System.dll!System.ComponentModel::TypeDescriptor.GetAttributes()";0.1051;0.1051;0.1051;61925;61925;61925;40;43;0.105099998414516;0.1051;0.1051;0.1051;2;2;2;2;1;61925;0.0428;0.0623;61925;61925;0
"Unity.TextMeshPro.dll!TMPro::TMP_Text.get_textStyle()";0.105;0.0106;1.4517;60989;60734;60538;13;26;219.230091619305;0.1371903;0.0534;0.1737;52962;27;3;105;1598;60314;0.0028;0.1992;60329;61074;0.1336
"UnityEngine.CoreModule.dll!UnityEngine::GameObject.SetActive()";0.1045;0.0004;1.421;61207;61165;60429;5;22;90.4377996639523;0.1482587;0.0498;0.191;1474;2;1;48;610;60314;0.0002;0.6467;62046;60642;0.2292
"Assembly-CSharp.dll!::Projectile.ApplySetup()";0.1042;0.0254;0.753;60909;61544;61858;8;18;5.67130004987121;0.113426;0.0429;0.1272;127;3;1;4;50;60331;0.0254;0.2787;61544;61858;0
"UnityEngine.CoreModule.dll!UnityEngine::GameObject.SetActive_Injected()";0.1038;0.0003;1.4154;61207;60618;60429;6;23;89.7828998382029;0.1471851;0.0491;0.1869;1474;2;1;48;610;60314;0;0.6463;62046;60642;0.2282
"EngineJob";0.1035;0.0003;0.7579;61343;62052;61925;4;25;190.23779868611;0.0951189;0.0728;0.1182;31411;17;1;36;2000;60314;0;0.3601;60320;61247;0.1196
"mscorlib.dll!System.Collections.ObjectModel::KeyedCollection`2.InsertItem()";0.1032;0.1032;0.1032;61925;61925;61925;37;41;0.103199996054173;0.1032;0.1032;0.1032;40;40;40;40;1;61925;0.0013;0.009;61925;61925;0
"mscorlib.dll!System::Environment.get_CurrentManagedThreadId()";0.1028001;0.1028001;0.1028001;61925;61925;61925;37;53;0.102800071239471;0.1028001;0.1028001;0.1028001;206;206;206;206;1;61925;0.0003;0.0021;61925;61925;0
"FileVFS.IsDirectoryCreated";0.1027;0.0946;0.2216;62096;62313;62095;4;4;0.41889999806881;0.1396333;0.0946;0.1027;3;1;1;1;3;62095;0.0946;0.2216;62313;62095;0
"TMP GenerateText - Phase III";0.1024;0.0115;1.4023;60635;61843;60538;12;14;218.184795393609;0.1365362;0.058;0.1716;17653;9;1;35;1598;60314;0.0087;0.4564;60323;61266;0.1229
"mscorlib.dll!System::Type.GetConstructor()";0.1024;0.1024;0.1024;61925;61925;61925;41;48;0.102399997413158;0.1024;0.1024;0.1024;10;10;10;10;1;61925;0.0051;0.0191;61925;61925;0
"Unity.TextMeshPro.dll!TMPro::TMP_FontAsset.UpdateGPOSFontFeaturesForNewlyAddedGlyphs()";0.1023;0.1023;0.1023;61925;61925;61925;14;14;0.102300003170967;0.1023;0.1023;0.1023;2;2;2;2;1;61925;0.0401;0.0622;61925;61925;0
"Newtonsoft.Json.dll!Newtonsoft.Json.Serialization::DefaultContractResolver.GetDefaultCreator()";0.1019;0.1019;0.1019;61925;61925;61925;36;39;0.10190000385046;0.1019;0.1019;0.1019;4;4;4;4;1;61925;0.011;0.0496;61925;61925;0
"Assembly-CSharp.dll!::ChainLightning.Fire()";0.1015;0.0901;0.2304;61146;61509;61563;11;16;1.77789999544621;0.1185267;0.0967;0.133;15;1;1;1;15;60363;0.0901;0.2304;61509;61563;0
"Assembly-CSharp.dll!::DamagePopup.Play()";0.1014;0.0591;0.3956;60343;60460;61544;9;19;25.1421999782324;0.1214599;0.0765;0.1396;279;1;1;5;207;60314;0.0473;0.3105;60449;61159;0
"Assembly-CSharp.dll!::TowerWeapon.IsValidEnemyTarget()";0.1013;0.0042;4.900899;61507;61282;61570;7;18;370.746897256467;0.230564;0.0294;0.2914;71336;20;1;324;1608;60314;0.0034;0.3344;60331;60965;0.032
"UnityEngine.CoreModule.dll!UnityEngine::Mesh.SetUVs()";0.1011;0.0061;1.6647;61468;60733;61266;13;17;190.285983272363;0.1163829;0.0504;0.1521;83127;45;3;177;1635;60314;0.0013;0.3896;60316;61266;0.08760002
"Unity.TextMeshPro.dll!TMPro::TextMeshProUGUI.SetAllDirty()";0.1005;0.0322;0.1344;60642;61925;62046;10;25;0.267099998891354;0.08903334;0.0322;0.1005;9;3;1;5;3;60642;0.0246;0.0398;62046;60642;0
"Unity.TextMeshPro.dll!TMPro::TMP_Text.GetStyle()";0.1005;0.0101;1.3936;60643;60734;60538;14;27;210.07927303575;0.1314639;0.0513;0.1669;52962;27;3;105;1598;60314;0.0027;0.1976;60316;61074;0.128
"Unity.TextMeshPro.dll!TMPro::TMP_Text.get_preferredHeight()";0.1004;0.1004;0.1004;62046;62046;62046;21;21;0.100400000810623;0.1004;0.1004;0.1004;2;2;2;2;1;62046;0.0018;0.0986;62046;62046;0
"Unity.TextMeshPro.dll!TMPro::TMP_Text.GetPreferredHeight()";0.09999999;0.09999999;0.09999999;62046;62046;62046;22;22;0.0999999940395355;0.09999999;0.09999999;0.09999999;2;2;2;2;1;62046;0.0016;0.0984;62046;62046;0
"UnityEngine.Physics2DModule.dll!UnityEngine::RaycastHit2D.get_transform()";0.0995;0.0222;1.1599;60373;60750;61159;5;17;147.153499495238;0.1155051;0.0572;0.143;11127;9;2;19;1274;60314;0.0067;0.4588;60415;61159;0.0526
"Physics2D.Collider2D.DestroyShapes";0.09930005;0.0107;1.3754;61804;60961;61089;6;24;187.377324924804;0.1283406;0.07850004;0.1451;159757;106;1;143;1460;60314;0;0.6831;62046;61089;0.1378
"CullResults.CreateSharedRendererScene";0.0991;0.0022;0.5875;60804;62047;60681;4;4;196.107399311615;0.0980537;0.0853;0.1173;2000;1;1;1;2000;60314;0.0022;0.5875;62047;60681;0.1041
"UnityEngine.UI.dll!UnityEngine.UI::Graphic.OnEnable()";0.0985;0.0549;0.3022;60380;61925;60429;11;26;2.43429999053478;0.1352389;0.092;0.1444;49;2;1;7;18;60318;0.0376;0.1069;62046;61403;0
"Assembly-CSharp.dll!::TowerChargeGaugeView.Show()";0.0985;0.0413;0.6747;60559;60399;61686;6;17;5.52359995618463;0.1255364;0.0847;0.1196;93;2;1;6;44;60331;0.0295;0.3375;60526;61686;0
"Assembly-CSharp.dll!::AttackBehaviorBase.StopRoutines()";0.09840003;0.09840003;0.09840003;62046;62046;62046;12;14;0.0984000340104103;0.09840003;0.09840003;0.09840003;134;134;134;134;1;62046;0;0.0035;62046;62046;0
"Unity.TextMeshPro.dll!TMPro::TMP_Text.SaveWordWrappingState()";0.09750005;0.008199999;1.424699;61068;61966;60538;12;24;208.959270463325;0.130763;0.05229999;0.1678;117786;60;6;303;1598;60314;0.0011;0.4833;60316;60681;0.1239001
"mscorlib.dll!System::RuntimeType.GetConstructors_native()";0.097;0.097;0.097;61925;61925;61925;39;53;0.0970000028610229;0.097;0.097;0.097;19;19;19;19;1;61925;0.0002;0.067;61925;61925;0
"SetPlayerFocus";0.0967;0.0501;0.1953;62095;62096;62313;2;2;0.342099994421005;0.1140333;0.0501;0.0967;3;1;1;1;3;62095;0.0501;0.1953;62096;62313;0
"mscorlib.dll!System.Collections.Generic::List`1.RemoveAll()";0.09610001;0.09610001;0.09610001;62046;62046;62046;13;14;0.0961000099778175;0.09610001;0.09610001;0.09610001;13;13;13;13;1;62046;0;0.0894;62046;62046;0
"Assembly-CSharp.dll!::EndRunOverlay.OnClickTitle()";0.0961;0.0961;0.0961;62045;62045;62045;16;16;0.0961000025272369;0.0961;0.0961;0.0961;1;1;1;1;1;62045;0.0961;0.0961;62045;62045;0
"mscorlib.dll!System::RuntimeType.GetMethodImpl()";0.09579999;0.09579999;0.09579999;61925;61925;61925;42;45;0.0957999899983406;0.09579999;0.09579999;0.09579999;20;20;20;20;1;61925;0.004;0.0088;61925;61925;0
"Newtonsoft.Json.dll!Newtonsoft.Json.Serialization::JsonPropertyCollection.AddProperty()";0.0957;0.0957;0.0957;61925;61925;61925;36;39;0.0957000032067299;0.0957;0.0957;0.0957;20;20;20;20;1;61925;0.0029;0.0127;61925;61925;0
"mscorlib.dll!System.Text::ValueStringBuilder.TryCopyTo()";0.0955;0.0955;0.0955;61925;61925;61925;25;25;0.0954999998211861;0.0955;0.0955;0.0955;1;1;1;1;1;61925;0.0955;0.0955;61925;61925;0
"Assembly-CSharp.dll!::EnemyHpViewer.hpSliderUpdate()";0.09540001;0.0025;1.1033;61449;60719;61570;5;18;176.353699357715;0.1094006;0.0572;0.1473;8956;6;1;19;1612;60314;0.0016;0.5533;60324;61875;0.056
"Unity.TextMeshPro.dll!TMPro::TextMeshProUGUI.UpdateMaterial()";0.0935;0.0854;0.1535;61925;60642;62046;11;11;0.332400009036064;0.1108;0.0854;0.0935;9;3;1;5;3;60642;0.0257;0.0935;60642;61925;0
"mscorlib.dll!System::RuntimeType.GetMethodImplCommon()";0.09340002;0.09340002;0.09340002;61925;61925;61925;43;46;0.0934000164270401;0.09340002;0.09340002;0.09340002;20;20;20;20;1;61925;0.004;0.0085;61925;61925;0
"System.dll!System.ComponentModel::TypeDescriptor.GetDescriptor()";0.0934;0.0934;0.0934;61925;61925;61925;37;44;0.0934000015258789;0.0934;0.0934;0.0934;4;4;4;4;1;61925;0.0088;0.0428;61925;61925;0
"Newtonsoft.Json.dll!Newtonsoft.Json::JsonWriter.InternalWriteStart()";0.09229999;0.09229999;0.09229999;61925;61925;61925;29;36;0.0922999903559685;0.09229999;0.09229999;0.09229999;31;31;31;31;1;61925;0.001;0.0072;61925;61925;0
"EndRenderQueueExtraction";0.091;0;0.5608;60758;62047;60681;5;5;179.84409944027;0.08992205;0.0776;0.1091;2000;1;1;1;2000;60314;0;0.5608;62047;60681;0.0971
"UnityEngine.UI.dll!UnityEngine.UI::Slider.UpdateVisuals()";0.0901;0.035;0.8824999;60390;60642;61570;11;22;136.456199456006;0.1048856;0.0587;0.1272;2690;2;1;9;1301;60314;0.0053;0.4957;60524;61875;0.0424
"UnityEngine.UI.dll!UnityEngine.UI::Graphic.CrossFadeColor()";0.09;0.0063;0.2262;61925;60642;60429;13;31;6.55900000361726;0.09789553;0.0712;0.1179;158;2;2;8;67;60318;0.0031;0.1073;60642;60704;0
"Unity.TextMeshPro.dll!TMPro::TMP_FontAsset.UpdateDiacriticalMarkAdjustmentRecords()";0.0899;0.0899;0.0899;61925;61925;61925;15;15;0.0899000018835068;0.0899;0.0899;0.0899;2;2;2;2;1;61925;0.037;0.0529;61925;61925;0
"UnityEngine.CoreModule.dll!UnityEngine.Events::InvokableCall.Find()";0.0898;0.0898;0.0898;62046;62046;62046;14;14;0.0898000001907349;0.0898;0.0898;0.0898;1;1;1;1;1;62046;0.0898;0.0898;62046;62046;0
"GameObject.ActivateAwakeRecursively";0.0897;0.0014;4.798999;60890;60831;62046;6;25;94.5978995367186;0.140145;0.0343;0.1747;1608;2;1;24;675;60314;0.0005;3.3401;60346;62046;0.227
"TMP.UpdateDiacriticalAdjustmentRecords";0.0892;0.0892;0.0892;61925;61925;61925;16;16;0.089199997484684;0.0892;0.0892;0.0892;2;2;2;2;1;61925;0.0367;0.0525;61925;61925;0
"UnityEngine.CoreModule.dll!UnityEngine::Object.DestroyImmediate_Injected()";0.089;0.089;0.089;62046;62046;62046;13;13;0.0890000015497208;0.089;0.089;0.089;17;17;17;17;1;62046;0.0028;0.0199;62046;62046;0
"mscorlib.dll!System.Reflection::RuntimeFieldInfo.GetParentType()";0.08870084;0.08870084;0.08870084;61925;61925;61925;34;58;0.0887008383870125;0.08870084;0.08870084;0.08870084;848;848;848;848;1;61925;0;0.0017;61925;61925;0
"GUI.ProcessEvents";0.0887;0.0093;0.1912;60428;62166;60374;3;3;3.91569994017482;0.1004026;0.0761;0.1256;42;1;1;2;39;60356;0.0012;0.1785;62158;60402;0
"UnityEngine.CoreModule.dll!UnityEngine::Texture2D..ctor()";0.0885;0.0885;0.1173;61165;61165;61686;16;17;0.205800004303455;0.1029;0.0885;0.0885;4;2;2;2;2;61165;0.0441;0.0588;61165;61686;0
"UnityEngine.UI.dll!UnityEngine.UI::Slider.OnEnable()";0.0883;0.0741;0.1815;60318;60815;60429;15;20;1.50750000029802;0.1005;0.0782;0.1078;19;1;1;3;15;60318;0.0527;0.1169;60524;60349;0
"UnityEngine.UI.dll!UnityEngine.UI::Image.UpdateMaterial()";0.0882;0.0795;0.3252;61463;60846;60524;11;11;2.27349999547005;0.1263056;0.083;0.1037;50;2;2;7;18;60318;0.0241;0.1315;61925;60524;0
"mscorlib.dll!System::RuntimeTypeHandle.is_subclass_of()";0.08800073;0.08800073;0.08800073;61925;61925;61925;36;60;0.0880007296800613;0.08800073;0.08800073;0.08800073;760;760;760;760;1;61925;0;0.0008;61925;61925;0
"mscorlib.dll!System::Type.GetProperty()";0.08790001;0.08790001;0.08790001;61925;61925;61925;38;41;0.0879000052809715;0.08790001;0.08790001;0.08790001;20;20;20;20;1;61925;0.0038;0.008;61925;61925;0
"UnityEngine.UI.dll!UnityEngine.UI::Slider.set_value()";0.0879;0.0013;1.019;61219;60698;61570;6;19;161.776999032008;0.1003579;0.0524;0.1351;8956;6;1;19;1612;60314;0.0006;0.5437;60314;61875;0.0511
"mscorlib.dll!System::String.LastIndexOfAny()";0.0874;0.0874;0.0874;61925;61925;61925;21;30;0.087399996817112;0.0874;0.0874;0.0874;22;22;22;22;1;61925;0.0023;0.0084;61925;61925;0
"GC.MarkSceneRootsAndReduceLiveObjects";0.0869;0.0869;0.0869;62046;62046;62046;8;8;0.0869000032544136;0.0869;0.0869;0.0869;1;1;1;1;1;62046;0.0869;0.0869;62046;62046;0
"UnityEngine.UI.dll!UnityEngine.UI::Slider.Set()";0.08679999;0.0009;1.0087;61421;60691;61570;7;21;159.566099332762;0.09898642;0.0514;0.1331;8975;6;1;22;1612;60314;0.0005;0.542;60314;61875;0.0501
"Assembly-CSharp.dll!::AoEDamageBatch.CollectEnemyTargets()";0.0861;0.0472;0.1608;61285;61196;60323;7;10;5.43089997023344;0.090515;0.0621;0.1121;63;1;1;2;60;60323;0.0472;0.1484;61196;61156;0
"File.Open";0.086;0.058;0.1228;62096;62313;62095;4;4;0.266800001263618;0.08893333;0.058;0.086;3;1;1;1;3;62095;0.058;0.1228;62313;62095;0
"mscorlib.dll!System.Reflection::RuntimeMethodInfo.get_IsGenericMethod()";0.08590001;0.08590001;0.08590001;61925;61925;61925;40;40;0.0859000086784363;0.08590001;0.08590001;0.08590001;98;98;98;98;1;61925;0;0.0074;61925;61925;0
"mscorlib.dll!System::RuntimeType.GetPropertyImpl()";0.0851;0.0851;0.0851;61925;61925;61925;39;42;0.085099995136261;0.0851;0.0851;0.0851;20;20;20;20;1;61925;0.0036;0.0078;61925;61925;0
"System.dll!System::SecurityUtils.SecureConstructorInvoke()";0.0848;0.0848;0.0848;61925;61925;61925;42;46;0.0847999975085258;0.0848;0.0848;0.0848;4;4;4;4;1;61925;0.019;0.0234;61925;61925;0
"UnityEngine.UI.dll!UnityEngine.UI::Selectable.OnPointerDown()";0.0845;0.0657;0.1233;60727;60713;60704;12;12;0.783600009977818;0.08706667;0.0807;0.0913;9;1;1;1;9;60356;0.0657;0.1233;60713;60704;0
"mscorlib.dll!System.Diagnostics::DebuggerTypeProxyAttribute..ctor()";0.0844;0.0844;0.0844;61925;61925;61925;50;50;0.0843999981880188;0.0844;0.0844;0.0844;1;1;1;1;1;61925;0.0844;0.0844;61925;61925;0
"Assembly-CSharp.dll!::Enemy.PrepareForSpawn()";0.0843;0.0797;0.2555;60876;61433;60429;8;13;1.61919998377562;0.1079467;0.0811;0.0936;19;1;1;3;15;60318;0.0686;0.1297;60524;60349;0
"System.dll!::DefaultTypeDescriptor.System.ComponentModel.ICustomTypeDescriptor.GetAttributes()";0.08419999;0.08419999;0.08419999;61925;61925;61925;41;44;0.084199994802475;0.08419999;0.08419999;0.08419999;2;2;2;2;1;61925;0.0338;0.0504;61925;61925;0
"mscorlib.dll!Mono::SafeGPtrArrayHandle.get_Item()";0.08390007;0.08390007;0.08390007;61925;61925;61925;39;53;0.0839000716805458;0.08390007;0.08390007;0.08390007;187;187;187;187;1;61925;0.0003;0.0008;61925;61925;0
"System.dll!System.ComponentModel::ReflectTypeDescriptionProvider.GetAttributes()";0.0838;0.0838;0.0838;61925;61925;61925;42;45;0.0838000029325485;0.0838;0.0838;0.0838;2;2;2;2;1;61925;0.0336;0.0502;61925;61925;0
"mscorlib.dll!System::Type.get_IsSealed()";0.08340006;0.08340006;0.08340006;61925;61925;61925;35;54;0.0834000632166862;0.08340006;0.08340006;0.08340006;261;261;261;261;1;61925;0.0002;0.0018;61925;61925;0
"Unity.ResourceManager.dll!UnityEngine.ResourceManagement::ChainOperationTypelessDepedency`1.Destroy()";0.0831;0.0831;0.0831;62046;62046;62046;15;15;0.0830999985337257;0.0831;0.0831;0.0831;1;1;1;1;1;62046;0.0831;0.0831;62046;62046;0
"UnityEngine.CoreModule.dll!UnityEngine::Component.get_gameObject()";0.08250001;0.0017;2.307399;61223;61958;61570;5;33;265.626946554868;0.1328135;0.0374;0.1803999;130773;40;1;599;2000;60314;0.0012;0.3362;60331;62143;0.08630001
"Assembly-CSharp.dll!::TextFadeOut.ShowPersistent()";0.0823;0.0823;0.0823;61925;61925;61925;19;19;0.0822999998927116;0.0823;0.0823;0.0823;1;1;1;1;1;61925;0.0823;0.0823;61925;61925;0
"mscorlib.dll!System::RuntimeType.get_AssemblyQualifiedName()";0.0822;0.0822;0.0822;61925;61925;61925;51;51;0.0821999981999397;0.0822;0.0822;0.0822;1;1;1;1;1;61925;0.0822;0.0822;61925;61925;0
"UnityEngine.UI.dll!UnityEngine.UI::Image.OnDisable()";0.08130001;0.0611;0.6132;60429;61794;62046;11;26;2.94940000772476;0.1053357;0.0708;0.1029;75;2;2;17;28;60347;0.0272;0.0574;61689;60392;0
"mscorlib.dll!System.Text::StringBuilder.ThreadSafeCopy()";0.08109993;0.08109993;0.08109993;61925;61925;61925;36;43;0.0810999348759651;0.08109993;0.08109993;0.08109993;127;127;127;127;1;61925;0.0004;0.0025;61925;61925;0
"UnityEngine.UI.dll!UnityEngine.UI::MaskableGraphic.OnDisable()";0.081;0.0606;0.6109;60429;61794;62046;12;27;2.93310002237558;0.1047536;0.0703;0.1024;75;2;2;17;28;60347;0.027;0.0571;61689;60392;0
"System.dll!::ReflectedTypeData.GetAttributes()";0.0803;0.0803;0.0803;61925;61925;61925;43;46;0.0803000032901764;0.0803;0.0803;0.0803;2;2;2;2;1;61925;0.0323;0.048;61925;61925;0
"Newtonsoft.Json.dll!Newtonsoft.Json.Serialization::DefaultContractResolver.GetAttributeConstructor()";0.08019999;0.08019999;0.08019999;61925;61925;61925;35;38;0.0801999941468239;0.08019999;0.08019999;0.08019999;3;3;3;3;1;61925;0.0188;0.04;61925;61925;0
"Unity.TextMeshPro.dll!TMPro::TextMeshProUGUI.get_materialForRendering()";0.0801;0.0752;0.1353;61925;60642;62046;12;12;0.290600009262562;0.09686667;0.0752;0.0801;9;3;1;5;3;60642;0.0226;0.0801;60642;61925;0
"Unity.TextMeshPro.dll!TMPro::TMP_MaterialManager.GetMaterialForRendering()";0.0796;0.0747;0.1332;61925;60642;62046;13;13;0.287500001490116;0.09583333;0.0747;0.0796;9;3;1;5;3;60642;0.0225;0.0796;60642;61925;0
"Physics2D.CompileContactCallbacks";0.0795;0.0064;3.0196;60670;60961;60524;4;25;260.304800659418;0.178291;0.0501;0.1447;1990;1;1;105;1460;60314;0;3.0018;60755;60524;0.1134
"UnityEngine.UI.dll!UnityEngine.UI::GraphicRegistry.UnregisterGraphicForCanvas()";0.0791;0.0265;1.193907;60771;61925;62046;11;25;1.38590654544532;0.3464766;0.0265;0.0864;267;3;1;260;4;60428;0.0002;0.0546;62046;62046;0
"mscorlib.dll!System.Reflection::RuntimeMethodInfo.get_DeclaringType()";0.07909995;0.07909995;0.07909995;61925;61925;61925;40;40;0.0790999457240105;0.07909995;0.07909995;0.07909995;97;97;97;97;1;61925;0.0004;0.0034;61925;61925;0
"Unity.TextMeshPro.dll!TMPro::TextMeshPro.OnDisable()";0.0773;0.0341;0.9967;61746;61982;61154;12;12;23.6000999361277;0.1021649;0.0609;0.111;307;1;1;6;231;60315;0.0319;0.3707;61834;61154;0.1694
"UnityEngine.CoreModule.dll!UnityEngine.SceneManagement::SceneManager.LoadScene()";0.0773;0.0773;0.0773;62045;62045;62045;18;19;0.0772999972105026;0.0773;0.0773;0.0773;2;2;2;2;1;62045;0.0383;0.039;62045;62045;0
"UnityEngine.UI.dll!UnityEngine.UI::Graphic.UpdateMaterial()";0.0772;0.0695;0.2663;61463;60846;60429;12;12;1.89200003445148;0.1051111;0.0726;0.0895;50;2;2;7;18;60318;0.0166;0.0933;61925;61925;0
"mscorlib.dll!System.Reflection::FieldInfo.GetFieldFromHandle()";0.07619998;0.07619998;0.07619998;61925;61925;61925;42;46;0.0761999785900116;0.07619998;0.07619998;0.07619998;60;60;60;60;1;61925;0.0007;0.0038;61925;61925;0
"GameObject.Activate";0.076;0.0013;1.0898;60403;61404;60429;7;24;42.0529998608399;0.1046095;0.0332;0.1338;748;1;1;12;402;60314;0.0005;0.6456;60963;60642;0
"TransformChangeSystem";0.07590002;0.009499999;0.7311;61851;62030;61247;3;9;154.074813990854;0.07703741;0.0532;0.0905;46604;26;10;75;2000;60314;0;0.3595;60314;61247;0.08730001
"UnityEngine.UI.dll!UnityEngine.UI::VertexHelper.FillMesh()";0.0758;0.0355;0.9068;60378;60475;61570;13;13;117.955299194902;0.09087465;0.0519;0.1056;2514;2;1;8;1298;60314;0.025;0.3333;61573;61247;0.0486
"Newtonsoft.Json.dll!::<>c.<GetExtensionDataMemberForType>b__44_1()";0.07569999;0.07569999;0.07569999;61925;61925;61925;38;41;0.0756999924778938;0.07569999;0.07569999;0.07569999;20;20;20;20;1;61925;0.0028;0.0064;61925;61925;0
"Newtonsoft.Json.dll!Newtonsoft.Json.Serialization::JsonSerializerInternalWriter.ShouldWriteType()";0.07569998;0.07569998;0.07569998;61925;61925;61925;29;35;0.0756999775767326;0.07569998;0.07569998;0.07569998;31;31;31;31;1;61925;0.0007;0.0431;61925;61925;0
"Physics2D.SendContactCallbacks";0.0756;0.0013;2.997;61318;61925;60524;5;23;251.893499303609;0.1725298;0.0479;0.1355;1748;1;1;9;1460;60314;0;2.9958;60328;60524;0.1008
"mscorlib.dll!System::RuntimeType.GetField()";0.0754;0.0754;0.0754;61925;61925;61925;38;41;0.0754000023007393;0.0754;0.0754;0.0754;20;20;20;20;1;61925;0.0034;0.0053;61925;61925;0
"Newtonsoft.Json.dll!Newtonsoft.Json.Utilities::ReflectionUtils.HasDefaultConstructor()";0.0751;0.0751;0.0751;61925;61925;61925;36;39;0.0750999972224236;0.0751;0.0751;0.0751;4;4;4;4;1;61925;0.0012;0.0362;61925;61925;0
"UnityEngine.UI.dll!UnityEngine.UI::Graphic.OnDisable()";0.075;0.0552;0.5661;60429;61794;62046;13;28;2.70000001043081;0.09642857;0.0645;0.0945;75;2;2;17;28;60347;0.0246;0.0533;61689;60581;0
"Physics2D.SendTriggerContactCallbacks";0.0749;0.0009;2.9943;61199;61222;60524;6;24;250.475402393495;0.1715585;0.0476;0.1346;38241;16;1;195;1460;60314;0.0001;2.3456;60316;60429;0.1001
"Idle";0.0745;0.0045;0.7973;60531;61247;61434;4;8;139.822399422526;0.08072887;0.0523;0.0931;2417;1;1;5;1732;60314;0.0001;0.6271;61489;61434;0.045
"mscorlib.dll!System::Type.Equals()";0.07409998;0.07409998;0.07409998;61925;61925;61925;42;56;0.0740999802947044;0.07409998;0.07409998;0.07409998;258;258;258;258;1;61925;0.0002;0.0005;61925;61925;0
"UIEvents.IMGUIRenderOverlays";0.0734;0.0036;0.5236;61979;62047;61088;3;3;151.752099562902;0.07587605;0.0668;0.09;2000;1;1;1;2000;60314;0.0036;0.5236;62047;61088;0.1178
"UnityEngine.CoreModule.dll!UnityEngine::Component.get_transform_Injected()";0.07270006;0.0004;0.5677989;61532;62047;60366;6;27;145.957289257465;0.07297865;0.05110005;0.09380019;390657;178;2;706;2000;60314;0;0.3355;60314;60366;0.05590004
"GUI.Repaint";0.0727;0.0033;0.5213;60581;62047;61088;4;4;149.942899421789;0.07497145;0.0661;0.0892;2000;1;1;1;2000;60314;0.0033;0.5213;62047;61088;0.1166
"mscorlib.dll!System::String.memcpy()";0.07260004;0.0029;1.297905;61235;62275;60538;9;25;194.727569964714;0.09741249;0.02409999;0.1279001;572521;208;8;1563;1999;60314;0.0002;0.4708;60314;60681;0.1127999
"Assembly-CSharp.dll!::TowerChargeGaugeView.CreateBarSprite()";0.0721;0.0721;0.0952;61165;61165;61686;15;15;0.167300000786781;0.08365;0.0721;0.0721;2;1;1;1;2;61165;0.0721;0.0952;61165;61686;0
"Assembly-CSharp.dll!::LaserBehavior.OnAttackStopped()";0.0714;0.0714;0.0714;62046;62046;62046;12;14;0.0714000016450882;0.0714;0.0714;0.0714;22;22;22;22;1;62046;0.0027;0.0054;62046;62046;0
"GameObject.Deactivate";0.0713;0;4.801501;60696;60380;62046;5;24;52.8295010477304;0.1052381;0.0192;0.128;954;1;1;60;502;60314;0;3.3403;60347;62046;0.2272
"PreUpdate.SendMouseEvents";0.0711;0.0218;0.4285;61281;62279;61367;2;2;168.483099441975;0.08424155;0.0542;0.1018;2000;1;1;1;2000;60314;0.0218;0.4285;62279;61367;0.1626
"UnityEngine.CoreModule.dll!UnityEngine::RectTransform.set_anchorMax()";0.0711;0.0249;0.7279;61790;60846;61570;11;23;109.854999583215;0.08437404;0.0468;0.103;2784;2;1;17;1302;60314;0.0002;0.4474;60431;61875;0.0334
"mscorlib.dll!System::RuntimeType.GetMethodsByName_native()";0.07099999;0.07099999;0.07099999;61925;61925;61925;41;49;0.0709999948740005;0.07099999;0.07099999;0.07099999;25;25;25;25;1;61925;0.0004;0.0461;61925;61925;0
"Monobehaviour.OnMouse_";0.0706;0.0215;0.4271;61632;62279;61367;3;3;167.409499261528;0.08370475;0.0539;0.1012;2000;1;1;1;2000;60314;0.0215;0.4271;62279;61367;0.1614
"mscorlib.dll!System.IO::Path.WindowsDriveAdjustment()";0.0705;0.0705;0.0705;61925;61925;61925;23;31;0.0705000013113022;0.0705;0.0705;0.0705;30;30;30;30;1;61925;0.001;0.0052;61925;61925;0
"UnityEngine.CoreModule.dll!UnityEngine::RectTransform.set_anchorMax_Injected()";0.0704;0.0237;0.7208;61790;60846;61570;12;24;108.618599958718;0.08342443;0.0462;0.1015;2784;2;1;17;1302;60314;0;0.4449;60318;61875;0.033
"mscorlib.dll!System::RuntimeType.CreateInstanceImpl()";0.0696;0.0696;0.0696;61925;61925;61925;46;49;0.0696000009775162;0.0696;0.0696;0.0696;2;2;2;2;1;61925;0.0301;0.0395;61925;61925;0
"Newtonsoft.Json.dll!Newtonsoft.Json::JsonWriter.WriteEndObject()";0.06940001;0.06940001;0.06940001;61925;61925;61925;29;34;0.0694000050425529;0.06940001;0.06940001;0.06940001;16;16;16;16;1;61925;0.0027;0.0061;61925;61925;0
"Assembly-CSharp.dll!::Enemy.SetPath()";0.069;0.0661;0.2173;60938;60399;60429;7;14;1.58929998427629;0.08829445;0.0681;0.0796;22;1;1;3;18;60318;0.0573;0.1107;60524;60349;0
"Assembly-CSharp.dll!::Enemy.ResumeMovementAfterSkill()";0.069;0.067;0.0919;61511;60399;60956;6;6;0.227899998426437;0.07596666;0.067;0.069;3;1;1;1;3;60399;0.067;0.0919;60399;60956;0
"Unity.TextMeshPro.dll!TMPro::TextMeshProUGUI.SetArraySizes()";0.0688;0.0357;1.4016;60560;61223;61925;14;25;6.98149992153049;0.1745375;0.0653;0.3286;87;2;1;6;40;60347;0.0201;0.6865;61926;61925;0
"UnityEngine.InputLegacyModule.dll!UnityEngine::SendMouseEvents.DoSendMouseEvents()";0.0688;0.0202;0.4228;60767;62279;61367;4;4;162.602299476042;0.08130115;0.0524;0.0985;2000;1;1;1;2000;60314;0.0202;0.4228;62279;61367;0.1576
"Assembly-CSharp.dll!::TowerWeapon.SpawnPooled()";0.0674;0.0347;0.6621;60486;60815;61858;6;17;12.9193999879062;0.08848904;0.0557;0.1047;229;1;1;4;146;60314;0.0235;0.2701;60331;60542;0
"Assembly-CSharp.dll!::<AnimateHop>d__33.MoveNext()";0.0672;0.0001;0.3974;60464;60488;61154;5;21;34.0418999559988;0.08222681;0.0624;0.0857;429;1;1;2;414;60363;0.0001;0.3974;60474;61154;0
"mscorlib.dll!System.Collections.Generic::ArraySortHelper`1.PickPivotAndPartition()";0.0671;0.0671;0.0671;61925;61925;61925;45;45;0.067100003361702;0.0671;0.0671;0.0671;1;1;1;1;1;61925;0.0671;0.0671;61925;61925;0
"Assembly-CSharp.dll!::TowerChargeGaugeView.ShowAboveSprite()";0.0669;0.0525;0.069;61511;60399;60956;6;6;0.188399996608496;0.0628;0.0525;0.0669;3;1;1;1;3;60399;0.0525;0.069;60399;60956;0
"Unity.TextMeshPro.dll!TMPro::TMP_FontAsset.AddMarkToBaseAdjustmentRecords()";0.0669;0.0669;0.0669;61925;61925;61925;17;17;0.0668999999761581;0.0669;0.0669;0.0669;2;2;2;2;1;61925;0.0294;0.0375;61925;61925;0
"UnityEngine.UI.dll!UnityEngine.UI::Selectable.OnPointerUp()";0.0668;0.049;0.0895;60684;60370;60360;12;12;0.634700000286102;0.07052222;0.0605;0.0847;9;1;1;1;9;60360;0.049;0.0895;60370;60360;0
"mscorlib.dll!System::Environment.get_IsRunningOnWindows()";0.06670016;0.06670016;0.06670016;61925;61925;61925;23;32;0.0667001605033875;0.06670016;0.06670016;0.06670016;352;352;352;352;1;61925;0.0001;0.0005;61925;61925;0
"Newtonsoft.Json.dll!Newtonsoft.Json.Converters::XmlNodeConverter.CanConvert()";0.0667;0.0667;0.0667;61925;61925;61925;37;40;0.0667000040411949;0.0667;0.0667;0.0667;4;4;4;4;1;61925;0.0109;0.0225;61925;61925;0
"mscorlib.dll!System.Reflection::MonoMethodInfo.GetDeclaringType()";0.06669999;0.06669999;0.06669999;61925;61925;61925;41;41;0.0666999891400337;0.06669999;0.06669999;0.06669999;97;97;97;97;1;61925;0.0004;0.0032;61925;61925;0
"GameObject.AddComponent";0.0666;0.0175;0.3372;60335;61388;62046;9;19;8.08790002577007;0.07929314;0.053;0.098;298;3;1;9;102;60315;0.0022;0.3372;61165;62046;0
"Newtonsoft.Json.dll!Newtonsoft.Json.Utilities::ReflectionUtils.GetProperties()";0.0658;0.0658;0.0658;61925;61925;61925;38;41;0.0658000037074089;0.0658;0.0658;0.0658;4;4;4;4;1;61925;0.0124;0.0204;61925;61925;0
"Newtonsoft.Json.dll!Newtonsoft.Json.Converters::EntityKeyMemberConverter.CanConvert()";0.0654;0.0654;0.0654;61925;61925;61925;37;40;0.0654000043869019;0.0654;0.0654;0.0654;4;4;4;4;1;61925;0.0101;0.0292;61925;61925;0
"UnityEngine.UI.dll!UnityEngine.UI.Collections::IndexedSet`1.Remove()";0.06510001;0.0161;0.7587992;60771;61925;62046;13;27;0.91039920039475;0.2275998;0.0161;0.0704;261;12;4;233;4;60428;0.0005;0.0269;62046;62046;0
"UnityEngine.CoreModule.dll!UnityEngine::Mesh.SetSizedArrayForChannel()";0.0649;0.0071;0.7584;61445;61950;61266;15;19;127.590913116001;0.07803725;0.0334;0.1026;90751;48;4;180;1635;60314;0.0008;0.3826;60316;61266;0.06649999
"System.Core.dll!::<CastIterator>d__34`1..ctor()";0.06469999;0.06469999;0.06469999;61925;61925;61925;41;51;0.0646999850869179;0.06469999;0.06469999;0.06469999;95;95;95;95;1;61925;0.0004;0.0034;61925;61925;0
"UnityEngine.UI.dll!UnityEngine.UI::Graphic.OnRectTransformDimensionsChange()";0.0645;0.0217;0.6764;61053;60815;61570;9;24;100.463299663737;0.07716075;0.0422;0.094;2680;2;1;7;1302;60314;0.0041;0.43;62046;61875;0.0301
"Assembly-CSharp.dll!::TitleFlow.Awake()";0.0645;0.0645;0.0645;62046;62046;62046;9;9;0.0644999966025352;0.0645;0.0645;0.0645;1;1;1;1;1;62046;0.0645;0.0645;62046;62046;0
"UnityEngine.CoreModule.dll!::MarshalledUnityObject.MarshalNotNull()";0.0644004;0.0008;0.8483877;61316;62091;61570;6;37;152.656567435188;0.07632829;0.04100012;0.096701;2288144;1057;21;4185;2000;60314;0;0.2791;60314;61129;0.06090045
"Physics2D.Collider2D.CreateShapes";0.06439999;0.0035;0.7896997;60790;60580;60542;6;24;122.522398096276;0.08306603;0.05680001;0.08349995;159460;106;1;139;1475;60314;0.0004;0.1759;60314;60666;0.08559998
"System.Core.dll!System.Collections.Generic::LargeArrayBuilder`1..ctor()";0.06410001;0.06410001;0.06410001;61925;61925;61925;44;52;0.0641000121831894;0.06410001;0.06410001;0.06410001;182;182;182;182;1;61925;0.0001;0.0014;61925;61925;0
"mscorlib.dll!System::RuntimeType.GetGenericArguments()";0.06400001;0.06400001;0.06400001;61925;61925;61925;37;43;0.0640000104904175;0.06400001;0.06400001;0.06400001;79;79;79;79;1;61925;0.0006;0.0029;61925;61925;0
"UnityEngine.CoreModule.dll!UnityEngine::MonoBehaviour.StartCoroutine()";0.0639;0.007;58.5358;60684;60469;61925;5;27;164.216396451928;0.3098423;0.0277;0.3095;1153;2;1;18;530;60314;0.0033;58.4875;60541;61925;0
"UnityEngine.UI.dll!UnityEngine.UI::Selectable.EvaluateAndTransitionToSelectionState()";0.0639;0.0062;0.1169;62041;62250;60704;13;17;1.80969999823719;0.06032333;0.0563;0.0748;34;1;1;2;30;60343;0.006;0.1169;62240;60704;0
"Newtonsoft.Json.dll!Newtonsoft.Json::JsonTextWriter.WriteStartObject()";0.06380001;0.06380001;0.06380001;61925;61925;61925;30;35;0.0638000071048737;0.06380001;0.06380001;0.06380001;16;16;16;16;1;61925;0.0025;0.0077;61925;61925;0
"Culling";0.0637;0.0307;0.9037;60974;62047;61434;4;4;140.005799597129;0.0700029;0.0591;0.0701;2000;1;1;1;2000;60314;0.0307;0.9037;62047;61434;0.0726
"mscorlib.dll!System::Type.get_IsExplicitLayout()";0.06300005;0.06300005;0.06300005;61925;61925;61925;41;57;0.0630000531673431;0.06300005;0.06300005;0.06300005;200;200;200;200;1;61925;0.0002;0.0018;61925;61925;0
"Newtonsoft.Json.dll!Newtonsoft.Json.Utilities::ConvertUtils.GetTypeCode()";0.0628;0.0628;0.0628;61925;61925;61925;35;39;0.0627999976277351;0.0628;0.0628;0.0628;10;10;10;10;1;61925;0.0021;0.0129;61925;61925;0
"mscorlib.dll!System.Collections.ObjectModel::KeyedCollection`2.AddKey()";0.0626;0.0626;0.0626;61925;61925;61925;38;42;0.0626000016927719;0.0626;0.0626;0.0626;40;40;40;40;1;61925;0.0006;0.0063;61925;61925;0
"Unity.TextMeshPro.dll!TMPro::ShaderUtilities.UpdateShaderRatios()";0.0626;0.0626;0.0626;62046;62046;62046;13;13;0.0626000016927719;0.0626;0.0626;0.0626;5;5;5;5;1;62046;0.0109;0.0175;62046;62046;0
"UnityEngine.CoreModule.dll!UnityEngine.Events::UnityEventBase.UnityEngine.ISerializationCallbackReceiver.OnBeforeSerialize()";0.06259999;0.06259999;0.06259999;62046;62046;62046;8;8;0.0625999867916107;0.06259999;0.06259999;0.06259999;51;51;51;51;1;62046;0.0009;0.0054;62046;62046;0
"UnityEngine.UI.dll!UnityEngine.UI::Selectable.OnEnable()";0.0624;0.0264;0.1294;61433;61925;60429;9;24;1.25969999097288;0.06998333;0.0566;0.073;24;1;1;3;18;60318;0.0178;0.0938;62046;61403;0
"Assembly-CSharp.dll!::BombProjectile.Release()";0.0623;0.038;0.3178;60998;60524;61570;6;6;4.5939999781549;0.07531147;0.053;0.0783;64;1;1;2;61;60340;0.0322;0.3178;60580;61570;0
"Newtonsoft.Json.dll!Newtonsoft.Json.Utilities::CollectionUtils.IsDictionaryType()";0.0623;0.0623;0.0623;61925;61925;61925;34;37;0.0622999966144562;0.0623;0.0623;0.0623;3;3;3;3;1;61925;0.0075;0.0439;61925;61925;0
"Unity.TextMeshPro.dll!TMPro::TextMeshProUGUI.GetModifiedMaterial()";0.0622;0.0579;0.1076;61925;60642;62046;14;14;0.227699998766184;0.0759;0.0579;0.0622;9;3;1;5;3;60642;0.0171;0.0622;60642;61925;0
"UnityEngine.UI.dll!UnityEngine.UI::Graphic.get_materialForRendering()";0.0616;0.0559;0.2163;61493;60876;60429;13;13;1.51129998266697;0.08396111;0.0584;0.0703;50;2;2;7;18;60318;0.0085;0.0752;61925;61925;0
"System.Core.dll!::<CastIterator>d__34`1.System.Collections.Generic.IEnumerable<TResult>.GetEnumerator()";0.06109998;0.06109998;0.06109998;61925;61925;61925;41;52;0.0610999763011932;0.06109998;0.06109998;0.06109998;95;95;95;95;1;61925;0.0004;0.0023;61925;61925;0
"SpriteRenderer.PrepareNode";0.0607;0.0061;0.4177;61891;60800;60681;7;9;105.544399011414;0.06201199;0.0524;0.0697;15936;8;2;44;1702;60314;0.0001;0.1798;60365;61247;0.0667
"Assembly-CSharp.dll!::RotateObject.Update()";0.0605;0.0086;0.4895;60392;62073;60853;4;4;133.736700211652;0.06686835;0.0523;0.0741;24784;14;2;14;2000;60314;0.0029;0.3466;60412;60366;0.0621
"Unity.TextMeshPro.dll!TMPro::TextMeshPro.OnEnable()";0.0601;0.0355;0.2486;60956;61192;61544;16;26;15.044999986887;0.07268116;0.0454;0.0841;279;1;1;5;207;60314;0.0309;0.2163;60934;60909;0
"ExecuteRenderQueueJob";0.0595;0.0382;0.3595;60490;60518;61247;8;8;100.819099672139;0.06475215;0.0549;0.0663;1557;1;1;1;1557;60314;0.0382;0.3595;60518;61247;0.067
"mscorlib.dll!Mono::RuntimeGPtrArrayHandle.get_Item()";0.05939996;0.05939996;0.05939996;61925;61925;61925;40;54;0.0593999624252319;0.05939996;0.05939996;0.05939996;187;187;187;187;1;61925;0.0002;0.0006;61925;61925;0
"UnityEngine.UI.dll!UnityEngine.UI::Image.GenerateSimpleSprite()";0.0592;0.0336;0.1159;60642;61925;62046;14;14;0.208699993789196;0.06956667;0.0336;0.0592;7;2;1;4;3;60642;0.0264;0.0336;62046;61925;0
"Unity.ResourceManager.dll!UnityEngine.ResourceManagement.Util::IdCacheKey.Equals()";0.05890001;0.05890001;0.05890001;62046;62046;62046;27;30;0.0589000135660172;0.05890001;0.05890001;0.05890001;12;12;12;12;1;62046;0;0.0577;62046;62046;0
"UnityEngine.CoreModule.dll!UnityEngine::Transform.SetAsLastSibling()";0.0589;0.0589;0.0589;61925;61925;61925;20;20;0.058899998664856;0.0589;0.0589;0.0589;1;1;1;1;1;61925;0.0589;0.0589;61925;61925;0
"Assembly-CSharp.dll!::EnemyHpViewer.Setup()";0.0582;0.0563;0.1865;61403;61463;60429;8;13;1.13400000333786;0.0756;0.057;0.0614;19;1;1;3;15;60318;0.0503;0.0847;60429;60349;0
"System.dll!System.ComponentModel::TypeDescriptor.CheckDefaultProvider()";0.058;0.058;0.058;61925;61925;61925;40;47;0.0579999983310699;0.058;0.058;0.058;6;6;6;6;1;61925;0.001;0.0306;61925;61925;0
"UnityEngine.UI.dll!UnityEngine.UI::Selectable.DoStateTransition()";0.0577;0.0041;0.1148;60398;62250;60704;10;25;2.60969999385998;0.05436875;0.0462;0.0708;58;1;1;3;48;60318;0.0033;0.1148;62046;60704;0
"UnityEngine.CoreModule.dll!UnityEngine::MonoBehaviour.StartCoroutineManaged2()";0.0576;0.0062;58.5313;60360;60469;61925;6;28;162.123403300531;0.3058932;0.025;0.3079;1109;1;1;12;530;60314;0.0027;58.4861;60541;61925;0
"Assembly-CSharp.dll!::ProjectileLifecycle.ReturnToPool()";0.0573;0.0289;0.3973;60627;60938;61462;6;10;13.0031999535859;0.07028757;0.0421;0.0817;253;1;1;4;185;60328;0.021;0.3973;60717;61462;0
"UnityEngine.CoreModule.dll!UnityEngine.Events::UnityEventBase.DirtyPersistentCalls()";0.05709999;0.05709999;0.05709999;62046;62046;62046;9;9;0.0570999905467033;0.05709999;0.05709999;0.05709999;51;51;51;51;1;62046;0.0008;0.0049;62046;62046;0
"Assembly-CSharp.dll!::PooledObject.ReturnToPool()";0.057;0.0261;0.3892;60441;60938;61689;7;20;17.2079999279231;0.08824615;0.0412;0.096;279;1;1;5;195;60328;0.019;0.3879;60717;61462;0
"mscorlib.dll!System.Collections.Generic::List`1.Remove()";0.0568;0.0026;0.8169;61676;61794;61154;6;28;19.9347997817677;0.06994667;0.0364;0.0856;1340;4;1;32;285;60315;0.0006;0.1534;60319;61154;0.1383
"mscorlib.dll!Mono.Globalization.Unicode::SimpleCollator.IsIgnorable()";0.0564;0.0564;0.0564;61925;61925;61925;33;41;0.056400004774332;0.0564;0.0564;0.0564;72;72;72;72;1;61925;0.0005;0.002;61925;61925;0
"UnityEngine.CoreModule.dll!UnityEngine::MonoBehaviour.StartCoroutineManaged2_Injected()";0.0564;0.0059;58.5298;60360;60469;61925;7;29;161.668496623635;0.3050349;0.0245;0.3072;1109;1;1;12;530;60314;0.0026;58.4855;60541;61925;0
"Unity.TextMeshPro.dll!TMPro::TMP_Text.set_color()";0.0564;0.0043;6.9593;60939;60727;61031;6;25;123.886599828489;0.07757458;0.0341;0.09180001;17858;9;1;37;1597;60314;0.0002;6.869;60356;61031;0.0602
"UnityEngine.Physics2DModule.dll!UnityEngine::RaycastHit2D.get_collider()";0.0563;0.0129;0.8031003;61390;60750;61159;6;19;83.0093026384711;0.06515644;0.032;0.08070001;39122;32;8;66;1274;60314;0.0012;0.3664;60331;61159;0.028
"Assembly-CSharp.dll!::EnemySpawner.StopWaveForGameOver()";0.0553;0.0553;0.0553;61925;61925;61925;18;18;0.0553000010550022;0.0553;0.0553;0.0553;1;1;1;1;1;61925;0.0553;0.0553;61925;61925;0
"Assembly-CSharp.dll!::Pathfinder.RebuildLine()";0.0553;0.0469;0.0631;62031;61509;60730;5;5;0.38230000063777;0.05461429;0.0475;0.0602;7;1;1;1;7;60471;0.0469;0.0631;61509;60730;0
"UnityEngine.UI.dll!UnityEngine.UI::Selectable.OnDeselect()";0.0551;0.0551;0.0604;60750;60750;60398;13;13;0.115500003099442;0.05775;0.0551;0.0551;2;1;1;1;2;60398;0.0551;0.0604;60750;60398;0
"Assembly-CSharp.dll!::TargetProjectile.Setup()";0.055;0.0308;0.2036;60980;60371;60865;6;16;2.32179998233914;0.0611;0.0466;0.067;40;1;1;2;38;60328;0.0308;0.2036;60371;60865;0
"Assembly-CSharp.dll!::TowerWeapon.IsPossibleToAttackTarget()";0.055;0.0032;0.9748;61208;61329;60538;6;16;109.322399481433;0.07693343;0.0319;0.0936;5356;3;1;14;1421;60314;0.0028;0.3382;61249;61155;0.0336
"System.Core.dll!System.Linq::Enumerable.SingleOrDefault()";0.0548;0.0548;0.0548;61925;61925;61925;38;42;0.0548000037670135;0.0548;0.0548;0.0548;9;9;9;9;1;61925;0.0023;0.0132;61925;61925;0
"UnityEngine.AssetBundleModule.dll!::BindingsMarshaller.ConvertToManaged()";0.0547;0.0547;0.0547;62046;62046;62046;27;27;0.0547000020742416;0.0547;0.0547;0.0547;3;3;3;3;1;62046;0.0014;0.0485;62046;62046;0
"Unity.TextMeshPro.dll!TMPro::TextMeshPro.SetVerticesDirty()";0.0546;0.0082;6.9662;61064;60732;61031;7;28;121.244600766338;0.07582527;0.0327;0.0896;18711;9;1;42;1599;60314;0.0027;6.868;60326;61031;0.06950001
"UnityEngine.UI.dll!UnityEngine.UI::MaskableGraphic.Raycast()";0.0533;0.0177;0.3668;62040;62047;60681;12;12;18.1568999383599;0.05727729;0.0289;0.0733;601;1;1;4;317;60341;0.0114;0.1795;60370;62032;0
"Newtonsoft.Json.dll!Newtonsoft.Json.Utilities::LateBoundReflectionDelegateFactory.CreateDefaultConstructor()";0.0532;0.0532;0.0532;61925;61925;61925;37;40;0.0531999990344048;0.0532;0.0532;0.0532;4;4;4;4;1;61925;0.0024;0.0264;61925;61925;0
"mscorlib.dll!System.Collections::Hashtable.InitHash()";0.05310001;0.05310001;0.05310001;61925;61925;61925;41;51;0.0531000085175037;0.05310001;0.05310001;0.05310001;56;56;56;56;1;61925;0.0007;0.0014;61925;61925;0
"mscorlib.dll!System::RuntimeType.GetGenericArgumentsInternal()";0.05309999;0.05309999;0.05309999;61925;61925;61925;38;44;0.0530999861657619;0.05309999;0.05309999;0.05309999;83;83;83;83;1;61925;0.0004;0.0027;61925;61925;0
"Unity.ResourceManager.dll!::MonoBehaviourCallbackHooks.LateUpdate()";0.053;0.019;0.3734;60628;62219;61871;4;4;122.10739945434;0.0610537;0.0499;0.0672;2000;1;1;1;2000;60314;0.019;0.3734;62219;61871;0.0659
"mscorlib.dll!System.Runtime.InteropServices::GCHandle.GetRef()";0.05260004;0.0005;0.7986019;61833;62095;61570;8;36;131.058793480799;0.0655294;0.03499997;0.08450038;613073;271;3;1275;2000;60314;0.0001;0.1097;60314;60420;0.05040002
"UnityEngine.Physics2DModule.dll!UnityEngine::RaycastHit2D.get_rigidbody()";0.0525;0.0108;0.7523;61440;60750;61159;6;18;78.8011995106936;0.06185338;0.0313;0.0751;11127;9;2;19;1274;60314;0.0036;0.3939;61603;61159;0.0293
"Assembly-CSharp.dll!::BuildModeController.CancelMode()";0.0525;0.0525;0.053;60771;60771;60428;5;5;0.105499997735023;0.05275;0.0525;0.0525;2;1;1;1;2;60428;0.0525;0.053;60771;60428;0
"UnityEngine.UI.dll!UnityEngine.UI.Collections::IndexedSet`1.RemoveAt()";0.0521;0.0099;0.5215998;60771;61925;62046;14;27;0.640999834984541;0.16025;0.0099;0.0574;89;6;1;76;4;60428;0.0019;0.0224;62046;62046;0
"mscorlib.dll!System::Action`1.invoke_void_T()";0.0521;0.0185;0.3704;60328;62219;61871;5;5;120.152299582958;0.06007615;0.0491;0.0662;2000;1;1;1;2000;60314;0.0185;0.3704;62219;61871;0.065
"Assembly-CSharp.dll!::<FlyShard>d__26.MoveNext()";0.0521;0.0076;0.4642;61388;61492;60866;5;16;19.9909999147058;0.06003303;0.0328;0.0677;1053;3;1;6;333;60314;0.0072;0.356;60338;60866;0
"UnityEngine.CoreModule.dll!UnityEngine::Object.FindObjectFromInstanceID()";0.0521;0.0122;0.7655;61066;60750;61159;7;20;77.03169927001;0.06046444;0.0298;0.0746;39122;32;8;66;1274;60314;0.0011;0.3655;60331;61159;0.0263
"UnityEngine.CoreModule.dll!UnityEngine::GameObject.Internal_AddComponentWithType()";0.052;0.0133;0.3455;60335;61388;62046;8;17;6.43339995201677;0.06307255;0.0419;0.0766;111;1;1;4;102;60315;0.0055;0.3455;61165;62046;0
"Unity.ResourceManager.dll!UnityEngine.ResourceManagement.Profiling::ProfilerRuntime.InstanceOnOnLateUpdateDelegate()";0.0518;0.0183;0.3694;60719;62219;61871;6;6;119.557699507102;0.05977885;0.0489;0.0658;2000;1;1;1;2000;60314;0.0183;0.3694;62219;61871;0.0649
"UnityEngine.UI.dll!UnityEngine.UI::Graphic.Raycast()";0.0518;0.0173;0.3618;62040;62047;60681;13;13;17.7822998780757;0.05609558;0.0282;0.072;601;1;1;4;317;60341;0.0112;0.1768;60676;62032;0
"UnityEngine.UI.dll!UnityEngine.UI::Graphic.SetAllDirty()";0.0517;0.0471;0.181;61493;60907;60429;12;27;1.37689998373389;0.07649444;0.0484;0.0786;50;2;2;7;18;60318;0.0205;0.0786;61925;61403;0
"Unity.ResourceManager.dll!UnityEngine.ResourceManagement.Profiling::ProfilerRuntime.PushToProfilerStream()";0.0515;0.0181;0.3684;62036;62219;61871;7;7;118.990699552;0.05949535;0.0487;0.0656;2000;1;1;1;2000;60314;0.0181;0.3684;62219;61871;0.0646
"mscorlib.dll!System.IO::Directory.InsecureGetCurrentDirectory()";0.05130001;0.05130001;0.05130001;61925;61925;61925;24;32;0.0513000078499317;0.05130001;0.05130001;0.05130001;30;30;30;30;1;61925;0.0006;0.0043;61925;61925;0
"mscorlib.dll!System.Collections.Generic::EqualityComparer`1.CreateComparer()";0.0513;0.0513;0.0513;62046;62046;62046;20;20;0.0513000003993511;0.0513;0.0513;0.0513;2;2;2;2;1;62046;0.0169;0.0344;62046;62046;0
"Newtonsoft.Json.dll!Newtonsoft.Json.Utilities::TypeExtensions.IsValueType()";0.05080001;0.05080001;0.05080001;61925;61925;61925;35;44;0.0508000105619431;0.05080001;0.05080001;0.05080001;42;42;42;42;1;61925;0.0009;0.002;61925;61925;0
"Assembly-CSharp.dll!::GamePauseView.ShowIdleStart()";0.0507;0.0507;0.0507;61925;61925;61925;17;17;0.0507000014185905;0.0507;0.0507;0.0507;1;1;1;1;1;61925;0.0507;0.0507;61925;61925;0
"Assembly-CSharp.dll!::<AttackLoop>d__3.MoveNext()";0.0506;0.0174;1.4626;60620;61173;60538;5;15;107.711999360472;0.1137402;0.0364;0.1912;2580;1;1;9;947;60314;0.0035;0.4058;60434;61686;0.0381
"mscorlib.dll!System.Runtime.InteropServices::GCHandle.get_IsAllocated()";0.0502;0.0003;0.9204004;61514;62102;60865;8;36;125.776172290323;0.06288809;0.03279996;0.08010036;613073;271;3;1275;2000;60314;0.0001;0.6239;60314;60865;0.0415
"UnityEngine.CoreModule.dll!UnityEngine::GameObject.Internal_AddComponentWithType_Injected()";0.0501;0.0114;0.3412;60335;60844;62046;9;18;6.13299996778369;0.06012745;0.0374;0.0733;111;1;1;4;102;60315;0.0041;0.3412;61165;62046;0
"Assembly-CSharp.dll!::BuildModeController.RefreshAllButtonVisuals()";0.0501;0.0501;0.0506;60428;60428;60771;6;6;0.100699998438358;0.05035;0.0501;0.0501;2;1;1;1;2;60428;0.0501;0.0506;60428;60771;0
"UnityEngine.CoreModule.dll!UnityEngine.Bindings::Unmarshal.FromIntPtrUnsafe()";0.04950004;0.0004;0.7957036;61790;62107;61570;7;35;124.548467246786;0.06227423;0.03239998;0.0798002;613073;271;3;1275;2000;60314;0.0001;0.3243;60314;61529;0.04590001
"mscorlib.dll!System::Array.GetEnumerator()";0.0492;0.0492;0.0492;61925;61925;61925;46;53;0.0491999983787537;0.0492;0.0492;0.0492;91;91;91;91;1;61925;0.0002;0.0046;61925;61925;0
"Newtonsoft.Json.dll!Newtonsoft.Json::JsonTextWriter.SetIndentChars()";0.04900001;0.04900001;0.04900001;61925;61925;61925;33;39;0.0490000061690807;0.04900001;0.04900001;0.04900001;99;99;99;99;1;61925;0.0001;0.0063;61925;61925;0
"Assembly-CSharp.dll!::Pathfinder.SetPath()";0.049;0.0469;0.0772;62031;60471;61770;5;5;0.398800004273653;0.05697143;0.0471;0.0635;7;1;1;1;7;60471;0.0469;0.0772;60471;61770;0
"mscorlib.dll!::ListBuilder`1.Add()";0.04870001;0.04870001;0.04870001;61925;61925;61925;38;52;0.0487000085413456;0.04870001;0.04870001;0.04870001;183;183;183;183;1;61925;0;0.0028;61925;61925;0
"mscorlib.dll!System.Collections.Generic::Dictionary`2.TryGetValue()";0.0486;0.0047;0.7135996;61478;62047;62046;7;53;116.888009053655;0.05847324;0.0283;0.07340001;124294;51;4;773;1999;60314;0.0001;0.09;60360;61041;0.083
"mscorlib.dll!System::RuntimeType.GetProperties()";0.0486;0.0486;0.0486;61925;61925;61925;39;43;0.0485999993979931;0.0486;0.0486;0.0486;10;10;10;10;1;61925;0.003;0.0075;61925;61925;0
"Unity.TextMeshPro.dll!TMPro::TMP_UpdateManager.InternalUnRegisterTextObjectForUpdate()";0.0484;0.0203;0.7371;61676;61925;61154;13;27;15.5589998848736;0.06620851;0.0385;0.0715;651;2;1;30;235;60315;0.0015;0.1609;62046;61154;0.1122
"UnityEngine.UI.dll!UnityEngine.UI::LayoutRebuilder.MarkLayoutForRebuild()";0.0482;0.0164;1.1994;61627;60955;62046;8;29;89.023499680683;0.06678432;0.0269;0.0759;4598;2;1;79;1333;60314;0.0079;0.462;61834;60976;0.0877
"mscorlib.dll!System::Number.Mul64Lossy()";0.0481;0.0481;0.0481;61925;61925;61925;39;39;0.0480999983847141;0.0481;0.0481;0.0481;1;1;1;1;1;61925;0.0481;0.0481;61925;61925;0
"UnityEngine.UI.dll!UnityEngine.EventSystems::EventSystem.OnDisable()";0.0476;0.0476;0.0476;62046;62046;62046;12;12;0.0476000010967255;0.0476;0.0476;0.0476;1;1;1;1;1;62046;0.0476;0.0476;62046;62046;0
"mscorlib.dll!System.IO::StreamWriter.Init()";0.0475;0.0475;0.0475;61925;61925;61925;24;25;0.0474999994039536;0.0475;0.0475;0.0475;6;6;6;6;1;61925;0.0056;0.0095;61925;61925;0
"Unity.TextMeshPro.dll!TMPro::TMP_Settings.get_defaultStyleSheet()";0.0475;0.0046;0.6608995;60643;61950;60538;15;28;99.2828635415062;0.06212945;0.024;0.07829997;105924;54;6;210;1598;60314;0.0006;0.1575;60316;61074;0.05689999
"Newtonsoft.Json.dll!Newtonsoft.Json::JsonTextWriter.WriteStartArray()";0.0474;0.0474;0.0474;61925;61925;61925;28;32;0.0473999977111816;0.0474;0.0474;0.0474;15;15;15;15;1;61925;0.0013;0.0067;61925;61925;0
"Newtonsoft.Json.dll!Newtonsoft.Json::JsonWriter.WriteEndArray()";0.0471;0.0471;0.0471;61925;61925;61925;28;32;0.0471000000834465;0.0471;0.0471;0.0471;15;15;15;15;1;61925;0.0016;0.0051;61925;61925;0
"mscorlib.dll!Mono.Globalization.Unicode::MSCompatUnicodeTable.IsIgnorable()";0.04699999;0.04699999;0.04699999;61925;61925;61925;34;42;0.046999990940094;0.04699999;0.04699999;0.04699999;72;72;72;72;1;61925;0.0004;0.0017;61925;61925;0
"UnityEngine.UI.dll!UnityEngine.UI::Selectable.StartColorTween()";0.0467;0.004;0.1166;61403;60642;60429;12;29;3.37909999350086;0.05043433;0.0368;0.0612;79;1;1;4;67;60318;0.004;0.1096;60642;60704;0
"mscorlib.dll!Mono.Globalization.Unicode::SimpleCollator.Category()";0.04669999;0.04669999;0.04669999;61925;61925;61925;33;41;0.0466999933123589;0.04669999;0.04669999;0.04669999;144;144;144;144;1;61925;0.0002;0.0009;61925;61925;0
"mscorlib.dll!System.Reflection::FieldInfo.Equals()";0.04660001;0.04660001;0.04660001;61925;61925;61925;42;45;0.0466000139713287;0.04660001;0.04660001;0.04660001;174;174;174;174;1;61925;0.0002;0.0005;61925;61925;0
"SceneCulling";0.0464;0.0195;0.8289;61202;62295;61434;5;5;100.571499507874;0.05028575;0.0426;0.0507;2000;1;1;1;2000;60314;0.0195;0.8289;62295;61434;0.0532
"CollectGameObjects";0.0464;0.0464;0.0464;62046;62046;62046;9;9;0.046399999409914;0.0464;0.0464;0.0464;1;1;1;1;1;62046;0.0464;0.0464;62046;62046;0
"mscorlib.dll!System::Buffer.Memcpy()";0.04629998;0.0019;0.8138012;61686;62310;60538;10;46;125.088409008691;0.06257549;0.01599999;0.08120029;576612;210;8;1585;1999;60314;0.0001;0.2676;60314;61434;0.07290017
"mscorlib.dll!System.IO::MonoIO.GetCurrentDirectory()";0.0461;0.0461;0.0461;61925;61925;61925;25;33;0.0461000017821789;0.0461;0.0461;0.0461;30;30;30;30;1;61925;0.0005;0.004;61925;61925;0
"mscorlib.dll!Mono::SafeStringMarshal.get_Value()";0.046;0.046;0.046;61925;61925;61925;40;49;0.0460000038146973;0.046;0.046;0.046;83;83;83;83;1;61925;0.0001;0.0017;61925;61925;0
"mscorlib.dll!System.Runtime.CompilerServices::RuntimeFeature.get_IsDynamicCodeSupported()";0.0459002;0.0459002;0.0459002;61925;61925;61925;40;56;0.0459002032876015;0.0459002;0.0459002;0.0459002;692;692;692;692;1;61925;0;0.0015;61925;61925;0
"mscorlib.dll!System.Reflection::RuntimeParameterInfo..ctor()";0.04579996;0.04579996;0.04579996;61925;61925;61925;42;42;0.0457999631762505;0.04579996;0.04579996;0.04579996;113;113;113;113;1;61925;0.0002;0.0022;61925;61925;0
"UnityEngine.UI.dll!UnityEngine.UI::MaskableGraphic.GetModifiedMaterial()";0.0457;0.0421;0.1634;60380;60876;60429;14;14;1.1254000030458;0.06252223;0.0437;0.0523;50;2;2;7;18;60318;0;0.0523;61925;61925;0
"Unity.TextMeshPro.dll!TMPro::TMP_Text.GetTextElement()";0.0456;0.0049;1.1538;61153;61929;61925;14;27;99.6574988388456;0.06236389;0.0259;0.08180001;28884;13;1;103;1598;60314;0.0022;0.5552;60316;61925;0.0689
"mscorlib.dll!System.Collections::Hashtable.GetHash()";0.04559999;0.04559999;0.04559999;61925;61925;61925;42;52;0.045599989593029;0.04559999;0.04559999;0.04559999;56;56;56;56;1;61925;0.0006;0.0012;61925;61925;0
"UnityEngine.CoreModule.dll!UnityEngine.Events::InvokableCallList.ClearPersistent()";0.0455;0.0455;0.0455;62046;62046;62046;10;10;0.0455000028014183;0.0455;0.0455;0.0455;51;51;51;51;1;62046;0.0007;0.0046;62046;62046;0
"mscorlib.dll!System.Text::EncoderNLS.GetBytes()";0.0454;0.0454;0.0454;61925;61925;61925;24;26;0.0454000011086464;0.0454;0.0454;0.0454;12;12;12;12;1;61925;0.0022;0.0085;61925;61925;0
"UnityEngine.CoreModule.dll!UnityEngine::Transform.get_localRotation()";0.0452;0.0008;0.3102;60377;62065;61074;7;19;93.4744949926389;0.04673725;0.03769999;0.05349999;183148;103;2;121;2000;60314;0.0002;0.2024;60314;61065;0.04020001
"mscorlib.dll!System.Reflection::Assembly.op_Inequality()";0.04510016;0.04510016;0.04510016;61925;61925;61925;40;56;0.0451001562178135;0.04510016;0.04510016;0.04510016;690;690;690;690;1;61925;0;0.002;61925;61925;0
"mscorlib.dll!System.Reflection::Assembly.op_Equality()";0.04490016;0.04490016;0.04490016;61925;61925;61925;40;56;0.04490015655756;0.04490016;0.04490016;0.04490016;690;690;690;690;1;61925;0;0.0018;61925;61925;0
"Assembly-CSharp.dll!::ProjectileVfx.BeginFlight()";0.0445;0.0066;0.4568;61284;60548;61858;7;19;4.64569996669888;0.05339885;0.03;0.0636;167;1;1;4;87;60328;0.0066;0.1705;60548;61858;0
"Assembly-CSharp.dll!::PanelTowerDataViewer.BuildStatsText()";0.0442;0.0345;0.0822;60707;60370;60379;7;18;0.452099997550249;0.05023333;0.0427;0.0552;9;1;1;1;9;60360;0.0345;0.0822;60370;60379;0
"Newtonsoft.Json.dll!Newtonsoft.Json::JsonWriter.InternalWriteValue()";0.04409999;0.04409999;0.04409999;61925;61925;61925;32;38;0.0440999902784824;0.04409999;0.04409999;0.04409999;53;53;53;53;1;61925;0.0004;0.003;61925;61925;0
"TMP Handle Visible Character";0.0433;0.0045;0.7274001;61741;60815;60538;13;15;94.7896037735045;0.05931765;0.0244;0.08000001;28835;13;1;98;1598;60314;0.0021;0.2041;60316;61159;0.0557
"Newtonsoft.Json.dll!Newtonsoft.Json.Serialization::JsonContainerContract..ctor()";0.0433;0.0433;0.0433;61925;61925;61925;36;39;0.0432999990880489;0.0433;0.0433;0.0433;3;3;3;3;1;61925;0.0127;0.0169;61925;61925;0
"Newtonsoft.Json.dll!Newtonsoft.Json.Serialization::JsonContract..ctor()";0.0433;0.0433;0.0433;61925;61925;61925;37;40;0.0432999990880489;0.0433;0.0433;0.0433;4;4;4;4;1;61925;0.0097;0.0124;61925;61925;0
"mscorlib.dll!System::RuntimeType.GetConstructorImpl()";0.0432;0.0432;0.0432;61925;61925;61925;44;49;0.0432000011205673;0.0432;0.0432;0.0432;4;4;4;4;1;61925;0.0049;0.0187;61925;61925;0
"UnityEngine.CoreModule.dll!UnityEngine::Sprite.Create()";0.043;0.043;0.0572;61165;61165;61686;16;18;0.10020000115037;0.0501;0.043;0.043;6;3;3;3;2;61165;0.0141;0.0194;61165;61686;0
"mscorlib.dll!System.Globalization::CharUnicodeInfo.GetUnicodeCategory()";0.04299999;0.0192;0.09360005;60642;61925;62046;16;36;0.155800038948655;0.05193335;0.0192;0.04299999;138;40;10;88;3;60642;0.0009;0.0025;60642;61925;0
"Assembly-CSharp.dll!::MapDirector.SetPathFromPosition()";0.0429;0.0387;0.1313;60318;61463;60429;6;15;1.3251999989152;0.053008;0.04;0.0556;29;1;1;3;25;60318;0.0372;0.0736;60429;61770;0
"UnityEngine.CoreModule.dll!UnityEngine::Mesh.SetArrayForChannel()";0.0428;0.0044;0.5982;60962;61842;60538;14;18;92.1754009271972;0.05768173;0.0245;0.07389999;52986;27;3;105;1598;60314;0.001;0.0857;60316;60847;0.0516
"Newtonsoft.Json.dll!Newtonsoft.Json::JsonSerializer.CreateDefault()";0.0427;0.0427;0.0427;61925;61925;61925;22;25;0.0427000001072884;0.0427;0.0427;0.0427;12;12;12;12;1;61925;0.0024;0.0049;61925;61925;0
"Assembly-CSharp.dll!::<ReleaseAfterVfx>d__24.MoveNext()";0.0424;0.0011;0.3198;61223;60548;61570;5;13;4.73849997576326;0.04015678;0.0015;0.0629;127;1;1;2;118;60323;0.0007;0.3198;60552;61570;0
"Assembly-CSharp.dll!::MapDirector.BuildAgentPath()";0.0422;0.0379;0.1289;60318;61463;60429;7;16;1.30239998921752;0.052096;0.0394;0.0531;29;1;1;3;25;60318;0.0366;0.0727;60429;61770;0
"Assembly-CSharp.dll!::TowerChargeGaugeView.SetFill()";0.0421;0.0114;0.7551;61862;60956;60538;6;16;79.8307995516807;0.05747358;0.0283;0.0704;3774;2;1;9;1389;60314;0.0107;0.1987;60357;61216;0.0445
"Newtonsoft.Json.dll!Newtonsoft.Json.Utilities::ReflectionUtils.GetChildPrivateFields()";0.0421;0.0421;0.0421;61925;61925;61925;39;42;0.0420999974012375;0.0421;0.0421;0.0421;4;4;4;4;1;61925;0;0.0224;61925;61925;0
"Unity.TextMeshPro.dll!TMPro::TMP_UpdateManager.UnRegisterTextElementForRebuild()";0.0419;0.0201;0.4955;60374;61982;61154;13;13;12.6434998679906;0.05473376;0.0333;0.0598;307;1;1;6;231;60315;0.0172;0.1885;61834;61252;0.0888
"Assembly-CSharp.dll!::TowerWeapon.IsValidAttackTarget()";0.0419;0.0026;0.7878;60558;61329;60538;7;17;84.1330997389741;0.05920697;0.0241;0.0722;5356;3;1;14;1421;60314;0.0025;0.3201;60429;61155;0.0252
"Unity.TextMeshPro.dll!TMPro::TextMeshProUGUI.SetLayoutDirty()";0.0417;0.0171;0.1813;61173;60675;62046;7;26;1.90059997886419;0.047515;0.0351;0.0536;93;2;1;9;40;60347;0.0144;0.037;60370;61926;0
"Assembly-CSharp.dll!::SceneDirector.TitleScene()";0.0417;0.0417;0.0417;62045;62045;62045;17;17;0.0416999980807304;0.0417;0.0417;0.0417;1;1;1;1;1;62045;0.0417;0.0417;62045;62045;0
"UnityEngine.UI.dll!UnityEngine.UI::Slider.OnDisable()";0.0415;0.0343;0.0688;60429;60638;61689;18;26;1.06839999184012;0.042736;0.0366;0.0462;26;1;1;2;25;60347;0.0259;0.0581;61689;61173;0
"mscorlib.dll!::Enumerator.System.Collections.IEnumerator.get_Current()";0.04140003;0.04140003;0.04140003;61925;61925;61925;28;45;0.0414000265300274;0.04140003;0.04140003;0.04140003;54;54;54;54;1;61925;0.0001;0.0279;61925;61925;0
"mscorlib.dll!Mono.Globalization.Unicode::SimpleCollator.GetContraction()";0.04140001;0.04140001;0.04140001;61925;61925;61925;33;42;0.0414000116288662;0.04140001;0.04140001;0.04140001;180;180;180;180;1;61925;0;0.0013;61925;61925;0
"mscorlib.dll!System.Collections.Generic::Dictionary`2.FindEntry()";0.04119999;0.0039;0.8151024;61479;62047;62046;8;54;97.7934177448042;0.04892117;0.0233;0.06290002;127404;54;4;859;1999;60314;0;0.1102;60347;62046;0.06830002
"mscorlib.dll!Mono::SafeGPtrArrayHandle.Dispose()";0.0409;0.0409;0.0409;61925;61925;61925;39;53;0.0409000031650066;0.0409;0.0409;0.0409;102;102;102;102;1;61925;0.0003;0.0008;61925;61925;0
"mscorlib.dll!System.Reflection::RuntimeFieldInfo.GetValueInternal()";0.0409;0.0409;0.0409;61925;61925;61925;33;38;0.040899995714426;0.0409;0.0409;0.0409;64;64;64;64;1;61925;0.0001;0.003;61925;61925;0
"UnityEngine.UI.dll!UnityEngine.UI::Selectable.OnDisable()";0.0407;0.0124;0.06829999;60608;60771;61689;11;27;1.14449999853969;0.040875;0.0352;0.0456;37;1;1;9;28;60347;0.0009;0.0572;62046;61173;0
"Newtonsoft.Json.dll!Newtonsoft.Json::JsonWriter.get_Top()";0.04059997;0.04059997;0.04059997;61925;61925;61925;28;39;0.0405999720096588;0.04059997;0.04059997;0.04059997;136;136;136;136;1;61925;0.0001;0.0006;61925;61925;0
"Unity.TextMeshPro.dll!TMPro::TMP_Settings.get_instance()";0.04050002;0.0038;0.568;61068;60734;60538;16;29;85.1698008205276;0.05329775;0.0203;0.06709998;106004;54;6;210;1598;60314;0.0005;0.1547;60316;61074;0.04850002
"UnityEngine.IMGUIModule.dll!UnityEngine::GUIUtility.BeginGUI()";0.0404;0.0311;0.2919;61134;60824;61088;4;5;79.2736997622997;0.04577003;0.0363;0.0479;3538;2;2;6;1732;60314;0.0042;0.2408;60459;61088;0.0609
"mscorlib.dll!System::IntPtr.op_Inequality()";0.0400001;0.0012;0.8429925;61144;62096;60865;8;50;103.551629251102;0.05177581;0.02129997;0.06880052;1581348;668;14;3583;2000;60314;0;0.6221;60314;60865;0.04730023
"UnityEngine.UI.dll!UnityEngine.UI::Graphic.SetLayoutDirty()";0.04;0.0146;0.4707;60413;60557;61570;10;28;64.716899623163;0.04970576;0.0263;0.0603;2726;2;1;12;1302;60314;0.0005;0.3839;62046;61613;0.0181
"Graphics.Blit";0.04;0.013;0.237;62150;61946;62052;5;7;18.709199895151;0.04884909;0.0221;0.0695;802;2;2;4;383;60326;0.0046;0.1185;62051;62052;0
"UnityEngine.UI.dll!UnityEngine.UI::GraphicRegistry.UnregisterRaycastGraphicForCanvas()";0.0396;0.0075;0.3009002;60771;61925;62046;13;26;0.388100161682814;0.09702504;0.0075;0.0401;97;3;1;90;4;60428;0.0017;0.0256;62046;62046;0
"Assembly-CSharp.dll!::Slow.OnTriggerStay2D()";0.0395;0.013;0.7707;61573;62002;60538;7;7;80.8923994805664;0.05586492;0.0285;0.0628;11691;5;2;64;1448;60314;0.0025;0.1029;60415;61493;0.0566
"mscorlib.dll!System.Reflection::RuntimeConstructorInfo.GetParameters()";0.0395;0.0395;0.0395;61925;61925;61925;39;54;0.0395000018179417;0.0395;0.0395;0.0395;32;32;32;32;1;61925;0.0004;0.0084;61925;61925;0
"UnityEngine.CoreModule.dll!UnityEngine::Transform.set_localRotation()";0.0395;0.0009;0.3326;61275;62073;61434;7;19;86.0196899467846;0.04300984;0.03499999;0.04889998;183148;103;2;121;2000;60314;0.0002;0.1539;60314;60926;0.03509999
"mscorlib.dll!System.IO::Path.Combine()";0.0395;0.0395;0.0395;61925;61925;61925;21;21;0.0394999980926514;0.0395;0.0395;0.0395;1;1;1;1;1;61925;0.0395;0.0395;61925;61925;0
"mscorlib.dll!System::String.LastIndexOfCharArray()";0.0394;0.0394;0.0394;61925;61925;61925;23;31;0.0394000001251698;0.0394;0.0394;0.0394;11;11;11;11;1;61925;0.0021;0.008;61925;61925;0
"UnityEngine.UI.dll!UnityEngine.UI::Selectable.InstantClearState()";0.0393;0.0112;0.0659;60608;60771;61689;12;28;1.10069999005646;0.03931071;0.0341;0.0439;37;1;1;9;28;60347;0.0005;0.055;62046;61173;0
"Assembly-CSharp.dll!::TitleFlow.RefreshCrystalHud()";0.0391;0.0391;0.0391;62046;62046;62046;10;11;0.0390999987721443;0.0391;0.0391;0.0391;2;2;2;2;1;62046;0.0076;0.0315;62046;62046;0
"Physics2D.SyncRigidbodyTransformChanges";0.039;0.0009;0.331;61158;62098;60560;5;5;79.5362997873453;0.04756956;0.0297;0.0604;1696;1;1;16;1672;60314;0.0002;0.331;60605;60560;0.0387
"UnityEngine.CoreModule.dll!UnityEngine::Mesh.SetArrayForChannelImpl()";0.039;0.0052;0.6130999;61518;61931;61266;16;20;77.1166048273444;0.04716612;0.0205;0.06210002;90751;48;4;180;1635;60314;0.0004;0.378;60316;61266;0.0391
"mscorlib.dll!System.Collections.Generic::List`1.System.Collections.IEnumerable.GetEnumerator()";0.0389;0.0389;0.0389;61925;61925;61925;28;45;0.0388999991118908;0.0389;0.0389;0.0389;19;19;19;19;1;61925;0.0004;0.0244;61925;61925;0
"UnityEngine.CoreModule.dll!UnityEngine::Quaternion.Euler()";0.0388;0.0013;0.4474999;61909;62251;61707;6;20;86.6361971838633;0.0433181;0.03409998;0.0489;184429;104;2;126;2000;60314;0.0002;0.3254;60314;61707;0.03509998
"mscorlib.dll!System.Threading::Thread.get_ManagedThreadId()";0.03869995;0.03869995;0.03869995;61925;61925;61925;38;54;0.0386999547481537;0.03869995;0.03869995;0.03869995;206;206;206;206;1;61925;0.0001;0.0017;61925;61925;0
"Newtonsoft.Json.dll!Newtonsoft.Json.Serialization::JsonSerializerInternalWriter.ShouldWriteProperty()";0.03829999;0.03829999;0.03829999;61925;61925;61925;30;35;0.0382999926805496;0.03829999;0.03829999;0.03829999;64;64;64;64;1;61925;0.0003;0.0017;61925;61925;0
"Material.SetPassFast";0.0382;0.015;0.3494;60669;62047;61069;4;6;86.3547989316285;0.0431774;0.0327;0.0478;19729;11;6;11;2000;60314;0.0006;0.0754;60360;61902;0.0507
"UnityEngine.Physics2DModule.dll!UnityEngine::Physics2D.RaycastAll()";0.0381;0.0131;0.247;61135;60934;61570;7;17;54.9367998531088;0.04318931;0.0269;0.0525;2418;2;1;4;1272;60314;0.0068;0.1606;61628;60538;0.0251
"Assembly-CSharp.dll!::EnemyDeathHandler.ApplyOutcome()";0.0375;0.0326;0.0831;60560;61794;60581;10;18;1.09029999747872;0.043612;0.0354;0.0489;26;1;1;2;25;60347;0.032;0.0831;61689;60581;0
"Unity.TextMeshPro.dll!TMPro::TMP_Text.CalculatePreferredValues()";0.0375;0.0375;0.0375;62046;62046;62046;23;23;0.0375000014901161;0.0375;0.0375;0.0375;1;1;1;1;1;62046;0.0375;0.0375;62046;62046;0
"Newtonsoft.Json.dll!Newtonsoft.Json::JsonTextWriter.WriteEscapedString()";0.0374;0.0374;0.0374;61925;61925;61925;33;34;0.0373999997973442;0.0374;0.0374;0.0374;11;11;11;11;1;61925;0.0018;0.0056;61925;61925;0
"mscorlib.dll!System.Collections::Hashtable.get_Item()";0.0373;0.0373;0.0373;61925;61925;61925;40;48;0.0372999981045723;0.0373;0.0373;0.0373;32;32;32;32;1;61925;0.0008;0.0016;61925;61925;0
"mscorlib.dll!System.Reflection::FieldInfo.get_IsNotSerialized()";0.03719996;0.03719996;0.03719996;61925;61925;61925;41;57;0.0371999591588974;0.03719996;0.03719996;0.03719996;200;200;200;200;1;61925;0.0001;0.0022;61925;61925;0
"UnityEngine.CoreModule.dll!UnityEngine::Color32.op_Implicit()";0.03710001;0.0026;0.4070999;61741;61927;60538;12;15;74.4427020815201;0.0455307;0.0184;0.06039999;68226;36;3;134;1635;60314;0.0007;0.1429;60324;60681;0.042
"Newtonsoft.Json.dll!Newtonsoft.Json.Serialization::DefaultContractResolver.GetClassHierarchyForType()";0.0371;0.0371;0.0371;61925;61925;61925;36;41;0.0370999984443188;0.0371;0.0371;0.0371;6;6;6;6;1;61925;0.0044;0.0086;61925;61925;0
"LowLevelPhysics2D.PhysicsWorld.Create";0.0371;0.0371;0.0371;62046;62046;62046;10;10;0.0370999984443188;0.0371;0.0371;0.0371;1;1;1;1;1;62046;0.0371;0.0371;62046;62046;0
"mscorlib.dll!System::Delegate.get_Method()";0.0369;0.0369;0.0369;62046;62046;62046;12;22;0.0368999987840652;0.0369;0.0369;0.0369;18;18;18;18;1;62046;0.0007;0.0054;62046;62046;0
"Assembly-CSharp.dll!::ChainLightning.ApplyFlicker()";0.0366;0.026;0.1936;61422;61616;61154;6;22;17.9901998694986;0.0449755;0.0335;0.0467;400;1;1;1;400;60363;0.026;0.1936;61616;61154;0
"UnityEngine.CoreModule.dll!UnityEngine.SceneManagement::SceneManager.LoadSceneAsyncNameIndexInternal()";0.0365;0.0365;0.0365;62045;62045;62045;20;20;0.0364999994635582;0.0365;0.0365;0.0365;1;1;1;1;1;62045;0.0365;0.0365;62045;62045;0
"Assembly-CSharp.dll!::EnemyDeathHandler.ApplyKill()";0.0364;0.0312;0.0805;60560;61794;60581;11;19;1.05509998649359;0.042204;0.0343;0.0475;26;1;1;2;25;60347;0.0311;0.0805;61689;60581;0
"mscorlib.dll!System::Number.FormatSingle()";0.0364;0.0217;1.3311;61462;60996;61925;9;37;10.3357999809086;0.04852488;0.0269;0.0555;609;2;2;10;213;60314;0.0021;0.6521;60360;61925;0
"mscorlib.dll!System::MulticastDelegate.Equals()";0.0363;0.0363;0.0363;62046;62046;62046;14;20;0.036300003528595;0.0363;0.0363;0.0363;9;9;9;9;1;62046;0.0002;0.008;62046;62046;0
"mscorlib.dll!Mono::RuntimeGPtrArrayHandle.Lookup()";0.03619996;0.03619996;0.03619996;61925;61925;61925;41;55;0.0361999608576298;0.03619996;0.03619996;0.03619996;187;187;187;187;1;61925;0.0001;0.0003;61925;61925;0
"Assembly-CSharp.dll!::TitleFlow.ShowTitle()";0.0361;0.0361;0.0361;62046;62046;62046;10;10;0.0361000001430511;0.0361;0.0361;0.0361;1;1;1;1;1;62046;0.0361;0.0361;62046;62046;0
"Newtonsoft.Json.dll!Newtonsoft.Json::JsonWriter.Push()";0.0356;0.0356;0.0356;61925;61925;61925;30;37;0.0355999991297722;0.0356;0.0356;0.0356;31;31;31;31;1;61925;0.0004;0.0051;61925;61925;0
"mscorlib.dll!System::RuntimeType.FilterApplyMethodInfo()";0.03539998;0.03539998;0.03539998;61925;61925;61925;41;41;0.0353999808430672;0.03539998;0.03539998;0.03539998;98;98;98;98;1;61925;0.0002;0.002;61925;61925;0
"Unity.ResourceManager.dll!UnityEngine.ResourceManagement.Profiling::ProfilerRuntime.RefreshChangedReferenceCounts()";0.0353;0.0054;0.2819;61908;62241;61871;8;8;78.8623994914815;0.0394312;0.0334;0.0448;2000;1;1;1;2000;60314;0.0054;0.2819;62241;61871;0.0448
"UnityEngine.CoreModule.dll!UnityEngine.SceneManagement::SceneManagerAPI.LoadSceneAsyncByNameOrIndex()";0.0352;0.0352;0.0352;62045;62045;62045;21;21;0.0351999998092651;0.0352;0.0352;0.0352;1;1;1;1;1;62045;0.0352;0.0352;62045;62045;0
"UnityEngine.UI.dll!UnityEngine.EventSystems::EventSystem.OnApplicationFocus()";0.0352;0.0002;0.1381;62095;62096;62313;3;3;0.173499998039915;0.05783333;0.0002;0.0352;3;1;1;1;3;62095;0.0002;0.1381;62096;62313;0
"UnityEngine.CoreModule.dll!UnityEngine::Mesh.SetTriangles()";0.0351;0.0188;0.3981;61489;61811;61570;14;17;54.1625997126102;0.04172774;0.0248;0.048;10056;8;4;32;1298;60314;0.0023;0.0419;60341;61088;0.0208
"UnityEngine.CoreModule.dll!UnityEngine.SceneManagement::SceneManagerAPIInternal.LoadSceneAsyncNameIndexInternal()";0.035;0.035;0.035;62045;62045;62045;22;22;0.0350000001490116;0.035;0.035;0.035;1;1;1;1;1;62045;0.035;0.035;62045;62045;0
"Newtonsoft.Json.dll!Newtonsoft.Json.Serialization::JsonObjectContract..ctor()";0.0348;0.0348;0.0348;61925;61925;61925;35;38;0.0348000004887581;0.0348;0.0348;0.0348;2;2;2;2;1;61925;0.0171;0.0177;61925;61925;0
"mscorlib.dll!System::Delegate.Equals()";0.0347;0.0347;0.0347;62046;62046;62046;15;21;0.0347000025212765;0.0347;0.0347;0.0347;9;9;9;9;1;62046;0.0001;0.0075;62046;62046;0
"System.Core.dll!System.Collections.Generic::LargeArrayBuilder`1.ToArray()";0.03469998;0.03469998;0.03469998;61925;61925;61925;44;51;0.0346999764442444;0.03469998;0.03469998;0.03469998;91;91;91;91;1;61925;0.0001;0.0024;61925;61925;0
"Unity.TextMeshPro.dll!TMPro::TMP_UpdateManager.RegisterTextElementForGraphicRebuild()";0.0346;0.0063;6.9215;61659;60732;61031;8;29;75.8703989190981;0.04744865;0.0214;0.0545;18711;9;1;42;1599;60314;0.0014;6.8635;60326;61031;0.0418
"Unity.ResourceManager.dll!::DelegateList`1.Clear()";0.0344;0.0344;0.0344;62046;62046;62046;15;18;0.034400001168251;0.0344;0.0344;0.0344;6;6;6;6;1;62046;0.0015;0.0229;62046;62046;0
"mscorlib.dll!System.Reflection::FieldInfo.internal_from_handle_type()";0.03439999;0.03439999;0.03439999;61925;61925;61925;43;47;0.0343999899923801;0.03439999;0.03439999;0.03439999;60;60;60;60;1;61925;0.0001;0.0024;61925;61925;0
"mscorlib.dll!System.IO::Path.SameRoot()";0.03429999;0.03429999;0.03429999;61925;61925;61925;24;32;0.0342999882996082;0.03429999;0.03429999;0.03429999;60;60;60;60;1;61925;0.0004;0.001;61925;61925;0
"Unity.TextMeshPro.dll!TMPro::TMP_Settings.get_isTMPSettingsNull()";0.03420001;0.0031;0.4807;61510;61950;60538;17;30;71.4181136656553;0.04469218;0.017;0.05600001;106004;54;6;210;1598;60314;0.0004;0.1527;60317;61074;0.0411
"mscorlib.dll!System::String.MakeSeparatorList()";0.0342;0.0342;0.0342;61925;61925;61925;26;34;0.0342000015079975;0.0342;0.0342;0.0342;30;30;30;30;1;61925;0.0007;0.002;61925;61925;0
"System.dll!System.ComponentModel::ReflectTypeDescriptionProvider.ReflectGetAttributes()";0.0342;0.0342;0.0342;61925;61925;61925;44;47;0.0342000015079975;0.0342;0.0342;0.0342;2;2;2;2;1;61925;0.0127;0.0215;61925;61925;0
"Assembly-CSharp.dll!::BuildModeController.ApplyOnOffLabel()";0.034;0.034;0.0348;60428;60428;60771;7;7;0.0688000023365021;0.0344;0.034;0.034;8;4;4;4;2;60428;0.0066;0.0125;60771;60428;0
"Assembly-CSharp.dll!::ScoreService.AddScore()";0.0337;0.0293;0.0738;60560;61794;60581;12;20;0.984399979934096;0.039376;0.0322;0.0449;26;1;1;2;25;60347;0.0293;0.0738;61794;60581;0
"System.Core.dll!::WhereArrayIterator`1.MoveNext()";0.0337;0.0337;0.0337;61925;61925;61925;36;39;0.0337000004947186;0.0337;0.0337;0.0337;3;3;3;3;1;61925;0.007;0.0189;61925;61925;0
"Newtonsoft.Json.dll!Newtonsoft.Json::JsonSerializer.Create()";0.0336;0.0336;0.0336;61925;61925;61925;24;27;0.0336000025272369;0.0336;0.0336;0.0336;12;12;12;12;1;61925;0.0017;0.004;61925;61925;0
"Unity.TextMeshPro.dll!TMPro::TextMeshPro.SetAllDirty()";0.0335;0.0216;0.159;61249;61192;61544;17;27;8.80119992047548;0.04251787;0.0262;0.048;279;1;1;5;207;60314;0.0197;0.1308;60587;61089;0
"Unity.TextMeshPro.dll!TMPro::TMP_TextProcessingStack`1.SetDefault()";0.0334;0.0031;0.3735995;61216;60736;60538;12;27;68.0742448135279;0.04259965;0.01799999;0.0543001;388381;198;22;770;1598;60314;0;0.0398;60314;60370;0.04320006
"UnityEngine.CoreModule.dll!UnityEngine::Component.CompareTag()";0.0333;0.0063;0.9308999;61331;60811;60538;5;21;75.3505020490848;0.05160993;0.0241;0.056;14535;5;1;75;1460;60314;0.0024;0.2064;60320;61253;0.0373
"mscorlib.dll!System::MulticastDelegate.GetMethodImpl()";0.0333;0.0333;0.0333;62046;62046;62046;13;23;0.0332999974489212;0.0333;0.0333;0.0333;18;18;18;18;1;62046;0.0005;0.0053;62046;62046;0
"Unity.TextMeshPro.dll!TMPro::TMP_MeshInfo..ctor()";0.0331;0.0331;0.1632;61925;61925;62046;16;16;0.196300007402897;0.09815;0.0331;0.0331;6;1;1;5;2;61925;0.0215;0.0639;62046;62046;0
"Newtonsoft.Json.dll!Newtonsoft.Json.Utilities::ValidationUtils.ArgumentNotNull()";0.03309999;0.03309999;0.03309999;61925;61925;61925;25;51;0.0330999866127968;0.03309999;0.03309999;0.03309999;572;572;572;572;1;61925;0;0.0001;61925;61925;0
"mscorlib.dll!Mono::SafeGPtrArrayHandle..ctor()";0.03299998;0.03299998;0.03299998;61925;61925;61925;39;53;0.0329999849200249;0.03299998;0.03299998;0.03299998;102;102;102;102;1;61925;0.0002;0.0019;61925;61925;0
"UnityEngine.UIModule.dll!UnityEngine::RectTransformUtility.RectangleContainsScreenPoint()";0.0328;0.0106;0.3272999;60421;62197;61284;12;12;72.2594020003453;0.03785197;0.0259;0.042;48740;26;12;32;1909;60314;0.0006;0.2905;60451;61284;0.0582
"UnityEngine.Physics2DModule.dll!UnityEngine::Physics2D.RaycastAll_Internal()";0.0328;0.0112;0.2066;61268;60934;61570;8;18;47.6338997622952;0.03744803;0.0232;0.0458;2418;2;1;4;1272;60314;0.0056;0.1414;61628;60538;0.0216
"UIEvents.CanvasManagerRenderOverlays";0.0325;0.0189;0.36;61560;62047;61069;3;3;80.8196996059269;0.04040985;0.0287;0.0458;2000;1;1;1;2000;60314;0.0189;0.36;62047;61069;0.0462
"Assembly-CSharp.dll!::GridHoverOverlay.LateUpdate()";0.0325;0.0092;0.1857;61569;60684;61512;4;4;61.2950997529551;0.03538978;0.0276;0.0381;1732;1;1;1;1732;60314;0.0092;0.1857;60684;61512;0.0308
"UI.RenderOverlays";0.0323;0.0187;0.3588;60555;62047;61069;4;4;80.3231996893883;0.0401616;0.0286;0.0456;2000;1;1;1;2000;60314;0.0187;0.3588;62047;61069;0.046
"mscorlib.dll!System::GC.SuppressFinalize()";0.0321;0.0321;0.0321;61925;61925;61925;22;31;0.0320999994874001;0.0321;0.0321;0.0321;30;30;30;30;1;61925;0.0003;0.002;61925;61925;0
"Unity.TextMeshPro.dll!TMPro::TMP_Text.GetSpecialCharacters()";0.032;0.032;0.032;62046;62046;62046;11;11;0.0319999977946281;0.032;0.032;0.032;5;5;5;5;1;62046;0.0053;0.0087;62046;62046;0
"Assembly-CSharp.dll!::ChainLightning.FindNext()";0.0317;0.0152;0.1146;61385;61576;61159;6;6;1.08399999514222;0.03737931;0.0263;0.0407;29;1;1;1;29;60377;0.0152;0.1146;61576;61159;0
"mscorlib.dll!System::Delegate.GetMethodImpl()";0.0314;0.0314;0.0314;62046;62046;62046;14;24;0.0314000025391579;0.0314;0.0314;0.0314;18;18;18;18;1;62046;0.0004;0.005;62046;62046;0
"Newtonsoft.Json.dll!::<>c.<GetAttributeConstructor>b__47_0()";0.0314;0.0314;0.0314;61925;61925;61925;37;40;0.0313999988138676;0.0314;0.0314;0.0314;5;5;5;5;1;61925;0.0047;0.0082;61925;61925;0
"mscorlib.dll!System.Reflection::MethodInfo.Equals()";0.0314;0.0314;0.0314;62046;62046;62046;15;15;0.0313999988138676;0.0314;0.0314;0.0314;1;1;1;1;1;62046;0.0314;0.0314;62046;62046;0
"Unity.TextMeshPro.dll!TMPro::TMP_UpdateManager.UnRegisterTextObjectForUpdate()";0.0312;0.0104;0.452;60431;61982;61154;11;25;9.78569998871535;0.04164128;0.0217;0.0457;344;1;1;30;235;60315;0.0021;0.1664;62046;61154;0.0694
"Newtonsoft.Json.dll!::<>c.<GetDefaultConstructor>b__11_0()";0.031;0.031;0.031;61925;61925;61925;39;43;0.0310000032186508;0.031;0.031;0.031;15;15;15;15;1;61925;0.0011;0.0036;61925;61925;0
"TMP.UnregisterTextObjectForUpdate";0.031;0.0101;0.4462;60431;61982;61154;12;26;9.64679997973144;0.04105021;0.0212;0.0451;344;1;1;30;235;60315;0.0018;0.1643;62046;61154;0.0684
"Assembly-CSharp.dll!::Projectile.SetupPierce()";0.0309;0.0285;0.0466;60344;61544;61777;7;7;0.43889999575913;0.03376154;0.0293;0.0341;13;1;1;1;13;60344;0.0285;0.0466;61544;61777;0
"Canvas.RenderOverlays";0.0309;0.0182;0.3514;61090;62047;61069;5;5;77.2520995624363;0.03862605;0.0273;0.044;2000;1;1;1;2000;60314;0.0182;0.3514;62047;61069;0.0448
"Assembly-CSharp.dll!::Projectile.RestoreVisualDefaults()";0.0309;0.0142;0.3062;61274;60938;61858;6;18;5.16609998233616;0.03973923;0.0194;0.0466;263;2;1;6;130;60328;0.0106;0.1648;60605;60681;0
"Assembly-CSharp.dll!::DamagePopup.ClearForPool()";0.0308;0.0191;0.523;60333;60370;60976;7;7;9.88589995168149;0.04279611;0.0246;0.0439;307;1;1;6;231;60315;0.0169;0.4917;60357;60976;0.0712
"TMP Save Glyph Vertex Data";0.0308;0.0031;0.5174999;61171;61853;60538;14;16;67.288399572717;0.04210788;0.0175;0.05689999;28832;13;1;98;1598;60314;0.0015;0.1923;60316;61159;0.0401
"Unity.TextMeshPro.dll!TMPro::TMP_FontAssetUtilities.GetCharacterFromFontAsset()";0.0307;0.0033;1.1143;61694;60815;61925;13;28;67.1566995715257;0.04202547;0.0175;0.05490001;28895;13;1;103;1598;60314;0.0013;0.5535;62046;61925;0.0454
"UnityEngine.CoreModule.dll!UnityEngine::Mesh.SetListForChannel()";0.0307;0.0139;0.4247;60423;60581;61570;17;18;47.9733983995393;0.03695947;0.0185;0.0442;20112;16;8;64;1298;60314;0.0013;0.0833;60316;61090;0.0179
"Newtonsoft.Json.dll!Newtonsoft.Json.Utilities::ReflectionUtils.GetChildPrivateProperties()";0.0305;0.0305;0.0305;61925;61925;61925;39;42;0.0305000003427267;0.0305;0.0305;0.0305;4;4;4;4;1;61925;0.006;0.0094;61925;61925;0
"TMP.RegisterTextElementForGraphicRebuild";0.0304;0.0053;6.913699;60710;60732;61031;9;30;67.4386986987665;0.04217555;0.0188;0.048;18711;9;1;42;1599;60314;0.0012;6.8629;60326;61031;0.0372
"Newtonsoft.Json.dll!Newtonsoft.Json.Serialization::DefaultContractResolver.IsJsonPrimitiveType()";0.0302;0.0302;0.0302;61925;61925;61925;34;37;0.0301999989897013;0.0302;0.0302;0.0302;4;4;4;4;1;61925;0.0027;0.0133;61925;61925;0
"Newtonsoft.Json.dll!Newtonsoft.Json::DefaultJsonNameTable.Add()";0.0301;0.0301;0.0301;61925;61925;61925;36;39;0.0301000028848648;0.0301;0.0301;0.0301;20;20;20;20;1;61925;0.0007;0.0072;61925;61925;0
"mscorlib.dll!System.Reflection::RuntimeConstructorInfo.IsDefined()";0.03;0.03;0.03;61925;61925;61925;38;41;0.0299999974668026;0.03;0.03;0.03;5;5;5;5;1;61925;0.0047;0.0078;61925;61925;0
"Assembly-CSharp.dll!::SliderPositionAutoSetter.LateUpdate()";0.0299;0.0072;0.3308;60895;60750;61074;4;4;54.5090997689404;0.03383557;0.0146;0.045;6275;4;1;10;1611;60314;0.0055;0.1971;60333;60976;0.0212
"Assembly-CSharp.dll!::TextFadeOut.EnsureActiveInHierarchy()";0.0299;0.0299;0.0299;61925;61925;61925;20;20;0.029899999499321;0.0299;0.0299;0.0299;1;1;1;1;1;61925;0.0299;0.0299;61925;61925;0
"UnityEngine.CoreModule.dll!UnityEngine::Transform.get_position()";0.02989999;0.0024;0.5755007;61935;61997;61570;5;25;71.9940007340629;0.04156698;0.0182;0.04940003;159728;67;6;468;1732;60314;0.0002;0.257;60316;60986;0.01610001
"Newtonsoft.Json.dll!Newtonsoft.Json::JsonWriter.System.IDisposable.Dispose()";0.0298;0.0298;0.0298;61925;61925;61925;23;25;0.0298000015318394;0.0298;0.0298;0.0298;6;6;6;6;1;61925;0.0041;0.0056;61925;61925;0
"Unity.TextMeshPro.dll!TMPro::TMP_Text.set_text()";0.0297;0.0143;0.5139;60387;61719;60976;6;21;17.0621998999268;0.0426555;0.0208;0.0501;686;1;1;8;400;60314;0.0004;0.486;61925;60976;0.0636
"UnityEngine.UI.dll!UnityEngine.EventSystems::PointerInputModule.DeselectIfSelectionChanged()";0.0295;0.0009;0.0786;60356;60642;60398;9;9;0.494700001203455;0.0291;0.002;0.0354;17;1;1;1;17;60356;0.0009;0.0786;60642;60398;0
"UnityEngine.UI.dll!::<>c.<Rebuild>b__12_0()";0.0295;0.0295;0.0295;62046;62046;62046;12;13;0.0295000001788139;0.0295;0.0295;0.0295;4;4;4;4;1;62046;0.0004;0.0281;62046;62046;0
"UnityEngine.UIModule.dll!UnityEngine::RectTransformUtility.PointInRectangle()";0.0294;0.009299999;0.3228999;61170;62150;61284;13;13;64.43320277147;0.03375233;0.0229;0.03769999;48740;26;12;32;1909;60314;0.0005;0.2902;60377;61284;0.0533
"mscorlib.dll!::HashtableEnumerator.get_Current()";0.02939999;0.02939999;0.02939999;61925;61925;61925;41;44;0.0293999891728163;0.02939999;0.02939999;0.02939999;59;59;59;59;1;61925;0.0002;0.0021;61925;61925;0
"UnityEngine.UI.dll!UnityEngine.UI::GraphicRegistry.RegisterGraphicForCanvas()";0.0293;0.0254;0.1652;61373;60938;62046;10;27;0.861400004476309;0.04785556;0.0274;0.0353;58;2;2;12;18;60318;0.0105;0.0298;60318;60642;0
"Assembly-CSharp.dll!::EnemyBossSummonSkill.StopSkill()";0.0293;0.0293;0.0293;61925;61925;61925;17;17;0.0293000005185604;0.0293;0.0293;0.0293;1;1;1;1;1;61925;0.0293;0.0293;61925;61925;0
"Newtonsoft.Json.dll!Newtonsoft.Json.Utilities::TypeExtensions.MemberType()";0.02909997;0.02909997;0.02909997;61925;61925;61925;32;42;0.029099965468049;0.02909997;0.02909997;0.02909997;144;144;144;144;1;61925;0.0001;0.001;61925;61925;0
"UnityEngine.UI.dll!UnityEngine.EventSystems::ExecuteEvents.CanHandleEvent()";0.0289;0.0115;0.1069;60379;62045;62143;10;11;0.781700000166893;0.039085;0.0135;0.056;94;2;1;8;20;60356;0.0052;0.0212;60365;62143;0
"UnityEngine.UI.dll!UnityEngine.EventSystems::StandaloneInputModule.DeactivateModule()";0.0287;0.0287;0.0287;62046;62046;62046;13;13;0.0286999996751547;0.0287;0.0287;0.0287;1;1;1;1;1;62046;0.0287;0.0287;62046;62046;0
"Assembly-CSharp.dll!::OrbitSatelliteBehavior.Deactivate()";0.0285;0.0285;0.0285;62046;62046;62046;11;13;0.028499998152256;0.0285;0.0285;0.0285;10;10;10;10;1;62046;0.0003;0.0105;62046;62046;0
"Assembly-CSharp.dll!::ProjectileVfx.ApplyTrailColor()";0.0284;0.0092;0.2199;60494;61102;61858;8;20;2.39959999267012;0.03242703;0.0184;0.0366;154;2;1;4;74;60328;0.0072;0.0856;60494;61858;0
"RenderForwardAlpha.Sort";0.0284;0.0019;0.2642;61736;60896;60681;6;9;52.1386002220679;0.03010312;0.0249;0.0384;4313;2;1;10;1732;60314;0;0.2452;60377;60681;0.0276
"UnityEngine.UI.dll!UnityEngine.EventSystems::StandaloneInputModule.ReleasePointerDrags()";0.0284;0.0097;0.1321;62095;62096;62313;6;7;0.170200001448393;0.05673333;0.0097;0.0284;3;1;1;1;3;62095;0.0097;0.1321;62096;62313;0
"mscorlib.dll!Mono.Globalization.Unicode::MSCompatUnicodeTable.Category()";0.02839997;0.02839997;0.02839997;61925;61925;61925;34;42;0.0283999722450972;0.02839997;0.02839997;0.02839997;144;144;144;144;1;61925;0.0001;0.0005;61925;61925;0
"CullSendEvents";0.0283;0.0135;0.5359;61888;62295;60968;6;6;61.9508996875957;0.03097545;0.0254;0.0318;2000;1;1;1;2000;60314;0.0135;0.5359;62295;60968;0.0296
"UnityEngine.UI.dll!UnityEngine.EventSystems::PointerInputModule.ClearSelection()";0.0283;0.0283;0.0283;62046;62046;62046;14;14;0.0283000003546476;0.0283;0.0283;0.0283;1;1;1;1;1;62046;0.0283;0.0283;62046;62046;0
"Assembly-CSharp.dll!::ChargePierceBehavior.ApplyMeteoVisual()";0.0282;0.0211;0.0458;60447;60395;61777;7;7;0.372900001704693;0.02868462;0.0244;0.0305;13;1;1;1;13;60344;0.0211;0.0458;60395;61777;0
"UnityEngine.CoreModule.dll!UnityEngine::Mesh.SetUvsImpl()";0.0281;0.0016;0.5275;61743;61946;61266;16;18;53.3320980818244;0.03261902;0.0141;0.04279999;27709;15;1;59;1635;60314;0.0011;0.3854;60322;61266;0.0246
"mscorlib.dll!System.IO::MonoIO.GetFileType()";0.028;0.028;0.028;61925;61925;61925;27;29;0.0279999990016222;0.028;0.028;0.028;12;12;12;12;1;61925;0.0014;0.0032;61925;61925;0
"UnityEngine.CoreModule.dll!UnityEngine.SceneManagement::SceneManagerAPIInternal.LoadSceneAsyncNameIndexInternal_Injected()";0.0279;0.0279;0.0279;62045;62045;62045;23;23;0.0278999991714954;0.0279;0.0279;0.0279;1;1;1;1;1;62045;0.0279;0.0279;62045;62045;0
"mscorlib.dll!System::RuntimeType.GetGenericTypeDefinition()";0.0278;0.0278;0.0278;61925;61925;61925;37;41;0.027800003066659;0.0278;0.0278;0.0278;24;24;24;24;1;61925;0.0006;0.0026;61925;61925;0
"Unity.TextMeshPro.dll!TMPro::TextMeshPro.SetLayoutDirty()";0.0278;0.0111;0.4839;61497;61198;60976;9;28;14.6524999327958;0.03805844;0.022;0.0452;865;2;1;12;385;60314;0.0097;0.4658;60587;60976;0.0492
"UnityEngine.UI.dll!UnityEngine.UI::HorizontalLayoutGroup.CalculateLayoutInputHorizontal()";0.0278;0.0278;0.0278;62046;62046;62046;13;13;0.0277999993413687;0.0278;0.0278;0.0278;1;1;1;1;1;62046;0.0278;0.0278;62046;62046;0
"AssetBundle.UnloadAsync.Integrate.CloseFiles";0.0277;0.0277;0.0277;62046;62046;62046;8;8;0.0276999995112419;0.0277;0.0277;0.0277;3;3;3;3;1;62046;0.0012;0.024;62046;62046;0
"mscorlib.dll!Mono::SafeStringMarshal.StringToUtf8()";0.02759999;0.02759999;0.02759999;61925;61925;61925;41;50;0.0275999940931797;0.02759999;0.02759999;0.02759999;60;60;60;60;1;61925;0.0003;0.0013;61925;61925;0
"mscorlib.dll!Mono::RuntimeGPtrArrayHandle.DestroyAndFree()";0.02759997;0.02759997;0.02759997;61925;61925;61925;40;54;0.0275999736040831;0.02759997;0.02759997;0.02759997;102;102;102;102;1;61925;0.0002;0.0006;61925;61925;0
"UnityEngine.CoreModule.dll!UnityEngine::GameObject..ctor()";0.0275;0.0167;0.1002;60913;60638;61686;6;15;3.15479999780655;0.03123564;0.0223;0.0372;110;1;1;4;101;60315;0.0059;0.0682;61165;60854;0
"mscorlib.dll!System.IO::Path.IsDirectorySeparator()";0.02739996;0.02739996;0.02739996;61925;61925;61925;22;33;0.0273999609053135;0.02739996;0.02739996;0.02739996;453;453;453;453;1;61925;0;0.0001;61925;61925;0
"Assembly-CSharp.dll!::<SkillLoop>d__6.MoveNext()";0.0273;0.0012;0.8898;60725;60940;61373;5;5;49.6435998077504;0.03783811;0.0236;0.0346;1312;1;1;1;1312;60318;0.0012;0.8898;60940;61373;0.0329
"System.Core.dll!System.Linq::Enumerable.First()";0.02720001;0.02720001;0.02720001;61925;61925;61925;38;41;0.0272000059485435;0.02720001;0.02720001;0.02720001;40;40;40;40;1;61925;0.0005;0.0019;61925;61925;0
"mscorlib.dll!System.Text::StringBuilder.AppendSpanFormattable()";0.0271;0.0199;0.0487;60707;60370;60379;9;20;0.278599997982383;0.03095555;0.0261;0.0329;36;4;4;4;9;60360;0.0018;0.0299;60370;60360;0
"Assembly-CSharp.dll!::DamagePopupSpawner.FormatAmount()";0.0271;0.0056;0.1932;61028;60347;60370;10;20;6.7869999720715;0.03278744;0.0206;0.0406;279;1;1;5;207;60314;0.0056;0.1825;60347;60370;0
"mscorlib.dll!System::GC._SuppressFinalize()";0.0271;0.0271;0.0271;61925;61925;61925;23;32;0.0270999986678362;0.0271;0.0271;0.0271;30;30;30;30;1;61925;0.0002;0.0018;61925;61925;0
"mscorlib.dll!System::Single.ToString()";0.0269;0.0162;0.6752999;60441;60996;61925;8;35;7.40489989332855;0.03476479;0.0204;0.0402;304;1;1;5;213;60314;0.0045;0.6532;60370;61925;0
"UnityEngine.CoreModule.dll!UnityEngine::GameObject.Internal_CreateGameObject()";0.0269;0.0164;0.09760001;60913;60638;61686;7;16;3.06780000776052;0.03037426;0.0218;0.0363;110;1;1;4;101;60315;0.0057;0.0611;61165;60854;0
"UnityEngine.IMGUIModule.dll!UnityEngine::GUILayoutUtility.Begin()";0.0268;0.0206;0.2127;60458;60824;61088;5;6;52.1149992868304;0.03008949;0.0237;0.0315;3538;2;2;6;1732;60314;0.0014;0.1955;60334;61088;0.0417
"UnityEngine.CoreModule.dll!UnityEngine::Mesh.RecalculateBounds()";0.0267;0.0023;0.3019;61227;61857;60538;13;16;54.6861994198989;0.03344722;0.0139;0.04300001;40334;22;2;80;1635;60314;0.0007;0.0898;60331;61535;0.031
"Assembly-CSharp.dll!::ChainLightning.SetLineColor()";0.0267;0.0165;0.1343;61416;61616;61434;7;23;12.9329999219626;0.0323325;0.0241;0.0343;1200;3;3;3;400;60363;0.0037;0.0967;60465;61115;0
"Unity.TextMeshPro.dll!TMPro::TMP_Text.SaveGlyphVertexInfo()";0.0267;0.0027;0.4465;61480;61853;60538;15;17;58.3459004135802;0.03651183;0.0153;0.0495;28832;13;1;98;1598;60314;0.0013;0.139;60343;61159;0.0352
"SpriteRenderer.RenderMultiple";0.0266;0.018;0.1805;61080;61979;61266;9;9;51.6305999718606;0.02980982;0.0232;0.0312;25178;15;12;16;1732;60314;0.0005;0.1032;60584;61555;0.0296
"UnityEngine.UI.dll!UnityEngine.EventSystems::StandaloneInputModule.ShouldActivateModule()";0.0266;0.0178;1.1216;61316;60980;61266;5;5;63.2141997218132;0.0316071;0.0215;0.0339;2000;1;1;1;2000;60314;0.0178;1.1216;60980;61266;0.0482
"UnityEngine.UI.dll!UnityEngine.UI.CoroutineTween::TweenRunner`1.StartTween()";0.0265;0.0152;0.0779;60318;61774;60704;17;32;1.98699999786913;0.03104687;0.0189;0.0381;71;1;1;4;64;60318;0.0115;0.0779;61689;60704;0
"Assembly-CSharp.dll!::OrbitSatellitePivot.Update()";0.0265;0.0165;0.2725;60947;61995;61782;4;4;55.1950996164232;0.03186784;0.0231;0.0324;10272;6;5;6;1732;60314;0.003;0.2409;60762;61782;0.0261
"UnityEngine.CoreModule.dll!UnityEngine::Mesh.SetArrayForChannelImpl_Injected()";0.02629999;0.0041;0.2738;60979;61942;60538;17;21;52.1451038741507;0.03189303;0.0146;0.04120001;90751;48;4;180;1635;60314;0.0002;0.0808;60318;60847;0.02679999
"UnityEngine.UI.dll!UnityEngine.EventSystems::ExecuteEvents.Execute()";0.0262;0.0048;0.8917999;60346;60472;62045;7;16;14.5984998689964;0.05958571;0.0172;0.0391;697;2;1;11;245;60341;0.0013;0.3577;60472;62045;0
"mscorlib.dll!System::Object.__castclass_with_cache()";0.02619997;0;0.3216003;60897;62092;61570;7;52;60.1849944878195;0.0300925;0.01549998;0.03810001;613714;271;3;1276;2000;60314;0;0.2302;60314;60866;0.02339998
"Unity.TextMeshPro.dll!TMPro::TMP_FontAssetUtilities.GetCharacterFromFontAsset_Internal()";0.026;0.0026;1.0986;61478;60815;61925;14;29;57.3480993798003;0.03588742;0.0145;0.0471;28895;13;1;103;1598;60314;0.0012;0.5531;60339;61925;0.0393
"UnityEngine.CoreModule.dll!UnityEngine::Quaternion.Internal_FromEulerRad()";0.02599998;0.0009;0.2224;61242;62251;61074;7;21;57.6972702419152;0.02884864;0.02269998;0.03309999;184429;104;2;126;2000;60314;0.0001;0.0671;60314;61707;0.02399998
"Assembly-CSharp.dll!::Pathfinder.ApplyLineStyle()";0.0258;0.0161;0.0612;61249;61509;60990;5;6;0.267100000753999;0.0333875;0.0186;0.0365;15;2;1;2;8;60471;0.0067;0.0509;60471;60990;0
"Assembly-CSharp.dll!::OrbitSatelliteBehavior.DestroyOrbit()";0.0258;0.0258;0.0258;62046;62046;62046;12;14;0.0257999990135431;0.0258;0.0258;0.0258;10;10;10;10;1;62046;0.0002;0.0089;62046;62046;0
"mscorlib.dll!System.Reflection::RuntimeFieldInfo.get_Attributes()";0.02579997;0.02579997;0.02579997;61925;61925;61925;34;58;0.0257999673485756;0.02579997;0.02579997;0.02579997;408;408;408;408;1;61925;0;0.002;61925;61925;0
"UnityEngine.CoreModule.dll!UnityEngine::Material..ctor()";0.0257;0.0171;0.0623;60406;60558;61462;12;13;2.08369999006391;0.02815811;0.02;0.0337;77;1;1;2;74;60331;0.0092;0.0623;60524;61462;0
"UnityEngine.CoreModule.dll!UnityEngine::Mesh..ctor()";0.0257;0.0257;0.0257;62046;62046;62046;10;10;0.0256999991834164;0.0257;0.0257;0.0257;5;5;5;5;1;62046;0.0034;0.0112;62046;62046;0
"Unity.ResourceManager.dll!UnityEngine.ResourceManagement.Util::LRUCacheAllocationStrategy.Release()";0.0255;0.0255;0.0255;62046;62046;62046;16;24;0.0254999995231628;0.0255;0.0255;0.0255;10;10;10;10;1;62046;0.001;0.0066;62046;62046;0
"mscorlib.dll!Mono.Globalization.Unicode::CodePointIndexer.ToIndex()";0.02549997;0.02549997;0.02549997;61925;61925;61925;34;43;0.0254999697208405;0.02549997;0.02549997;0.02549997;324;324;324;324;1;61925;0;0.0012;61925;61925;0
"UnityEngine.CoreModule.dll!UnityEngine::GameObject.Internal_CreateGameObject_Injected()";0.0253;0.0153;0.09250001;60524;60638;61686;8;17;2.9018000010401;0.02873069;0.0205;0.0345;110;1;1;4;101;60315;0.0046;0.0557;61165;60854;0
"UnityEngine.Physics2DModule.dll!UnityEngine::Physics2D.OverlapCircleAll()";0.0252;0.0109;0.0755;60783;61173;60568;7;11;2.62329998146743;0.02947528;0.0181;0.0385;92;1;1;2;89;60323;0.0109;0.0755;61173;60568;0
"UnityEngine.CoreModule.dll!UnityEngine::Material.CreateWithShader()";0.0251;0.0167;0.0611;60464;60558;61462;13;14;2.03969998285174;0.02756351;0.0195;0.033;77;1;1;2;74;60331;0.009;0.0611;60524;61462;0
"UnityEngine.CoreModule.dll!UnityEngine::Material.CreateWithShader_Injected()";0.0248;0.0165;0.0529;60406;60558;61544;14;15;1.99399998225272;0.02694594;0.0191;0.0327;77;1;1;2;74;60331;0.0087;0.0483;60524;60824;0
"Assembly-CSharp.dll!::Projectile.Update()";0.0247;0.0023;0.9935;60864;60958;60681;4;4;83.5822993791662;0.05375068;0.0107;0.07439999;14415;5;1;32;1555;60314;0.0018;0.6603;60415;60681;0.0159
"PostLateUpdate.UpdateRectTransform";0.0246;0.0004;0.1701;61694;62048;60681;2;2;47.5170997506648;0.02375855;0.0203;0.0282;2000;1;1;1;2000;60314;0.0004;0.1701;62048;60681;0.0265
"mscorlib.dll!System.IO::MonoIO.Seek()";0.0246;0.0246;0.0246;61925;61925;61925;26;28;0.0245999991893768;0.0246;0.0246;0.0246;12;12;12;12;1;61925;0.0014;0.003;61925;61925;0
"Newtonsoft.Json.dll!Newtonsoft.Json.Utilities::JavaScriptUtils.WriteEscapedJavaScriptString()";0.0246;0.0246;0.0246;61925;61925;61925;34;35;0.0245999991893768;0.0246;0.0246;0.0246;11;11;11;11;1;61925;0.0015;0.0036;61925;61925;0
"FindObjectsOfType";0.0245;0.0163;0.0918;62096;62313;62046;3;12;0.160799998790026;0.0402;0.0163;0.0282;15;2;2;9;4;62046;0.0004;0.0197;62046;62046;0
"Unity.TextMeshPro.dll!TMPro::TMP_UpdateManager.InternalRegisterTextElementForGraphicRebuild()";0.0245;0.0043;6.9026;61747;60732;61031;10;31;55.9245991110802;0.03497474;0.0151;0.0386;18711;9;1;42;1599;60314;0.0009;6.8612;60326;61031;0.0302
"UnityEngine.CoreModule.dll!UnityEngine::Mesh.Internal_Create()";0.0242;0.0242;0.0242;62046;62046;62046;11;11;0.0241999998688698;0.0242;0.0242;0.0242;5;5;5;5;1;62046;0.0031;0.0107;62046;62046;0
"UnityEngine.CoreModule.dll!UnityEngine::Camera.get_main()";0.0241;0.006;0.2343;61732;62041;60538;5;12;51.0609989361838;0.02948095;0.0176;0.0339;23195;12;3;35;1732;60314;0.0012;0.1595;60331;60693;0.0223
"mscorlib.dll!System.Collections.ObjectModel::Collection`1.InsertItem()";0.0241;0.0241;0.0241;61925;61925;61925;38;42;0.0240999981760979;0.0241;0.0241;0.0241;40;40;40;40;1;61925;0.0003;0.0021;61925;61925;0
"Unity.TextMeshPro.dll!TMPro::TMP_MeshInfo.ResizeMeshInfo()";0.024;0.024;0.0663;60824;60824;61925;14;16;0.0902999974787235;0.04515;0.024;0.024;3;1;1;2;2;60824;0.024;0.0396;60824;61925;0
"UnityEngine.CoreModule.dll!UnityEngine::Mesh.SetVertices()";0.024;0.0089;0.2814;60636;60581;61570;14;16;37.7709996886551;0.02909938;0.0168;0.03310001;7542;6;3;24;1298;60314;0.0022;0.0854;60318;61090;0.0138
"System.Core.dll!System.Collections.Generic::HashSet`1.Contains()";0.024;0.0012;0.3710001;61520;61982;60538;7;32;50.5762955871178;0.03161018;0.0143;0.04179999;76869;36;1;242;1600;60314;0;0.0442;61925;60965;0.0305
"Newtonsoft.Json.dll!Newtonsoft.Json::JsonWriter.Pop()";0.0239;0.0239;0.0239;61925;61925;61925;31;37;0.0238999985158443;0.0239;0.0239;0.0239;31;31;31;31;1;61925;0.0001;0.0012;61925;61925;0
"UnityEngine.CoreModule.dll!UnityEngine::Object.GetCachedPtr()";0.02389997;0.0007;0.3894019;61860;62096;61570;8;42;61.6082158870995;0.03080411;0.01059999;0.04160013;968175;403;11;2673;2000;60314;0;0.0593;60314;60405;0.03319999
"UnityEngine.UI.dll!UnityEngine.UI::Image.GetDrawingDimensions()";0.0238;0.0142;0.0465;60642;61925;62046;15;15;0.0845000017434359;0.02816667;0.0142;0.0238;7;2;1;4;3;60642;0.0106;0.0142;62046;61925;0
"Assembly-CSharp.dll!::TowerChargeGaugeView.GetOrCreate()";0.0238;0.009;0.4414;61605;61249;60538;7;18;46.1649997532368;0.03323614;0.0154;0.0412;3822;2;1;11;1389;60314;0.0063;0.3158;60331;61686;0.0254
"Newtonsoft.Json.dll!Newtonsoft.Json.Utilities::TypeExtensions.IsInterface()";0.0235;0.0235;0.0235;61925;61925;61925;37;42;0.0234999991953373;0.0235;0.0235;0.0235;22;22;22;22;1;61925;0.0006;0.0029;61925;61925;0
"mscorlib.dll!System::Char.GetUnicodeCategory()";0.02349999;0.02349999;0.02349999;61925;61925;61925;35;43;0.0234999917447567;0.02349999;0.02349999;0.02349999;72;72;72;72;1;61925;0.0002;0.0007;61925;61925;0
"mscorlib.dll!System::RuntimeTypeHandle..ctor()";0.02349997;0.02349997;0.02349997;61925;61925;61925;39;54;0.0234999712556601;0.02349997;0.02349997;0.02349997;204;204;204;204;1;61925;0;0.0005;61925;61925;0
"UnityEngine.TextCoreFontEngineModule.dll!UnityEngine.TextCore.LowLevel::FontEngine.GetMarkToBaseAdjustmentRecords()";0.0234;0.0234;0.0234;61925;61925;61925;17;18;0.0233999993652105;0.0234;0.0234;0.0234;4;4;4;4;1;61925;0.0036;0.0086;61925;61925;0
"mscorlib.dll!Mono::SafeStringMarshal.Dispose()";0.0234;0.0234;0.0234;61925;61925;61925;40;49;0.0233999975025654;0.0234;0.0234;0.0234;83;83;83;83;1;61925;0.0001;0.0006;61925;61925;0
"Unity.TextMeshPro.dll!TMPro::TMP_StyleSheet.GetStyle()";0.0233;0.0026;0.3178;61183;60815;60538;15;28;48.8588010326494;0.03057497;0.0121;0.03940001;52962;27;3;105;1598;60314;0.0006;0.0401;60316;60908;0.0284
"Assembly-CSharp.dll!::TargetProjectile.Update()";0.0233;0.0134;0.1553;61214;60331;60853;4;4;11.0132999503985;0.02726064;0.0181;0.0317;505;1;1;4;404;60329;0.0122;0.1553;60554;60853;0
"mscorlib.dll!System.Collections.Generic::List`1.Add()";0.02329997;0.0009;0.4751025;60601;61966;61570;6;50;51.5780540420674;0.02810793;0.0057;0.04090013;609187;241;1;2221;1835;60314;0;0.1194;60314;61247;0.02349997
"UnityEngine.UI.dll!UnityEngine.EventSystems::ExecuteEvents.GetEventHandler()";0.0232;0.0002;0.3429;60732;60648;62143;9;10;1.52299997396767;0.04479412;0.0006;0.0603;68;1;1;3;34;60356;0.0002;0.1565;60398;62143;0
"mscorlib.dll!System::Environment.get_Platform()";0.02319997;0.02319997;0.02319997;61925;61925;61925;24;33;0.0231999699026346;0.02319997;0.02319997;0.02319997;352;352;352;352;1;61925;0;0.0002;61925;61925;0
"UnityEngine.UI.dll!UnityEngine.UI::GraphicRegistry.DisableGraphicForCanvas()";0.0231;0.0117;0.2474;60558;61794;62046;14;29;0.897199991159141;0.03204286;0.0186;0.031;75;2;2;17;28;60347;0.0044;0.02;61249;61173;0
"mscorlib.dll!System::RuntimeType.MakeGenericType()";0.0231;0.0231;0.0231;61925;61925;61925;38;40;0.0230999998748302;0.0231;0.0231;0.0231;4;4;4;4;1;61925;0.0015;0.0106;61925;61925;0
"UnityEngine.UI.dll!UnityEngine.UI::LayoutGroup.OnEnable()";0.0231;0.0231;0.0231;62046;62046;62046;9;9;0.0230999998748302;0.0231;0.0231;0.0231;1;1;1;1;1;62046;0.0231;0.0231;62046;62046;0
"mscorlib.dll!System.Collections.ObjectModel::Collection`1.get_Count()";0.02309998;0.02309998;0.02309998;61925;61925;61925;29;43;0.0230999849736691;0.02309998;0.02309998;0.02309998;82;82;82;82;1;61925;0.0001;0.0019;61925;61925;0
"Assembly-CSharp.dll!::MapDirector.CopySharedFrom()";0.023;0.0157;0.0863;60318;61463;60429;8;17;0.765699997544289;0.030628;0.0187;0.0353;29;1;1;3;25;60318;0.0157;0.051;61463;61770;0
"Assembly-CSharp.dll!::<Move>d__34.MoveNext()";0.023;0.0046;0.4459;61188;60826;60538;5;20;43.2229996272363;0.02682992;0.0103;0.0357;5917;3;1;10;1611;60314;0.004;0.2128;60331;60865;0.0166
"mscorlib.dll!::ArrayEnumerator.get_Current()";0.023;0.023;0.023;61925;61925;61925;46;52;0.0229999963194132;0.023;0.023;0.023;30;30;30;30;1;61925;0.0001;0.0031;61925;61925;0
"UnityEngine.CoreModule.dll!UnityEngine::Mesh.get_canAccess()";0.0229;0.0018;0.2435001;61471;61934;60538;14;20;45.8434026226168;0.02803878;0.0116;0.03759997;131094;70;6;260;1635;60314;0.0002;0.0665;60314;61707;0.02519999
"Assembly-CSharp.dll!::EndRunOverlay.EnsureBuilt()";0.0227;0.0227;0.0227;61925;61925;61925;20;22;0.0227000005543232;0.0227;0.0227;0.0227;3;3;3;3;1;61925;0.0057;0.0096;61925;61925;0
"UnityEngine.UI.dll!UnityEngine.UI::LayoutUtility.GetFlexibleSize()";0.0227;0.0227;0.0227;62046;62046;62046;16;16;0.0227000005543232;0.0227;0.0227;0.0227;4;4;4;4;1;62046;0.0042;0.0073;62046;62046;0
"mscorlib.dll!::Node..ctor()";0.02239997;0.02239997;0.02239997;61925;61925;61925;34;48;0.0223999731242657;0.02239997;0.02239997;0.02239997;195;195;195;195;1;61925;0;0.0017;61925;61925;0
"Assembly-CSharp.dll!::Pathfinder.EnsureLineRenderer()";0.0223;0.0172;0.0409;62031;61509;61770;5;5;0.182199999690056;0.02602857;0.0176;0.0259;7;1;1;1;7;60471;0.0172;0.0409;61509;61770;0
"Newtonsoft.Json.dll!Newtonsoft.Json::JsonTextWriter.WriteIndentSpace()";0.02229999;0.02229999;0.02229999;61925;61925;61925;34;40;0.0222999919205904;0.02229999;0.02229999;0.02229999;64;64;64;64;1;61925;0.0002;0.0017;61925;61925;0
"UnityEngine.Physics2DModule.dll!UnityEngine::Physics2D.RaycastAll_Internal_Injected()";0.0222;0.0064;0.1289;61743;61848;61570;9;19;32.0548998783343;0.02520039;0.0152;0.0312;2418;2;1;4;1272;60314;0.0036;0.1191;60636;61366;0.0151
"Newtonsoft.Json.dll!Newtonsoft.Json.Utilities::ImmutableCollectionsUtils.TryBuildImmutableForArrayContract()";0.0222;0.0222;0.0222;61925;61925;61925;37;37;0.0221999995410442;0.0222;0.0222;0.0222;1;1;1;1;1;61925;0.0222;0.0222;61925;61925;0
"mscorlib.dll!System::RuntimeType.GetPropertiesByName_native()";0.0221;0.0221;0.0221;61925;61925;61925;42;46;0.0221000015735626;0.0221;0.0221;0.0221;30;30;30;30;1;61925;0.0003;0.0023;61925;61925;0
"UnityEngine.Physics2DModule.dll!UnityEngine::Physics2D.OverlapCircleAll_Internal()";0.0221;0.0094;0.0663;60403;61173;60568;8;12;2.2676999932155;0.02547977;0.0156;0.0333;92;1;1;2;89;60323;0.0094;0.0663;61173;60568;0
"Assembly-CSharp.dll!::BombProjectile.Setup()";0.0221;0.015;0.1103;61244;60398;60865;6;16;1.70639999490231;0.02752258;0.0201;0.0269;62;1;1;1;62;60314;0.015;0.1103;60398;60865;0
"TMP Lookup Character & Glyph Data";0.0221;0.0017;0.6014;60653;60819;61624;13;15;49.2622977455612;0.03082747;0.0121;0.0409;28889;13;1;103;1598;60314;0.0011;0.4304;60316;61624;0.0277
"Unity.TextMeshPro.dll!TMPro::TextMeshProUGUI.GetCanvas()";0.0219;0.0101;0.0289;60642;61925;62046;10;25;0.0609000008553267;0.0203;0.0101;0.0219;9;3;1;5;3;60642;0.0051;0.0101;60642;61925;0
"UnityEngine.Physics2DModule.dll!UnityEngine::Physics2D.OverlapCircleAll_Internal_Injected()";0.0218;0.009;0.0659;60403;61173;60568;9;13;2.22899998817593;0.02504494;0.0154;0.0325;92;1;1;2;89;60323;0.009;0.0659;61173;60568;0
"Newtonsoft.Json.dll!Newtonsoft.Json.Serialization::DefaultContractResolver.ShouldSkipSerializing()";0.0218;0.0218;0.0218;61925;61925;61925;38;41;0.0218000002205372;0.0218;0.0218;0.0218;5;5;5;5;1;61925;0.0019;0.011;61925;61925;0
"Newtonsoft.Json.dll!Newtonsoft.Json.Utilities::ReflectionUtils.InheritsGenericDefinition()";0.0217;0.0217;0.0217;61925;61925;61925;37;38;0.0216999985277653;0.0217;0.0217;0.0217;2;2;2;2;1;61925;0.0107;0.011;61925;61925;0
"UnityEngine.CoreModule.dll!UnityEngine::Texture2D.ValidateFormat()";0.0216;0.0216;0.03;61165;61165;61686;18;18;0.0515999998897314;0.0258;0.0216;0.0216;2;1;1;1;2;61165;0.0216;0.03;61165;61686;0
"Newtonsoft.Json.dll!Newtonsoft.Json.Utilities::TypeExtensions.IsGenericType()";0.02159999;0.02159999;0.02159999;61925;61925;61925;36;43;0.0215999931097031;0.02159999;0.02159999;0.02159999;55;55;55;55;1;61925;0.0002;0.0007;61925;61925;0
"System.Core.dll!System.Collections.Generic::HashSet`1.IncreaseCapacity()";0.0215;0.0215;0.0215;60537;60537;60537;10;10;0.0215000007301569;0.0215;0.0215;0.0215;1;1;1;1;1;60537;0.0215;0.0215;60537;60537;0
"Assembly-CSharp.dll!::WaveStartButtonView.Lock()";0.0215;0.0215;0.0215;61925;61925;61925;18;18;0.0215000007301569;0.0215;0.0215;0.0215;1;1;1;1;1;61925;0.0215;0.0215;61925;61925;0
"mscorlib.dll!System::IntPtr.op_Equality()";0.02149998;0;0.348201;61384;62107;61570;5;50;54.184096580495;0.02709205;0.01289999;0.03550003;809491;359;4;1630;2000;60314;0;0.2039;60314;60426;0.02119997
"mscorlib.dll!System::Array.InternalArray__ICollection_get_Count()";0.02149997;0.02149997;0.02149997;61925;61925;61925;38;53;0.0214999709278345;0.02149997;0.02149997;0.02149997;367;367;367;367;1;61925;0;0.0001;61925;61925;0
"Unity.TextMeshPro.dll!TMPro::TMP_Text.PopulateTextBackingArray()";0.0214;0.0026;0.2774;61220;60727;60538;12;26;44.3199991476722;0.02773467;0.012;0.0354;35308;18;2;70;1598;60314;0.0006;0.0272;60381;60681;0.0266
"UnityEngine.UI.dll!UnityEngine.UI::MaskUtilities.GetStencilDepth()";0.0214;0.0193;0.1142;60815;60846;62046;15;15;0.635699974372983;0.03531666;0.0197;0.03;58;2;2;12;18;60318;0.0042;0.0311;60642;61925;0
"UnityEngine.CoreModule.dll!UnityEngine::Texture.ValidateFormat()";0.0214;0.0214;0.0296;61165;61165;61686;19;19;0.0509999990463257;0.0255;0.0214;0.0214;2;1;1;1;2;61165;0.0214;0.0296;61165;61686;0
"Assembly-CSharp.dll!::TowerChargeGaugeView.LateUpdate()";0.0214;0.0095;0.3623;61670;61454;60542;4;4;47.5460997093469;0.03423045;0.0139;0.0384;3774;2;1;9;1389;60314;0.008;0.1029;60454;61512;0.0203
"UnityEngine.CoreModule.dll!UnityEngine::SystemInfo.SupportsTextureFormat()";0.0212;0.0212;0.0292;61165;61165;61686;20;20;0.0504000000655651;0.0252;0.0212;0.0212;2;1;1;1;2;61165;0.0212;0.0292;61165;61686;0
"mscorlib.dll!System.IO::StreamWriter.Write()";0.021;0.021;0.021;61925;61925;61925;21;22;0.0209999997168779;0.021;0.021;0.021;6;6;6;6;1;61925;0.0025;0.0044;61925;61925;0
"UnityEngine.UI.dll!UnityEngine.UI::LayoutUtility.GetMinSize()";0.021;0.021;0.021;62046;62046;62046;16;16;0.0209999997168779;0.021;0.021;0.021;4;4;4;4;1;62046;0.0035;0.0066;62046;62046;0
"Unity.TextMeshPro.dll!TMPro::TMP_MeshInfo.Clear()";0.0209;0.0031;0.2687;61535;61847;60538;13;15;43.1357000020798;0.02699355;0.0116;0.0348;17653;9;1;35;1598;60314;0.0013;0.045;61925;61154;0.0248
"mscorlib.dll!System.Collections.ObjectModel::KeyedCollection`2.Contains()";0.0209;0.0209;0.0209;61925;61925;61925;37;40;0.0208999998867512;0.0209;0.0209;0.0209;20;20;20;20;1;61925;0.0007;0.0022;61925;61925;0
"mscorlib.dll!System::DateTimeFormat.Format()";0.0209;0.0209;0.0209;61925;61925;61925;21;22;0.0208999998867512;0.0209;0.0209;0.0209;2;2;2;2;1;61925;0.0103;0.0106;61925;61925;0
"UnityEngine.UI.dll!UnityEngine.UI::LayoutGroup.SetDirty()";0.0209;0.0209;0.0209;62046;62046;62046;10;10;0.0208999998867512;0.0209;0.0209;0.0209;1;1;1;1;1;62046;0.0209;0.0209;62046;62046;0
"mscorlib.dll!Mono::SafeStringMarshal.StringToUtf8_icall()";0.0209;0.0209;0.0209;61925;61925;61925;42;51;0.020899998024106;0.0209;0.0209;0.0209;60;60;60;60;1;61925;0.0002;0.0011;61925;61925;0
"UnityEngine.UI.dll!UnityEngine.UI.Collections::IndexedSet`1.DisableItem()";0.0208;0.0112;0.1863999;60347;61794;62046;15;31;0.781099925749004;0.02789643;0.0185;0.0264;247;6;6;67;28;60347;0.0005;0.0118;60557;60608;0
"mscorlib.dll!System.Collections.Generic::ValueListBuilder`1.AsSpan()";0.0208;0.0208;0.0208;61925;61925;61925;26;34;0.0207999981939793;0.0208;0.0208;0.0208;30;30;30;30;1;61925;0.0004;0.0012;61925;61925;0
"mscorlib.dll!System::IntPtr.op_Explicit()";0.02079997;0;0.2913018;61366;62087;61570;4;56;52.1359890131862;0.02606799;0.01259999;0.03410001;801726;355;5;1619;2000;60314;0;0.1049;60314;60505;0.02029997
"Assembly-CSharp.dll!::ProjectileVfx.Update()";0.0206;0.004;0.5887;61012;60879;60538;4;4;57.7967008315027;0.03667303;0.0132;0.0499;14855;5;1;33;1576;60314;0.0023;0.0973;60324;60415;0.0184
"UnityEngine.CoreModule.dll!UnityEngine::MonoBehaviour.StartCoroutineManaged()";0.0206;0.017;0.0617;61493;60399;60429;10;17;0.458300000056624;0.02546111;0.0199;0.0226;22;1;1;3;18;60318;0.0139;0.0322;60524;60349;0
"UnityEngine.UI.dll!UnityEngine.UI::LayoutUtility.GetMinHeight()";0.0205;0.0205;0.0205;62046;62046;62046;17;17;0.0205000005662441;0.0205;0.0205;0.0205;4;4;4;4;1;62046;0.0035;0.0065;62046;62046;0
"UnityEngine.UI.dll!UnityEngine.EventSystems::ExecuteEvents.GetEventList()";0.0205;0.0004;0.1322;62061;60777;62143;8;17;6.39889999674051;0.02611796;0.014;0.0309;748;2;1;12;245;60341;0.0002;0.081;60777;60681;0
"mscorlib.dll!System.Collections.ObjectModel::Collection`1.get_Item()";0.02049999;0.02049999;0.02049999;61925;61925;61925;29;34;0.0204999875277281;0.02049999;0.02049999;0.02049999;64;64;64;64;1;61925;0.0001;0.0019;61925;61925;0
"mscorlib.dll!Mono::RuntimeGPtrArrayHandle..ctor()";0.02049999;0.02049999;0.02049999;61925;61925;61925;40;54;0.0204999856650829;0.02049999;0.02049999;0.02049999;102;102;102;102;1;61925;0.0001;0.0017;61925;61925;0
"Unity.ResourceManager.dll!UnityEngine.ResourceManagement.Profiling::ProfilerRuntime.ShouldUpdateFrameDataWithOperationData()";0.0204;0.0168;0.1558;60846;60605;61871;9;9;42.6866007000208;0.02464584;0.019;0.026;15588;9;9;9;1732;60314;0.0015;0.0375;60331;61266;0.0251
"UnityEngine.CoreModule.dll!UnityEngine::Object.GetInstanceID()";0.0204;0.0003;0.2843003;61502;61901;60538;6;32;42.8638023245439;0.02665659;0.01;0.0332;127433;63;1;264;1608;60314;0.0002;0.2047;60314;60426;0.02789999
"mscorlib.dll!System::String.CreateTrimmedString()";0.02039997;0.02039997;0.02039997;61925;61925;61925;23;35;0.0203999727964401;0.02039997;0.02039997;0.02039997;344;344;344;344;1;61925;0;0.0001;61925;61925;0
"Physics2D.RaycastAll";0.0203;0.0056;0.1166;60381;61848;61570;10;20;29.1681998088025;0.02293097;0.0137;0.0285;2418;2;1;4;1272;60314;0.0032;0.1148;61628;61366;0.0135
"System.Core.dll!System.Linq::Lookup`2.InternalGetHashCode()";0.0202;0.0202;0.0202;61925;61925;61925;41;44;0.0202000048011541;0.0202;0.0202;0.0202;40;40;40;40;1;61925;0.0003;0.0023;61925;61925;0
"Newtonsoft.Json.dll!Newtonsoft.Json::JsonTextWriter.WriteValueDelimiter()";0.0202;0.0202;0.0202;61925;61925;61925;33;38;0.0201999954879284;0.0202;0.0202;0.0202;55;55;55;55;1;61925;0.0002;0.0012;61925;61925;0
"mscorlib.dll!System::RuntimeType.FilterApplyConstructorInfo()";0.0201;0.0201;0.0201;61925;61925;61925;38;52;0.0200999993830919;0.0201;0.0201;0.0201;31;31;31;31;1;61925;0.0002;0.0034;61925;61925;0
"UnityEngine.UI.dll!UnityEngine.UI::LayoutGroup.CalculateLayoutInputHorizontal()";0.0201;0.0201;0.0201;62046;62046;62046;14;14;0.0200999993830919;0.0201;0.0201;0.0201;1;1;1;1;1;62046;0.0201;0.0201;62046;62046;0
"UnityEngine.UI.dll!UnityEngine.UI::LayoutUtility.GetFlexibleHeight()";0.0201;0.0201;0.0201;62046;62046;62046;17;17;0.0200999993830919;0.0201;0.0201;0.0201;4;4;4;4;1;62046;0.0041;0.0067;62046;62046;0
"Destroy";0.02;0.0118;21.9231;60599;60558;62046;4;14;24.3897956982255;0.2158389;0.0172;0.0241;167;1;1;49;113;60314;0;15.1789;62046;62046;0
"Assembly-CSharp.dll!::Enemy.ApplyVisualFromData()";0.02;0.0191;0.0567;60815;61463;60429;9;14;0.389199998229742;0.02594667;0.0195;0.0237;38;2;2;6;15;60318;0.0071;0.0192;60429;61373;0
"Unity.TextMeshPro.dll!TMPro::TMP_UpdateManager.InternalUnRegisterTextElementForGraphicRebuild()";0.0199;0.0053;0.1542;60623;60727;61154;14;14;5.6635999744758;0.02451775;0.013;0.0285;307;1;1;6;231;60315;0.0044;0.0818;61834;60542;0.0376
"UnityEngine.CoreModule.dll!UnityEngine::Mathf.Approximately()";0.0199;0.0035;0.2655;61501;62096;61266;5;24;43.4125014375895;0.02170625;0.0173;0.0233;30185;16;2;24;2000;60314;0.0007;0.1762;60333;61266;0.025
"UnityEngine.UI.dll!UnityEngine.EventSystems::BaseInputModule.get_input()";0.0199;0.0074;0.3704;61200;62096;62046;6;10;48.9539985721931;0.024477;0.0174;0.0245;44206;22;6;24;2000;60314;0.0006;0.3617;60353;62046;0.0331
"QueuePrepareIntegrateMainThreadObjects";0.0198;0;0.2001;61630;61995;60538;6;6;41.81889978244;0.02414486;0.0138;0.0296;1732;1;1;1;1732;60314;0;0.2001;61995;60538;0.0212
"Newtonsoft.Json.dll!Newtonsoft.Json.Utilities::ReflectionUtils.CanSetMemberValue()";0.0198;0.0198;0.0198;61925;61925;61925;37;40;0.0197999998927116;0.0198;0.0198;0.0198;20;20;20;20;1;61925;0.0009;0.0015;61925;61925;0
"UnityEngine.CoreModule.dll!UnityEngine::Behaviour.get_isActiveAndEnabled()";0.01970001;0.0004;0.4621002;61791;62293;61570;5;30;58.5912978350243;0.0293103;0.0079;0.04280001;146334;51;1;627;1999;60314;0.0002;0.3104;60314;61613;0.0217
"UnityEngine.CoreModule.dll!UnityEngine::RectTransform.SendReapplyDrivenProperties()";0.0196;0.0085;0.4884;60914;61555;62046;10;26;12.7683000778779;0.03192075;0.0117;0.0361;818;1;1;31;400;60314;0.0082;0.0778;60398;61089;0.0283
"UnityEngine.CoreModule.dll!UnityEngine::Texture2D.Internal_Create()";0.0196;0.0196;0.0249;61165;61165;61686;18;18;0.0445000007748604;0.02225;0.0196;0.0196;2;1;1;1;2;61165;0.0196;0.0249;61165;61686;0
"UnityEngine.CoreModule.dll!UnityEngine::MonoBehaviour.StartCoroutineManaged_Injected()";0.0195;0.0157;0.0582;61493;60399;60429;11;18;0.431500000879169;0.02397222;0.0189;0.0215;22;1;1;3;18;60318;0.0128;0.0306;60524;60349;0
"TMP.UnregisterTextElementForGraphicRebuild";0.0194;0.0049;0.1471;60608;60727;61154;15;15;5.51059997500852;0.02385541;0.0126;0.028;307;1;1;6;231;60315;0.0042;0.0801;61834;60542;0.0367
"UnityEngine.CoreModule.dll!UnityEngine::SystemInfo.IsValidEnumValue()";0.0194;0.0194;0.0274;61165;61165;61686;21;21;0.0468000005930662;0.0234;0.0194;0.0194;2;1;1;1;2;61165;0.0194;0.0274;61165;61686;0
"UnityEngine.CoreModule.dll!UnityEngine::Mesh.set_vertices()";0.0194;0.0021;0.271;60960;61847;60538;13;17;41.5299999162089;0.02598874;0.0119;0.0332;17662;9;1;35;1598;60314;0.0014;0.0865;60486;60847;0.0233
"UnityEngine.CoreModule.dll!UnityEngine::Material.GetTexture()";0.0194;0.0194;0.0194;62046;62046;62046;11;12;0.0193999968469143;0.0194;0.0194;0.0194;15;15;15;15;1;62046;0.0005;0.0031;62046;62046;0
"UnityEngine.CoreModule.dll!UnityEngine::Texture2D.Internal_CreateImpl()";0.0193;0.0193;0.0245;61165;61165;61686;19;19;0.0438000001013279;0.0219;0.0193;0.0193;2;1;1;1;2;61165;0.0193;0.0245;61165;61686;0
"Assembly-CSharp.dll!::ChainLightning.ApplyHopPointsToLines()";0.0193;0.0161;0.1524;61495;60363;61089;6;22;10.0578999500722;0.02514475;0.0182;0.0251;400;1;1;1;400;60363;0.0161;0.1524;60363;61089;0
"mscorlib.dll!System.IO::Path.CleanPath()";0.0193;0.0193;0.0193;61925;61925;61925;21;29;0.0192999988794327;0.0193;0.0193;0.0193;11;11;11;11;1;61925;0.0003;0.004;61925;61925;0
"System.Core.dll!System.Collections.Generic::LargeArrayBuilder`1.AddWithBufferAllocation()";0.0193;0.0193;0.0193;61925;61925;61925;45;51;0.0192999988794327;0.0193;0.0193;0.0193;15;15;15;15;1;61925;0.0008;0.003;61925;61925;0
"Unity.TextMeshPro.dll!TMPro::ShaderUtilities.IsMaskingEnabled()";0.0193;0.0193;0.0193;62046;62046;62046;12;12;0.0192999988794327;0.0193;0.0193;0.0193;5;5;5;5;1;62046;0.0038;0.004;62046;62046;0
"mscorlib.dll!System.Collections.Concurrent::ConcurrentDictionary`2.GetBucket()";0.01929997;0.01929997;0.01929997;61925;61925;61925;32;52;0.0192999746650457;0.01929997;0.01929997;0.01929997;329;329;329;329;1;61925;0;0.0001;61925;61925;0
"Assembly-CSharp.dll!::LaserBehavior.EnableLaser()";0.0192;0.0044;0.0824;61131;60524;60542;6;16;1.88110000500455;0.02187326;0.0114;0.0261;125;1;1;22;86;60345;0.0026;0.0824;62046;60542;0
"mscorlib.dll!System::Enum.IsDefined()";0.0192;0.0192;0.0272;61165;61165;61686;22;22;0.046399999409914;0.0232;0.0192;0.0192;2;1;1;1;2;61165;0.0192;0.0272;61165;61686;0
"mscorlib.dll!System::RuntimeType.FilterApplyMethodBase()";0.01919999;0.01919999;0.01919999;61925;61925;61925;39;53;0.0191999860107899;0.01919999;0.01919999;0.01919999;129;129;129;129;1;61925;0;0.003;61925;61925;0
"Unity.TextMeshPro.dll!TMPro::TextMeshProUGUI.SetVerticesDirty()";0.0191;0.0064;0.0674;60608;60474;61925;7;26;0.875099999364465;0.0218775;0.0172;0.0245;94;2;1;9;40;60347;0.0048;0.0251;61925;61111;0
"mscorlib.dll!System.Globalization::CharUnicodeInfo.IsWhiteSpace()";0.0191;0.0108;0.0411;60642;61925;62046;16;34;0.0710000013932586;0.02366667;0.0108;0.0191;53;15;5;33;3;60642;0.0011;0.0027;60642;61925;0
"mscorlib.dll!System.Collections.Concurrent::ConcurrentDictionary`2.ReleaseLocks()";0.0191;0.0191;0.0191;61925;61925;61925;36;48;0.0190999992191792;0.0191;0.0191;0.0191;11;11;11;11;1;61925;0.0003;0.0067;61925;61925;0
"Unity.ResourceManager.dll!UnityEngine.ResourceManagement.Util::LocationCacheKey.GetHashCode()";0.0191;0.0191;0.0191;62046;62046;62046;18;23;0.0190999992191792;0.0191;0.0191;0.0191;12;12;12;12;1;62046;0.0011;0.003;62046;62046;0
"Assembly-CSharp.dll!::TowerChargeGaugeView.SnapToHost()";0.019;0.0087;0.3231;61748;60750;60542;5;18;42.8617998100817;0.03085803;0.0123;0.0346;3824;2;1;11;1389;60314;0.0072;0.0949;60454;61512;0.0179
"mscorlib.dll!System::RuntimeType.GetFields_native()";0.019;0.019;0.019;61925;61925;61925;40;46;0.0190000012516975;0.019;0.019;0.019;28;28;28;28;1;61925;0.0003;0.0019;61925;61925;0
"UnityEngine.CoreModule.dll!UnityEngine::GameObject.GetComponentInParent()";0.019;0.0105;0.0464;62239;62047;62070;10;12;0.41669999435544;0.02193158;0.0145;0.0222;57;3;3;3;19;60341;0.0032;0.0162;62047;62070;0
"System.Core.dll!System.Collections.Generic::HashSet`1.SetCapacity()";0.019;0.019;0.019;60537;60537;60537;11;11;0.0189999993890524;0.019;0.019;0.019;1;1;1;1;1;60537;0.019;0.019;60537;60537;0
"UnityEngine.UI.dll!UnityEngine.UI::LayoutRebuilder.ReapplyDrivenProperties()";0.019;0.0081;0.4835;60914;61555;62046;11;27;12.4720999076962;0.03118025;0.0112;0.0352;818;1;1;31;400;60314;0.0081;0.0762;60398;61089;0.0277
"UnityEngine.CoreModule.dll!UnityEngine::Texture2D.Internal_CreateImpl_Injected()";0.019;0.019;0.024;61165;61165;61686;20;20;0.0429999995976686;0.0215;0.019;0.019;2;1;1;1;2;61165;0.019;0.024;61165;61686;0
"Assembly-CSharp.dll!::ProjectileVfx.StopVisuals()";0.0189;0.0106;0.1168;60344;61207;60681;7;20;4.33229999151081;0.02609819;0.0154;0.0297;641;3;2;12;166;60328;0.003;0.0517;60435;60681;0
"mscorlib.dll!System::RuntimeType.IsEnumDefined()";0.0188;0.0188;0.026;61165;61165;61686;23;23;0.0448000002652407;0.0224;0.0188;0.0188;2;1;1;1;2;61165;0.0188;0.026;61165;61686;0
"mscorlib.dll!Mono::SafeGPtrArrayHandle.get_Length()";0.01879999;0.01879999;0.01879999;61925;61925;61925;39;53;0.0187999866902828;0.01879999;0.01879999;0.01879999;102;102;102;102;1;61925;0.0001;0.0006;61925;61925;0
"UnityEngine.CoreModule.dll!UnityEngine::Transform.get_localRotation_Injected()";0.01879998;0.0003;0.1414;60672;62055;61216;8;20;38.7487773603352;0.01937439;0.01489999;0.02399998;183148;103;2;121;2000;60314;0;0.1015;60314;61216;0.01769999
"TMP Handle Horizontal Line Breaking";0.0187;0.0187;0.0187;61925;61925;61925;16;16;0.0186999998986721;0.0187;0.0187;0.0187;3;3;3;3;1;61925;0.0049;0.008;61925;61925;0
"mscorlib.dll!System.Collections.Generic::List`1.Insert()";0.01869999;0.01869999;0.01869999;61925;61925;61925;39;43;0.0186999943107367;0.01869999;0.01869999;0.01869999;40;40;40;40;1;61925;0.0001;0.0018;61925;61925;0
"PreLateUpdate.ParticleSystemBeginUpdateAll";0.0186;0.0034;0.1587;60395;62047;61049;2;2;37.8670998013113;0.01893355;0.01;0.0235;2000;1;1;1;2000;60314;0.0034;0.1587;62047;61049;0.025
"Assembly-CSharp.dll!::ChainLightning.ApplyPoints()";0.0186;0.0155;0.1495;60477;60363;61089;7;23;9.71759993396699;0.024294;0.0175;0.0241;1200;3;3;3;400;60363;0.005;0.0859;60363;61089;0
"TilemapRenderer.CheckDirtyChunks";0.0185;0.0131;0.1089;61129;60560;61154;4;4;35.0410998929292;0.02023158;0.0152;0.0219;5196;3;3;3;1732;60314;0.0009;0.076;60376;61902;0.0214
"mscorlib.dll!System.Globalization::CharUnicodeInfo.InternalGetCategoryValue()";0.0183;0.0086;0.04000001;60642;61925;62046;18;37;0.0669000130146742;0.0223;0.0086;0.0183;69;20;5;44;3;60642;0.0008;0.0023;60642;61925;0
"Unity.TextMeshPro.dll!TMPro::MaterialReference..ctor()";0.0183;0.002;0.2792;60956;61966;61159;12;27;38.5948005979881;0.02415194;0.0094;0.0304;35308;18;2;70;1598;60314;0.0007;0.1301;60316;61159;0.0242
"ParticleSystem.Update";0.0183;0.0034;0.158;61046;62047;61049;3;10;37.1937998032663;0.0185969;0.0097;0.0231;2001;1;1;2;2000;60314;0.0034;0.158;62047;61049;0.0247
"mscorlib.dll!System::Buffer.InternalMemcpy()";0.01829998;0.0011;0.3067009;61235;61888;60538;11;43;48.3793295739451;0.02420177;0.006499997;0.03179996;575279;210;8;1568;1999;60314;0;0.1515;60314;60681;0.02719996
"Physics2D.ContactsCollide";0.0182;0.0051;0.2405;61085;61968;60546;5;5;36.8941998314112;0.02547942;0.0119;0.0311;1457;1;1;2;1448;60314;0.0051;0.2405;61928;60546;0.0217
"mscorlib.dll!System.IO::FileStream.InitBuffer()";0.0182;0.0182;0.0182;61925;61925;61925;27;28;0.0181999988853931;0.0182;0.0182;0.0182;6;6;6;6;1;61925;0.0021;0.0035;61925;61925;0
"UnityEngine.IMGUIModule.dll!UnityEngine::GUIUtility.EndGUI()";0.0181;0.0142;0.1372;61504;60371;61088;4;5;36.0460000205785;0.02081178;0.0159;0.0219;3538;2;2;6;1732;60314;0.0015;0.1152;60400;61088;0.0261
"Newtonsoft.Json.dll!Newtonsoft.Json.Serialization::DefaultContractResolver.IsConcurrentOrObservableCollection()";0.0181;0.0181;0.0181;61925;61925;61925;39;42;0.0181000009179115;0.0181;0.0181;0.0181;10;10;10;10;1;61925;0.0003;0.0081;61925;61925;0
"UnityEngine.CoreModule.dll!::<>c.<.cctor>b__5_0()";0.0181;0.0181;0.0181;62095;62095;62095;10;10;0.0180999990552664;0.0181;0.0181;0.0181;1;1;1;1;1;62095;0.0181;0.0181;62095;62095;0
"Assembly-CSharp.dll!::TowerChargeGaugeView.Hide()";0.018;0.0043;0.1706;60350;60675;62046;6;20;1.23869998473674;0.02030656;0.0118;0.0219;102;1;1;22;61;60344;0.0042;0.0444;61689;61593;0
"UnityEngine.CoreModule.dll!UnityEngine::Mesh.Clear()";0.018;0.0059;0.1417;61781;60638;61570;14;17;26.3230998632498;0.02027974;0.0144;0.0228;2520;2;1;12;1298;60314;0.0008;0.0689;62046;61247;0.0142
"Newtonsoft.Json.dll!Newtonsoft.Json.Utilities::ReflectionUtils.IsNullableType()";0.0179;0.0179;0.0179;61925;61925;61925;35;41;0.017900001257658;0.0179;0.0179;0.0179;16;16;16;16;1;61925;0.0004;0.004;61925;61925;0
"Newtonsoft.Json.dll!Newtonsoft.Json.Utilities::TypeExtensions.IsEnum()";0.0179;0.0179;0.0179;61925;61925;61925;37;41;0.017900001257658;0.0179;0.0179;0.0179;7;7;7;7;1;61925;0.0015;0.0048;61925;61925;0
"mscorlib.dll!System.Collections::Hashtable.ContainsKey()";0.0179;0.0179;0.0179;61925;61925;61925;41;49;0.0178999993950129;0.0179;0.0179;0.0179;14;14;14;14;1;61925;0.0008;0.0024;61925;61925;0
"mscorlib.dll!System::OrdinalCaseSensitiveComparer.GetHashCode()";0.0178;0.0178;0.0178;61925;61925;61925;40;45;0.0178000014275312;0.0178;0.0178;0.0178;58;58;58;58;1;61925;0.0002;0.0005;61925;61925;0
"UnityEngine.CoreModule.dll!UnityEngine::Material.GetTextureImpl()";0.0178;0.0178;0.0178;62046;62046;62046;12;13;0.0177999977022409;0.0178;0.0178;0.0178;15;15;15;15;1;62046;0.0004;0.0025;62046;62046;0
"mscorlib.dll!System.Collections.Generic::ArraySortHelper`1.Sort()";0.0177;0.007;0.9489;60707;62134;61925;11;45;3.93519998947158;0.02538839;0.016;0.022;310;2;2;2;155;60343;0.0028;0.9454;62134;61925;0
"UnityEngine.CoreModule.dll!UnityEngine::Mesh.ClearImpl()";0.0177;0.0058;0.1376;61289;60475;61570;15;18;25.8585998578928;0.01992188;0.0142;0.0223;2520;2;1;12;1298;60314;0.0008;0.0673;62046;61247;0.014
"UnityEngine.UI.dll!UnityEngine.UI::Graphic.SetVerticesDirty()";0.0176;0.0062;0.1402;61378;61223;61512;10;28;26.4443998397328;0.0203106;0.0119;0.0245;2732;2;1;12;1302;60314;0.0005;0.07;62046;61866;0.0087
"Unity.TextMeshPro.dll!TMPro::MaterialReference.AddMaterialReference()";0.0176;0.0022;0.2481;60651;61843;60538;14;27;36.9445997287985;0.02311927;0.0095;0.0293;17654;9;1;35;1598;60314;0.0015;0.0301;60316;61083;0.0235
"Assembly-CSharp.dll!::Projectile.IsOffCamera()";0.0175;0.0057;0.2267;61909;60844;60538;5;5;25.6342998226173;0.02912989;0.0107;0.0451;3855;2;1;12;880;60314;0.004;0.1414;60370;61866;0
"AssetBundle.UnloadAsync.Integrate.CleanupStorage";0.0175;0.0175;0.0175;62046;62046;62046;8;8;0.0175000000745058;0.0175;0.0175;0.0175;3;3;3;3;1;62046;0.0043;0.0078;62046;62046;0
"Unity.ResourceManager.dll!::<>c__DisplayClass12_0.<Release>b__0()";0.0175;0.0175;0.0175;62046;62046;62046;8;8;0.0175000000745058;0.0175;0.0175;0.0175;3;3;3;3;1;62046;0.0011;0.0151;62046;62046;0
"mscorlib.dll!System.Reflection::FieldInfo.get_marshal_info()";0.01749998;0.01749998;0.01749998;61925;61925;61925;41;57;0.0174999795854092;0.01749998;0.01749998;0.01749998;200;200;200;200;1;61925;0;0.0004;61925;61925;0
"UnityEngine.CoreModule.dll!UnityEngine::Transform.GetChild()";0.0174;0.0174;0.0174;62046;62046;62046;12;15;0.017400000244379;0.0174;0.0174;0.0174;10;10;10;10;1;62046;0.0014;0.0024;62046;62046;0
"Unity.TextMeshPro.dll!TMPro::TextMeshProUGUI.ComputeMarginSize()";0.0173;0.0065;0.0385;60642;61925;62046;10;25;0.0623000003397465;0.02076667;0.0065;0.0173;12;3;1;8;3;60642;0.0041;0.0069;62046;60642;0
"UnityEngine.UI.dll!UnityEngine.UI::Graphic.get_depth()";0.0173;0.006;0.2041;61708;62073;61266;11;18;38.9498007521033;0.02040325;0.0138;0.0216;50169;26;13;41;1909;60314;0.0004;0.1667;60316;60342;0.027
"mscorlib.dll!System.Text::StringBuilder..ctor()";0.0173;0.0173;0.0173;61925;61925;61925;23;37;0.0173000004142523;0.0173;0.0173;0.0173;14;14;14;14;1;61925;0.0001;0.0024;61925;61925;0
"Newtonsoft.Json.dll!Newtonsoft.Json::JsonWriter.Dispose()";0.0173;0.0173;0.0173;61925;61925;61925;24;26;0.0173000004142523;0.0173;0.0173;0.0173;6;6;6;6;1;61925;0.0023;0.0038;61925;61925;0
"UnityEngine.CoreModule.dll!UnityEngine::Material.get_shaderKeywords()";0.0173;0.0173;0.0173;62046;62046;62046;13;14;0.0172999985516071;0.0173;0.0173;0.0173;25;25;25;25;1;62046;0.0005;0.0028;62046;62046;0
"UnityEngine.CoreModule.dll!UnityEngine::Mesh.ClearImpl_Injected()";0.0172;0.0052;0.1299;60345;61249;61570;16;19;24.9092998700216;0.01919052;0.0138;0.0216;2520;2;1;12;1298;60314;0.0005;0.0647;62046;61252;0.0136
"Assembly-CSharp.dll!::EnemyHpViewer.ClearForPool()";0.0172;0.0146;0.3558;60392;61794;61925;12;20;0.815900001674891;0.032636;0.0156;0.0202;26;1;1;2;25;60347;0.0145;0.3558;61689;61925;0
"Assembly-CSharp.dll!::Enemy.ClearForPool()";0.0172;0.0142;0.072;60524;61794;61925;11;19;0.504599995911121;0.020184;0.0156;0.0189;26;1;1;2;25;60347;0.013;0.072;61689;61925;0
"mscorlib.dll!System::RuntimeTypeHandle.GetGenericTypeDefinition()";0.0172;0.0172;0.0172;61925;61925;61925;38;42;0.0172000005841255;0.0172;0.0172;0.0172;24;24;24;24;1;61925;0.0002;0.0023;61925;61925;0
"mscorlib.dll!System::Activator.CreateInstance()";0.0172;0.0172;0.1601;62095;62095;61925;11;50;0.177299998700619;0.08865;0.0172;0.0172;7;1;1;6;2;61925;0.0075;0.0407;61925;61925;0
"Unity.TextMeshPro.dll!TMPro::TMP_TextInfo..ctor()";0.0172;0.0172;0.0172;62046;62046;62046;10;10;0.0171999987214804;0.0172;0.0172;0.0172;5;5;5;5;1;62046;0.0023;0.007;62046;62046;0
"Assembly-CSharp.dll!::<AttackThenSearch>d__14.MoveNext()";0.0171;0.0009;0.7431;61662;60488;61089;5;15;20.4178998551797;0.07344569;0.0021;0.0702;407;1;1;7;278;60325;0.0006;0.6846;60526;61089;0
"Newtonsoft.Json.dll!Newtonsoft.Json.Serialization::JsonSerializerInternalWriter.IsSpecified()";0.0171;0.0171;0.0171;61925;61925;61925;30;35;0.0170999951660633;0.0171;0.0171;0.0171;64;64;64;64;1;61925;0.0001;0.002;61925;61925;0
"mscorlib.dll!System.Collections.Generic::ArraySortHelper`1.IntrospectiveSort()";0.017;0.0064;0.9472;60669;62134;61925;12;46;3.80789999384433;0.0245671;0.0154;0.0211;310;2;2;2;155;60343;0.0025;0.9444;62134;61925;0
"mscorlib.dll!Mono::RuntimeGPtrArrayHandle.get_Length()";0.01699998;0.01699998;0.01699998;61925;61925;61925;40;56;0.0169999785721302;0.01699998;0.01699998;0.01699998;289;289;289;289;1;61925;0;0.0001;61925;61925;0
"EnlightenRuntimeManager.SyncRuntimeData";0.0169;0.0169;0.0169;62046;62046;62046;10;11;0.0168999992311001;0.0169;0.0169;0.0169;2;2;2;2;1;62046;0.0072;0.0097;62046;62046;0
"UnityEngine.UI.dll!UnityEngine.UI::LayoutRebuilder.MarkLayoutRootForRebuild()";0.0169;0.0169;0.0169;62046;62046;62046;12;21;0.0168999992311001;0.0169;0.0169;0.0169;4;4;4;4;1;62046;0.0028;0.0053;62046;62046;0
"mscorlib.dll!System.Reflection::FieldInfo.get_IsStatic()";0.01689999;0.01689999;0.01689999;61925;61925;61925;33;38;0.0168999917805195;0.01689999;0.01689999;0.01689999;64;64;64;64;1;61925;0.0001;0.0027;61925;61925;0
"UnityEngine.CoreModule.dll!Unity.Collections.LowLevel.Unsafe::UnsafeUtility.As()";0.01689998;0;0.2748017;61599;62083;61570;8;36;42.0782185362332;0.02103911;0.01069999;0.02689997;635699;285;3;1302;2000;60314;0;0.1077;60314;60865;0.01439998
"mscorlib.dll!Mono.Globalization.Unicode::SimpleCollator.Level2()";0.0168;0.0168;0.0168;61925;61925;61925;33;41;0.0167999994009733;0.0168;0.0168;0.0168;36;36;36;36;1;61925;0.0002;0.0013;61925;61925;0
"mscorlib.dll!System.Runtime.InteropServices::GCHandle.CanDereferenceHandle()";0.01679998;0;0.2637018;61302;62085;61570;8;36;42.5868186536172;0.02129341;0.01089999;0.02669996;613073;271;3;1275;2000;60314;0;0.2158;60314;61244;0.01309999
"System.Core.dll!System.Linq::Enumerable.Any()";0.0167;0.0167;0.0167;61925;61925;61925;40;44;0.0166999995708466;0.0167;0.0167;0.0167;15;15;15;15;1;61925;0.0005;0.0019;61925;61925;0
"mscorlib.dll!System.Reflection::FieldInfo.get_MemberType()";0.01669998;0.01669998;0.01669998;61925;61925;61925;33;52;0.0166999828070402;0.01669998;0.01669998;0.01669998;304;304;304;304;1;61925;0;0.0014;61925;61925;0
"TilemapRenderer.CameraBoundsCheck";0.0166;0.0113;0.2688;60948;60446;61159;4;4;33.1422998746857;0.01913528;0.0146;0.0195;5196;3;3;3;1732;60314;0.0017;0.1894;60662;61159;0.018
"System.Core.dll!System.Linq::Enumerable.Where()";0.0166;0.0166;0.0166;61925;61925;61925;36;43;0.0165999997407198;0.0166;0.0166;0.0166;9;9;9;9;1;61925;0.0006;0.0032;61925;61925;0
"mscorlib.dll!System::Array.Resize()";0.0166;0.0103;0.0322;62046;60824;61925;15;45;0.0590999983251095;0.0197;0.0103;0.0166;49;7;7;35;3;60824;0;0.0053;61925;62046;0
"UnityEngine.UI.dll!UnityEngine.UI::Image.get_multipliedPixelsPerUnit()";0.0165;0.0077;0.2822;61397;60605;61570;15;15;26.5289000337943;0.02043829;0.0104;0.0245;5014;4;2;16;1298;60314;0.0035;0.0697;60318;61433;0.0084
"Newtonsoft.Json.dll!Newtonsoft.Json.Serialization::JsonPrimitiveContract..ctor()";0.0165;0.0165;0.0165;61925;61925;61925;36;36;0.016499999910593;0.0165;0.0165;0.0165;1;1;1;1;1;61925;0.0165;0.0165;61925;61925;0
"System.Core.dll!System.Collections.Generic::HashSet`1.InternalGetHashCode()";0.0165;0.0017;6.879802;61426;61982;61031;8;34;41.6730012025218;0.02604563;0.009299999;0.02859998;96036;45;4;275;1600;60314;0.0002;6.8539;60314;61031;0.02419999
"Profiler.RequestScreenshot";0.0164;0.0123;0.2027;61601;62306;62141;5;5;2.95879998803139;0.02224662;0.0142;0.0204;133;1;1;1;133;60326;0.0123;0.2027;62306;62141;0
"UnityEngine.TextCoreFontEngineModule.dll!UnityEngine.TextCore.LowLevel::FontEngine.GetLigatureSubstitutionRecords()";0.0164;0.0164;0.0164;61925;61925;61925;22;23;0.0164000000804663;0.0164;0.0164;0.0164;4;4;4;4;1;61925;0.0028;0.0055;61925;61925;0
"mscorlib.dll!System.Reflection::RuntimeMethodInfo.GetMethodFromHandleNoGenericCheck()";0.0163;0.0163;0.1447001;62046;62046;61925;15;53;0.161000082269311;0.08050004;0.0163;0.0163;144;17;17;127;2;61925;0.0003;0.0043;62046;61925;0
"UnityEngine.UI.dll!UnityEngine.UI::Selectable.OnSelect()";0.0163;0.0156;0.0176;60680;62041;60356;16;16;0.0494999997317791;0.0165;0.0156;0.0163;3;1;1;1;3;60356;0.0156;0.0176;62041;60356;0
"UnityEngine.UI.dll!UnityEngine.UI.Collections::IndexedSet`1.Swap()";0.0162;0.0084;0.4672005;60557;60815;62046;13;34;1.36070048622787;0.03239763;0.0103;0.0291;327;3;2;121;42;60318;0.0031;0.0099;62046;62046;0
"UnityEngine.IMGUIModule.dll!UnityEngine::GUILayoutGroup..ctor()";0.0162;0.0128;0.1225;61158;61096;61088;6;7;31.7425999063998;0.01832714;0.0143;0.0191;3538;2;2;6;1732;60314;0.0036;0.0723;60635;61088;0.025
"mscorlib.dll!System::DefaultBinder.BindToMethod()";0.0162;0.0162;0.0162;61925;61925;61925;47;50;0.0162000004202127;0.0162;0.0162;0.0162;2;2;2;2;1;61925;0.0071;0.0091;61925;61925;0
"UnityEngine.UI.dll!UnityEngine.UI::MaskUtilities.FindRootSortOverrideCanvas()";0.0162;0.0144;0.086;60380;60876;62046;15;15;0.486899994313717;0.02705;0.0151;0.0223;58;2;2;12;18;60318;0.0063;0.0269;61433;61925;0
"mscorlib.dll!::ListBuilder`1.ToArray()";0.0161;0.0161;0.0161;61925;61925;61925;37;51;0.016100000590086;0.0161;0.0161;0.0161;38;38;38;38;1;61925;0.0001;0.001;61925;61925;0
"SceneManager.LoadSceneAsyncInto";0.0161;0.0161;0.0161;62045;62045;62045;24;24;0.016100000590086;0.0161;0.0161;0.0161;1;1;1;1;1;62045;0.0161;0.0161;62045;62045;0
"Newtonsoft.Json.dll!Newtonsoft.Json.Serialization::DefaultContractResolver.ShouldSkipDeserialized()";0.016;0.016;0.016;61925;61925;61925;38;41;0.0159999988973141;0.016;0.016;0.016;5;5;5;5;1;61925;0.0016;0.0084;61925;61925;0
"Newtonsoft.Json.dll!Newtonsoft.Json::JsonTextWriter.Close()";0.016;0.016;0.016;61925;61925;61925;25;27;0.0159999988973141;0.016;0.016;0.016;6;6;6;6;1;61925;0.0021;0.0035;61925;61925;0
"UnityEngine.UI.dll!UnityEngine.UI::CanvasUpdateRegistry.RegisterCanvasElementForGraphicRebuild()";0.0159;0.007;0.1625;60460;60526;62046;8;29;24.7309998911805;0.01890749;0.0107;0.0221;2947;2;1;48;1308;60314;0.0028;0.064;62046;60538;0.0077
"mscorlib.dll!System.Collections.Generic::ArraySortHelper`1.IntroSort()";0.0159;0.0055;0.9501;60677;62134;61925;13;47;3.63299997337162;0.02343871;0.0146;0.0199;311;2;2;3;155;60343;0.002;0.944;62134;61925;0
"UnityEngine.UI.dll!UnityEngine.UI::Image.get_pixelsPerUnit()";0.0159;0.0074;0.2746;61240;60578;61570;16;22;25.5705998651683;0.0197;0.01;0.0237;5016;4;2;16;1298;60314;0.0034;0.0695;60318;61433;0.0081
"UnityEngine.UI.dll!UnityEngine.UI::Image.get_preferredHeight()";0.0159;0.0159;0.0159;62046;62046;62046;21;21;0.0159000009298325;0.0159;0.0159;0.0159;2;2;2;2;1;62046;0.0078;0.0081;62046;62046;0
"Assembly-CSharp.dll!::WaveStartButtonView.SetBusy()";0.0159;0.0159;0.0159;61925;61925;61925;19;19;0.0158999990671873;0.0159;0.0159;0.0159;1;1;1;1;1;61925;0.0159;0.0159;61925;61925;0
"mscorlib.dll!System.Reflection::FieldInfo.get_IsLiteral()";0.01589999;0.01589999;0.01589999;61925;61925;61925;33;41;0.0158999934792519;0.01589999;0.01589999;0.01589999;84;84;84;84;1;61925;0.0001;0.0003;61925;61925;0
"UnityEngine.UI.dll!UnityEngine.UI::LayoutElement.OnEnable()";0.0158;0.0158;0.0158;62046;62046;62046;9;9;0.0157999992370605;0.0158;0.0158;0.0158;1;1;1;1;1;62046;0.0158;0.0158;62046;62046;0
"UnityEngine.CoreModule.dll!UnityEngine::Mathf.Abs()";0.01579999;0.0019;0.1490999;61261;62096;60538;5;25;36.6349782067118;0.01831749;0.01149999;0.02229998;160261;74;7;270;2000;60314;0.0001;0.0447;60314;60560;0.01899998
"mscorlib.dll!System.IO::PathInternal.TrimEndingDirectorySeparator()";0.0157;0.0157;0.0157;61925;61925;61925;24;32;0.0156999994069338;0.0157;0.0157;0.0157;18;18;18;18;1;61925;0.0006;0.0013;61925;61925;0
"Assembly-CSharp.dll!::Enemy.Update()";0.0156;0.0008;0.344;61113;60691;61758;4;4;29.3401000224403;0.01820106;0.005;0.0258;6267;4;1;10;1612;60314;0.0007;0.3308;60642;61758;0.009500001
"RenderForwardAlpha.Prepare";0.0156;0.0001;0.1476;61575;62046;60681;6;6;34.5377998383337;0.0172689;0.0138;0.0202;2000;1;1;1;2000;60314;0.0001;0.1476;62046;60681;0.0147
"Unity.Addressables.dll!::ResourceLocation.Hash()";0.0156;0.0156;0.0156;62046;62046;62046;19;24;0.015599999576807;0.0156;0.0156;0.0156;12;12;12;12;1;62046;0.001;0.002;62046;62046;0
"UnityEngine.UI.dll!UnityEngine.UI::LayoutElement.SetDirty()";0.0156;0.0156;0.0156;62046;62046;62046;10;10;0.015599999576807;0.0156;0.0156;0.0156;1;1;1;1;1;62046;0.0156;0.0156;62046;62046;0
"mscorlib.dll!System.Collections.Generic::ComparisonComparer`1.Compare()";0.0155;0.0155;0.0155;61925;61925;61925;46;49;0.0155000034719706;0.0155;0.0155;0.0155;36;36;36;36;1;61925;0.0003;0.0015;61925;61925;0
"mscorlib.dll!System::String.Format()";0.0153;0.0097;0.4963;60322;61388;61925;6;23;0.960199982859194;0.03429286;0.0128;0.0162;32;1;1;5;28;60315;0.0041;0.466;61925;61925;0
"Assembly-CSharp.dll!::ProjectileVfx.NotifyMiss()";0.0153;0.0049;0.0534;60368;60524;60681;6;7;1.12779999757186;0.01735077;0.0106;0.0206;112;1;1;4;65;60328;0.0044;0.0534;60605;60681;0
"UnityEngine.UI.dll!UnityEngine.UI::CanvasUpdateRegistry.InternalRegisterCanvasElementForGraphicRebuild()";0.0152;0.0067;0.1519;60413;60526;62046;9;30;23.4922998687252;0.01796047;0.0103;0.021;2947;2;1;48;1308;60314;0.0027;0.0615;60429;60538;0.0074
"mscorlib.dll!System::RuntimeType.get_Name()";0.0152;0.0152;0.0152;61925;61925;61925;38;42;0.0152000002563;0.0152;0.0152;0.0152;24;24;24;24;1;61925;0.0002;0.002;61925;61925;0
"UnityEngine.CoreModule.dll!UnityEngine::Component.GetComponent()";0.0152;0.0017;0.3036999;60798;62031;61155;5;22;29.7661005050177;0.01853431;0.0104;0.0219;15653;7;1;64;1606;60314;0.0005;0.2609;60318;61155;0.0204
"mscorlib.dll!System.Collections.Generic::Dictionary`2.Resize()";0.0152;0.0152;0.0247;62046;62046;61925;15;43;0.039899998344481;0.01995;0.0152;0.0152;20;8;8;12;2;61925;0.0008;0.0037;62046;62046;0
"DestroyCullResults";0.0151;0.0013;0.1016;60434;62047;61266;4;4;32.2944998799358;0.01614725;0.0129;0.0185;2000;1;1;1;2000;60314;0.0013;0.1016;62047;61266;0.0177
"UnityEngine.UI.dll!UnityEngine.EventSystems::EventSystem.IsPointerOverGameObject()";0.0151;0.0087;0.1687;61117;62014;61129;5;6;29.7428999161348;0.01717257;0.0129;0.0177;6928;4;4;4;1732;60314;0.002;0.0986;60415;60597;0.0148
"UnityEngine.InputLegacyModule.dll!UnityEngine::CameraRaycastHelper.RaycastTry2D()";0.015;0.0013;0.2265;61891;62048;60416;5;5;33.2470998213394;0.01740686;0.0094;0.023;1910;1;1;1;1910;60314;0.0013;0.2265;62048;60416;0.0372
"Newtonsoft.Json.dll!Newtonsoft.Json.Serialization::JsonSerializerInternalWriter.ShouldSerialize()";0.015;0.015;0.015;61925;61925;61925;30;35;0.0149999996647239;0.015;0.015;0.015;64;64;64;64;1;61925;0.0001;0.0013;61925;61925;0
"mscorlib.dll!Microsoft.Win32.SafeHandles::SafeFileHandle..ctor()";0.015;0.015;0.015;61925;61925;61925;27;28;0.0149999987334013;0.015;0.015;0.015;6;6;6;6;1;61925;0.0017;0.003;61925;61925;0
"Unity.TextMeshPro.dll!TMPro::TMP_Settings.get_linebreakingRules()";0.0149;0.0149;0.03089999;60642;60642;62046;16;16;0.0457999957725406;0.0229;0.0149;0.0149;30;10;10;20;2;60642;0.0014;0.0026;60642;62046;0
"mscorlib.dll!System.IO::StreamWriter.WriteSpan()";0.0149;0.0149;0.0149;61925;61925;61925;22;23;0.0149000007659197;0.0149;0.0149;0.0149;6;6;6;6;1;61925;0.0019;0.003;61925;61925;0
"PostLateUpdate.UpdateAudio";0.0149;0.0084;0.1912;60664;62265;60681;2;2;33.0159998415038;0.016508;0.0136;0.0169;2000;1;1;1;2000;60314;0.0084;0.1912;62265;60681;0.0144
"UnityEngine.CoreModule.dll!UnityEngine::Transform.set_localRotation_Injected()";0.01489999;0.0004;0.1685;61446;62183;60926;8;20;32.2423797043448;0.01612119;0.01239999;0.01859999;183148;103;2;121;2000;60314;0;0.1524;60314;60926;0.01219999
"UnityEngine.UI.dll!UnityEngine.EventSystems::UIBehaviour.IsActive()";0.0148;0.0005;0.3362001;61058;62047;61613;5;29;37.3217938460875;0.01867023;0.005299999;0.02519999;63177;27;1;337;1999;60314;0.0003;0.3113;60316;61613;0.02349999
"mscorlib.dll!System.IO::StringWriter.ToString()";0.0148;0.0148;0.0148;61925;61925;61925;23;25;0.0147999990731478;0.0148;0.0148;0.0148;6;6;6;6;1;61925;0.0015;0.0048;61925;61925;0
"UnityEngine.UI.dll!UnityEngine.UI.Collections::IndexedSet`1.AddUnique()";0.0147;0.0065;0.2327;61198;60526;62046;10;31;23.395699900575;0.01788662;0.0101;0.0204;3023;2;1;71;1308;60314;0.0026;0.0605;60429;60538;0.0072
"UnityEngine.UI.dll!UnityEngine.EventSystems::PointerEventData..ctor()";0.0147;0.0147;0.0147;62047;62047;62047;10;10;0.0147000001743436;0.0147;0.0147;0.0147;3;3;3;3;1;62047;0.0034;0.0073;62047;62047;0
"Assembly-CSharp.dll!::Enemy.get_CachedHp()";0.0146;0.0005;0.7070001;60804;61282;61570;8;19;52.2995942947455;0.03252462;0.0041;0.04109998;71560;20;1;326;1608;60314;0.0004;0.1044;60331;61883;0.0044
"UnityEngine.UIModule.dll!UnityEngine::RectTransformUtility.PointInRectangle_Injected()";0.0145;0.0043;0.1285;60581;62197;60355;14;14;31.4187022214755;0.0164582;0.0108;0.0193;48740;26;12;32;1909;60314;0.0001;0.1143;60693;60355;0.02820001
"Physics2D.OverlapCircleAll";0.0145;0.0061;0.0574;61071;61173;60568;10;14;1.47550000157207;0.01657865;0.0095;0.0215;92;1;1;2;89;60323;0.0061;0.0574;61173;60568;0
"Unity.ResourceManager.dll!UnityEngine.ResourceManagement::ResourceManager.CleanupSceneInstances()";0.0145;0.0145;0.0145;62046;62046;62046;13;13;0.0144999995827675;0.0145;0.0145;0.0145;1;1;1;1;1;62046;0.0145;0.0145;62046;62046;0
"UnityEngine.CoreModule.dll!UnityEngine::Material.GetFloat()";0.0144;0.0015;0.2468001;61743;60815;60538;13;15;31.237793989596;0.01954806;0.008199999;0.02599999;57863;26;2;206;1598;60314;0.0003;0.0288;60316;60416;0.02009999
"UnityEngine.CoreModule.dll!UnityEngine::Material.GetShaderKeywords()";0.0144;0.0144;0.0144;62046;62046;62046;14;15;0.0144000006839633;0.0144;0.0144;0.0144;25;25;25;25;1;62046;0.0004;0.0026;62046;62046;0
"mscorlib.dll!System.Collections.Generic::ArraySortHelper`1.SwapIfGreater()";0.0144;0.0049;0.0742;60690;61925;60681;14;48;2.44419998629019;0.01587143;0.0133;0.0179;822;6;2;6;154;60343;0.0005;0.0317;61925;60352;0
"mscorlib.dll!System::String.FormatHelper()";0.0144;0.0092;0.4937;61381;61388;61925;7;24;0.937499995343387;0.03348214;0.0123;0.0155;32;1;1;5;28;60315;0.0034;0.4656;61925;61925;0
"ScheduleUpdateRendererBoundingVolumes";0.0144;0.0054;0.362;61729;61983;61247;3;3;29.350899882149;0.01694625;0.0123;0.0167;1732;1;1;1;1732;60314;0.0054;0.362;61983;61247;0.0144
"UnityEngine.CoreModule.dll!UnityEngine::GameObject.CompareTag()";0.0144;0.0036;0.3946;61764;60811;60538;6;22;31.8017993480898;0.02178205;0.0103;0.0235;14535;5;1;75;1460;60314;0.0009;0.1917;60323;61253;0.0166
"Assembly-CSharp.dll!::GridHoverOverlay.DrawCell()";0.0144;0.012;0.0256;62015;60656;60321;5;5;0.924599997699261;0.01567119;0.0135;0.0175;59;1;1;1;59;60318;0.012;0.0256;60656;60321;0
"UnityEngine.UI.dll!UnityEngine.EventSystems::StandaloneInputModule.SendMoveEventToSelectedObject()";0.0143;0.0106;0.1351;60602;61444;61434;6;6;35.2215998563915;0.01762843;0.0121;0.0184;1998;1;1;1;1998;60314;0.0106;0.1351;61444;61434;0.0174
"UnityEngine.CoreModule.dll!UnityEngine::Mesh.set_uv2()";0.0142;0.0014;0.2005;60945;60731;60538;13;15;30.424198673456;0.01903892;0.0072;0.02389999;17653;9;1;35;1598;60314;0.0012;0.0477;60316;60958;0.017
"Assembly-CSharp.dll!::Enemy.OnTriggerEnter2D()";0.0142;0.0003;0.1733;61642;60392;60417;7;7;3.73129997318028;0.01838079;0.01;0.0211;285;1;1;14;203;60314;0.0003;0.1665;60347;60417;0
"TMP Calculate Vertices Position";0.0142;0.0013;0.2290001;61736;61850;60538;13;15;31.447699373588;0.01967941;0.0081;0.0266;28889;13;1;103;1598;60314;0.0007;0.0656;60316;60533;0.0198
"Assembly-CSharp.dll!::EnemyHp.PrepareForSpawn()";0.0141;0.0114;0.0419;60907;61433;60429;8;13;0.268100000917912;0.01787333;0.012;0.0153;19;1;1;3;15;60318;0.0114;0.0221;61433;60876;0
"Assembly-CSharp.dll!::ProjectileVfx.ResetToPrefabVisual()";0.014;0.0053;0.1472;61274;60435;61858;7;19;2.34339997079223;0.01802615;0.0072;0.0223;263;2;1;6;130;60328;0.005;0.0779;60605;60681;0
"mscorlib.dll!Mono::RuntimeGPtrArrayHandle.GPtrArrayFree()";0.01399999;0.01399999;0.01399999;61925;61925;61925;41;55;0.0139999920502305;0.01399999;0.01399999;0.01399999;102;102;102;102;1;61925;0;0.0004;61925;61925;0
"Newtonsoft.Json.dll!Newtonsoft.Json::JsonTextWriter.WriteNumberToBuffer()";0.0139;0.0139;0.0139;61925;61925;61925;34;40;0.0139000015333295;0.0139;0.0139;0.0139;24;24;24;24;1;61925;0.0003;0.0016;61925;61925;0
"Assembly-CSharp.dll!::EnemyHpViewer.ApplyVisualStyle()";0.0139;0.0128;0.353;60380;61794;61925;9;21;1.01469998527318;0.02670263;0.0134;0.016;45;1;1;4;38;60318;0.0114;0.353;60429;61925;0
"didChangeActiveScene.Invoke";0.0139;0.0139;0.0139;62046;62046;62046;7;7;0.0138999996706843;0.0139;0.0139;0.0139;1;1;1;1;1;62046;0.0139;0.0139;62046;62046;0
"Assembly-CSharp.dll!::EnemyHpViewer.Update()";0.0139;0.0033;0.1748;60973;60755;60538;4;4;25.074699574383;0.01555502;0.0074;0.0198;6267;4;1;10;1612;60314;0.0022;0.0983;60324;60342;0.009400001
"mscorlib.dll!System.Reflection::MethodBase.GetParametersNoCopy()";0.0139;0.0139;0.0139;61925;61925;61925;47;53;0.0138999987393618;0.0139;0.0139;0.0139;14;14;14;14;1;61925;0.0005;0.0028;61925;61925;0
"UnityEngine.UI.dll!UnityEngine.UIElements::UIToolkitInteroperabilityBridge.OnDisable()";0.0138;0.0138;0.0138;62046;62046;62046;13;13;0.0137999998405576;0.0138;0.0138;0.0138;1;1;1;1;1;62046;0.0138;0.0138;62046;62046;0
"mscorlib.dll!Mono.Globalization.Unicode::SimpleCollator.Level1()";0.0137;0.0137;0.0137;61925;61925;61925;33;41;0.0137000009417534;0.0137;0.0137;0.0137;36;36;36;36;1;61925;0.0002;0.0008;61925;61925;0
"Newtonsoft.Json.dll!Newtonsoft.Json::JsonContainerAttribute[].System.Collections.Generic.ICollection`1.get_Count()";0.0137;0.0137;0.0137;61925;61925;61925;43;48;0.0136999953538179;0.0137;0.0137;0.0137;76;76;76;76;1;61925;0.0001;0.0006;61925;61925;0
"UnityEngine.CoreModule.dll!UnityEngine::GameObject.CompareTag_Internal()";0.0136;0.0033;0.3623999;61337;60811;60538;7;23;29.5375993712805;0.02023123;0.0096;0.022;14535;5;1;75;1460;60314;0.0008;0.1905;60323;61253;0.0159
"mscorlib.dll!System.Collections::Hashtable.Insert()";0.0136;0.0136;0.0136;61925;61925;61925;41;50;0.0136000001803041;0.0136;0.0136;0.0136;10;10;10;10;1;61925;0.0009;0.0017;61925;61925;0
"sceneLoadedAfterAwake.Invoke";0.0136;0.0136;0.0136;62046;62046;62046;8;8;0.0136000001803041;0.0136;0.0136;0.0136;1;1;1;1;1;62046;0.0136;0.0136;62046;62046;0
"RenderLoop.CleanupNodeQueue";0.0135;0.0004;0.1015;61861;62047;61266;4;5;28.8226997427992;0.01441135;0.0115;0.0167;12000;6;6;6;2000;60314;0;0.0938;60321;61267;0.0156
"UnityEngine.CoreModule.dll!UnityEngine::Transform.set_position()";0.0135;0.0013;0.1593;61416;62003;60538;5;25;27.5052991672419;0.01588066;0.0087;0.0194;44163;24;3;73;1732;60314;0.0002;0.0768;60319;60976;0.0129
"UnityEngine.UIModule.dll!UnityEngine::CanvasRenderer.get_cull()";0.0132;0.0036;0.4514;61731;62047;61266;11;12;28.4947011820041;0.01491869;0.0107;0.0162;53768;28;12;42;1910;60314;0.0002;0.2475;60314;61266;0.0197
"Assembly-CSharp.dll!::OrbitSatelliteBody.OnTriggerStay2D()";0.0132;0.0031;0.479;60499;60623;60326;7;7;5.84339999384247;0.04494923;0.0069;0.0192;168;1;1;4;130;60314;0.0031;0.4608;60623;60452;0
"UnityEngine.IMGUIModule.dll!UnityEngine::GUILayoutEntry..ctor()";0.0132;0.0107;0.096;60858;61664;61088;7;8;26.5316996686161;0.01531853;0.012;0.016;3538;2;2;6;1732;60314;0.0031;0.0522;61691;61088;0.0219
"Newtonsoft.Json.dll!Newtonsoft.Json.Serialization::JsonContract.set_CreatedType()";0.0132;0.0132;0.0132;61925;61925;61925;38;41;0.0131999999284744;0.0132;0.0132;0.0132;4;4;4;4;1;61925;0.0028;0.0043;61925;61925;0
"UnityEngine.UI.dll!UnityEngine.UI::CanvasScaler.OnDisable()";0.0132;0.0132;0.0132;62046;62046;62046;12;12;0.0131999999284744;0.0132;0.0132;0.0132;1;1;1;1;1;62046;0.0132;0.0132;62046;62046;0
"mscorlib.dll!System::ReadOnlySpan`1.get_IsEmpty()";0.01319999;0.01319999;0.01319999;61925;61925;61925;27;35;0.013199987821281;0.01319999;0.01319999;0.01319999;202;202;202;202;1;61925;0;0.0014;61925;61925;0
"UnityEngine.TextCoreFontEngineModule.dll!UnityEngine.TextCore.LowLevel::FontEngine.GetMarkToMarkAdjustmentRecords()";0.0131;0.0131;0.0131;61925;61925;61925;17;18;0.0131000010296702;0.0131;0.0131;0.0131;4;4;4;4;1;61925;0.0021;0.0046;61925;61925;0
"AudioManager.Update";0.0131;0.007;0.1003;61326;62265;60887;3;3;28.9775998853147;0.0144888;0.0119;0.0149;2000;1;1;1;2000;60314;0.007;0.1003;62265;60887;0.0128
"mscorlib.dll!System.Text::UTF8Encoding.GetBytes()";0.0131;0.0131;0.0131;61925;61925;61925;26;27;0.0131000000983477;0.0131;0.0131;0.0131;6;6;6;6;1;61925;0.0017;0.0026;61925;61925;0
"System.dll!System.ComponentModel::ReflectTypeDescriptionProvider.GetTypeData()";0.0131;0.0131;0.0131;61925;61925;61925;39;46;0.0131000000983477;0.0131;0.0131;0.0131;4;4;4;4;1;61925;0.0011;0.006;61925;61925;0
"Assembly-CSharp.dll!::Enemy.BindDefinition()";0.013;0.0119;0.0344;60846;60815;60429;8;13;0.249199994839728;0.01661333;0.0125;0.0155;19;1;1;3;15;60318;0.0097;0.02;60524;61373;0
"UnityEngine.IMGUIModule.dll!UnityEngine::GUILayoutUtility.Layout()";0.013;0.0101;0.081;61537;60371;61088;5;6;25.8113998733461;0.01490266;0.0115;0.0157;1769;1;1;3;1732;60314;0.0101;0.081;60371;61088;0.0183
"mscorlib.dll!System::Array.InternalArray__IEnumerable_GetEnumerator()";0.013;0.013;0.013;61925;61925;61925;40;46;0.0130000002682209;0.013;0.013;0.013;28;28;28;28;1;61925;0;0.0011;61925;61925;0
"mscorlib.dll!System::RuntimeType.CreateInstanceDefaultCtor()";0.013;0.013;0.0153;62095;62095;61925;12;51;0.0283000003546476;0.01415;0.013;0.013;3;1;1;2;2;61925;0.0071;0.013;61925;62095;0
"UnityEngine.CoreModule.dll!UnityEngine::Mesh.set_colors32()";0.013;0.0013;0.1763;61532;60815;60538;13;15;27.890998908435;0.01745369;0.0067;0.0223;17653;9;1;35;1598;60314;0.0011;0.0405;60323;60630;0.0155
"mscorlib.dll!System.Collections.Generic::ObjectEqualityComparer`1.LastIndexOf()";0.013;0.013;0.013;62046;62046;62046;19;19;0.0129999993368983;0.013;0.013;0.013;2;2;2;2;1;62046;0.0035;0.0095;62046;62046;0
"UnityEngine.CoreModule.dll!UnityEngine::Quaternion.Internal_FromEulerRad_Injected()";0.01299999;0.0007;0.1107;60747;62251;61074;8;22;29.1734794027871;0.01458674;0.01099999;0.01689998;184429;104;2;126;2000;60314;0;0.0349;60314;60467;0.01269999
"UnityEngine.IMGUIModule.dll!UnityEngine::GUIUtility.ResetGlobalState()";0.0129;0.009500001;0.0792;61011;60371;60681;5;6;25.2752997847274;0.01459313;0.0113;0.0153;3538;2;2;6;1732;60314;0.0025;0.0555;61674;61434;0.0169
"UnityEngine.CoreModule.dll!UnityEngine::Mesh.SetColors()";0.0129;0.0059;0.1751;61206;60638;61570;14;16;20.3418000712991;0.01567165;0.007999999;0.0185;7542;6;3;24;1298;60314;0.0015;0.0257;60331;61512;0.0072
"Newtonsoft.Json.dll!Newtonsoft.Json.Serialization::JsonProperty.set_PropertyName()";0.0129;0.0129;0.0129;61925;61925;61925;36;41;0.0129000004380941;0.0129;0.0129;0.0129;40;40;40;40;1;61925;0.0002;0.0017;61925;61925;0
"Unity.ResourceManager.dll!UnityEngine.ResourceManagement.Profiling::EngineEmitter.EmitFrameMetaData()";0.0129;0.0091;0.0737;61432;61409;62147;8;8;30.8285997509956;0.0154143;0.0117;0.0164;8000;4;4;4;2000;60314;0.0008;0.0349;61954;61074;0.0157
"mscorlib.dll!System.Reflection::RuntimeConstructorInfo.InternalInvoke()";0.0129;0.0129;0.0136;61925;61925;62095;15;55;0.026499998755753;0.01325;0.0129;0.0129;6;2;2;4;2;61925;0.0029;0.0069;61925;62095;0
"System.Core.dll!::WhereListIterator`1.MoveNext()";0.0128;0.0128;0.0128;61925;61925;61925;37;40;0.0128000006079674;0.0128;0.0128;0.0128;22;22;22;22;1;61925;0.0004;0.0015;61925;61925;0
"UnityEngine.CoreModule.dll!UnityEngine::Mesh.SetTangents()";0.0127;0.0061;0.1849;60485;61857;61570;14;16;20.1593001387082;0.01553105;0.007599999;0.0185;7542;6;3;24;1298;60314;0.0015;0.0401;60339;60350;0.0121
"Unity.TextMeshPro.dll!TMPro::TextMeshProUGUI.InternalUpdate()";0.0127;0.003;0.114;61994;62046;60858;8;8;28.2834988858085;0.01414175;0.0116;0.0153;24585;13;5;16;2000;60314;0.0005;0.1012;60347;60858;0.0113
"mscorlib.dll!System.Collections.Concurrent::ConcurrentDictionary`2.GetBucketAndLockNo()";0.01269999;0.01269999;0.01269999;61925;61925;61925;34;48;0.0126999896019697;0.01269999;0.01269999;0.01269999;195;195;195;195;1;61925;0;0.002;61925;61925;0
"mscorlib.dll!System::Char.IsWhiteSpace()";0.0126;0.0007;0.1978001;61150;61950;60538;13;35;28.0131981085869;0.01753016;0.0068;0.02349999;87113;39;3;589;1598;60314;0.0002;0.1545;60314;61126;0.0159
"UnityEngine.UI.dll!UnityEngine.EventSystems::ExecuteEvents.GetEventChain()";0.0126;0.0008;0.026;60356;60428;62143;10;10;0.17929999937769;0.01054706;0.0013;0.0172;17;1;1;1;17;60356;0.0008;0.026;60428;62143;0
"Assembly-CSharp.dll!::TitleFlow.Wire()";0.0126;0.0126;0.0126;62046;62046;62046;10;10;0.0126000000163913;0.0126;0.0126;0.0126;3;3;3;3;1;62046;0.0032;0.0059;62046;62046;0
"System.Core.dll!System.Linq::Enumerable.Count()";0.0125;0.0125;0.0125;61925;61925;61925;38;41;0.0125000020489097;0.0125;0.0125;0.0125;40;40;40;40;1;61925;0.0002;0.0009;61925;61925;0
"mscorlib.dll!System::RuntimeType.CreateInstanceSlow()";0.0125;0.0125;0.0143;62095;62095;61925;13;52;0.0268000001087785;0.0134;0.0125;0.0125;3;1;1;2;2;61925;0.0067;0.0125;61925;62095;0
"UnityEngine.CoreModule.dll!UnityEngine::Mesh.SetNormals()";0.0125;0.0059;0.1829;61488;60549;61570;14;16;20.1451001209207;0.01552011;0.0071;0.0182;7542;6;3;24;1298;60314;0.0015;0.1493;60339;60352;0.0067
"mscorlib.dll!System.Collections::Hashtable.set_Item()";0.0125;0.0125;0.0125;61925;61925;61925;40;48;0.0124999992549419;0.0125;0.0125;0.0125;8;8;8;8;1;61925;0.0011;0.002;61925;61925;0
"Physics2D.CircleColliderPrepareShapes";0.01249999;0.0006;0.3316998;61749;60486;60542;7;25;23.9717820086516;0.01625206;0.01059999;0.01619999;159460;106;1;139;1475;60314;0;0.1553;60314;60542;0.01749998
"mscorlib.dll!Microsoft.Win32.SafeHandles::SafeHandleZeroOrMinusOneIsInvalid..ctor()";0.0124;0.0124;0.0124;61925;61925;61925;28;29;0.0123999994248152;0.0124;0.0124;0.0124;6;6;6;6;1;61925;0.0014;0.0026;61925;61925;0
"System.dll!System.ComponentModel::AttributeCollection.get_Item()";0.0124;0.0124;0.0124;61925;61925;61925;40;43;0.0123999994248152;0.0124;0.0124;0.0124;2;2;2;2;1;61925;0.0052;0.0072;61925;61925;0
"Newtonsoft.Json.dll!Newtonsoft.Json.Serialization::JsonSerializerInternalWriter.HasFlag()";0.01239999;0.01239999;0.01239999;61925;61925;61925;27;36;0.0123999863862991;0.01239999;0.01239999;0.01239999;188;188;188;188;1;61925;0;0.0001;61925;61925;0
"UnityEngine.CoreModule.dll!UnityEngine.Profiling::Profiler.EmitFrameMetaData()";0.0123;0.0087;0.067;61314;61409;61871;9;9;29.3907999070361;0.0146954;0.0111;0.0155;8000;4;4;4;2000;60314;0.0008;0.0338;60457;61074;0.015
"System.Core.dll!System.Linq::Lookup`2.Resize()";0.0123;0.0123;0.0123;61925;61925;61925;41;41;0.012300000526011;0.0123;0.0123;0.0123;4;4;4;4;1;61925;0.0014;0.0053;61925;61925;0
"UnityEngine.UI.dll!UnityEngine.UI::Graphic.CacheCanvas()";0.0123;0.0052;0.8351001;61493;61925;62046;11;27;1.09330005245283;0.06073889;0.0115;0.0185;279;2;1;237;18;60318;0.0028;0.014;62046;60876;0
"System.Core.dll!System.Collections.Generic::LargeArrayBuilder`1.AllocateBuffer()";0.0123;0.0123;0.0123;61925;61925;61925;46;52;0.0122999995946884;0.0123;0.0123;0.0123;15;15;15;15;1;61925;0.0006;0.0015;61925;61925;0
"UnityEngine.UI.dll!UnityEngine.EventSystems::BaseInputModule.FindCommonRoot()";0.0122;0.0003;0.0456;60665;60663;62240;10;10;0.346899996366119;0.01825789;0.0004;0.0328;19;1;1;1;19;60341;0.0003;0.0456;60663;62240;0
"UnityEngine.CoreModule.dll!UnityEngine::Component.GetComponentFastPath()";0.0122;0.0011;0.219;61006;62031;61439;6;23;23.2181998034939;0.01445716;0.0084;0.0173;15653;7;1;64;1606;60314;0.0003;0.2105;60317;61439;0.0169
"mscorlib.dll!System::Array.Clear()";0.0122;0.0009999999;0.1226;60659;62313;60538;7;32;26.9347955624107;0.01407987;0.0079;0.0175;69709;33;2;121;1913;60314;0.0001;0.0254;60316;60560;0.0144
"mscorlib.dll!System.Reflection::RuntimeMethodInfo.GetMethodFromHandleInternalType_native()";0.0122;0.0122;0.08989999;62046;62046;61925;16;54;0.102099993266165;0.05105;0.0122;0.0122;144;17;17;127;2;61925;0.0001;0.0038;61925;61925;0
"UnityEngine.CoreModule.dll!UnityEngine::Camera.ScreenPointToRay()";0.0121;0.0054;0.1234;60488;62047;62030;5;7;28.356399897486;0.01484628;0.009099999;0.0184;5730;3;3;3;1910;60314;0.0015;0.0414;62047;62030;0.029
"Layout";0.0121;0.0076;0.5755;60889;62047;62046;8;8;28.4580998597667;0.01422905;0.0104;0.0146;2000;1;1;1;2000;60314;0.0076;0.5755;62047;62046;0.0126
"Physics2D.OverlapPointAll";0.0121;0.0006;0.0794;61726;60692;61367;10;21;22.6222999172169;0.01306137;0.0069;0.0172;4155;2;1;5;1732;60314;0.0004;0.0717;60357;61367;0.0137
"Render.OpaqueGeometry";0.0121;0.0038;0.0846;61969;62047;61159;5;5;26.6959998439997;0.013348;0.011;0.0141;2000;1;1;1;2000;60314;0.0038;0.0846;62047;61159;0.0123
"System.Core.dll!System.Linq::Enumerable.Contains()";0.012;0.012;0.012;62046;62046;62046;13;14;0.0120000019669533;0.012;0.012;0.012;30;30;30;30;1;62046;0.0003;0.0014;62046;62046;0
"Assembly-CSharp.dll!::<MoveToPath>d__20.MoveNext()";0.012;0.003;0.1261;61129;60911;60866;5;9;15.0014999320265;0.01127932;0.0043;0.0145;1330;1;1;1;1330;60314;0.003;0.1261;60911;60866;0
"Assembly-CSharp.dll!::EnemySpawner.Contains()";0.012;0.0027;0.3371;61671;60724;60538;8;18;26.041199917905;0.01842972;0.0069;0.0221;5254;3;1;14;1413;60314;0.0018;0.1679;60547;60865;0.0066
"System.dll!System.Collections.Specialized::OrderedDictionary.set_Item()";0.012;0.012;0.012;61925;61925;61925;44;47;0.0120000001043081;0.012;0.012;0.012;2;2;2;2;1;61925;0.0054;0.0066;61925;61925;0
"Unity.TextMeshPro.dll!TMPro::TextMeshProUGUI.SetMaterialDirty()";0.012;0.0029;0.0826;61925;60771;62046;11;26;0.137200004421175;0.02744;0.003;0.0367;43;3;3;28;5;60428;0.0009;0.0087;60771;60642;0
"mscorlib.dll!System.IO::StringWriter..ctor()";0.012;0.012;0.012;61925;61925;61925;23;26;0.0119999991729856;0.012;0.012;0.012;12;12;12;12;1;61925;0.0007;0.0012;61925;61925;0
"Unity.TextMeshPro.dll!TMPro::TMP_Text.GetUnderlineSpecialCharacter()";0.012;0.012;0.012;62046;62046;62046;12;12;0.0119999991729856;0.012;0.012;0.012;5;5;5;5;1;62046;0.0023;0.0026;62046;62046;0
"UnityEngine.CoreModule.dll!UnityEngine::Gradient.SetKeys()";0.0119;0.0054;0.0777;60581;60513;61858;6;25;7.71039985353127;0.01479923;0.0108;0.0158;2892;6;2;16;521;60328;0.0006;0.0201;60485;61858;0
"UnityEngine.InputLegacyModule.dll!UnityEngine::CameraRaycastHelper.RaycastTry2D_Injected()";0.0119;0.0006;0.2226;61817;62242;60416;6;6;27.0601998898201;0.01416764;0.0074;0.0192;1910;1;1;1;1910;60314;0.0006;0.2226;62242;60416;0.0314
"mscorlib.dll!System::Type.get_IsVisible()";0.0119;0.0119;0.0119;61925;61925;61925;44;47;0.0119000002741814;0.0119;0.0119;0.0119;4;4;4;4;1;61925;0.0018;0.0046;61925;61925;0
"Newtonsoft.Json.dll!Newtonsoft.Json.Utilities::ReflectionUtils.GetMemberUnderlyingType()";0.0119;0.0119;0.0119;61925;61925;61925;37;40;0.0119000002741814;0.0119;0.0119;0.0119;20;20;20;20;1;61925;0.0005;0.001;61925;61925;0
"Assembly-CSharp.dll!::TowerWeapon.get_EffectiveTargetPriority()";0.0119;0.001;0.5075999;60940;60345;60865;7;12;22.571200056118;0.01539645;0.0029;0.0216;19620;12;1;39;1466;60315;0.0006;0.329;61009;60865;0.0018
"Newtonsoft.Json.dll!Newtonsoft.Json.Serialization::JsonProperty.get_PropertyContract()";0.01179999;0.01179999;0.01179999;61925;61925;61925;30;35;0.0117999874055386;0.01179999;0.01179999;0.01179999;178;178;178;178;1;61925;0;0.0001;61925;61925;0
"mscorlib.dll!System.Text::UTF8Encoding.GetEncoder()";0.0117;0.0117;0.0117;61925;61925;61925;25;26;0.0117000006139278;0.0117;0.0117;0.0117;6;6;6;6;1;61925;0.0017;0.0021;61925;61925;0
"UnityEngine.IMGUIModule.dll!UnityEngine::GUILayoutEntry.set_style()";0.0117;0.0094;0.0858;60409;61664;61088;8;9;23.5796000389382;0.01361409;0.0107;0.0142;3538;2;2;6;1732;60314;0.0028;0.051;60744;61432;0.0185
"UnityEngine.UI.dll!UnityEngine.UI::CanvasUpdateRegistry.DisableCanvasElementForRebuild()";0.0117;0.0101;0.0432;60431;60428;62046;14;29;0.386499999091029;0.01380357;0.0106;0.0145;75;2;2;17;28;60347;0.0022;0.0137;60771;60392;0
"mscorlib.dll!System.Text::StringBuilder.AppendHelper()";0.0117;0.0117;0.0117;61925;61925;61925;34;34;0.0116999996826053;0.0117;0.0117;0.0117;2;2;2;2;1;61925;0.0056;0.0061;61925;61925;0
"mscorlib.dll!System.Threading::Thread.get_Internal()";0.01169999;0.01169999;0.01169999;61925;61925;61925;39;55;0.0116999875754118;0.01169999;0.01169999;0.01169999;206;206;206;206;1;61925;0;0.0001;61925;61925;0
"UnityEngine.UI.dll!UnityEngine.UI::VertexHelper.AddTriangle()";0.0116;0.0033;0.2348999;61778;61695;61512;15;16;18.1350998017006;0.01397157;0.0068;0.0174;30492;20;8;102;1298;60314;0.0004;0.1316;60314;61512;0.0085
"Newtonsoft.Json.dll!Newtonsoft.Json.Utilities::ReflectionUtils.CanReadMemberValue()";0.0116;0.0116;0.0116;61925;61925;61925;37;40;0.0115999998524785;0.0116;0.0116;0.0116;20;20;20;20;1;61925;0.0005;0.001;61925;61925;0
"UnityEngine.UI.dll!UnityEngine.UI::Selectable.OnPointerEnter()";0.0116;0.0063;0.0687;62117;62240;60343;12;12;0.218899998348206;0.03648333;0.0072;0.0601;6;1;1;1;6;60343;0.0063;0.0687;62240;60343;0
"UnityEngine.CoreModule.dll!UnityEngine::Transform.get_lossyScale()";0.0116;0.0022;0.1051;61877;62047;60538;6;19;26.4718990796246;0.01323595;0.008599999;0.0158;46072;22;5;58;2000;60314;0.0002;0.0518;60331;61711;0.0126
"UnityEngine.CoreModule.dll!UnityEngine::Transform.get_position_Injected()";0.01159999;0.0011;0.1646;61682;62042;61570;6;26;25.8978916171473;0.01495259;0.007499998;0.01769998;159728;67;6;468;1732;60314;0;0.0655;60314;61491;0.006699998
"mscorlib.dll!System.Reflection::MemberInfo.op_Equality()";0.01159999;0.01159999;0.01159999;61925;61925;61925;36;52;0.011599987745285;0.01159999;0.01159999;0.01159999;202;202;202;202;1;61925;0;0.0001;61925;61925;0
"Unity.TextMeshPro.dll!TMPro::TMP_FontAsset.AddCharacterToLookupCache()";0.0115;0.0009;0.1819;61039;61967;60538;15;28;25.2822012333199;0.01582115;0.0062;0.0209;28884;13;1;103;1598;60314;0.0005;0.0383;60339;60370;0.0184
"mscorlib.dll!System::SerializableAttribute..ctor()";0.0115;0.0115;0.0115;61925;61925;61925;43;55;0.0115000009536743;0.0115;0.0115;0.0115;56;56;56;56;1;61925;0.0001;0.0004;61925;61925;0
"Assembly-CSharp.dll!::TowerChargeGaugeView.SetFill01()";0.0115;0.0049;0.1649;60772;60996;60538;7;18;20.7122999615967;0.01491166;0.0082;0.0185;3822;2;1;11;1389;60314;0.0021;0.0727;60526;61755;0.012
"Assembly-CSharp.dll!::BuildModeController.Update()";0.0115;0.0069;0.203;62005;60750;60521;4;4;23.5154999042861;0.01357708;0.0088;0.0144;1732;1;1;1;1732;60314;0.0069;0.203;60750;60521;0.0133
"mscorlib.dll!System::RuntimeTypeHandle.GetGenericTypeDefinition_impl()";0.0114;0.0114;0.0114;61925;61925;61925;39;43;0.0114000020548701;0.0114;0.0114;0.0114;24;24;24;24;1;61925;0.0002;0.0017;61925;61925;0
"mscorlib.dll!System.IO::DisableMediaInsertionPrompt.Create()";0.0114;0.0114;0.0114;61925;61925;61925;24;32;0.0114000011235476;0.0114;0.0114;0.0114;18;18;18;18;1;61925;0.0002;0.0013;61925;61925;0
"Physics2D.GetRayIntersectionAll";0.0114;0.0011;0.0957;60557;60370;61367;8;8;23.2333998830291;0.0134142;0.0069;0.0179;1732;1;1;1;1732;60314;0.0011;0.0957;60370;61367;0.028
"UnityEngine.UI.dll!UnityEngine.EventSystems::PointerInputModule.CopyFromTo()";0.0113;0.0075;0.09559999;61996;62047;61866;9;9;26.3597999159247;0.01319309;0.0088;0.0147;3996;2;2;2;1998;60314;0.0029;0.0576;60442;61866;0.0177
"Assembly-CSharp.dll!::ScrollImage.Update()";0.0112;0.0057;0.2044;60499;61794;61060;4;4;22.0915999058634;0.01275497;0.0085;0.014;1732;1;1;1;1732;60314;0.0057;0.2044;61794;61060;0.0151
"Newtonsoft.Json.dll!Newtonsoft.Json.Converters::KeyValuePairConverter.CanConvert()";0.0112;0.0112;0.0112;61925;61925;61925;37;40;0.0111999996006489;0.0112;0.0112;0.0112;4;4;4;4;1;61925;0.0018;0.0044;61925;61925;0
"Newtonsoft.Json.dll!Newtonsoft.Json::DefaultJsonNameTable.AddEntry()";0.0112;0.0112;0.0112;61925;61925;61925;37;40;0.0111999996006489;0.0112;0.0112;0.0112;17;17;17;17;1;61925;0.0005;0.0015;61925;61925;0
"mscorlib.dll!System.Collections.Generic::GenericEqualityComparer`1.Equals()";0.0112;0.0003;0.1820998;60868;62088;60542;8;32;29.8296853268694;0.01492977;0.0049;0.01889999;152556;61;3;369;1998;60314;0.0001;0.108;60314;62046;0.02019998
"Unity.TextMeshPro.dll!TMPro::TextMeshPro.SetMaterialDirty()";0.0111;0.0075;0.0501;60343;61192;61544;18;28;2.8150999811478;0.01359952;0.0085;0.0158;279;1;1;5;207;60314;0.0059;0.0417;60449;61159;0
"UnityEngine.CoreModule.dll!UnityEngine::Material.HasProperty()";0.0111;0.0014;0.3008;60919;61847;60805;12;15;24.1098981306423;0.01508755;0.006399999;0.0197;57853;26;2;206;1598;60314;0.0002;0.2938;60316;60805;0.01440001
"mscorlib.dll!System::DateTime.ToString()";0.0111;0.0111;0.0111;61925;61925;61925;20;20;0.0110999997705221;0.0111;0.0111;0.0111;1;1;1;1;1;61925;0.0111;0.0111;61925;61925;0
"mscorlib.dll!System::RuntimeType.IsAssignableFrom()";0.0111;0.0111;0.1127;62046;62046;61925;21;54;0.123800029978156;0.06190002;0.0111;0.0111;208;2;2;206;2;61925;0;0.0077;61925;62046;0
"PostLoadSceneStaticLightmapSettings";0.0111;0.0111;0.0111;62046;62046;62046;9;9;0.0110999997705221;0.0111;0.0111;0.0111;1;1;1;1;1;62046;0.0111;0.0111;62046;62046;0
"Unity.TextMeshPro.dll!TMPro::TMP_TextParsingUtilities.IsEmoji()";0.0111;0.0009;0.1855;61183;60819;60538;14;27;24.1616003380623;0.0151199;0.006;0.0204;28884;13;1;103;1598;60314;0.0004;0.0442;60316;60969;0.0147
"mscorlib.dll!::Kernel32.SetThreadErrorMode()";0.0111;0.0111;0.0111;61925;61925;61925;25;33;0.0110999960452318;0.0111;0.0111;0.0111;36;36;36;36;1;61925;0.0001;0.001;61925;61925;0
"UnityEngine.CoreModule.dll!UnityEngine::Transform.get_parent()";0.011;0.0026;0.3317999;61167;62116;62046;9;30;24.3039997760206;0.01544091;0.0055;0.0172;9888;4;2;197;1574;60314;0.0006;0.2402;60353;61244;0.0177
"TMP Compute Text Metrics";0.011;0.001;0.1755;60629;60822;60538;13;15;23.8558017805917;0.01492854;0.0061;0.0204;28889;13;1;103;1598;60314;0.0001;0.0281;60370;61159;0.0135
"UnityEngine.UI.dll!UnityEngine.EventSystems::StandaloneInputModule.GetRawMoveVector()";0.0109;0.0081;0.1079;61104;61482;61875;7;7;27.3486998341978;0.01368804;0.0093;0.0142;1998;1;1;1;1998;60314;0.0081;0.1079;61482;61875;0.0135
"Physics2D.GetRayIntersection";0.0109;0.0001;0.0968;61694;62048;61367;7;7;24.3416998460889;0.01274435;0.0066;0.0177;1910;1;1;1;1910;60314;0.0001;0.0968;62048;61367;0.029
"UnityEngine.IMGUIModule.dll!UnityEngine::GUILayoutGroup.ApplyStyleSettings()";0.0109;0.0089;0.0811;61979;61664;61088;9;10;22.2431999407709;0.01284249;0.0101;0.0134;3538;2;2;6;1732;60314;0.0027;0.0505;60400;61432;0.0172
"mscorlib.dll!System.Collections::Hashtable..ctor()";0.0109;0.0109;0.0109;61925;61925;61925;46;51;0.010899999178946;0.0109;0.0109;0.0109;6;6;6;6;1;61925;0.0013;0.0024;61925;61925;0
"UnityEngine.CoreModule.dll!UnityEngine::Material.GetFloatImpl()";0.0108;0.0009999999;0.1893;61158;60815;60538;14;16;23.4653977535199;0.01468423;0.0061;0.0195;57863;26;2;206;1598;60314;0.0002;0.0286;60316;60416;0.0155
"Assembly-CSharp.dll!::MapDirector.IndexOfSharedNode()";0.0108;0.0004;0.0171;60846;60471;60429;8;17;0.221900001575705;0.008876;0.0011;0.013;29;1;1;3;25;60318;0.0004;0.016;60471;60956;0
"UnityEngine.UI.dll!UnityEngine.UI::MaskUtilities.GetRectMaskForClippable()";0.0108;0.0096;0.0509;61493;60815;62046;12;28;0.311600005254149;0.01731111;0.0105;0.0156;58;2;2;12;18;60318;0.0037;0.0118;60642;60349;0
"Physics2D.Rigidbody2D.RecalculateContacts";0.0108;0;0.09369999;61668;60318;60489;6;24;21.510399815008;0.01465286;0.007900001;0.0183;10465;5;1;25;1468;60314;0;0.0538;60318;61284;0.0104
"mscorlib.dll!System.IO::FileStream.Write()";0.0108;0.0108;0.0108;61925;61925;61925;24;25;0.0108000002801418;0.0108;0.0108;0.0108;6;6;6;6;1;61925;0.0015;0.0022;61925;61925;0
"System.Core.dll!System.Linq::EnumerableSorter`2.CompareAnyKeys()";0.0108;0.0108;0.0108;61925;61925;61925;47;50;0.0108000002801418;0.0108;0.0108;0.0108;36;36;36;36;1;61925;0.0002;0.0011;61925;61925;0
"UnityEngine.UI.dll!UnityEngine.UI::Image.<set_sprite>g__ResetAlphaHitThresholdIfNeeded|11_0()";0.0108;0.0108;0.0108;61925;61925;61925;19;19;0.0108000002801418;0.0108;0.0108;0.0108;1;1;1;1;1;61925;0.0108;0.0108;61925;61925;0
"UnityEngine.UI.dll!UnityEngine.UI.CoroutineTween::ColorTween.AddOnChangedCallback()";0.0108;0.008;0.0281;62041;61794;60429;17;32;0.744199992157519;0.01162812;0.0094;0.0119;71;1;1;4;64;60318;0.0048;0.0183;60524;60704;0
"Newtonsoft.Json.dll!Newtonsoft.Json::JsonWriter.Peek()";0.01079999;0.01079999;0.01079999;61925;61925;61925;29;40;0.0107999891042709;0.01079999;0.01079999;0.01079999;167;167;167;167;1;61925;0;0.0001;61925;61925;0
"UnityEngine.UIModule.dll!UnityEngine::CanvasRenderer.get_absoluteDepth()";0.0107;0.003599999;0.1691001;60899;62200;61266;12;19;23.8690012390725;0.01250341;0.008299998;0.01330001;50169;26;13;41;1909;60314;0.0002;0.1558;60314;61801;0.017
"UnityEngine.UI.dll!UnityEngine.UI::Graphic.GetPixelAdjustedRect()";0.0107;0.0052;0.1488;61241;61396;61570;15;16;16.7698998707347;0.0129198;0.0064;0.0153;2514;2;1;8;1298;60314;0.0042;0.0586;61505;61074;0.0059
"Assembly-CSharp.dll!::Pathfinder.OnTriggerEnter2D()";0.0107;0.0037;0.041;60494;60573;61189;7;7;0.468099998077378;0.01265135;0.0046;0.0188;39;1;1;2;37;60411;0.0037;0.041;60573;61189;0
"UnityEngine.UI.dll!::<Start>d__2.MoveNext()";0.0107;0.0063;0.0332;60733;60390;60349;5;31;1.87579998746514;0.01202436;0.0086;0.0138;162;1;1;3;156;60318;0.0063;0.031;60390;60704;0
"Assembly-CSharp.dll!::EndRunPresenter.EnsureBuilt()";0.0107;0.0107;0.0107;61925;61925;61925;19;19;0.0106999995186925;0.0107;0.0107;0.0107;1;1;1;1;1;61925;0.0107;0.0107;61925;61925;0
"Unity.TextMeshPro.dll!TMPro::TMP_Text.InsertNewLine()";0.0107;0.0107;0.0107;61925;61925;61925;17;18;0.0106999995186925;0.0107;0.0107;0.0107;3;3;3;3;1;61925;0.0024;0.0056;61925;61925;0
"Assembly-CSharp.dll!::PlayerService.remove_OnDamaged()";0.0107;0.0107;0.0107;62046;62046;62046;11;11;0.0106999995186925;0.0107;0.0107;0.0107;1;1;1;1;1;62046;0.0107;0.0107;62046;62046;0
"UnityEngine.UIModule.dll!UnityEngine::Canvas.SendPreWillRenderCanvases()";0.0107;0.0077;0.2102;62310;60750;61895;5;5;25.4638998704031;0.01273195;0.0095;0.013;2000;1;1;1;2000;60314;0.0077;0.2102;60750;61895;0.0103
"mscorlib.dll!System.Collections.Generic::ValueListBuilder`1.Append()";0.01069999;0.01069999;0.01069999;61925;61925;61925;27;35;0.0106999892741442;0.01069999;0.01069999;0.01069999;202;202;202;202;1;61925;0;0.0001;61925;61925;0
"Newtonsoft.Json.dll!Newtonsoft.Json::JsonTextWriter.WriteEnd()";0.0106;0.0106;0.0106;61925;61925;61925;31;37;0.0106000024825335;0.0106;0.0106;0.0106;31;31;31;31;1;61925;0.0002;0.0005;61925;61925;0
"UnityEngine.CoreModule.dll!UnityEngine::Object.set_name()";0.0106;0.0106;0.0106;62046;62046;62046;10;10;0.0106000006198883;0.0106;0.0106;0.0106;5;5;5;5;1;62046;0.0016;0.0038;62046;62046;0
"Unity.TextMeshPro.dll!TMPro::TextMeshPro.UpdateMaterial()";0.0106;0.0071;0.0489;60830;61192;61544;19;29;2.72009999724105;0.01314058;0.0081;0.0151;279;1;1;5;207;60314;0.0059;0.0406;60449;61159;0
"UnityEngine.UI.dll!UnityEngine.UI::Slider.UpdateCachedReferences()";0.0106;0.0102;0.0295;61373;60318;60429;16;21;0.199400002136827;0.01329333;0.0103;0.0113;19;1;1;3;15;60318;0.0093;0.0131;60429;60349;0
"UnityEngine.UI.dll!UnityEngine.UI::LayoutRebuilder.ValidController()";0.0106;0.0035;0.2702999;61501;60578;62046;9;30;23.5327997335698;0.01765401;0.0057;0.0205;4595;2;1;76;1333;60314;0.0029;0.1539;60429;60403;0.0348
"Assembly-CSharp.dll!::Projectile.OnTriggerEnter2D()";0.0106;0.0032;2.7259;61782;60514;60524;7;7;48.8244999067392;0.1298524;0.0058;0.0329;1350;2;1;27;376;60314;0.003;2.3419;60546;60429;0
"Newtonsoft.Json.dll!Newtonsoft.Json.Serialization::DefaultContractResolver.CreateMemberValueProvider()";0.0106;0.0106;0.0106;61925;61925;61925;37;40;0.0105999996885657;0.0106;0.0106;0.0106;20;20;20;20;1;61925;0.0004;0.0012;61925;61925;0
"UnityEngine.UI.dll!UnityEngine.UI::Image.<set_sprite>g__SpriteSupportsAlphaHitTest|11_1()";0.0106;0.0106;0.0106;61925;61925;61925;20;20;0.0105999996885657;0.0106;0.0106;0.0106;1;1;1;1;1;61925;0.0106;0.0106;61925;61925;0
"mscorlib.dll!System.Collections.Generic::Dictionary`2.TryInsert()";0.0105;0.0005;0.4486002;60848;61863;62046;9;51;23.6451962937717;0.0144178;0.005299999;0.01849999;49978;24;1;334;1640;60314;0.0001;0.0768;60314;62046;0.0135
"UnityEngine.CoreModule.dll!UnityEngine::Sprite.CreateSprite()";0.0105;0.0105;0.0135;61165;61165;61686;19;19;0.0240000002086163;0.012;0.0105;0.0105;2;1;1;1;2;61165;0.0105;0.0135;61165;61686;0
"System.dll!System.ComponentModel::TypeDescriptor.GetNodeForBaseType()";0.0105;0.0105;0.0105;61925;61925;61925;40;47;0.010499999858439;0.0105;0.0105;0.0105;4;4;4;4;1;61925;0.002;0.003;61925;61925;0
"Unity.TextMeshPro.dll!TMPro::TextMeshProUGUI.ValidateEnvMapProperty()";0.0105;0.0105;0.0105;62046;62046;62046;11;11;0.010499999858439;0.0105;0.0105;0.0105;5;5;5;5;1;62046;0.0018;0.003;62046;62046;0
"RenderForwardOpaque.Render";0.0104;0.0027;0.0768;61146;62047;61159;6;6;22.5186998860445;0.01125935;0.0094;0.0119;2000;1;1;1;2000;60314;0.0027;0.0768;62047;61159;0.0107
"System.dll!System.Collections.Specialized::OrderedDictionary.Contains()";0.0104;0.0104;0.0104;61925;61925;61925;44;47;0.0104000000283122;0.0104;0.0104;0.0104;2;2;2;2;1;61925;0.0041;0.0063;61925;61925;0
"mscorlib.dll!System.Collections.Generic::List`1.IndexOf()";0.0104;0.002;0.8385;61204;61373;61154;7;41;38.9824995603412;0.02707118;0.0055;0.0295;6879;3;1;64;1440;60314;0.0004;0.1541;60398;60504;0.1358
"UnityEngine.UI.dll!UnityEngine.UI::CanvasScaler.Canvas_preWillRenderCanvases()";0.0103;0.0073;0.2095;61083;60750;61895;6;6;24.5102998618968;0.01225515;0.0091;0.0125;2000;1;1;1;2000;60314;0.0073;0.2095;60750;61895;0.01
"UnityEngine.Physics2DModule.dll!UnityEngine::Collider2D.get_attachedRigidbody()";0.0103;0.0017;0.3249;61774;60750;60673;7;19;15.9763997464906;0.01254035;0.0064;0.0148;11127;9;2;19;1274;60314;0.0004;0.3101;60331;60673;0.008099999
"System.Core.dll!System.Linq::EnumerableSorter`1.ComputeMap()";0.0103;0.0103;0.0103;61925;61925;61925;40;43;0.0103000001981854;0.0103;0.0103;0.0103;2;2;2;2;1;61925;0.0026;0.0077;61925;61925;0
"UnityEngine.CoreModule.dll!UnityEngine::Transform.get_parentInternal()";0.0103;0.0022;0.3060999;61487;62251;62046;10;31;22.6618997585028;0.01439765;0.005;0.016;9888;4;2;197;1574;60314;0.0005;0.2397;60353;61244;0.015
"UnityEngine.CoreModule.dll!UnityEngine::Material.SetFloat()";0.0103;0.0103;0.0103;62046;62046;62046;14;14;0.0102999992668629;0.0103;0.0103;0.0103;15;15;15;15;1;62046;0.0004;0.0025;62046;62046;0
"Assembly-CSharp.dll!::ChainLightning.ApplyLiveJitter()";0.0102;0.0067;0.0708;61058;60363;61512;6;22;5.06799997529015;0.01267;0.0093;0.0127;400;1;1;1;400;60363;0.0067;0.0708;60363;61512;0
"Assembly-CSharp.dll!::BombProjectile.GetAimPosition()";0.0102;0.0003;0.2189;61283;60431;61439;5;5;6.45609997588326;0.01256051;0.0081;0.0137;576;1;1;3;514;60314;0.0003;0.2189;60431;61439;0
"PrepareSceneNodesCombineJob";0.0102;0.0004;0.0546;61655;62154;61865;9;9;7.78179996047402;0.01006701;0.0088;0.011;773;1;1;1;773;60315;0.0004;0.0546;62154;61865;0.0055
"UnityEngine.CoreModule.dll!UnityEngine::Transform.Find()";0.0102;0.004;0.1836;60589;60781;61216;7;23;19.1168999522924;0.01372355;0.0067;0.0171;3927;2;1;22;1393;60314;0.0018;0.1792;61689;61216;0.009099999
"UnityEngine.CoreModule.dll!UnityEngine::Texture2D.SetPixels32()";0.0102;0.0102;0.012;61165;61165;61686;16;17;0.0221999995410442;0.0111;0.0102;0.0102;4;2;2;2;2;61165;0.005;0.0061;61165;61686;0
"UnityEngine.CoreModule.dll!UnityEngine::Component.GetComponents()";0.0102;0.0024;0.2187999;61505;62047;62046;8;31;20.6728999309707;0.01313399;0.0068;0.0156;12176;6;2;246;1574;60314;0.0004;0.0297;60380;61403;0.0148
"Unity.TextMeshPro.dll!TMPro::TextMeshProUGUI.RecalculateClipping()";0.0102;0.0039;0.0495;61925;60771;62046;10;25;0.094400002155453;0.01888;0.004;0.0268;29;3;2;18;5;60428;0.0013;0.0111;60428;60642;0
"UnityEngine.CoreModule.dll!::MarshalledUnityObject.Marshal()";0.0102;0;0.2970997;61818;62264;61284;6;28;23.2558951040992;0.01162795;0.008499998;0.0125;124555;66;6;122;2000;60314;0;0.2872;60314;61284;0.0188
"mscorlib.dll!Mono.Globalization.Unicode::MSCompatUnicodeTable.Level3()";0.0102;0.0102;0.0102;61925;61925;61925;33;41;0.0101999985054135;0.0102;0.0102;0.0102;36;36;36;36;1;61925;0.0001;0.0015;61925;61925;0
"Newtonsoft.Json.dll!Newtonsoft.Json::JsonTextWriter.EnsureWriteBuffer()";0.0102;0.0102;0.0102;61925;61925;61925;34;41;0.0101999985054135;0.0102;0.0102;0.0102;35;35;35;35;1;61925;0;0.0026;61925;61925;0
"mscorlib.dll!System.Collections.Generic::List`1.Contains()";0.01019999;0;0.3286;61721;61941;60538;9;40;25.7816149524006;0.01555921;0.005199998;0.0191;75946;38;1;150;1657;60314;0;0.1543;60314;60504;0.008499997
"Newtonsoft.Json.dll!Newtonsoft.Json.Serialization::JsonObjectContract.get_Properties()";0.01019999;0.01019999;0.01019999;61925;61925;61925;29;38;0.0101999910548329;0.01019999;0.01019999;0.01019999;146;146;146;146;1;61925;0;0.0004;61925;61925;0
"mscorlib.dll!Mono.Globalization.Unicode::SimpleCollator.GetExtenderType()";0.01019999;0.01019999;0.01019999;61925;61925;61925;33;41;0.0101999901235104;0.01019999;0.01019999;0.01019999;144;144;144;144;1;61925;0;0.002;61925;61925;0
"mscorlib.dll!System::Char.IsLetter()";0.0101;0.0101;0.0101;61925;61925;61925;24;32;0.0101000005379319;0.0101;0.0101;0.0101;30;30;30;30;1;61925;0.0002;0.0006;61925;61925;0
"Render.Prepare";0.0101;0.0003;0.1516;61119;62046;62199;5;5;21.4001999071916;0.0107001;0.0079;0.0125;2000;1;1;1;2000;60314;0.0003;0.1516;62046;62199;0.0094
"Assembly-CSharp.dll!::ChainLightning.SetLinesEnabled()";0.0101;0.0057;0.0247;61146;60460;61563;17;22;0.159999999217689;0.01066667;0.0086;0.0116;15;1;1;1;15;60363;0.0057;0.0247;60460;61563;0
"Assembly-CSharp.dll!::EndRunOverlay.PrepareTransientBanner()";0.0101;0.0101;0.0101;61925;61925;61925;21;21;0.0100999996066093;0.0101;0.0101;0.0101;1;1;1;1;1;61925;0.0101;0.0101;61925;61925;0
"UnityEngine.UI.dll!UnityEngine.UI::CanvasScaler.OnEnable()";0.0101;0.0101;0.0101;62046;62046;62046;9;9;0.0100999996066093;0.0101;0.0101;0.0101;1;1;1;1;1;62046;0.0101;0.0101;62046;62046;0
"MeshRendererFinalizeUpdate";0.01;0.0002;0.1475;61046;61927;61266;4;4;18.7017998849478;0.01171058;0.0072;0.014;1597;1;1;1;1597;60314;0.0002;0.1475;61927;61266;0.0094
"UnityEngine.UI.dll!UnityEngine.UI.Collections::IndexedSet`1.Add()";0.01;0.0045;0.1237;61416;61319;62046;11;32;15.4195999829099;0.01178868;0.0067;0.0137;2661;2;1;39;1308;60314;0.0021;0.0505;62046;60538;0.005
"mscorlib.dll!System.Runtime.InteropServices::SafeHandle..ctor()";0.01;0.01;0.01;61925;61925;61925;29;30;0.00999999977648258;0.01;0.01;0.01;6;6;6;6;1;61925;0.0011;0.0021;61925;61925;0
"TMP.InsertNewLine";0.01;0.01;0.01;61925;61925;61925;18;19;0.00999999977648258;0.01;0.01;0.01;3;3;3;3;1;61925;0.0022;0.0054;61925;61925;0
"UnityEngine.UI.dll!UnityEngine.UI::Selectable.OnPointerExit()";0.01;0.0066;0.0758;62118;62250;60738;12;12;0.162100000772625;0.03242;0.0068;0.0629;5;1;1;1;5;60384;0.0066;0.0758;62250;60738;0
"mscorlib.dll!System.Collections.Generic::List`1.System.Collections.Generic.IEnumerable<T>.GetEnumerator()";0.009999998;0.009999998;0.009999998;61925;61925;61925;36;44;0.00999999791383743;0.009999998;0.009999998;0.009999998;15;15;15;15;1;61925;0.0003;0.0016;61925;61925;0
"UnityEngine.CoreModule.dll!UnityEngine::Object.SetName()";0.009900001;0.009900001;0.009900001;62046;62046;62046;11;11;0.00990000087767839;0.009900001;0.009900001;0.009900001;5;5;5;5;1;62046;0.0015;0.0036;62046;62046;0
"UnityEngine.InputLegacyModule.dll!UnityEngine::SendMouseEvents.SendEvents()";0.0099;0.0037;0.1491;60955;60381;61859;5;5;23.3668998561334;0.01168345;0.0075;0.0132;6000;3;3;3;2000;60314;0.001;0.1278;60416;61859;0.0234
"Assembly-CSharp.dll!::ChainLightning.ClearLines()";0.0099;0.0081;0.0235;61671;61173;60568;6;6;0.169399998150766;0.01129333;0.0092;0.0109;15;1;1;1;15;60377;0.0081;0.0235;61173;60568;0
"Newtonsoft.Json.dll!Newtonsoft.Json.Serialization::JsonSerializerInternalWriter..ctor()";0.0099;0.0099;0.0099;61925;61925;61925;25;27;0.00989999994635582;0.0099;0.0099;0.0099;6;6;6;6;1;61925;0.0014;0.0019;61925;61925;0
"UnityEngine.UI.dll!UnityEngine.UI::Slider.OnRectTransformDimensionsChange()";0.0099;0.0099;0.0099;61925;61925;61925;21;21;0.00989999994635582;0.0099;0.0099;0.0099;1;1;1;1;1;61925;0.0099;0.0099;61925;61925;0
"UnityEngine.UI.dll!UnityEngine.EventSystems::EventSystem.UpdateModules()";0.0099;0.0099;0.0099;62046;62046;62046;10;13;0.00989999994635582;0.0099;0.0099;0.0099;2;2;2;2;1;62046;0.0036;0.0063;62046;62046;0
"TMP Save Text Extent";0.009899999;0.0006;0.1615001;60656;60815;60538;13;15;21.6133020754787;0.01352522;0.0052;0.0187;28858;13;1;100;1598;60314;0.0001;0.074;60370;61159;0.0122
"mscorlib.dll!System::Type.get_IsPointer()";0.009899999;0.009899999;0.009899999;61925;61925;61925;41;53;0.00989999901503325;0.009899999;0.009899999;0.009899999;19;19;19;19;1;61925;0.0004;0.0009;61925;61925;0
"Assembly-CSharp.dll!::ChainLightning.SetEnabled()";0.0098;0.0053;0.0239;61146;61509;61563;18;23;0.153000000398606;0.0102;0.0081;0.0111;45;3;3;3;15;60363;0.0013;0.0159;60363;61563;0
"Unity.TextMeshPro.dll!TMPro::TMP_TextParsingUtilities.IsEmojiPresentationForm()";0.0098;0.0015;0.1617;61476;61957;60538;14;27;21.1587984008947;0.0132408;0.006;0.0175;28884;13;1;103;1598;60314;0.0004;0.045;60316;60965;0.0142
"UnityEngine.CoreModule.dll!UnityEngine::Camera.ScreenToWorldPoint()";0.0098;0.0024;0.3911;61506;60737;60521;5;6;19.7159998859279;0.01138337;0.0078;0.0125;6658;4;2;6;1732;60314;0.0006;0.1931;60750;60521;0.0091
"Assembly-CSharp.dll!::ChainLightning.BuildBaseHopPoints()";0.0098;0.0089;0.0411;61604;60363;61159;6;22;0.362999998033047;0.01251724;0.0095;0.0135;29;1;1;1;29;60363;0.0089;0.0411;60363;61159;0
"TMP Save Processing States";0.0098;0.0079;0.1395;61689;61774;60642;15;15;1.4475999251008;0.04136;0.0092;0.08659999;647;4;4;60;35;60347;0.0005;0.0095;60360;62046;0
"mscorlib.dll!System.Collections.ObjectModel::KeyedCollection`2..ctor()";0.0098;0.0098;0.0098;61925;61925;61925;37;41;0.00980000011622906;0.0098;0.0098;0.0098;8;8;8;8;1;61925;0.0007;0.0019;61925;61925;0
"UnityEngine.UI.dll!UnityEngine.UI::MaskableGraphic.RecalculateClipping()";0.0098;0.0037;0.0467;61925;60428;62046;11;26;0.0903999982401729;0.01808;0.0037;0.0265;29;3;2;18;5;60428;0.0011;0.0109;62046;60642;0
"UnityEngine.UIModule.dll!UnityEngine::Canvas.remove_preWillRenderCanvases()";0.0098;0.0098;0.0098;62046;62046;62046;13;13;0.00980000011622906;0.0098;0.0098;0.0098;1;1;1;1;1;62046;0.0098;0.0098;62046;62046;0
"mscorlib.dll!System.Reflection::ParameterInfo..ctor()";0.009799994;0.009799994;0.009799994;61925;61925;61925;43;43;0.00979999359697104;0.009799994;0.009799994;0.009799994;113;113;113;113;1;61925;0;0.0017;61925;61925;0
"UnityEngine.CoreModule.dll!UnityEngine::Transform.FindRelativeTransformWithPath()";0.0097;0.0038;0.1832;61347;60781;61216;8;24;18.2188999224454;0.01307889;0.0063;0.0163;3927;2;1;22;1393;60314;0.0017;0.1789;61110;61216;0.0089
"UnityEngine.CoreModule.dll!UnityEngine::GameObject.GetComponentsInParent()";0.0097;0.006399999;0.1718999;61373;60815;62046;11;29;0.380499882623553;0.02002631;0.0076;0.0129;405;6;1;266;19;60318;0.0004;0.0127;62046;62068;0
"UnityEngine.CoreModule.dll!UnityEngine::Component.GetComponentFastPath_Injected()";0.0097;0.0008;0.1044;61817;62031;60426;7;24;17.9481995744281;0.01117572;0.0069;0.0136;15653;7;1;64;1606;60314;0;0.0867;62047;60426;0.0135
"Assembly-CSharp.dll!::EnemyBossVisual.Clear()";0.0097;0.0097;0.0097;61925;61925;61925;17;17;0.00970000028610229;0.0097;0.0097;0.0097;1;1;1;1;1;61925;0.0097;0.0097;61925;61925;0
"FinalizeUpdateRendererBoundingVolumes";0.0097;0.0001;0.151;61951;62048;61266;3;11;20.8509998332884;0.0104255;0.0029;0.0138;3733;2;1;2;2000;60314;0;0.1493;60430;61266;0.0105
"mscorlib.dll!System.Collections.Generic::Dictionary`2.TryAdd()";0.009699999;0.0007;0.1519001;60653;61844;60538;16;29;21.0719014441711;0.01318642;0.0051;0.0174;28884;13;1;103;1598;60314;0.0005;0.0383;60316;60370;0.0143
"UnityEngine.CoreModule.dll!UnityEngine.Bindings::BlittableArrayWrapper.Unmarshal()";0.009699999;0.0033;0.07;61100;61285;61570;9;23;14.2415999297518;0.01118743;0.0071;0.0131;2422;2;1;4;1273;60314;0.0012;0.0656;61925;61065;0.006
"Newtonsoft.Json.dll!Newtonsoft.Json::JsonTextWriter..ctor()";0.009699999;0.009699999;0.009699999;61925;61925;61925;23;25;0.00969999935477972;0.009699999;0.009699999;0.009699999;6;6;6;6;1;61925;0.0013;0.0019;61925;61925;0
"Newtonsoft.Json.dll!Newtonsoft.Json.Serialization::JsonSerializerInternalWriter.OnSerializing()";0.009699998;0.009699998;0.009699998;61925;61925;61925;28;34;0.00969999842345715;0.009699998;0.009699998;0.009699998;31;31;31;31;1;61925;0.0001;0.0023;61925;61925;0
"mscorlib.dll!System.Text::Encoding.GetString()";0.0096;0.0096;0.0096;61925;61925;61925;30;31;0.00960000045597553;0.0096;0.0096;0.0096;2;2;2;2;1;61925;0.0046;0.005;61925;61925;0
"Newtonsoft.Json.dll!Newtonsoft.Json.Converters::BinaryConverter.CanConvert()";0.0096;0.0096;0.0096;61925;61925;61925;37;40;0.00960000045597553;0.0096;0.0096;0.0096;4;4;4;4;1;61925;0.0015;0.0042;61925;61925;0
"Assembly-CSharp.dll!::LaserBehavior.ApplyWidth()";0.0096;0.0067;0.0344;60427;61131;60965;12;17;0.552499995566905;0.01127551;0.0084;0.0114;50;1;1;2;49;60346;0.0067;0.0344;61131;60965;0
"UnityEngine.UI.dll!UnityEngine.UI::CanvasScaler.Handle()";0.0096;0.0069;0.2088;60897;60750;61895;7;10;23.0941998925991;0.0115471;0.0086;0.0118;2001;1;1;2;2000;60314;0.0069;0.2088;60750;61895;0.0093
"Assembly-CSharp.dll!::EnemyShieldVisual.LateUpdate()";0.0096;0.0028;0.1174;61645;60686;61074;4;4;17.1138000334613;0.01062309;0.0061;0.0129;6275;4;1;10;1611;60314;0.0002;0.0396;60316;61865;0.0088
"Assembly-CSharp.dll!::ChainLightning.ClearLine()";0.0096;0.0077;0.023;61671;61173;60568;7;7;0.162399997003376;0.01082667;0.0088;0.0106;45;3;3;3;15;60377;0.0019;0.014;60377;60568;0
"UnityEngine.CoreModule.dll!UnityEngine::Camera.WorldToViewportPoint()";0.009500001;0.003;0.0798;60650;60844;60538;6;7;9.92630000319332;0.01127989;0.0059;0.0148;7710;4;2;24;880;60314;0.0004;0.024;60314;60403;0
"UnityEngine.UI.dll!UnityEngine.UI::Image.TrackSprite()";0.009500001;0.008400001;0.0266;60938;61433;62046;10;25;0.224200001917779;0.01245556;0.0085;0.0133;50;2;2;7;18;60318;0.0031;0.008;62046;61925;0
"mscorlib.dll!System::RuntimeTypeHandle.CanCastTo()";0.009500001;0.009500001;0.04829999;62046;62046;61925;22;55;0.0577999949455261;0.0289;0.009500001;0.009500001;144;2;2;142;2;61925;0.0002;0.0068;61925;62046;0
"UnityEngine.CoreModule.dll!UnityEngine::Object.get_name()";0.0095;0.0042;0.1661;60915;60993;60417;8;8;2.50719998218119;0.01217087;0.0066;0.0142;303;1;1;13;206;60314;0.0015;0.1628;60525;60417;0
"mscorlib.dll!System::RuntimeType.CreateInstanceMono()";0.0095;0.0095;0.0124;61925;61925;62095;14;53;0.0219000000506639;0.01095;0.0095;0.0095;3;1;1;2;2;61925;0.0047;0.0124;61925;62095;0
"Newtonsoft.Json.dll!Newtonsoft.Json.Serialization::JsonPropertyCollection..ctor()";0.0095;0.0095;0.0095;61925;61925;61925;36;39;0.0094999996945262;0.0095;0.0095;0.0095;4;4;4;4;1;61925;0.0016;0.0029;61925;61925;0
"Newtonsoft.Json.dll!Newtonsoft.Json::JsonConverterAttribute[].System.Collections.Generic.ICollection`1.get_Count()";0.0095;0.0095;0.0095;61925;61925;61925;47;52;0.0094999996945262;0.0095;0.0095;0.0095;56;56;56;56;1;61925;0.0001;0.0003;61925;61925;0
"UnityEngine.UI.dll!UnityEngine.UI::LayoutGroup.GetStartOffset()";0.0095;0.0095;0.0095;62046;62046;62046;15;15;0.0094999996945262;0.0095;0.0095;0.0095;3;3;3;3;1;62046;0.0023;0.0038;62046;62046;0
"mscorlib.dll!System.Collections.Generic::List`1.get_Item()";0.009499993;0.0013;0.1149;61125;62096;61570;5;42;22.8570848377421;0.01142854;0.006899995;0.01299999;286315;126;9;623;2000;60314;0;0.0943;60314;61757;0.008599994
"UnityEngine.UI.dll!UnityEngine.UI.CoroutineTween::ColorTween.TweenValue()";0.0094;0.0053;0.0319;60560;60715;60429;6;33;1.83279998926446;0.01023911;0.0069;0.0117;189;1;1;4;179;60318;0.0053;0.0266;60715;60704;0
"UnityEngine.CoreModule.dll!UnityEngine::Transform.GetParent()";0.0094;0.002;0.283;61675;62052;62046;11;32;20.8450997441541;0.01324339;0.0047;0.0149;9888;4;2;197;1574;60314;0.0004;0.2389;60360;61244;0.0141
"System.Core.dll!System.Linq::EnumerableSorter`2.ComputeKeys()";0.0094;0.0094;0.0094;61925;61925;61925;41;44;0.00939999986439943;0.0094;0.0094;0.0094;2;2;2;2;1;61925;0.0021;0.0073;61925;61925;0
"System.dll!::OrderedDictionaryKeyValueCollection.System.Collections.ICollection.CopyTo()";0.0094;0.0094;0.0094;61925;61925;61925;44;47;0.00939999986439943;0.0094;0.0094;0.0094;2;2;2;2;1;61925;0.0042;0.0052;61925;61925;0
"mscorlib.dll!System::RuntimeType.FilterHelper()";0.009399993;0.009399993;0.009399993;61925;61925;61925;38;52;0.00939999334514141;0.009399993;0.009399993;0.009399993;122;122;122;122;1;61925;0;0.0004;61925;61925;0
"Texture.AwakeFromLoad";0.0093;0.0093;0.0111;61165;61165;61686;21;21;0.0203999998047948;0.0102;0.0093;0.0093;2;1;1;1;2;61165;0.0093;0.0111;61165;61686;0
"mscorlib.dll!System.Collections.ObjectModel::KeyedCollection`2.CreateDictionary()";0.0093;0.0093;0.0093;61925;61925;61925;39;43;0.00930000003427267;0.0093;0.0093;0.0093;4;4;4;4;1;61925;0.0017;0.0028;61925;61925;0
"Unity.TextMeshPro.dll!TMPro::TMP_FontAsset.UpdateGSUBFontFeaturesForNewGlyphIndex()";0.0093;0.0093;0.0093;61925;61925;61925;21;21;0.00930000003427267;0.0093;0.0093;0.0093;2;2;2;2;1;61925;0.0034;0.0059;61925;61925;0
"UnityEngine.CoreModule.dll!UnityEngine::Mesh.set_triangles()";0.0093;0.0023;0.0134;61925;60824;62046;15;17;0.0250000006053597;0.008333334;0.0023;0.0093;9;3;1;5;3;60824;0.002;0.0041;62046;62046;0
"UnityEngine.TextCoreFontEngineModule.dll!UnityEngine.TextCore.LowLevel::FontEngine.GetPairAdjustmentRecords()";0.0093;0.0093;0.0093;61925;61925;61925;17;18;0.00930000003427267;0.0093;0.0093;0.0093;4;4;4;4;1;61925;0.0013;0.0036;61925;61925;0
"UnityEngine.UI.dll!UnityEngine.EventSystems::EventSystem.Start()";0.0093;0.0093;0.0093;62046;62046;62046;4;4;0.00930000003427267;0.0093;0.0093;0.0093;1;1;1;1;1;62046;0.0093;0.0093;62046;62046;0
"UnityEngine.CoreModule.dll!UnityEngine::Mesh.set_bounds()";0.009299999;0.0013;0.1146;61170;60824;60538;14;17;19.2487001644913;0.01204549;0.0054;0.0154;17659;9;1;35;1598;60314;0.0003;0.0325;61925;60542;0.0116
"Unity.ResourceManager.dll!UnityEngine.ResourceManagement.Util::GlobalLinkedListNodeCache`1.Release()";0.009299999;0.009299999;0.009299999;62046;62046;62046;16;19;0.0092999991029501;0.009299999;0.009299999;0.009299999;6;6;6;6;1;62046;0.0007;0.0036;62046;62046;0
"mscorlib.dll!System.IO::TextWriter.get_NewLine()";0.009299991;0.009299991;0.009299991;61925;61925;61925;34;40;0.00929999072104692;0.009299991;0.009299991;0.009299991;99;99;99;99;1;61925;0;0.0028;61925;61925;0
"UnityEngine.CoreModule.dll!UnityEngine::Object.GetName()";0.0092;0.0041;0.1657;60421;60993;60417;9;9;2.43499997304752;0.01182039;0.0064;0.0135;303;1;1;13;206;60314;0.0014;0.1626;60525;60417;0
"Unity.TextMeshPro.dll!TMPro::TMP_ListPool`1.Release()";0.0092;0.0056;0.0133;60642;61925;62046;11;26;0.0280999997630715;0.009366667;0.0056;0.0092;18;6;2;10;3;60642;0.0011;0.0031;60642;61925;0
"Assembly-CSharp.dll!::AStarGrid.GetNodeFromWorld()";0.0092;0.008;0.0227;60815;61463;60429;8;17;0.276199999265373;0.011048;0.0084;0.0108;29;1;1;3;25;60318;0.0045;0.0189;60524;60990;0
"mscorlib.dll!System::Array.IndexOf()";0.0092;0.0016;0.8219;61185;61387;61154;8;42;36.8585999481147;0.02559625;0.0047;0.0273;6881;3;1;66;1440;60314;0.0003;0.1539;60582;60504;0.1335
"UnityEngine.UI.dll!UnityEngine.UI::MaskableGraphic.RecalculateMasking()";0.0092;0.0045;0.0426;61925;60428;62046;10;25;0.0821999972686172;0.01644;0.0045;0.0214;29;3;2;18;5;60428;0.0014;0.0093;60428;60642;0
"UnityEngine.CoreModule.dll!UnityEngine::Component.GetComponentsForListInternal()";0.009199999;0.002;0.1785;61580;62047;62046;10;32;18.5607998701744;0.01179212;0.0061;0.0139;12175;6;2;245;1574;60314;0.0003;0.0294;60318;61403;0.0138
"mscorlib.dll!System.Collections.Generic::List`1.get_Count()";0.009199993;0.0012;0.1609004;61374;62261;61570;4;54;22.4628853896866;0.01123144;0.005599998;0.01399998;334016;148;23;1228;2000;60314;0;0.022;60314;61118;0.009399995
"UnityEngine.CoreModule.dll!UnityEngine::TrailRenderer.Clear()";0.0091;0.003;0.066;60956;61249;61858;6;21;2.27269998542033;0.01072028;0.0059;0.0129;828;3;1;16;212;60328;0.0003;0.0171;60335;61746;0
"UnityEngine.UI.dll!UnityEngine.EventSystems::EventSystem.ChangeEventModule()";0.0091;0.0091;0.0091;62046;62046;62046;5;5;0.00910000037401915;0.0091;0.0091;0.0091;1;1;1;1;1;62046;0.0091;0.0091;62046;62046;0
"UnityEngine.UI.dll!UnityEngine.UI::Graphic.get_canvas()";0.009;0.0011;0.9345005;60397;60557;62046;10;29;15.1066000111168;0.01159371;0.0048;0.0134;20461;16;2;317;1303;60314;0.0004;0.0182;60339;61074;0.0046
"mscorlib.dll!System::RuntimeTypeHandle.type_is_assignable_from()";0.009;0.009;0.02939997;62046;62046;61925;23;56;0.0383999682962894;0.01919998;0.009;0.009;144;2;2;142;2;61925;0;0.0065;61925;62046;0
"UnityEngine.CoreModule.dll!UnityEngine::Material.GetShaderKeywords_Injected()";0.009;0.009;0.009;62046;62046;62046;15;16;0.00899999961256981;0.009;0.009;0.009;25;25;25;25;1;62046;0.0002;0.0023;62046;62046;0
"mscorlib.dll!System.Collections.Generic::GenericEqualityComparer`1.GetHashCode()";0.008999998;0.0007;6.865696;61162;61934;61031;9;45;26.1887852209038;0.01636799;0.004699999;0.01579999;96076;45;4;275;1600;60314;0.0001;6.8533;60314;61031;0.01299999
"System.Core.dll!System.Collections.Generic::LargeArrayBuilder`1.TryMove()";0.008999996;0.008999996;0.008999996;61925;61925;61925;45;52;0.00899999588727951;0.008999996;0.008999996;0.008999996;91;91;91;91;1;61925;0;0.0003;61925;61925;0
"UnityEngine.UI.dll!UnityEngine.UI::Image.get_activeSprite()";0.0089;0.0039;0.1376;60373;60549;61570;11;26;14.4863002370112;0.01116048;0.0058;0.0133;30598;24;12;150;1298;60314;0.0003;0.04;60314;60346;0.0046
"Unity.TextMeshPro.dll!TMPro::TMP_UpdateManager.RegisterTextObjectForUpdate()";0.0089;0.0029;0.1122;60482;61192;60909;10;27;2.24769998784177;0.01075455;0.0066;0.0136;288;1;1;5;209;60314;0.0024;0.1122;62046;60909;0
"mscorlib.dll!Mono.Globalization.Unicode::MSCompatUnicodeTable.Level2()";0.0089;0.0089;0.0089;61925;61925;61925;34;42;0.00889999978244305;0.0089;0.0089;0.0089;36;36;36;36;1;61925;0.0001;0.0005;61925;61925;0
"WatermarkRender";0.0089;0.0044;0.0624;61967;62047;60865;3;3;20.4912999020889;0.01024565;0.0077;0.011;2000;1;1;1;2000;60314;0.0044;0.0624;62047;60865;0.0144
"UnityEngine.CoreModule.dll!UnityEngine::Mesh.MarkDynamic()";0.008899999;0.001;0.2961;60994;61843;61155;13;15;18.8678998575779;0.0118072;0.005;0.0143;17653;9;1;35;1598;60314;0.0007;0.2784;60316;61155;0.0107
"UnityEngine.CoreModule.dll!UnityEngine::Material.SetFloatImpl()";0.008899999;0.008899999;0.008899999;62046;62046;62046;15;15;0.00889999885112047;0.008899999;0.008899999;0.008899999;15;15;15;15;1;62046;0.0003;0.0023;62046;62046;0
"UnityEngine.UI.dll!UnityEngine.UIElements::UIToolkitInteroperabilityBridge.Start()";0.0088;0.0088;0.0088;62046;62046;62046;5;5;0.00879999995231628;0.0088;0.0088;0.0088;1;1;1;1;1;62046;0.0088;0.0088;62046;62046;0
"mscorlib.dll!System::MemoryExtensions.AsSpan()";0.008700001;0.003499999;0.1622;60510;62158;60538;7;34;22.0947992540896;0.0110474;0.006899999;0.0118;54436;23;10;107;2000;60314;0.0001;0.092;60328;61491;0.009700001
"Unity.TextMeshPro.dll!TMPro::TextMeshPro.ComputeMarginSize()";0.0087;0.0056;0.0317;60331;60460;61544;17;27;2.1890999856405;0.01057536;0.0065;0.0122;279;1;1;5;207;60314;0.0044;0.0258;60934;61159;0
"UnityEngine.UI.dll!UnityEngine.UI::Image.GetAdjustedBorders()";0.0087;0.0038;0.1238;60494;60747;61570;15;15;13.6446999381296;0.0105121;0.0051;0.0126;2507;2;1;8;1298;60314;0.0033;0.1078;60357;61649;0.0042
"UnityEngine.UI.dll!UnityEngine.UI::CanvasUpdateRegistry.TryRegisterCanvasElementForLayoutRebuild()";0.0087;0.0087;0.0087;62046;62046;62046;13;22;0.00870000012218952;0.0087;0.0087;0.0087;4;4;4;4;1;62046;0.0012;0.004;62046;62046;0
"UnityEngine.CoreModule.dll!UnityEngine::Mathf.Clamp01()";0.008699993;0;0.1302003;61236;61988;60538;6;35;21.807685480926;0.01090384;0.0025;0.01489998;339535;154;1;655;2000;60314;0;0.0478;60314;61206;0.01119999
"Assembly-CSharp.dll!::BossIntroFx.PickEdgeSpawn()";0.0086;0.0056;0.0265;60874;60844;60854;6;12;0.263600002042949;0.009762963;0.0069;0.0092;27;1;1;1;27;60315;0.0056;0.0265;60844;60854;0
"UnityEngine.CoreModule.dll!UnityEngine::Sprite.get_texture()";0.0086;0.0073;0.025;60876;60846;61925;11;26;0.215999996289611;0.012;0.0076;0.0117;105;4;4;14;18;60318;0.0014;0.0063;60429;61925;0
"UnityEngine.CoreModule.dll!UnityEngine::Transform.set_localScale()";0.0086;0.0009;0.1994;61769;61983;60538;5;25;21.0653980108909;0.01260646;0.006399998;0.0148;41143;16;1;94;1671;60314;0.0002;0.0293;60314;60407;0.0098
"UnityEngine.IMGUIModule.dll!UnityEngine::GUI.set_skin()";0.0086;0.0064;0.0569;61786;60371;61069;6;7;17.1855999445543;0.009922402;0.0077;0.0104;3538;2;2;6;1732;60314;0.0017;0.0423;60370;61434;0.011
"UnityEngine.UI.dll!UnityEngine.EventSystems::BaseInput.GetButtonDown()";0.0086;0.0055;0.0908;61841;60863;60958;6;8;20.1050997837447;0.01005255;0.0069;0.0109;8230;4;2;6;2000;60314;0.001;0.0857;60357;60958;0.0135
"UnityEngine.UI.dll!UnityEngine.UIElements::UIToolkitInteroperabilityBridge.StartTrackingUIToolkitPanels()";0.0086;0.0086;0.0086;62046;62046;62046;6;6;0.00860000029206276;0.0086;0.0086;0.0086;1;1;1;1;1;62046;0.0086;0.0086;62046;62046;0
"System.dll!System.Collections.Specialized::OrderedDictionary.Add()";0.0085;0.0085;0.0085;61925;61925;61925;45;48;0.008500000461936;0.0085;0.0085;0.0085;2;2;2;2;1;61925;0.0038;0.0047;61925;61925;0
"UnityEngine.UI.dll!UnityEngine.EventSystems::PointerInputModule.StateForMouseButton()";0.0085;0.0062;0.1275;60417;60514;60847;9;9;20.8779999287799;0.01044945;0.0071;0.0107;5994;3;3;3;1998;60314;0.0018;0.0839;61458;60847;0.0165
"UnityEngine.CoreModule.dll!UnityEngine::Sprite.CreateSprite_Injected()";0.0085;0.0085;0.0105;61165;61165;61686;20;20;0.0189999993890524;0.0095;0.0085;0.0085;2;1;1;1;2;61165;0.0085;0.0105;61165;61686;0
"mscorlib.dll!System.IO::DisableMediaInsertionPrompt.Dispose()";0.0085;0.0085;0.0085;61925;61925;61925;24;32;0.00849999953061342;0.0085;0.0085;0.0085;18;18;18;18;1;61925;0.0003;0.0008;61925;61925;0
"Newtonsoft.Json.dll!Newtonsoft.Json::JsonPosition..ctor()";0.0085;0.0085;0.0085;61925;61925;61925;31;38;0.00849999953061342;0.0085;0.0085;0.0085;31;31;31;31;1;61925;0.0001;0.0006;61925;61925;0
"UnityEngine.CoreModule.dll!UnityEngine::Mathf.Round()";0.008499993;0.0002;0.1058999;61067;61957;61512;13;16;16.8877859948261;0.01032892;0.0042;0.01379998;272904;144;12;536;1635;60314;0;0.0505;60314;61512;0.007599995
"mscorlib.dll!System::String.GetHashCode()";0.008400001;0.008400001;0.01829998;62046;62046;61925;10;46;0.0266999844461679;0.01334999;0.008400001;0.008400001;132;34;34;98;2;61925;0.0001;0.0005;61925;62046;0
"Unity.TextMeshPro.dll!TMPro::TMP_ObjectPool`1.Release()";0.0084;0.005;0.0121;60642;61925;62046;12;27;0.0254999995231628;0.0085;0.005;0.0084;18;6;2;10;3;60642;0.001;0.0028;60642;61925;0
"Physics2D.SolveDiscrete";0.0084;0.0018;0.2332;61797;62002;60543;5;5;19.5380998954643;0.01349316;0.006;0.0156;1457;1;1;2;1448;60314;0.0018;0.181;62002;60538;0.0094
"Assembly-CSharp.dll!::EnemyHp.ClearForPool()";0.0083;0.0054;0.0134;60347;61794;61925;11;19;0.215600000694394;0.008624;0.0072;0.0093;26;1;1;2;25;60347;0.0052;0.0134;61689;61925;0
"mscorlib.dll!System::Array.IndexOfImpl()";0.0083;0.0014;0.8074;61073;60747;61154;9;43;35.1824998263037;0.02443229;0.0041;0.0258;6881;3;1;66;1440;60314;0.0002;0.1538;60327;60504;0.1296
"UnityEngine.CoreModule.dll!UnityEngine::GameObject.get_activeInHierarchy()";0.0083;0.0004;0.3843;61684;61939;61570;5;33;33.6551966025145;0.0168276;0.0031;0.02029999;88783;23;1;354;2000;60314;0.0002;0.0819;60314;61866;0.0052
"Newtonsoft.Json.dll!Newtonsoft.Json::JsonConverter[].System.Collections.Generic.ICollection`1.get_Count()";0.0083;0.0083;0.0083;61925;61925;61925;37;40;0.0082999998703599;0.0083;0.0083;0.0083;44;44;44;44;1;61925;0.0001;0.0003;61925;61925;0
"mscorlib.dll!::HashtableEnumerator.MoveNext()";0.008299998;0.008299998;0.008299998;61925;61925;61925;41;44;0.00829999800771475;0.008299998;0.008299998;0.008299998;61;61;61;61;1;61925;0;0.0004;61925;61925;0
"UnityEngine.CoreModule.dll!UnityEngine::TrailRenderer.Clear_Injected()";0.0082;0.0027;0.0557;60396;61249;61858;7;22;2.00929997232743;0.00947783;0.0051;0.0114;828;3;1;16;212;60328;0.0001;0.0165;60347;61746;0
"Canvas.BuildBatch";0.0082;0.0042;0.1276;60450;62204;61875;5;5;17.5303999129683;0.009260644;0.0069;0.01;1893;1;1;1;1893;60314;0.0042;0.1276;62204;61875;0.0101
"mscorlib.dll!System::RuntimeType.CreateInstanceCheckThis()";0.0082;0.0082;0.0082;61925;61925;61925;47;53;0.00820000004023314;0.0082;0.0082;0.0082;4;4;4;4;1;61925;0.0017;0.0024;61925;61925;0
"UnityEngine.CoreModule.dll!UnityEngine::NoAllocHelpers.SafeLength()";0.008199995;0;0.1664002;60630;60817;60352;14;19;15.468592561454;0.009460913;0.0044;0.01249999;133562;73;5;279;1635;60314;0;0.1451;60314;60352;0.006699995
"PostLateUpdate.PlayerSendFrameStarted";0.0081;0.0042;0.1006;60519;62106;60806;2;2;18.3514998997562;0.009175749;0.0073;0.0098;2000;1;1;1;2000;60314;0.0042;0.1006;62106;60806;0.0079
"Newtonsoft.Json.dll!Newtonsoft.Json.Converters::RegexConverter.CanConvert()";0.0081;0.0081;0.0081;61925;61925;61925;37;40;0.00810000021010637;0.0081;0.0081;0.0081;4;4;4;4;1;61925;0.0012;0.0027;61925;61925;0
"Newtonsoft.Json.dll!Newtonsoft.Json::JsonConverter[].System.Collections.Generic.IList`1.get_Item()";0.0081;0.0081;0.0081;61925;61925;61925;37;40;0.00810000021010637;0.0081;0.0081;0.0081;40;40;40;40;1;61925;0.0001;0.0004;61925;61925;0
"UnityEngine.UI.dll!UnityEngine.UI::LayoutRebuilder.StripDisabledBehavioursFromList()";0.0081;0.0081;0.0081;62046;62046;62046;12;13;0.00810000021010637;0.0081;0.0081;0.0081;12;12;12;12;1;62046;0.0002;0.0016;62046;62046;0
"Profiler.FlushCountersWithFlushOnEndOfFrame";0.0081;0.0059;0.1675;62128;62047;62185;4;4;19.446899893228;0.00972345;0.007;0.0099;2000;1;1;1;2000;60314;0.0059;0.1675;62047;62185;0.013
"mscorlib.dll!System::Array.GetValueImpl()";0.008;0.008;0.008;61925;61925;61925;42;53;0.00800000037997961;0.008;0.008;0.008;50;50;50;50;1;61925;0;0.0009;61925;61925;0
"UnityEngine.UI.dll!UnityEngine.EventSystems::PointerInputModule.GetPointerData()";0.007999999;0.0031;0.0689;60643;62285;61088;9;9;17.7660998448264;0.008891942;0.0065;0.0097;9458;5;3;5;1998;60314;0.0006;0.0429;60320;61088;0.0135
"mscorlib.dll!System.Reflection::FieldInfo.GetHashCode()";0.007999999;0.007999999;0.007999999;61925;61925;61925;44;47;0.00799999944865704;0.007999999;0.007999999;0.007999999;20;20;20;20;1;61925;0.0003;0.0008;61925;61925;0
"System.Core.dll!System.Linq::Grouping`2.Add()";0.007999999;0.007999999;0.007999999;61925;61925;61925;40;43;0.00799999944865704;0.007999999;0.007999999;0.007999999;40;40;40;40;1;61925;0.0001;0.0004;61925;61925;0
"Unity.ResourceManager.dll!UnityEngine.ResourceManagement.Util::LinkedListNodeCache`1.Release()";0.007999999;0.007999999;0.007999999;62046;62046;62046;17;20;0.00799999944865704;0.007999999;0.007999999;0.007999999;6;6;6;6;1;62046;0.0006;0.0035;62046;62046;0
"Physics2D.Collider2D.RecalculateContacts";0.0079;0.0029;0.0664;61095;61822;60489;7;7;15.4972997305449;0.01070256;0.0057;0.0133;10257;5;1;25;1448;60314;0;0.0302;60374;60968;0.0076
"Unity.TextMeshPro.dll!TMPro::TMP_FontAsset.LoadFontFace()";0.0079;0.0079;0.0079;61925;61925;61925;21;21;0.00789999961853027;0.0079;0.0079;0.0079;2;2;2;2;1;61925;0.0039;0.004;61925;61925;0
"UnityEngine.UI.dll!UnityEngine.UI::LayoutGroup.get_rectTransform()";0.0079;0.0079;0.0079;62046;62046;62046;10;16;0.00789999961853027;0.0079;0.0079;0.0079;12;12;12;12;1;62046;0.0005;0.0011;62046;62046;0
"mscorlib.dll!System.Collections.Generic::Dictionary`2.Clear()";0.007899999;0.0001;0.1125;61433;61995;60538;7;27;19.0411989290806;0.0095206;0.0036;0.0127;47314;20;6;76;2000;60314;0;0.0259;60314;60560;0.0108
"mscorlib.dll!::ArrayEnumerator..ctor()";0.007899996;0.007899996;0.007899996;61925;61925;61925;47;54;0.00789999589323997;0.007899996;0.007899996;0.007899996;91;91;91;91;1;61925;0;0.0002;61925;61925;0
"UnityEngine.InputLegacyModule.dll!UnityEngine::Input.GetButtonDown()";0.007800001;0.005;0.0902;61891;61533;60958;7;9;18.3159999893978;0.009158;0.0063;0.0099;8230;4;2;6;2000;60314;0.0009;0.0857;60363;60958;0.0123
"Newtonsoft.Json.dll!Newtonsoft.Json.Utilities::ReflectionUtils.EnsureNotByRefType()";0.0078;0.0078;0.0078;61925;61925;61925;34;41;0.0078000002540648;0.0078;0.0078;0.0078;8;8;8;8;1;61925;0.0005;0.0017;61925;61925;0
"UnityEngine.CoreModule.dll!UnityEngine::Shader.Find()";0.0078;0.0053;0.0178;60388;60638;61544;12;13;0.631599995307624;0.008535136;0.0062;0.0101;77;1;1;2;74;60331;0.0036;0.0145;60524;61462;0
"mscorlib.dll!System::String..ctor()";0.0078;0.0025;0.0433;60408;61223;60430;11;38;2.77949998201802;0.009143092;0.0052;0.0117;619;2;1;17;304;60314;0.0008;0.0181;60525;61434;0
"Assembly-CSharp.dll!::LaserBehavior.SetWidth()";0.0078;0.0053;0.0269;60427;61131;60965;13;18;0.454499995335937;0.00927551;0.0069;0.0096;50;1;1;2;49;60346;0.0053;0.0269;61131;60965;0
"Newtonsoft.Json.dll!Newtonsoft.Json::JsonTextWriter.CloseBufferAndWriter()";0.0078;0.0078;0.0078;61925;61925;61925;26;28;0.00779999978840351;0.0078;0.0078;0.0078;6;6;6;6;1;61925;0.0011;0.0014;61925;61925;0
"Mesh.AwakeFromLoad";0.0078;0.0078;0.0078;62046;62046;62046;12;12;0.00779999978840351;0.0078;0.0078;0.0078;5;5;5;5;1;62046;0.0008;0.0042;62046;62046;0
"UnityEngine.UI.dll!UnityEngine.UI::CanvasUpdateRegistry.InternalRegisterCanvasElementForLayoutRebuild()";0.0078;0.0078;0.0078;62046;62046;62046;14;23;0.00779999978840351;0.0078;0.0078;0.0078;4;4;4;4;1;62046;0.0011;0.0037;62046;62046;0
"Image.AllocateImageData";0.0078;0.0046;0.0239;62171;62081;62141;6;6;0.108999999705702;0.0109;0.006;0.0125;10;1;1;1;10;62051;0.0046;0.0239;62081;62141;0
"mscorlib.dll!Mono.Globalization.Unicode::MSCompatUnicodeTable.Level1()";0.007799998;0.007799998;0.007799998;61925;61925;61925;34;42;0.00779999839141965;0.007799998;0.007799998;0.007799998;36;36;36;36;1;61925;0.0001;0.0004;61925;61925;0
"mscorlib.dll!System.Text::ValueStringBuilder.ToString()";0.0077;0.0035;0.0264;60699;60333;61544;10;37;1.91529998439364;0.008992019;0.006;0.0115;304;1;1;5;213;60314;0.0016;0.0182;60370;60832;0
"CullSceneDynamicObjects";0.0077;0.0043;0.0672;60709;60650;61937;8;8;10.5291999429464;0.008284186;0.0071;0.0081;1289;1;1;2;1271;60314;0.004;0.0672;60626;61937;0.0097
"UnityEngine.UI.dll!UnityEngine.UI::Selectable.ParentGroupAllowsInteraction()";0.0077;0.0073;0.0362;60846;60815;61403;10;25;0.227700000163168;0.01265;0.0075;0.0111;24;1;1;3;18;60318;0.0066;0.0362;60429;61403;0
"ParticleSystem.ScheduleGeometryJobs";0.0077;0.0013;0.0641;61534;60874;61178;4;4;10.8253999371082;0.008411344;0.0067;0.0092;1287;1;1;1;1287;60314;0.0013;0.0641;60874;61178;0.0063
"Newtonsoft.Json.dll!Newtonsoft.Json.Utilities::ReflectionUtils.IsNullable()";0.0077;0.0077;0.0077;61925;61925;61925;38;41;0.00769999995827675;0.0077;0.0077;0.0077;4;4;4;4;1;61925;0.0012;0.003;61925;61925;0
"UnityEngine.AssetBundleModule.dll!UnityEngine::AssetBundleUnloadOperation..ctor()";0.0077;0.0077;0.0077;62046;62046;62046;28;28;0.00769999995827675;0.0077;0.0077;0.0077;3;3;3;3;1;62046;0.0007;0.0057;62046;62046;0
"Newtonsoft.Json.dll!Newtonsoft.Json.Serialization::JsonPrimitiveContract.get_TypeCode()";0.007699997;0.007699997;0.007699997;61925;61925;61925;30;36;0.00769999716430902;0.007699997;0.007699997;0.007699997;106;106;106;106;1;61925;0;0.0018;61925;61925;0
"TMP.RegisterTextObjectForUpdate";0.0076;0.0025;0.0253;60366;61192;61544;11;28;1.84229998639785;0.008814832;0.0056;0.0116;288;1;1;5;209;60314;0.0021;0.023;61601;60832;0
"Assembly-CSharp.dll!::ProjectileVfx.OnDisable()";0.0076;0.0049;0.0469;60491;60445;60681;13;17;1.29570000618696;0.009742105;0.0055;0.0115;189;1;1;4;133;60328;0.0047;0.0469;60605;60681;0
"UnityEngine.UI.dll!UnityEngine.EventSystems::BaseInput.GetAxisRaw()";0.0076;0.0034;0.9489;60824;62046;61266;6;8;18.5521998666227;0.0092761;0.006;0.009400001;7996;4;2;4;2000;60314;0.001;0.9156;60426;61266;0.0112
"UnityEngine.CoreModule.dll!UnityEngine::Camera.WorldToScreenPoint()";0.0076;0.002;0.3812;60870;60750;60976;5;6;14.1634998072404;0.008791744;0.0047;0.0104;12550;8;2;20;1611;60314;0.0004;0.1863;60314;60976;0.0052
"UnityEngine.UI.dll!UnityEngine.UI::MultipleDisplayUtilities.GetRelativeMousePositionForRaycast()";0.0076;0.0044;0.1641;61409;60934;60447;11;11;17.9755998975597;0.008996797;0.0058;0.0105;1998;1;1;1;1998;60314;0.0044;0.1641;60934;60447;0.0164
"Audio.FMODSystemUpdate";0.0076;0.0036;0.0516;61648;60671;60681;4;4;16.8299999414012;0.008415;0.0069;0.0087;2000;1;1;1;2000;60314;0.0036;0.0516;60671;60681;0.0079
"UnityEngine.UI.dll!UnityEngine.UI::CanvasUpdateRegistry.InternalDisableCanvasElementForGraphicRebuild()";0.0076;0.0033;0.0195;61774;60428;62046;15;30;0.236700001638383;0.008453571;0.007;0.0098;75;2;2;17;28;60347;0.0009;0.0108;60428;60392;0
"Unity.TextMeshPro.dll!TMPro::TMP_FontAsset.UpdateGlyphAdjustmentRecords()";0.0076;0.0076;0.0076;61925;61925;61925;15;15;0.00760000012814999;0.0076;0.0076;0.0076;2;2;2;2;1;61925;0.0027;0.0049;61925;61925;0
"UnityEngine.UI.dll!UnityEngine.EventSystems::StandaloneInputModule.ActivateModule()";0.0076;0.0076;0.0076;62046;62046;62046;6;6;0.00760000012814999;0.0076;0.0076;0.0076;1;1;1;1;1;62046;0.0076;0.0076;62046;62046;0
"Unity.TextMeshPro.dll!TMPro::TextMeshProUGUI.GetTextContainerLocalCorners()";0.0075;0.0027;0.0175;60642;61925;62046;11;26;0.0277000004425645;0.009233333;0.0027;0.0075;12;3;1;8;3;60642;0.0018;0.0031;62046;60642;0
"UnityEngine.UI.dll!UnityEngine.UI::Image.get_material()";0.0075;0.007;0.0279;61373;60938;60429;14;14;0.202599998563528;0.01125556;0.0072;0.0103;50;2;2;7;18;60318;0.0031;0.0128;60318;61925;0
"UnityEngine.CoreModule.dll!UnityEngine::Mesh.set_normals()";0.0075;0.0015;0.0128;61925;60824;62046;15;17;0.0218000009190291;0.007266667;0.0015;0.0075;9;3;1;5;3;60824;0.0015;0.0035;60824;62046;0
"mscorlib.dll!System::Enum.ToUInt64()";0.0075;0.0075;0.01;61165;61165;61686;24;24;0.0174999996088445;0.00875;0.0075;0.0075;2;1;1;1;2;61165;0.0075;0.01;61165;61686;0
"System.dll!System.Collections.Specialized::OrderedDictionary.get_objectsTable()";0.0075;0.0075;0.0075;61925;61925;61925;45;49;0.00749999983236194;0.0075;0.0075;0.0075;6;6;6;6;1;61925;0;0.0044;61925;61925;0
"mscorlib.dll!System.Collections.Generic::Dictionary`2.Initialize()";0.0075;0.003;0.07759999;62143;62047;62046;10;54;0.145099996589124;0.02902;0.0045;0.0525;47;1;1;41;5;60452;0.0007;0.0755;62046;62046;0
"Newtonsoft.Json.dll!Newtonsoft.Json.Serialization::JsonProperty.get_PropertyName()";0.007499995;0.007499995;0.007499995;61925;61925;61925;30;43;0.00749999471008778;0.007499995;0.007499995;0.007499995;144;144;144;144;1;61925;0;0.0001;61925;61925;0
"mscorlib.dll!System::String.CreateString()";0.0074;0.0023;0.0401;61484;61223;60430;12;39;2.63039999525063;0.008652631;0.0049;0.0111;619;2;1;17;304;60314;0.0006;0.0172;61925;61434;0
"mscorlib.dll!System.IO::PathInternal.EnsureExtendedPrefixIfNeeded()";0.0074;0.0074;0.0074;61925;61925;61925;26;34;0.00739999953657389;0.0074;0.0074;0.0074;18;18;18;18;1;61925;0.0003;0.0007;61925;61925;0
"Newtonsoft.Json.dll!Newtonsoft.Json.Serialization::JsonSerializerInternalWriter.OnSerialized()";0.0074;0.0074;0.0074;61925;61925;61925;28;34;0.00739999953657389;0.0074;0.0074;0.0074;31;31;31;31;1;61925;0.0001;0.0005;61925;61925;0
"System.Core.dll!::<CastIterator>d__34`1.<>m__Finally1()";0.007399996;0.007399996;0.007399996;61925;61925;61925;42;53;0.00739999627694488;0.007399996;0.007399996;0.007399996;95;95;95;95;1;61925;0;0.0005;61925;61925;0
"UnityEngine.CoreModule.dll!UnityEngine::Vector4.get_zero()";0.007399995;0.0018;0.1247999;61492;61747;61570;13;18;11.7026915699244;0.009015941;0.0047;0.01129999;182962;120;48;612;1298;60314;0;0.0302;60314;61512;0.004799999
"mscorlib.dll!System::RuntimeFieldHandle.get_Value()";0.007399994;0.007399994;0.007399994;61925;61925;61925;43;47;0.00739999394863844;0.007399994;0.007399994;0.007399994;120;120;120;120;1;61925;0;0.0015;61925;61925;0
"System.Runtime.Serialization.dll!System.Runtime.Serialization::DataContractAttribute[].System.Collections.Generic.ICollection`1.get_Count()";0.007300001;0.007300001;0.007300001;61925;61925;61925;45;50;0.0073000006377697;0.007300001;0.007300001;0.007300001;36;36;36;36;1;61925;0.0001;0.0004;61925;61925;0
"FixedUpdate.PhysicsFixedUpdate";0.0073;0.0045;0.0348;61007;60429;61959;2;2;15.5912999198772;0.00932494;0.0065;0.0103;1696;1;1;16;1672;60314;0.0009;0.0348;62100;61959;0.0094
"UnityEngine.CoreModule.dll!UnityEngine::Component.GetComponentsForListInternal_Injected()";0.0073;0.0015;0.1194;61754;62042;62046;11;33;14.5651998242829;0.009253621;0.0051;0.011;12175;6;2;245;1574;60314;0.0001;0.0132;60318;61282;0.0112
"mscorlib.dll!System.Text::UTF8Encoding.get_Preamble()";0.0073;0.0073;0.0073;61925;61925;61925;24;25;0.00730000017210841;0.0073;0.0073;0.0073;6;6;6;6;1;61925;0.0008;0.0016;61925;61925;0
"TilemapRenderer.Render";0.0073;0.0058;0.0524;60416;60382;61894;9;9;14.4288999494165;0.008330774;0.0067;0.0088;3464;2;2;2;1732;60314;0.0025;0.0453;60444;61894;0.0093
"UnityEngine.UI.dll!UnityEngine.UI::CanvasUpdateRegistry.UnRegisterCanvasElementForRebuild()";0.0073;0.0044;0.1667001;60428;61925;62046;11;25;0.186500079929829;0.04662502;0.0044;0.0081;72;3;1;65;4;60428;0.0021;0.005;62046;62046;0
"mscorlib.dll!::InternalEnumerator`1.get_Current()";0.0073;0.0073;0.0073;61925;61925;61925;39;44;0.00729999970644712;0.0073;0.0073;0.0073;35;35;35;35;1;61925;0.0001;0.0005;61925;61925;0
"mscorlib.dll!System.Reflection::ConstructorInfo[].System.Collections.Generic.IEnumerable`1.GetEnumerator()";0.0073;0.0073;0.0073;61925;61925;61925;39;43;0.00729999970644712;0.0073;0.0073;0.0073;9;9;9;9;1;61925;0.0004;0.0014;61925;61925;0
"mscorlib.dll!System::Buffer.MemoryCopy()";0.0073;0.0073;0.0073;61925;61925;61925;23;24;0.00729999970644712;0.0073;0.0073;0.0073;6;6;6;6;1;61925;0.0008;0.0017;61925;61925;0
"System.Core.dll!System.Collections.Generic::LargeArrayBuilder`1.CopyTo()";0.0073;0.0073;0.0073;61925;61925;61925;45;51;0.00729999970644712;0.0073;0.0073;0.0073;14;14;14;14;1;61925;0.0004;0.0011;61925;61925;0
"UnityEngine.CoreModule.dll!UnityEngine::Vector3.op_Addition()";0.007299996;0;0.1314005;60850;62029;60538;5;25;19.8199885478898;0.01037696;0.0028;0.01389999;313382;129;1;995;1910;60314;0;0.0546;60314;60352;0.01309999
"UnityEngine.InputLegacyModule.dll!UnityEngine.Internal::InputUnsafeUtility.GetButtonDown()";0.0072;0.0045;0.0898;60531;60863;60958;8;10;16.7520999666303;0.00837605;0.0057;0.009099999;8230;4;2;6;2000;60314;0.0008;0.0855;60357;60958;0.0115
"PostLateUpdate.EnlightenRuntimeUpdate";0.0072;0.0028;0.0357;61096;62047;61159;2;2;14.9800999176223;0.00749005;0.0064;0.0079;2000;1;1;1;2000;60314;0.0028;0.0357;62047;61159;0.0072
"Physics2D.WriteTransforms";0.0072;0.0009;0.1181;61450;61992;60740;4;4;14.9046999256825;0.0102933;0.0041;0.0127;1457;1;1;2;1448;60314;0.0009;0.1181;61992;60740;0.0114
"UnityEngine.CoreModule.dll!UnityEngine::Mesh.RecalculateBoundsImpl()";0.0072;0.0005;0.0734;61515;61854;60538;15;17;14.6619997153175;0.008967584;0.004;0.0114;20167;11;1;40;1635;60314;0.0003;0.0135;60334;61512;0.0085
"mscorlib.dll!System.Reflection::RuntimeParameterInfo[].System.Collections.Generic.IEnumerable`1.GetEnumerator()";0.0072;0.0072;0.0072;61925;61925;61925;41;45;0.00719999987632036;0.0072;0.0072;0.0072;15;15;15;15;1;61925;0.0001;0.0009;61925;61925;0
"mscorlib.dll!System::Array.SetValueImpl()";0.0072;0.0072;0.0072;61925;61925;61925;42;52;0.00719999987632036;0.0072;0.0072;0.0072;22;22;22;22;1;61925;0.0001;0.0012;61925;61925;0
"mscorlib.dll!System::Array.ClearInternal()";0.007199999;0.0007;0.0669;61373;62001;60538;8;33;15.8005955448025;0.00825959;0.005;0.0102;69709;33;2;121;1913;60314;0;0.0252;60316;60560;0.008299999
"Newtonsoft.Json.dll!::<>c.<GetFieldsAndProperties>b__31_0()";0.007199999;0.007199999;0.007199999;61925;61925;61925;40;43;0.00719999941065907;0.007199999;0.007199999;0.007199999;40;40;40;40;1;61925;0.0001;0.0005;61925;61925;0
"mscorlib.dll!System::Type.get_IsByRef()";0.007199999;0.007199999;0.007199999;61925;61925;61925;35;42;0.00719999894499779;0.007199999;0.007199999;0.007199999;10;10;10;10;1;61925;0.0004;0.0014;61925;61925;0
"mscorlib.dll!::ArrayEnumerator.MoveNext()";0.007199995;0.007199995;0.007199995;61925;61925;61925;46;53;0.00719999521970749;0.007199995;0.007199995;0.007199995;121;121;121;121;1;61925;0;0.0001;61925;61925;0
"Assembly-CSharp.dll!::TowerAttackRange.OnAttackRange()";0.0071;0.0071;0.0071;60642;60642;60642;5;5;0.0071000000461936;0.0071;0.0071;0.0071;1;1;1;1;1;60642;0.0071;0.0071;60642;60642;0
"PlayerConnection.Poll";0.0071;0.0043;0.5885;61263;60545;62281;3;4;28.183099871967;0.01409155;0.0064;0.0096;4000;2;2;2;2000;60314;0.002;0.2944;60545;62281;0.0094
"UnityEngine.CoreModule.dll!UnityEngine::Component.GetComponentsInParent()";0.0071;0.0053;0.0345;61403;60815;62046;16;19;0.225199993699789;0.01185263;0.0058;0.0163;60;2;2;12;19;60318;0.0023;0.0149;62046;62068;0
"mscorlib.dll!System::Span`1.ToArray()";0.0071;0.0022;0.0661;61835;60971;61065;10;24;10.5954999611713;0.008323252;0.0053;0.0096;2422;2;1;4;1273;60314;0.001;0.0635;60338;61065;0.0046
"mscorlib.dll!System.IO::FileStream.WriteInternal()";0.0071;0.0071;0.0071;61925;61925;61925;25;26;0.0071000000461936;0.0071;0.0071;0.0071;6;6;6;6;1;61925;0.001;0.0014;61925;61925;0
"TMP Handle Vertical Line Breaking";0.0071;0.0071;0.0071;61925;61925;61925;16;17;0.0071000000461936;0.0071;0.0071;0.0071;6;6;6;6;1;61925;0.0001;0.006;61925;61925;0
"cleanupAfterLoad.Invoke";0.0071;0.0071;0.0071;62046;62046;62046;8;8;0.0071000000461936;0.0071;0.0071;0.0071;1;1;1;1;1;62046;0.0071;0.0071;62046;62046;0
"mscorlib.dll!System::Object.__icall_wrapper_mono_marshal_isinst_with_cache()";0.0071;0.0013;0.1974;61660;61983;60925;8;53;13.957299166359;0.008021437;0.005099999;0.009500001;26054;13;1;117;1740;60314;0;0.1894;60342;60925;0.0066
"UnityEngine.CoreModule.dll!UnityEngine::Quaternion.op_Inequality()";0.0071;0.0006;0.184;61695;61850;60352;13;15;15.8304987786687;0.009906445;0.0041;0.0131;28889;13;1;103;1598;60314;0.0003;0.1581;60316;60352;0.008899999
"mscorlib.dll!System.Collections.Generic::Dictionary`2.Remove()";0.007099999;0.0018;0.1611;60428;61925;62046;9;29;0.17829996929504;0.04457499;0.0018;0.0083;124;6;1;111;4;60428;0.0004;0.0094;62046;62046;0
"mscorlib.dll!System::RuntimeType.IsPointerImpl()";0.007099999;0.007099999;0.007099999;61925;61925;61925;42;54;0.00709999911487103;0.007099999;0.007099999;0.007099999;19;19;19;19;1;61925;0.0002;0.0007;61925;61925;0
"UnityEngine.CoreModule.dll!UnityEngine::Quaternion.op_Multiply()";0.007099998;0;0.06720003;60732;62046;61434;7;19;15.8411903231317;0.007920595;0.006199997;0.009099993;184464;104;2;127;2000;60314;0;0.0232;60314;61232;0.006899996
"mscorlib.dll!Mono::SafeStringMarshal..ctor()";0.007099996;0.007099996;0.007099996;61925;61925;61925;40;49;0.00709999585524201;0.007099996;0.007099996;0.007099996;83;83;83;83;1;61925;0;0.0002;61925;61925;0
"UnityEngine.UI.dll!::MouseState.GetButtonState()";0.007;0.0052;0.1028;61878;62158;62201;8;10;17.3821996911429;0.0086998;0.0061;0.0087;15984;8;8;8;1998;60314;0.0004;0.0959;60316;62201;0.0105
"Assembly-CSharp.dll!::ObjectDetector.Update()";0.007;0.0042;0.8795;60995;60347;60642;4;4;16.0468999021687;0.009264953;0.0054;0.0086;1732;1;1;1;1732;60314;0.0042;0.8795;60347;60642;0.0081
"UnityEngine.UI.dll!UnityEngine.UIElements::UIToolkitInteroperabilityBridge.StopTrackingUIToolkitPanels()";0.007;0.007;0.007;62046;62046;62046;14;14;0.00699999975040555;0.007;0.007;0.007;1;1;1;1;1;62046;0.007;0.007;62046;62046;0
"mscorlib.dll!System::Nullable`1.GetValueOrDefault()";0.006999996;0.006999996;0.006999996;61925;61925;61925;24;36;0.00699999555945396;0.006999996;0.006999996;0.006999996;106;106;106;106;1;61925;0;0.0001;61925;61925;0
"mscorlib.dll!System::String.Ctor()";0.0069;0.002;0.0357;60737;61223;60430;13;40;2.48349999450147;0.008169408;0.0046;0.0106;619;2;1;17;304;60314;0.0005;0.0162;61925;61434;0
"Assembly-CSharp.dll!::EnemyHpViewer.SetFillThickness()";0.0069;0.006;0.1308;60938;61249;61925;10;22;0.449799990281463;0.01183684;0.0065;0.0077;45;1;1;4;38;60318;0.006;0.1308;61249;61925;0
"PostLateUpdate.PlayerSendFrameComplete";0.0069;0.001;0.2266;61055;62047;62141;2;2;20.3648999124998;0.01018245;0.0058;0.0086;2000;1;1;1;2000;60314;0.001;0.2266;62047;62141;0.0085
"UnityEngine.IMGUIModule.dll!UnityEngine::GUI.DoSetSkin()";0.0069;0.005;0.0484;61232;60371;61434;7;8;13.7924999478273;0.007963337;0.0061;0.0084;3538;2;2;6;1732;60314;0.0014;0.0373;60370;61434;0.0086
"UnityEngine.CoreModule.dll!UnityEngine::Transform.set_position_Injected()";0.0069;0.0006;0.0878;61576;61986;60976;6;26;13.5472990971757;0.007821767;0.0045;0.009699999;44163;24;3;73;1732;60314;0;0.0764;60314;60976;0.0057
"UnityEngine.TextCoreFontEngineModule.dll!UnityEngine.TextCore.LowLevel::FontEngine.PopulateLigatureSubstitutionRecordMarshallingArray()";0.0069;0.0069;0.0069;61925;61925;61925;24;24;0.00689999992027879;0.0069;0.0069;0.0069;2;2;2;2;1;61925;0.0025;0.0044;61925;61925;0
"ScriptableObject.OnDestroy";0.0069;0.0069;0.0069;62046;62046;62046;9;9;0.00689999992027879;0.0069;0.0069;0.0069;1;1;1;1;1;62046;0.0069;0.0069;62046;62046;0
"System.Core.dll!::Iterator`1..ctor()";0.006899999;0.006899999;0.006899999;61925;61925;61925;38;42;0.0068999994546175;0.006899999;0.006899999;0.006899999;9;9;9;9;1;61925;0.0005;0.0013;61925;61925;0
"UnityEngine.CoreModule.dll!UnityEngine::Component.get_gameObject_Injected()";0.006899998;0.0001;0.1307999;61836;61934;61570;6;34;19.1882926046892;0.009594146;0.0033;0.01299999;130773;40;1;599;2000;60314;0;0.0901;60314;60986;0.008499998
"UnityEngine.InputLegacyModule.dll!UnityEngine::Input.GetAxisRaw()";0.006800001;0.0031;0.9447;60555;62046;61266;7;9;16.9007000322454;0.00845035;0.0054;0.0086;7996;4;2;4;2000;60314;0.0009;0.9139;60318;61266;0.01
"UnityEngine.UI.dll!UnityEngine.UI.Collections::IndexedSet`1.get_Item()";0.006800001;0.0017;0.182;61116;62058;61624;9;12;15.153199077351;0.007933612;0.005599999;0.0085;59145;30;12;66;1910;60314;0.0001;0.1395;60314;61624;0.0094
"Newtonsoft.Json.dll!Newtonsoft.Json.Serialization::JsonPropertyCollection.GetKeyForItem()";0.006800001;0.006800001;0.006800001;61925;61925;61925;38;42;0.00680000055581331;0.006800001;0.006800001;0.006800001;40;40;40;40;1;61925;0.0001;0.0002;61925;61925;0
"UnityEngine.CoreModule.dll!UnityEngine::Mesh.set_bounds_Injected()";0.0068;0.0008;0.08430002;61170;60824;60542;15;18;14.0346998730092;0.008782666;0.004;0.0113;17659;9;1;35;1598;60314;0.0001;0.0301;60360;60542;0.0082
"Physics2D.SolveDiscreteTraversal";0.0068;0.0013;0.1543;61600;62016;61223;6;6;15.8626998794498;0.0109549;0.0049;0.0125;1457;1;1;2;1448;60314;0.0013;0.1543;62016;61223;0.0075
"mscorlib.dll!System.Collections::DictionaryEntry..ctor()";0.006799998;0.006799998;0.006799998;61925;61925;61925;42;49;0.00679999822750688;0.006799998;0.006799998;0.006799998;61;61;61;61;1;61925;0;0.0003;61925;61925;0
"Clear";0.0067;0.0006;0.0592;60913;62047;61159;7;7;14.0252999265795;0.00701265;0.006;0.0079;2000;1;1;1;2000;60314;0.0006;0.0592;62047;61159;0.0069
"Assembly-CSharp.dll!::BombProjectile.OnTriggerEnter2D()";0.0067;0;1.5406;61032;60485;61689;7;7;27.1432000657078;0.1217184;0.0037;0.0155;368;1;1;5;223;60315;0;1.5405;60449;61689;0
"mscorlib.dll!System::Number.DoubleToNumber()";0.0067;0.004;0.024;61156;60996;61544;11;38;1.65999999595806;0.007793427;0.0049;0.0098;306;1;1;5;213;60314;0.0008;0.0189;60370;61089;0
"UnityEngine.UI.dll!UnityEngine.UI::CanvasScaler.HandleScaleWithScreenSize()";0.0067;0.0051;0.1165;61851;60750;62053;8;11;16.4378999052569;0.00821895;0.0062;0.0085;2001;1;1;2;2000;60314;0.0051;0.1165;60750;62053;0.007
"mscorlib.dll!System.Collections.Generic::ArraySortHelper`1.InsertionSort()";0.0067;0.0067;0.0189;61925;61925;62239;14;46;0.0255999993532896;0.0128;0.0067;0.0067;4;2;2;2;2;61925;0.0031;0.0099;61925;62239;0
"Newtonsoft.Json.dll!::<>c__DisplayClass24_0.<TryBuildImmutableForArrayContract>b__0()";0.0067;0.0067;0.0067;61925;61925;61925;40;40;0.00669999979436398;0.0067;0.0067;0.0067;10;10;10;10;1;61925;0.0006;0.001;61925;61925;0
"Newtonsoft.Json.dll!Newtonsoft.Json.Serialization::JsonContainerContract.get_ItemConverter()";0.0067;0.0067;0.0067;61925;61925;61925;29;35;0.00669999979436398;0.0067;0.0067;0.0067;78;78;78;78;1;61925;0;0.0024;61925;61925;0
"System.Core.dll!System.Linq::Buffer`1..ctor()";0.0067;0.0067;0.0067;61925;61925;61925;38;41;0.00669999979436398;0.0067;0.0067;0.0067;2;2;2;2;1;61925;0.0028;0.0039;61925;61925;0
"UnityEngine.TextCoreFontEngineModule.dll!UnityEngine.TextCore.LowLevel::FontEngine.LoadFontFace()";0.0067;0.0067;0.0067;61925;61925;61925;22;22;0.00669999979436398;0.0067;0.0067;0.0067;2;2;2;2;1;61925;0.0033;0.0034;61925;61925;0
"UnityEngine.UI.dll!UnityEngine.EventSystems::BaseInputModule.OnDisable()";0.0067;0.0067;0.0067;62046;62046;62046;12;12;0.00669999979436398;0.0067;0.0067;0.0067;1;1;1;1;1;62046;0.0067;0.0067;62046;62046;0
"UnityEngine.UI.dll!UnityEngine.EventSystems::EventSystem.OnEnable()";0.0067;0.0067;0.0067;62046;62046;62046;9;9;0.00669999979436398;0.0067;0.0067;0.0067;1;1;1;1;1;62046;0.0067;0.0067;62046;62046;0
"PlayerEndOfFrame";0.0067;0.0009;0.2259;62089;62047;62141;3;3;20.0342999111162;0.01001715;0.0057;0.0085;2000;1;1;1;2000;60314;0.0009;0.2259;62047;62141;0.0084
"mscorlib.dll!System::Char.IsLetterOrDigit()";0.006699999;0.0007;0.09889998;61205;61931;60538;13;15;14.4914992489503;0.009068523;0.0038;0.0119;28882;13;1;103;1598;60314;0.0003;0.0563;60316;60345;0.0085
"UnityEngine.CoreModule.dll!UnityEngine::ResourcesAPI.FindShaderByName()";0.0066;0.0044;0.0146;60558;60638;61544;13;14;0.521099999081343;0.007041892;0.0052;0.0084;77;1;1;2;74;60331;0.0031;0.012;60524;61462;0
"UnityEngine.CoreModule.dll!UnityEngine.Bindings::OutStringMarshaller.GetStringAndDispose()";0.0066;0.0024;0.0381;60642;60934;60430;10;10;1.65119999088347;0.008015534;0.0041;0.0104;303;1;1;13;206;60314;0.001;0.0222;60525;61434;0
"UnityEngine.UI.dll!UnityEngine.EventSystems::ExecuteEvents.ShouldSendToComponent()";0.0066;0.0031;0.0398;60683;60388;62143;9;16;1.99329999019392;0.008410549;0.0048;0.0099;2860;10;4;40;237;60341;0.0001;0.0134;62248;62071;0
"UnityEngine.UI.dll!UnityEngine.UI::GraphicRegistry.GetRaycastableGraphicsForCanvas()";0.0066;0.0021;0.0927;60726;61794;61041;11;11;15.5006999112666;0.007758108;0.0052;0.0095;1998;1;1;1;1998;60314;0.0021;0.0927;61794;61041;0.0143
"mscorlib.dll!System.Text::StringBuilder.AppendFormatHelper()";0.0066;0.0047;0.4775;61428;61388;61925;8;25;0.682999991346151;0.02439286;0.0057;0.0077;32;1;1;5;28;60315;0.0012;0.4602;61925;61925;0
"UnityEngine.UI.dll!UnityEngine.UI::Image.get_mainTexture()";0.0066;0.0061;0.0243;61493;60846;60429;13;13;0.177000005263835;0.009833334;0.0064;0.0094;50;2;2;7;18;60318;0.0029;0.0084;62046;61925;0
"Newtonsoft.Json.dll!Newtonsoft.Json.Utilities::ReflectionUtils.InheritsGenericDefinitionInternal()";0.0066;0.0066;0.0066;61925;61925;61925;39;39;0.00659999996423721;0.0066;0.0066;0.0066;1;1;1;1;1;61925;0.0066;0.0066;61925;61925;0
"Newtonsoft.Json.dll!Newtonsoft.Json.Utilities::StringUtils.IndexOf()";0.0066;0.0066;0.0066;61925;61925;61925;36;36;0.00659999996423721;0.0066;0.0066;0.0066;1;1;1;1;1;61925;0.0066;0.0066;61925;61925;0
"EarlyUpdate.PhysicsResetInterpolatedTransformPosition";0.0066;0;0.0442;62016;60318;61247;2;2;14.4426999240823;0.00722135;0.0057;0.0085;2000;1;1;1;2000;60314;0;0.0442;60318;61247;0.0091
"Assembly-CSharp.dll!::PlayerService.remove_OnDied()";0.0066;0.0066;0.0066;62046;62046;62046;11;11;0.00659999996423721;0.0066;0.0066;0.0066;1;1;1;1;1;62046;0.0066;0.0066;62046;62046;0
"ApplyPass.PrepareKeywords";0.006599998;0.0005;0.0552;60880;62051;61266;5;8;13.7510968800052;0.006875549;0.0054;0.007999997;86062;45;6;79;2000;60314;0;0.0404;60314;61444;0.0145
"Assembly-CSharp.dll!::Enemy.ApplyBossVisual()";0.0065;0.006;0.0183;60876;60815;60429;10;15;0.120200000237674;0.008013333;0.0062;0.0072;38;2;2;6;15;60318;0.0022;0.0052;60429;60349;0
"System.dll!System.ComponentModel::AttributeCollection.GetDefaultAttribute()";0.0065;0.0065;0.0065;61925;61925;61925;41;44;0.00650000013411045;0.0065;0.0065;0.0065;2;2;2;2;1;61925;0.0026;0.0039;61925;61925;0
"mscorlib.dll!System.IO::TextWriter..ctor()";0.0065;0.0065;0.0065;61925;61925;61925;24;27;0.00649999966844916;0.0065;0.0065;0.0065;12;12;12;12;1;61925;0.0003;0.0009;61925;61925;0
"TMP Compute Character Advance";0.006499999;0.0005;0.1284;61482;61846;60538;13;15;14.3145992925856;0.008957822;0.0035;0.0121;28886;13;1;103;1598;60314;0.0003;0.0372;60316;61154;0.008199998
"Update.ScriptRunDelayedTasks";0.0064;0.0046;0.1572;61631;60605;61884;2;2;15.3685999005102;0.0076843;0.0058;0.008;2000;1;1;1;2000;60314;0.0046;0.1572;60605;61884;0.006
"Newtonsoft.Json.dll!::<>c.<CreateProperties>b__75_0()";0.0064;0.0064;0.0064;61925;61925;61925;42;45;0.0063999998383224;0.0064;0.0064;0.0064;20;20;20;20;1;61925;0.0002;0.0012;61925;61925;0
"PreLateUpdate.UIElementsUpdatePanels";0.0064;0.0045;0.0476;62179;62241;62138;2;2;15.083199925255;0.0075416;0.0058;0.0079;2000;1;1;1;2000;60314;0.0045;0.0476;62241;62138;0.0062
"Mesh.CreateMesh";0.006399999;0.0015;0.06460001;61206;60731;61154;7;13;12.5741002686555;0.007868649;0.0044;0.0101;17572;9;1;35;1598;60314;0.0001;0.0439;60363;61154;0.007
"mscorlib.dll!System.Reflection::RuntimeFieldInfo.get_BindingFlags()";0.006399997;0.006399997;0.006399997;61925;61925;61925;41;45;0.00639999657869339;0.006399997;0.006399997;0.006399997;120;120;120;120;1;61925;0;0.0001;61925;61925;0
"UnityEngine.CoreModule.dll!UnityEngine::ResourcesAPIInternal.FindShaderByName()";0.0063;0.0042;0.0135;60558;60638;60916;14;15;0.496399998664856;0.006708108;0.0049;0.0079;77;1;1;2;74;60331;0.003;0.0115;60524;61462;0
"TMP.UpdateGlyphAdjustmentRecords";0.0063;0.0063;0.0063;61925;61925;61925;16;16;0.00629999954253435;0.0063;0.0063;0.0063;2;2;2;2;1;61925;0.0021;0.0042;61925;61925;0
"Newtonsoft.Json.dll!Newtonsoft.Json.Serialization::JsonProperty.get_Ignored()";0.006299999;0.006299999;0.006299999;61925;61925;61925;30;35;0.00629999861121178;0.006299999;0.006299999;0.006299999;64;64;64;64;1;61925;0;0.0007;61925;61925;0
"mscorlib.dll!System.Reflection::RuntimeFieldInfo.get_Name()";0.006299997;0.006299997;0.006299997;61925;61925;61925;37;44;0.00629999674856663;0.006299997;0.006299997;0.006299997;120;120;120;120;1;61925;0;0.0001;61925;61925;0
"mscorlib.dll!System::Object..ctor()";0.006299997;0.006299997;0.006299997;61925;61925;61925;36;48;0.00629999674856663;0.006299997;0.006299997;0.006299997;132;132;132;132;1;61925;0;0.0001;61925;61925;0
"mscorlib.dll!System::Comparison`1.invoke_int_T_T()";0.006200001;0.0022;0.0359;60366;62134;60681;15;15;1.07310000318103;0.006968182;0.006;0.0079;412;3;1;3;154;60343;0.0017;0.0172;60353;62068;0
"UnityEngine.InputLegacyModule.dll!UnityEngine::CameraRaycastHelper.RaycastTry()";0.0062;0.0037;0.0282;60802;60750;61875;5;5;14.0446999280248;0.007353246;0.0048;0.0093;1910;1;1;1;1910;60314;0.0037;0.0282;60750;61875;0.0162
"mscorlib.dll!System.Reflection::FieldInfo.get_IsPublic()";0.0062;0.0062;0.0062;61925;61925;61925;38;41;0.00620000017806888;0.0062;0.0062;0.0062;40;40;40;40;1;61925;0.0001;0.0002;61925;61925;0
"SpriteRenderer.AwakeFromLoad";0.0062;0.0003;0.0409;61557;60322;61858;9;24;1.48899999115383;0.006830275;0.0051;0.0086;404;1;1;7;218;60314;0;0.0239;60815;60542;0
"LowLevelPhysics2D.PhysicsWorld.WriteDefinition";0.0062;0.0062;0.0062;62046;62046;62046;10;11;0.00619999971240759;0.0062;0.0062;0.0062;2;2;2;2;1;62046;0.0026;0.0036;62046;62046;0
"UnityEngine.CoreModule.dll!UnityEngine::Transform.get_childCount()";0.0062;0.0062;0.0062;62046;62046;62046;12;15;0.00619999971240759;0.0062;0.0062;0.0062;19;19;19;19;1;62046;0.0002;0.0006;62046;62046;0
"UnityEngine.CoreModule.dll!UnityEngine::Vector3.op_Multiply()";0.006199997;0;0.1932;60346;62046;60861;5;25;13.5625930361493;0.006781296;0.005299998;0.007499995;187104;105;2;144;2000;60314;0;0.1876;60314;60861;0.006199997
"mscorlib.dll!System.Reflection::RuntimeMethodInfo.get_BindingFlags()";0.006199997;0.006199997;0.006199997;61925;61925;61925;42;42;0.00619999691843987;0.006199997;0.006199997;0.006199997;98;98;98;98;1;61925;0;0.0001;61925;61925;0
"mscorlib.dll!System.Collections.Generic::ObjectEqualityComparer`1.IndexOf()";0.0061;0.0009;0.7782;61179;60732;61154;10;44;31.5210999875562;0.02188965;0.0027;0.0216;6667;3;1;48;1440;60314;0;0.1534;60319;60504;0.1256
"UnityEngine.Physics2DModule.dll!UnityEngine::Physics2D.Raycast()";0.0061;0.005;0.017;60398;60750;60468;5;5;0.0406999988481402;0.00814;0.0057;0.0069;5;1;1;1;5;60398;0.005;0.017;60750;60468;0
"UnityEngine.InputLegacyModule.dll!UnityEngine.Internal::InputUnsafeUtility.GetAxisRaw()";0.0061;0.0027;0.9383;60701;62046;61266;8;10;15.1857998650521;0.0075929;0.0049;0.0076;7996;4;2;4;2000;60314;0.0008;0.9109;60445;61266;0.0088
"UnityEngine.UI.dll!UnityEngine.UI::MultipleDisplayUtilities.RelativeMouseAtScaled()";0.0061;0.0035;0.163;61182;60457;60447;12;12;14.3801999294665;0.007197297;0.0046;0.0084;1998;1;1;1;1998;60314;0.0035;0.163;60457;60447;0.0124
"LowLevelPhysics2D.PhysicsWorld.SimulateBatch";0.0061;0;0.0345;61560;61162;60681;3;3;13.9633997607307;0.0069817;0.005;0.0098;3696;2;1;17;2000;60314;0;0.0335;60473;60681;0.0163
"System.dll!::WeakKeyComparer.System.Collections.IEqualityComparer.GetHashCode()";0.0061;0.0061;0.0061;61925;61925;61925;43;50;0.00609999988228083;0.0061;0.0061;0.0061;8;8;8;8;1;61925;0.0006;0.001;61925;61925;0
"Unity.ResourceManager.dll!UnityEngine.ResourceManagement.AsyncOperations::AsyncOperationHandle.get_Status()";0.0061;0.0061;0.0061;62046;62046;62046;17;20;0.00609999988228083;0.0061;0.0061;0.0061;6;6;6;6;1;62046;0.0006;0.0027;62046;62046;0
"Profiler.CollectPhysicsStats";0.0061;0.0037;0.0422;62127;62098;61247;3;3;12.5719999319408;0.007519139;0.0054;0.0082;1672;1;1;1;1672;60314;0.0037;0.0422;62098;61247;0.0077
"Unity.TextMeshPro.dll!TMPro::TMP_ListPool`1.Get()";0.006099999;0.0059;0.0093;60642;61925;62046;11;26;0.0212999996729195;0.0071;0.0059;0.006099999;18;6;2;10;3;60642;0.0006;0.0038;60642;61925;0
"UnityEngine.CoreModule.dll!UnityEngine::Behaviour.get_isActiveAndEnabled_Injected()";0.006099998;0.0001;0.1068999;60687;62088;61570;6;31;16.8197902235261;0.008414102;0.0024;0.01239999;146334;51;1;627;1999;60314;0;0.0264;60314;61223;0.007899997
"Newtonsoft.Json.dll!Newtonsoft.Json.Serialization::JsonProperty.get_Readable()";0.006099997;0.006099997;0.006099997;61925;61925;61925;30;35;0.0060999970883131;0.006099997;0.006099997;0.006099997;64;64;64;64;1;61925;0;0.002;61925;61925;0
"System.Core.dll!::<CastIterator>d__34`1.System.IDisposable.Dispose()";0.006099997;0.006099997;0.006099997;61925;61925;61925;41;52;0.0060999970883131;0.006099997;0.006099997;0.006099997;95;95;95;95;1;61925;0;0.0001;61925;61925;0
"Unity.TextMeshPro.dll!TMPro::TMP_UpdateManager.InternalRegisterTextObjectForUpdate()";0.006;0.0018;0.0206;60394;61192;61094;12;29;1.47030000132509;0.007034928;0.0044;0.0092;288;1;1;5;209;60314;0.0018;0.0199;60429;60832;0
"LowLevelPhysics2D.PhysicsWorld.Simulate";0.006;0.0034;0.0307;60896;61794;61676;4;4;11.8920999325346;0.0071125;0.0046;0.0089;1696;1;1;16;1672;60314;0.001;0.0307;62100;61676;0.0141
"Assembly-CSharp.dll!::TowerChargeGaugeView.ApplySorting()";0.006;0.006;0.0086;61165;61165;61686;15;15;0.0146000003442168;0.0073;0.006;0.006;4;2;2;2;2;61165;0.0022;0.0054;61165;61686;0
"mscorlib.dll!::UTF8Encoder..ctor()";0.006;0.006;0.006;61925;61925;61925;26;27;0.00600000005215406;0.006;0.006;0.006;6;6;6;6;1;61925;0.0008;0.0011;61925;61925;0
"mscorlib.dll!System.IO::FileStream.WriteSegment()";0.006;0.006;0.006;61925;61925;61925;26;27;0.00600000005215406;0.006;0.006;0.006;6;6;6;6;1;61925;0.0009;0.0011;61925;61925;0
"Unity.TextMeshPro.dll!TMPro::TMP_FontAsset.RegisterFontAssetForFontFeatureUpdate()";0.006;0.006;0.006;61925;61925;61925;21;21;0.00600000005215406;0.006;0.006;0.006;2;2;2;2;1;61925;0.0023;0.0037;61925;61925;0
"UnityEngine.CoreModule.dll!UnityEngine.Events::UnityEvent.AddListener()";0.006;0.006;0.006;62046;62046;62046;11;11;0.00600000005215406;0.006;0.006;0.006;3;3;3;3;1;62046;0.0015;0.0028;62046;62046;0
"UnityEngine.CoreModule.dll!UnityEngine::Renderer.get_sharedMaterial()";0.0059;0.0028;0.0253;60482;60471;61544;6;30;1.5046000010334;0.00709717;0.0044;0.008;565;2;1;10;212;60314;0.0013;0.0113;60326;61160;0
"UnityEngine.CoreModule.dll!UnityEngine::Transform.get_lossyScale_Injected()";0.0059;0.001;0.042;61404;62047;60538;7;20;13.1443987068487;0.0065722;0.0044;0.007900001;46072;22;5;58;2000;60314;0;0.0087;60324;61872;0.005799999
"Assembly-CSharp.dll!::EnemyShieldVisual.Clear()";0.0059;0.0006;0.0088;61616;60392;60581;8;20;0.120199998316821;0.004808;0.0006;0.0072;52;2;2;4;25;60347;0.0002;0.0059;61689;60581;0
"Assembly-CSharp.dll!::ProjectileFacing.FacePoint()";0.0059;0.0035;0.0437;60980;60371;60865;7;17;0.70229999627918;0.007166327;0.0052;0.0076;102;1;1;2;98;60314;0.0035;0.0235;60371;60542;0
"UnityEngine.CoreModule.dll!UnityEngine::Renderer.get_enabled()";0.0059;0.0009;0.0621;61200;61880;60861;6;10;12.5380999440094;0.00724327;0.0036;0.0089;21024;11;2;37;1731;60314;0.0003;0.034;60314;60861;0.0072
"Unity.TextMeshPro.dll!TMPro::TextMeshPro.get_transform()";0.0059;0.0005;0.08319999;61739;61934;60538;13;13;12.4768997296342;0.007812711;0.003;0.009999999;17567;9;1;35;1597;60314;0.0005;0.0145;60316;60865;0.0074
"mscorlib.dll!System.Runtime.InteropServices::SafeHandle.DangerousRelease()";0.0059;0.0059;0.0059;61925;61925;61925;25;29;0.00589999975636601;0.0059;0.0059;0.0059;24;24;24;24;1;61925;0.0001;0.0004;61925;61925;0
"mscorlib.dll!System::DateTimeFormat.TryFormatO()";0.0059;0.0059;0.0059;61925;61925;61925;23;23;0.00589999975636601;0.0059;0.0059;0.0059;1;1;1;1;1;61925;0.0059;0.0059;61925;61925;0
"Physics2D.FlagContactsForRecreation";0.005899999;0.001999999;0.1496;61366;61971;60538;7;7;13.9818928136956;0.009656004;0.0046;0.01129999;159212;106;100;137;1448;60314;0;0.0542;60314;61248;0.008299993
"Newtonsoft.Json.dll!Newtonsoft.Json::JsonWriter.UpdateCurrentState()";0.005800001;0.005800001;0.005800001;61925;61925;61925;31;37;0.00580000085756183;0.005800001;0.005800001;0.005800001;31;31;31;31;1;61925;0.0001;0.0003;61925;61925;0
"Unity.TextMeshPro.dll!TMPro::TMP_FontAsset.UpdateFontAssetsInUpdateQueue()";0.0058;0.0007;0.1118;61231;60735;61925;10;12;12.0521001198795;0.00754199;0.0033;0.0095;17653;9;1;35;1598;60314;0.0004;0.0665;60316;61925;0.008
"System.Core.dll!System.Collections.Generic::HashSet`1.Add()";0.0058;0.0007;6.8643;61489;60732;61031;6;32;19.0205002041766;0.01188781;0.0032;0.009799998;18211;9;1;38;1600;60314;0.0004;6.8553;60314;61031;0.0078
"mscorlib.dll!System.Text::StringBuilder.ExpandByABlock()";0.0058;0.0058;0.0058;61925;61925;61925;36;36;0.00580000039190054;0.0058;0.0058;0.0058;2;2;2;2;1;61925;0.0027;0.0031;61925;61925;0
"Assembly-CSharp.dll!::EnemySpawner.get_Count()";0.0058;0.0002;0.2049998;60612;61300;61570;7;12;17.0141927699005;0.01160586;0.0019;0.01509999;85702;36;1;351;1466;60315;0.0001;0.0725;60316;61648;0.0013
"mscorlib.dll!System::String.Concat()";0.0058;0.0051;0.1393;60719;60370;61925;7;41;0.218799987342209;0.01823333;0.0054;0.009;95;2;2;69;12;60360;0.0015;0.0053;61925;60379;0
"mscorlib.dll!System::Int32.ToString()";0.0058;0.0022;0.0286;60963;61110;61616;6;21;0.284099996788427;0.006929268;0.0045;0.0078;102;2;1;5;41;60346;0.0007;0.0257;60370;61616;0
"UnityEngine.CoreModule.dll!UnityEngine::MonoBehaviour.CancelInvoke()";0.0058;0.0017;0.0303;61810;60815;61858;5;19;1.85419999109581;0.006996981;0.0034;0.0087;425;1;1;7;265;60314;0.0012;0.0224;60727;61594;0
"mscorlib.dll!System::String.Replace()";0.0058;0.0058;0.0058;61925;61925;61925;21;21;0.00579999992623925;0.0058;0.0058;0.0058;1;1;1;1;1;61925;0.0058;0.0058;61925;61925;0
"mscorlib.dll!System::String.memset()";0.005799998;0.0001;0.08570003;60947;62096;60538;6;38;15.149589886576;0.007574795;0.0025;0.009899994;149024;61;1;261;2000;60314;0;0.0161;60314;61140;0.01009999
"mscorlib.dll!System::Math.Abs()";0.005799998;0.0004;0.05459999;61536;62111;61570;6;26;13.4064927639847;0.006703246;0.0042;0.008199994;160292;74;7;273;2000;60314;0;0.0297;60314;60547;0.007799994
"UnityEngine.TextCoreFontEngineModule.dll!UnityEngine.TextCore.LowLevel::MarkToBaseAdjustmentRecord.get_baseGlyphID()";0.005799998;0.005799998;0.005799998;61925;61925;61925;18;18;0.00579999759793282;0.005799998;0.005799998;0.005799998;106;106;106;106;1;61925;0;0.0001;61925;61925;0
"UnityEngine.CoreModule.dll!UnityEngine::MonoBehaviour.StopCoroutine()";0.0057;0.0032;0.08430004;60876;60938;62046;7;34;0.542200040770695;0.008092538;0.0044;0.0088;158;1;1;69;67;60318;0.0009;0.0128;62046;60704;0
"FixedUpdate.NewInputFixedUpdate";0.0057;0.0037;0.036;61257;62098;61570;2;2;12.7395999191795;0.007619378;0.005;0.0087;1696;1;1;16;1672;60314;0.0009;0.036;62100;61570;0.0109
"UnityEngine.TextCoreFontEngineModule.dll!UnityEngine.TextCore.LowLevel::FontEngine.PopulateLigatureSubstitutionRecordMarshallingArray_Injected()";0.0057;0.0057;0.0057;61925;61925;61925;25;25;0.00570000009611249;0.0057;0.0057;0.0057;2;2;2;2;1;61925;0.002;0.0037;61925;61925;0
"UnityEngine.CoreModule.dll!UnityEngine::Object.Equals()";0.0057;0.0008;0.7313995;60659;60792;61154;11;38;35.3149977488793;0.01766633;0.0022;0.0155;38335;5;1;766;1999;60314;0.0005;0.1496;60331;60504;0.1186
"UnityEngine.UI.dll!UnityEngine.EventSystems::EventSystem.RaycastComparer()";0.0057;0.002;0.0331;60718;62120;60681;16;16;0.970099982107058;0.00629935;0.0055;0.0071;412;3;1;3;154;60343;0.0016;0.017;60353;62068;0
"Assembly-CSharp.dll!::Projectile.AddForceToTarget()";0.0057;0.0021;0.0439;60727;60344;61858;9;19;0.320199994836003;0.006404;0.003;0.0069;127;3;1;4;50;60331;0.0016;0.0151;60494;61858;0
"UnityEngine.UI.dll!UnityEngine.UI::Image.SetSecondaryTextures()";0.0057;0.0051;0.0185;61373;60846;60429;12;12;0.147899999283254;0.008216667;0.0056;0.0074;50;2;2;7;18;60318;0.0021;0.0072;60318;60349;0
"UnityEngine.CoreModule.dll!UnityEngine::Mesh.set_tangents()";0.0057;0.0015;0.011;61925;60824;62046;15;17;0.0181999995838851;0.006066666;0.0015;0.0057;9;3;1;5;3;60824;0.0015;0.0027;60824;62046;0
"Physics2D.SolveDiscreteIsland";0.005699999;0.0011;0.1534;60666;62002;61223;7;7;12.9474996585632;0.008941644;0.0041;0.0101;20954;10;1;80;1448;60314;0.0002;0.1499;60950;61223;0.006599999
"Newtonsoft.Json.dll!Newtonsoft.Json.Serialization::JsonContract.get_UnderlyingType()";0.005699998;0.005699998;0.005699998;61925;61925;61925;27;39;0.00569999776780605;0.005699998;0.005699998;0.005699998;87;87;87;87;1;61925;0;0.0001;61925;61925;0
"UnityEngine.TextCoreFontEngineModule.dll!UnityEngine.TextCore.LowLevel::MarkToBaseAdjustmentRecord.get_markGlyphID()";0.005699998;0.005699998;0.005699998;61925;61925;61925;18;18;0.00569999776780605;0.005699998;0.005699998;0.005699998;104;104;104;104;1;61925;0;0.0001;61925;61925;0
"UnityEngine.CoreModule.dll!UnityEngine::Mesh.get_canAccess_Injected()";0.005699997;0.0003;0.07340002;60657;61949;61707;15;21;11.2175929311197;0.006860913;0.0028;0.009099993;131094;70;6;260;1635;60314;0;0.0661;60314;61707;0.005999997
"Newtonsoft.Json.dll!Newtonsoft.Json.Utilities::BufferUtils.RentBuffer()";0.0056;0.0056;0.0056;61925;61925;61925;35;36;0.00560000026598573;0.0056;0.0056;0.0056;6;6;6;6;1;61925;0.0005;0.0023;61925;61925;0
"Assembly-CSharp.dll!::Slow.OnTriggerExit2D()";0.0056;0.0026;0.0717;60545;60518;60321;7;20;1.51689999108203;0.007509406;0.0036;0.0086;289;1;1;6;202;60315;0.0026;0.0649;60445;60321;0
"UnityEngine.UI.dll!UnityEngine.UI::Slider.get_normalizedValue()";0.0056;0.0022;0.0652;60604;60912;61570;12;23;8.99510000483133;0.006913989;0.0036;0.0084;2690;2;1;9;1301;60314;0.0019;0.0334;60331;61129;0.0029
"UnityEngine.CoreModule.dll!UnityEngine::Renderer.GetSharedMaterial()";0.0056;0.0027;0.0241;61124;60471;61544;7;31;1.42509998264723;0.00672217;0.0041;0.0077;565;2;1;10;212;60314;0.0012;0.0108;60406;61160;0
"ParticleSystem.CleanupAfterLoad";0.0056;0.0056;0.0056;62046;62046;62046;9;9;0.00559999980032444;0.0056;0.0056;0.0056;1;1;1;1;1;62046;0.0056;0.0056;62046;62046;0
"UnityEngine.CoreModule.dll!UnityEngine::Vector2..ctor()";0.005599998;0;0.1040001;61727;61882;61570;5;24;13.9279895562213;0.006967478;0.0009;0.01059999;217631;94;2;581;1999;60314;0;0.0125;60314;60681;0.005599998
"UnityEngine.Physics2DModule.dll!UnityEngine::PhysicsScene2D.Raycast()";0.0055;0.0045;0.0159;60398;60750;60468;6;6;0.0368999987840652;0.00738;0.0051;0.0059;5;1;1;1;5;60398;0.0045;0.0159;60750;60468;0
"UnityEngine.CoreModule.dll!UnityEngine::MonoBehaviour.StopCoroutineManaged()";0.0055;0.0026;0.04560001;60608;61925;62046;11;19;0.118600007612258;0.009123078;0.0045;0.0081;81;1;1;67;13;60347;0.0005;0.0094;62046;60963;0
"Profiler.CollectLegacyStats";0.0055;0.0035;0.0686;60995;62251;62206;4;4;12.2929999155458;0.0061465;0.0048;0.0065;2000;1;1;1;2000;60314;0.0035;0.0686;62251;62206;0.0071
"mscorlib.dll!System::Array.BinarySearch()";0.0055;0.0055;0.0094;61165;61165;61686;24;25;0.0148999998345971;0.00745;0.0055;0.0055;4;2;2;2;2;61165;0.0027;0.0049;61165;61686;0
"mscorlib.dll!System::Convert.ToInt64()";0.0055;0.0055;0.0063;61165;61165;61686;25;29;0.0117999999783933;0.0059;0.0055;0.0055;6;3;3;3;2;61165;0;0.0054;61165;61686;0
"Assembly-CSharp.dll!::EnemyHp.TryPlayHitFlash()";0.0055;0.0021;0.1389;61308;61227;61435;8;18;11.8388998545706;0.009120878;0.0031;0.0095;2651;2;1;6;1298;60314;0.0021;0.12;60331;61435;0.0024
"Tilemap.Update()";0.0055;0.0019;0.2364;61447;60638;61535;4;4;11.6819998336723;0.006744803;0.004;0.0085;6928;4;4;4;1732;60314;0;0.2211;60314;61535;0.0065
"Physics2D.TriggerContactsFinalUpdate";0.0055;0.0018;0.1294;61638;61956;60543;5;5;14.3527999361977;0.009912155;0.0039;0.0118;1457;1;1;2;1448;60314;0.0018;0.1131;61956;60542;0.005
"UnityEngine.IMGUIModule.dll!UnityEngine::GUILayoutUtility.SelectIDList()";0.0055;0.0041;0.0794;61079;60459;60823;5;7;11.4183998480439;0.006592609;0.0048;0.0071;7076;4;4;12;1732;60314;0.0007;0.0751;60400;60823;0.0089
"UnityEngine.CoreModule.dll!UnityEngine::GameObject.CompareTag_Internal_Injected()";0.005499999;0.0016;0.0621;60364;60474;60538;8;24;9.05169927678071;0.006199794;0.0033;0.0076;14535;5;1;75;1460;60314;0.0001;0.0538;60314;61306;0.0066
"UnityEngine.CoreModule.dll!UnityEngine::MonoBehaviour.Internal_CancelInvokeAll()";0.0054;0.0014;0.0289;60485;60815;60371;6;20;1.75029999786057;0.006604906;0.0032;0.0082;425;1;1;7;265;60314;0.001;0.022;61773;61594;0
"Unity.TextMeshPro.dll!TMPro::TMP_Text.GetEllipsisSpecialCharacter()";0.0054;0.0054;0.0187;60642;60642;62046;12;16;0.024100000038743;0.01205;0.0054;0.0054;6;1;1;5;2;60642;0.0027;0.0056;62046;62046;0
"Assembly-CSharp.dll!::PanelPlayerTMP.Update()";0.0054;0.0035;0.1091;60788;60479;61926;4;4;11.8633999561425;0.006849538;0.0042;0.0071;1732;1;1;1;1732;60314;0.0035;0.1091;60479;61926;0.0052
"Unity.TextMeshPro.dll!::TextBackingContainer.Resize()";0.0054;0.0054;0.009099999;61925;61925;62046;16;16;0.0144999995827675;0.00725;0.0054;0.0054;7;3;3;4;2;61925;0.0013;0.0036;61925;62046;0
"UnityEngine.CoreModule.dll!UnityEngine::Material.SetFloatImpl_Injected()";0.0054;0.0054;0.0054;62046;62046;62046;16;16;0.00540000014007092;0.0054;0.0054;0.0054;15;15;15;15;1;62046;0.0001;0.0017;62046;62046;0
"UnityEngine.UI.dll!UnityEngine.EventSystems::BaseRaycaster.OnDisable()";0.0054;0.0054;0.0054;62046;62046;62046;12;12;0.00540000014007092;0.0054;0.0054;0.0054;1;1;1;1;1;62046;0.0054;0.0054;62046;62046;0
"Unity.ResourceManager.dll!UnityEngine.ResourceManagement.AsyncOperations::AsyncOperationHandle.get_InternalOp()";0.0054;0.0054;0.0054;62046;62046;62046;17;21;0.00539999967440963;0.0054;0.0054;0.0054;16;16;16;16;1;62046;0.0002;0.0012;62046;62046;0
"UnityEngine.CoreModule.dll!UnityEngine::Vector4.op_Implicit()";0.005399999;0;0.09600019;60617;61974;60437;15;18;11.2914926741068;0.006906112;0.0027;0.009299994;176500;92;4;468;1635;60314;0;0.0835;60314;60437;0.006299997
"UnityEngine.CoreModule.dll!UnityEngine::Vector3.get_forward()";0.005399998;0;0.1345001;60749;62046;61232;5;17;11.9001951204336;0.005950097;0.004699999;0.006599996;169916;96;2;113;2000;60314;0;0.1291;60314;61232;0.005199999
"mscorlib.dll!Mono.Globalization.Unicode::SimpleCollator.ClearBuffer()";0.005399998;0.005399998;0.005399998;61925;61925;61925;31;39;0.00539999827742577;0.005399998;0.005399998;0.005399998;72;72;72;72;1;61925;0;0.0014;61925;61925;0
"UnityEngine.UI.dll!UnityEngine.EventSystems::PointerInputModule.IsPointerOverGameObject()";0.0053;0.0029;0.0676;60809;60762;61088;7;7;10.4775999435224;0.006049423;0.0045;0.0063;3464;2;2;2;1732;60314;0.0013;0.0554;60415;61088;0.0052
"TMP Handle Line Termination";0.0053;0.0008;0.08019999;60954;60731;60538;13;15;11.3341998921242;0.007092741;0.0031;0.009199999;17681;9;1;35;1598;60314;0.0003;0.0164;60322;61244;0.0061
"UnityEngine.UI.dll!UnityEngine.EventSystems::EventSystem.TickModules()";0.0053;0.0035;0.3651;61330;60370;62046;4;5;12.9233999601565;0.0064617;0.0042;0.0069;2002;1;1;2;2000;60314;0.0035;0.3651;60370;62046;0.0093
"mscorlib.dll!System::Object.__icall_wrapper_ves_icall_array_new_specific()";0.0052;0.0009;0.4207011;60581;60971;61925;6;55;8.6075010264758;0.006462088;0.0035;0.0073;6987;3;1;1264;1332;60314;0.0001;0.0347;60331;61217;0.0029
"UnityEngine.CoreModule.dll!UnityEngine::GameObject.get_transform()";0.0052;0.0015;0.2954;60600;60962;60866;6;22;20.3405995300272;0.01119461;0.0032;0.0149;9541;2;1;38;1817;60314;0.0012;0.2418;60331;60866;0.0091
"UnityEngine.UI.dll!UnityEngine.UIElements::UIToolkitInteroperabilityBridge.Update()";0.0052;0.003;0.0458;60953;60691;61439;5;5;12.5198999461718;0.00625995;0.004;0.0076;2000;1;1;1;2000;60314;0.003;0.0458;60691;61439;0.0164
"mscorlib.dll!System::RuntimeType.get_IsEnum()";0.0052;0.0048;0.0163;61165;62046;61925;21;42;0.033400000538677;0.00835;0.0048;0.0071;15;3;2;7;4;61165;0.0011;0.0047;61165;61925;0
"EarlyUpdate.UpdateCanvasRectTransform";0.0052;0.0014;0.1836;61582;62047;60666;2;2;13.4059999131132;0.006703;0.0046;0.0072;2000;1;1;1;2000;60314;0.0014;0.1836;62047;60666;0.0074
"UnityEngine.TextCoreFontEngineModule.dll!UnityEngine.TextCore.LowLevel::FontEngine.PopulateMarkToMarkAdjustmentRecordMarshallingArray()";0.0052;0.0052;0.0052;61925;61925;61925;19;19;0.0052000000141561;0.0052;0.0052;0.0052;2;2;2;2;1;61925;0.0019;0.0033;61925;61925;0
"UnityEngine.UI.dll!UnityEngine.UI::Selectable.OnApplicationFocus()";0.0052;0.0002;0.0058;62095;62096;62313;3;3;0.0111999999353429;0.003733333;0.0002;0.0052;9;3;3;3;3;62095;0;0.004;62096;62313;0
"EndGraphicsJobs";0.0052;0.0009;0.0746;61631;62047;61088;3;3;11.8194995188387;0.00590975;0.0046;0.0061;8000;4;4;4;2000;60314;0;0.0734;60315;61088;0.0099
"mscorlib.dll!System::Type.GetRootElementType()";0.0052;0.0052;0.0052;61925;61925;61925;38;54;0.00519999954849482;0.0052;0.0052;0.0052;8;8;8;8;1;61925;0.0005;0.0008;61925;61925;0
"UnityEngine.UIModule.dll!UnityEngine::CanvasRenderer.get_cull_Injected()";0.005199999;0.0012;0.05770001;61668;62047;61212;12;13;11.209299077047;0.005868743;0.0041;0.0072;53768;28;12;42;1910;60314;0;0.053;60314;61212;0.0087
"Newtonsoft.Json.dll!Newtonsoft.Json.Serialization::JsonContract.get_InternalConverter()";0.005199999;0.005199999;0.005199999;61925;61925;61925;27;35;0.00519999861717224;0.005199999;0.005199999;0.005199999;84;84;84;84;1;61925;0;0.0001;61925;61925;0
"UnityEngine.CoreModule.dll!UnityEngine::Quaternion.op_Equality()";0.0051;0.0004;0.1756001;60680;61970;60352;14;16;11.5632006502419;0.007236045;0.0029;0.0097;28889;13;1;103;1598;60314;0.0002;0.1574;60316;60352;0.0062
"UnityEngine.CoreModule.dll!UnityEngine.Events::UnityEvent`1.AddListener()";0.0051;0.0038;0.0145;61222;60675;60429;18;33;0.372399996034801;0.00581875;0.0047;0.0061;71;1;1;4;64;60318;0.0022;0.0101;60524;60379;0
"Assembly-CSharp.dll!::ServiceLocator.TryGet()";0.0051;0.0033;0.0459;61276;60844;61154;7;12;1.44749998836778;0.006239224;0.0042;0.007;309;1;1;6;232;60315;0.0015;0.0187;62046;61267;0.0087
"UnityEngine.CoreModule.dll!UnityEngine.Experimental.Rendering::ScriptableRuntimeReflectionSystemWrapper.Internal_ScriptableRuntimeReflectionSystemWrapper_TickRealtimeProbes()";0.0051;0.0022;0.0393;61440;62047;60681;3;3;11.6677999293897;0.0058339;0.0047;0.0059;2000;1;1;1;2000;60314;0.0022;0.0393;62047;60681;0.0065
"UnityEngine.ParticleSystemModule.dll!UnityEngine::ParticleSystem.Stop()";0.0051;0.0016;0.021;61594;61515;60865;7;17;0.760099995066412;0.005758333;0.0039;0.0068;139;1;1;2;132;60314;0.001;0.021;60524;60865;0
"PreLateUpdate.EndGraphicsJobsAfterScriptUpdate";0.0051;0.0008;0.0746;61676;62047;61088;2;2;11.7183999376721;0.0058592;0.0046;0.0061;2000;1;1;1;2000;60314;0.0008;0.0746;62047;61088;0.0079
"UnityEngine.CoreModule.dll!UnityEngine::UnitySynchronizationContext.ExecuteTasks()";0.0051;0.0036;0.1555;61685;60605;61884;3;3;12.3178999305237;0.00615895;0.0046;0.0063;2000;1;1;1;2000;60314;0.0036;0.1555;60605;61884;0.005
"Physics.PrepareSimulationStage";0.0051;0.0027;0.026;61774;61249;61959;3;3;10.918999930378;0.006530502;0.0045;0.0073;1696;1;1;16;1672;60314;0.0006;0.026;62100;61959;0.0067
"UnityEngine.UIElementsModule.dll!UnityEngine.UIElements::UIElementsRuntimeUtilityNative.UpdatePanels()";0.0051;0.0035;0.0455;61878;62251;62138;3;3;12.042599939974;0.0060213;0.0046;0.0063;2000;1;1;1;2000;60314;0.0035;0.0455;62251;62138;0.005
"Unity.TextMeshPro.dll!TMPro::TMP_Text.FillCharacterVertexBuffers()";0.005099999;0.001;0.0567;61676;61931;61154;13;15;10.3519993842347;0.006478097;0.0031;0.008599999;28828;13;1;98;1598;60314;0;0.0336;60318;61154;0.005899998
"Newtonsoft.Json.dll!Newtonsoft.Json::JsonWriter.UpdateScopeWithFinishedValue()";0.005099998;0.005099998;0.005099998;61925;61925;61925;30;39;0.00509999832138419;0.005099998;0.005099998;0.005099998;84;84;84;84;1;61925;0;0.0002;61925;61925;0
"UnityEngine.CoreModule.dll!UnityEngine::MonoBehaviour.Invoke()";0.005;0.0025;0.0419;60549;60646;61858;7;19;0.572500001406297;0.006155914;0.0034;0.0073;174;1;1;4;93;60328;0.0015;0.0157;60432;61858;0
"Assembly-CSharp.dll!::ProjectileFacing.FaceDirection()";0.005;0.0024;0.09459999;60620;60524;60548;5;19;5.1589999885764;0.006260922;0.0037;0.007;1281;1;1;8;824;60314;0.0016;0.0883;60504;60548;0
"UnityEngine.TilemapModule.dll!UnityEngine.Tilemaps::Tilemap.HasTile()";0.005;0.0026;0.0404;61119;60662;61903;5;5;9.2140999676194;0.005787751;0.0044;0.0061;1657;1;1;2;1592;60314;0.0009;0.0404;60662;61903;0.0042
"UnityEngine.UI.dll!::MouseState.SetButtonState()";0.005;0.0033;0.0494;61143;62055;61872;9;9;11.5671999508049;0.005789389;0.004;0.0062;5994;3;3;3;1998;60314;0.0009;0.0252;60465;61872;0.0072
"Physics2D.LinecastAll";0.005;0.0007;0.0738;61331;60370;61367;9;9;9.86489994585281;0.00569567;0.0031;0.007;1732;1;1;1;1732;60314;0.0007;0.0738;60370;61367;0.0095
"UnityEngine.UI.dll!UnityEngine.EventSystems::BaseInputModule.ShouldActivateModule()";0.005;0.0028;0.0361;61449;60445;61266;6;6;11.6763999422546;0.0058382;0.0038;0.0064;2000;1;1;1;2000;60314;0.0028;0.0361;60445;61266;0.0092
"Unity.InternalAPIEngineBridge.004.dll!TMPro::ObjectUtilsBridge.MarkDirty()";0.005;0.0007;3.669;61662;60733;60976;8;29;14.127000083623;0.008829375;0.0028;0.008599999;18805;9;1;43;1600;60314;0.0003;3.6614;60314;60976;0.006399999
"UnityEngine.CoreModule.dll!::BindingsMarshaller.ConvertToManaged()";0.005;0.005;0.005;62045;62045;62045;23;23;0.00499999988824129;0.005;0.005;0.005;1;1;1;1;1;62045;0.005;0.005;62045;62045;0
"UnityEngine.UI.dll!UnityEngine.EventSystems::BaseInputModule.OnEnable()";0.005;0.005;0.005;62046;62046;62046;9;9;0.00499999988824129;0.005;0.005;0.005;1;1;1;1;1;62046;0.005;0.005;62046;62046;0
"UnityEngine.UI.dll!UnityEngine.EventSystems::RaycasterManager.RemoveRaycasters()";0.005;0.005;0.005;62046;62046;62046;13;13;0.00499999988824129;0.005;0.005;0.005;1;1;1;1;1;62046;0.005;0.005;62046;62046;0
"UnityEngine.UI.dll!::<>c.<StripDisabledBehavioursFromList>b__10_0()";0.004999999;0.004999999;0.004999999;62046;62046;62046;14;15;0.00499999942258;0.004999999;0.004999999;0.004999999;10;10;10;10;1;62046;0.0004;0.0011;62046;62046;0
"mscorlib.dll!System.Reflection::MemberInfo.GetHashCode()";0.004999999;0.004999999;0.004999999;61925;61925;61925;45;48;0.00499999895691872;0.004999999;0.004999999;0.004999999;20;20;20;20;1;61925;0.0002;0.0006;61925;61925;0
"UnityEngine.CoreModule.dll!UnityEngine::MonoBehaviour.StopCoroutineManaged_Injected()";0.0049;0.0019;0.0182;60518;61925;62046;12;20;0.0805999974254519;0.0062;0.0039;0.007;81;1;1;67;13;60347;0.0001;0.0082;62046;60963;0
"UnityEngine.UI.dll!UnityEngine.UIElements::UIToolkitInteroperabilityBridge.UpdatePanelGameObjects()";0.0049;0.0028;0.0457;60668;60691;61439;6;6;11.8226999286562;0.00591135;0.0038;0.0072;2000;1;1;1;2000;60314;0.0028;0.0457;60691;61439;0.0162
"CullObjectsWithoutUmbra";0.0049;0.0027;0.0643;60711;60642;61937;9;9;6.43719995394349;0.005064673;0.0043;0.0051;1289;1;1;2;1271;60314;0.0026;0.0643;60648;61937;0.0053
"UnityEngine.CoreModule.dll!UnityEngine::Texture2D.SetAllPixels32()";0.0049;0.0049;0.0057;61165;61165;61686;18;18;0.010600000154227;0.0053;0.0049;0.0049;2;1;1;1;2;61165;0.0049;0.0057;61165;61686;0
"Assembly-CSharp.dll!::<HitScalePunch>d__35.MoveNext()";0.0049;0.0021;0.0958;61744;60425;60538;5;23;4.95539997052401;0.006494626;0.0033;0.0079;1112;1;1;4;763;60314;0.0017;0.0528;60940;61206;0.0029
"Assembly-CSharp.dll!::WaveRunRewards.OnAllWavesCleared()";0.0049;0.0049;0.0049;61925;61925;61925;17;17;0.00490000005811453;0.0049;0.0049;0.0049;1;1;1;1;1;61925;0.0049;0.0049;61925;61925;0
"mscorlib.dll!System::Buffer.BlockCopy()";0.0049;0.0049;0.0049;61925;61925;61925;27;28;0.00490000005811453;0.0049;0.0049;0.0049;6;6;6;6;1;61925;0.0007;0.001;61925;61925;0
"Newtonsoft.Json.dll!Newtonsoft.Json::JsonWriter.Close()";0.0049;0.0049;0.0049;61925;61925;61925;26;28;0.00490000005811453;0.0049;0.0049;0.0049;6;6;6;6;1;61925;0.0006;0.001;61925;61925;0
"Unity.TextMeshPro.dll!TMPro::TMP_Text.RestoreWordWrappingState()";0.0049;0.0049;0.0049;61925;61925;61925;17;17;0.00490000005811453;0.0049;0.0049;0.0049;3;3;3;3;1;61925;0.0015;0.0018;61925;61925;0
"UnityEngine.TextCoreFontEngineModule.dll!UnityEngine.TextCore.LowLevel::FontEngine.PopulateMarkToBaseAdjustmentRecordMarshallingArray()";0.0049;0.0049;0.0049;61925;61925;61925;19;19;0.00490000005811453;0.0049;0.0049;0.0049;2;2;2;2;1;61925;0.0018;0.0031;61925;61925;0
"UnityEngine.IMGUIModule.dll!UnityEngine::GUILayoutEntry.ApplyStyleSettings()";0.0049;0.0038;0.046;61926;61664;61088;10;11;10.1606999211945;0.005866455;0.0046;0.0061;3538;2;2;6;1732;60314;0.0012;0.0348;61691;61212;0.0061
"UnityEngine.UI.dll!UnityEngine.UI::Selectable.IsPressed()";0.0049;0.0049;0.0055;62095;62095;62313;4;4;0.0104000000283122;0.0052;0.0049;0.0049;6;3;3;3;2;62095;0.0008;0.0038;62313;62313;0
"UnityEngine.CoreModule.dll!UnityEngine::Camera.get_main_Injected()";0.0049;0.0013;0.031;61459;61995;60538;6;13;9.50949908990879;0.005490473;0.0038;0.006399998;23195;12;3;35;1732;60314;0;0.0273;60368;61129;0.0042
"UnityEngine.UI.dll!UnityEngine.UI::GraphicRaycaster.get_canvas()";0.0049;0.0027;0.1387;62087;62106;61491;11;12;12.5807998294476;0.006296697;0.0041;0.0062;15010;7;5;15;1998;60314;0.0004;0.1335;60442;61491;0.0073
"mscorlib.dll!Mono.Globalization.Unicode::SimpleCollator.FilterOptions()";0.004899999;0.004899999;0.004899999;61925;61925;61925;33;41;0.00489999912679195;0.004899999;0.004899999;0.004899999;72;72;72;72;1;61925;0;0.0001;61925;61925;0
"mscorlib.dll!System::Array.InternalArray__get_Item()";0.004899999;0.004899999;0.004899999;61925;61925;61925;38;45;0.00489999912679195;0.004899999;0.004899999;0.004899999;77;77;77;77;1;61925;0;0.0001;61925;61925;0
"mscorlib.dll!Mono::SafeStringMarshal.GFree()";0.004800001;0.004800001;0.004800001;61925;61925;61925;41;50;0.00480000069364905;0.004800001;0.004800001;0.004800001;60;60;60;60;1;61925;0;0.0002;61925;61925;0
"UnityEngine.UI.dll!UnityEngine.UI.Collections::IndexedSet`1.EnableItem()";0.0048;0.0019;0.1151;60618;60526;60429;12;33;8.26849994971417;0.006321483;0.003;0.007;3025;2;1;73;1308;60314;0.001;0.0318;62046;61800;0.002
"UnityEngine.CoreModule.dll!UnityEngine::SpriteRenderer.set_size()";0.0048;0.0015;0.0493;60657;61544;60538;8;19;8.13059993227944;0.005853564;0.0034;0.0077;3874;2;1;14;1389;60314;0.0003;0.035;60357;61755;0.0044
"mscorlib.dll!System.Collections.Generic::EqualityComparer`1.get_Default()";0.0048;0.0002;0.1361007;61246;62047;62046;9;55;11.9814939091739;0.005993744;0.0025;0.007799994;147806;60;1;1280;1999;60314;0;0.0393;60314;60908;0.007399994
"Newtonsoft.Json.dll!Newtonsoft.Json.Converters::DataSetConverter.CanConvert()";0.0048;0.0048;0.0048;61925;61925;61925;37;40;0.00480000022798777;0.0048;0.0048;0.0048;4;4;4;4;1;61925;0.001;0.0015;61925;61925;0
"UnityEngine.InputLegacyModule.dll!UnityEngine::CameraRaycastHelper.RaycastTry_Injected()";0.0048;0.0028;0.0233;60430;60716;60505;6;6;10.8771999417804;0.005694869;0.0037;0.0074;1910;1;1;1;1910;60314;0.0028;0.0233;60716;60505;0.0126
"mscorlib.dll!System.Collections::Hashtable.Contains()";0.0048;0.0048;0.0048;61925;61925;61925;45;48;0.00479999976232648;0.0048;0.0048;0.0048;4;4;4;4;1;61925;0.0009;0.0016;61925;61925;0
"mscorlib.dll!System.IO::PathInternal.EndsInDirectorySeparator()";0.0048;0.0048;0.0048;61925;61925;61925;25;33;0.00479999976232648;0.0048;0.0048;0.0048;18;18;18;18;1;61925;0.0002;0.0004;61925;61925;0
"mscorlib.dll!System::RuntimeType.IsByRefImpl()";0.0048;0.0048;0.0048;61925;61925;61925;36;43;0.00479999976232648;0.0048;0.0048;0.0048;10;10;10;10;1;61925;0.0003;0.0007;61925;61925;0
"UnityEngine.CoreModule.dll!UnityEngine::Mathf.Sin()";0.004799999;0.0009;0.08149998;60710;61619;60538;5;23;10.687898448552;0.006485375;0.002899999;0.008599999;36748;17;2;87;1648;60314;0.0001;0.0157;60314;61663;0.003099999
"mscorlib.dll!System.Text::EncoderNLS..ctor()";0.004799999;0.004799999;0.004799999;61925;61925;61925;27;28;0.00479999929666519;0.004799999;0.004799999;0.004799999;6;6;6;6;1;61925;0.0007;0.0009;61925;61925;0
"mscorlib.dll!System::Array.SetValue()";0.0047;0.0047;0.0047;61925;61925;61925;45;48;0.004700000397861;0.0047;0.0047;0.0047;2;2;2;2;1;61925;0.002;0.0027;61925;61925;0
"mscorlib.dll!System::Number.NumberToStringFormat()";0.0047;0.0024;0.0212;60338;60707;61544;11;26;1.16429999936372;0.005466197;0.0034;0.0069;286;1;1;5;213;60314;0.0014;0.0139;60449;61089;0
"mscorlib.dll!System::String.EqualsHelper()";0.0047;0.0022;0.0586;60431;60474;61925;9;41;0.363200003281236;0.007412245;0.0038;0.0077;136;2;1;34;49;60347;0.001;0.0063;61925;60379;0
"UnityEngine.CoreModule.dll!UnityEngine::MonoBehaviour.Internal_CancelInvokeAll_Injected()";0.0047;0.0012;0.0263;61027;60815;60371;7;21;1.56749998708256;0.005915094;0.0028;0.0074;425;1;1;7;265;60314;0.0009;0.0208;60605;61594;0
"UnityEngine.UIElementsModule.dll!UnityEngine.UIElements::UIElementsRuntimeUtility.UpdatePanels()";0.0047;0.0032;0.0446;61246;62241;62138;4;4;11.0439999487717;0.005522;0.0042;0.0057;2000;1;1;1;2000;60314;0.0032;0.0446;62241;62138;0.0046
"UnityEngine.UI.dll!UnityEngine.UI.CoroutineTween::TweenRunner`1.StopTween()";0.0047;0;0.0132;61794;60380;60704;15;33;0.293799997118185;0.004385075;0.0026;0.006;79;1;1;4;67;60318;0;0.0132;60380;60704;0
"mscorlib.dll!System::Array.Clone()";0.0047;0.0047;0.0047;61925;61925;61925;48;51;0.00469999993219972;0.0047;0.0047;0.0047;2;2;2;2;1;61925;0.0019;0.0028;61925;61925;0
"mscorlib.dll!System::String.ToCharArray()";0.0047;0.0047;0.0047;61925;61925;61925;35;36;0.00469999993219972;0.0047;0.0047;0.0047;5;5;5;5;1;61925;0.0007;0.0012;61925;61925;0
"Newtonsoft.Json.dll!Newtonsoft.Json.Serialization::JsonProperty.get_DefaultValueHandling()";0.0047;0.0047;0.0047;61925;61925;61925;31;36;0.00469999993219972;0.0047;0.0047;0.0047;64;64;64;64;1;61925;0;0.0002;61925;61925;0
"UnityEngine.TextCoreFontEngineModule.dll!UnityEngine.TextCore.LowLevel::FontEngine.LoadFontFace_With_Size_and_FaceIndex_FromFont_Internal()";0.0047;0.0047;0.0047;61925;61925;61925;23;23;0.00469999993219972;0.0047;0.0047;0.0047;2;2;2;2;1;61925;0.0022;0.0025;61925;61925;0
"mscorlib.dll!::Enumerator.MoveNext()";0.004699999;0.0008;0.08970004;61054;62205;60926;6;45;10.3994989934145;0.005199749;0.0041;0.0057;36137;19;8;259;2000;60314;0;0.0851;60314;60926;0.006
"mscorlib.dll!System::Attribute..ctor()";0.004699999;0.004699999;0.004699999;61925;61925;61925;43;56;0.00469999946653843;0.004699999;0.004699999;0.004699999;88;88;88;88;1;61925;0;0.0001;61925;61925;0
"UnityEngine.CoreModule.dll!UnityEngine::MonoBehaviour.InvokeDelayed()";0.0046;0.0024;0.0391;60930;60646;61858;8;20;0.530799997504801;0.005707527;0.0031;0.006899999;174;1;1;4;93;60328;0.0014;0.0146;60488;61858;0
"UnityEngine.UI.dll!UnityEngine.UI::Image.get_hasBorder()";0.0046;0.0022;0.0648;61431;61747;61570;15;15;7.28850001795217;0.005615177;0.0029;0.0067;2507;2;1;8;1298;60314;0.0018;0.024;60318;61074;0.0025
"PrepareSceneNodesJob";0.0046;0.0046;0.0047;61920;61920;61513;9;9;0.00930000003427267;0.00465;0.0046;0.0046;2;1;1;1;2;61513;0.0046;0.0047;61920;61513;0
"Newtonsoft.Json.dll!Newtonsoft.Json.Serialization::JsonContract.get_IsReference()";0.0046;0.0046;0.0046;61925;61925;61925;28;36;0.00459999963641167;0.0046;0.0046;0.0046;62;62;62;62;1;61925;0;0.0003;61925;61925;0
"PrepareUpdateRendererBoundingVolumes";0.0046;0.0007;0.1461;61938;62251;61159;3;11;9.71259979531169;0.0048563;0.0039;0.0055;10002;5;5;7;2000;60314;0;0.1301;60325;61159;0.0051
"Assembly-CSharp.dll!::AttackBehaviorBase.OnAttackStopped()";0.0046;0.0046;0.0046;62046;62046;62046;12;14;0.00459999963641167;0.0046;0.0046;0.0046;90;90;90;90;1;62046;0;0.0001;62046;62046;0
"mscorlib.dll!System::String[].System.Collections.Generic.ICollection`1.Contains()";0.0046;0.0046;0.0046;62046;62046;62046;14;15;0.00459999963641167;0.0046;0.0046;0.0046;30;30;30;30;1;62046;0.0001;0.0004;62046;62046;0
"UnityEngine.CoreModule.dll!UnityEngine::Mathf.Max()";0.004599999;0.0001;0.06320002;60792;62113;60538;6;25;11.6184934344565;0.005809247;0.0026;0.007699993;176728;73;4;409;2000;60314;0;0.022;60314;61711;0.006599996
"Newtonsoft.Json.dll!Newtonsoft.Json.Serialization::JsonProperty.get_ShouldSerialize()";0.004599999;0.004599999;0.004599999;61925;61925;61925;31;36;0.00459999917075038;0.004599999;0.004599999;0.004599999;64;64;64;64;1;61925;0;0.0003;61925;61925;0
"mscorlib.dll!System::RuntimeFieldHandle..ctor()";0.004599999;0.004599999;0.004599999;61925;61925;61925;42;46;0.00459999870508909;0.004599999;0.004599999;0.004599999;60;60;60;60;1;61925;0;0.0016;61925;61925;0
"Newtonsoft.Json.dll!Newtonsoft.Json.Utilities::ConvertUtils.IsConvertible()";0.0045;0.0045;0.0045;61925;61925;61925;38;41;0.00450000027194619;0.0045;0.0045;0.0045;4;4;4;4;1;61925;0.0006;0.0016;61925;61925;0
"Physics.SyncTransforms";0.0045;0.0022;0.0241;60446;60367;61959;4;4;9.55909996363334;0.005717165;0.0039;0.0064;1696;1;1;16;1672;60314;0.0005;0.0241;62100;61959;0.0061
"UnityEngine.CoreModule.dll!UnityEngine::GameObject.GetComponentInParent_Injected()";0.0045;0.0024;0.0133;60665;60343;62070;13;13;0.104499999899417;0.0055;0.0035;0.006;19;1;1;1;19;60341;0.0024;0.0133;60343;62070;0
"mscorlib.dll!::ListBuilder`1..ctor()";0.0045;0.0045;0.0045;61925;61925;61925;38;52;0.0044999998062849;0.0045;0.0045;0.0045;82;82;82;82;1;61925;0;0.0001;61925;61925;0
"mscorlib.dll!System.IO::PathInternal.EndsWithPeriodOrSpace()";0.0045;0.0045;0.0045;61925;61925;61925;27;35;0.0044999998062849;0.0045;0.0045;0.0045;18;18;18;18;1;61925;0.0001;0.0006;61925;61925;0
"mscorlib.dll!System.IO::StreamWriter.CheckAsyncTaskInProgress()";0.0045;0.0045;0.0045;61925;61925;61925;23;24;0.0044999998062849;0.0045;0.0045;0.0045;12;12;12;12;1;61925;0.0002;0.0006;61925;61925;0
"mscorlib.dll!System::String.CreateStringFromEncoding()";0.0045;0.0045;0.0045;61925;61925;61925;32;32;0.0044999998062849;0.0045;0.0045;0.0045;1;1;1;1;1;61925;0.0045;0.0045;61925;61925;0
"Newtonsoft.Json.dll!Newtonsoft.Json.Converters::DataTableConverter.CanConvert()";0.0045;0.0045;0.0045;61925;61925;61925;37;40;0.0044999998062849;0.0045;0.0045;0.0045;4;4;4;4;1;61925;0.0008;0.0013;61925;61925;0
"Assembly-CSharp.dll!::BossIntroFx.OnDisable()";0.0045;0.0045;0.0045;62046;62046;62046;12;12;0.0044999998062849;0.0045;0.0045;0.0045;1;1;1;1;1;62046;0.0045;0.0045;62046;62046;0
"Unity.ResourceManager.dll!UnityEngine.ResourceManagement.AsyncOperations::AsyncOperationHandle.get_Result()";0.0045;0.0045;0.0045;62046;62046;62046;17;20;0.0044999998062849;0.0045;0.0045;0.0045;6;6;6;6;1;62046;0.0005;0.0014;62046;62046;0
"UnityEngine.CoreModule.dll!UnityEngine::AsyncOperation.add_completed()";0.0045;0.0045;0.0045;62046;62046;62046;25;25;0.0044999998062849;0.0045;0.0045;0.0045;3;3;3;3;1;62046;0.0007;0.0027;62046;62046;0
"UnityEngine.UI.dll!UnityEngine.UI.Collections::IndexedSet`1..ctor()";0.0045;0.0045;0.0045;62046;62046;62046;11;12;0.0044999998062849;0.0045;0.0045;0.0045;2;2;2;2;1;62046;0.0007;0.0038;62046;62046;0
"Assembly-CSharp.dll!::EnemySpawner.GetEnemy()";0.004499999;0.0002;0.1797;60546;60676;61570;7;12;13.7986942701682;0.01006469;0.0016;0.01319999;66082;24;1;312;1371;60315;0.0001;0.035;60316;61613;0.0012
"Assembly-CSharp.dll!::ProjectileVfx.SetTrailEnabled()";0.0044;0.003;0.0239;60600;60494;61858;8;19;0.333600000943989;0.006672;0.0034;0.0084;140;3;2;4;50;60331;0.0009;0.0199;60331;61777;0
"UnityEngine.UI.dll!UnityEngine.UI::Slider.ClampValue()";0.0044;0.0008;0.0605;61246;60691;61535;8;22;7.99799997091759;0.004961539;0.0028;0.0062;8975;6;1;22;1612;60314;0.0004;0.0537;60314;61535;0.0027
"UnityEngine.ParticleSystemModule.dll!UnityEngine::ParticleSystem.Stop_Injected()";0.0044;0.0013;0.0189;61594;61515;60865;8;18;0.685999995446764;0.005196969;0.0034;0.0061;139;1;1;2;132;60314;0.0007;0.0189;60524;60865;0
"Gfx.EndAsyncJobFrame";0.0044;0.0007;0.0719;61798;62047;61088;4;11;10.1416999604553;0.00507085;0.0039;0.0052;2042;1;1;43;2000;60314;0.0001;0.0719;62046;61088;0.0069
"UnityEngine.IMGUIModule.dll!UnityEngine::GUILayoutUtility.GetLayoutCache()";0.0044;0.0033;0.0782;61911;60687;60823;6;8;9.30499992263503;0.005372402;0.0039;0.0057;7076;4;4;12;1732;60314;0.0006;0.0747;60334;60823;0.0068
"Newtonsoft.Json.dll!Newtonsoft.Json.Utilities::JavaScriptUtils.ShouldEscapeJavaScriptString()";0.0044;0.0044;0.0044;61925;61925;61925;37;42;0.00439999997615814;0.0044;0.0044;0.0044;40;40;40;40;1;61925;0;0.0003;61925;61925;0
"System.Core.dll!::<GetEnumerator>d__13.MoveNext()";0.0044;0.0044;0.0044;61925;61925;61925;38;41;0.00439999997615814;0.0044;0.0044;0.0044;44;44;44;44;1;61925;0;0.0002;61925;61925;0
"System.Core.dll!::Iterator`1.GetEnumerator()";0.0044;0.0044;0.0044;61925;61925;61925;36;41;0.00439999997615814;0.0044;0.0044;0.0044;7;7;7;7;1;61925;0.0005;0.0008;61925;61925;0
"UnityEngine.UI.dll!UnityEngine.EventSystems::UIBehaviour.OnDestroy()";0.0044;0.0044;0.0044;62046;62046;62046;10;11;0.00439999997615814;0.0044;0.0044;0.0044;83;83;83;83;1;62046;0;0.0001;62046;62046;0
"System.Core.dll!System.Collections.Generic::HashSet`1.AddIfNotPresent()";0.0044;0.0004;6.8613;60664;60731;61031;7;33;16.1194999404834;0.01007469;0.0023;0.007499999;18211;9;1;38;1600;60314;0.0003;6.8549;60314;61031;0.005599999
"Unity.TextMeshPro.dll!::<>c.<.cctor>b__3_0()";0.0043;0.0028;0.0053;60642;61925;62046;13;28;0.0123999998904765;0.004133333;0.0028;0.0043;18;6;2;10;3;60642;0.0004;0.0018;62046;61925;0
"Assembly-CSharp.dll!::Enemy.PauseMovementForSkill()";0.0043;0.0043;0.0089;60815;60815;61373;6;6;0.0131999999284744;0.0066;0.0043;0.0043;2;1;1;1;2;60815;0.0043;0.0089;60815;61373;0
"Assembly-CSharp.dll!::EnemyHp.RefreshShieldVisual()";0.0043;0.0017;0.0135;60815;60846;60429;9;14;0.0731000006198883;0.004873333;0.0017;0.0047;19;1;1;3;15;60318;0.0017;0.0069;60846;60876;0
"UnityEngine.CoreModule.dll!UnityEngine::Mesh.RecalculateBoundsImpl_Injected()";0.0043;0.0002;0.04240001;61010;61917;60538;16;18;8.92500011263473;0.005458716;0.0025;0.006999999;20167;11;1;40;1635;60314;0.0001;0.0112;60318;61512;0.0057
"mscorlib.dll!System::Enum.System.IConvertible.ToInt64()";0.0043;0.0043;0.0051;61165;61165;61686;26;26;0.00940000033006072;0.0047;0.0043;0.0043;2;1;1;1;2;61165;0.0043;0.0051;61165;61686;0
"mscorlib.dll!System.Text::StringBuilderCache.GetStringAndRelease()";0.0043;0.0023;0.0157;61381;60844;60854;8;25;0.148600000189617;0.005307143;0.0037;0.0051;32;1;1;5;28;60315;0.0012;0.0157;61925;60854;0
"FontEngine.GetLigatureSubstitutionRecords";0.0043;0.0043;0.0043;61925;61925;61925;26;26;0.00430000014603138;0.0043;0.0043;0.0043;2;2;2;2;1;61925;0.0015;0.0028;61925;61925;0
"mscorlib.dll!System.Reflection::FieldInfo[].System.Collections.Generic.ICollection`1.CopyTo()";0.0043;0.0043;0.0043;61925;61925;61925;40;43;0.00430000014603138;0.0043;0.0043;0.0043;4;4;4;4;1;61925;0.0008;0.0013;61925;61925;0
"Newtonsoft.Json.dll!Newtonsoft.Json.Serialization::JsonContract.get_Converter()";0.0043;0.0043;0.0043;61925;61925;61925;27;35;0.00430000014603138;0.0043;0.0043;0.0043;84;84;84;84;1;61925;0;0.0001;61925;61925;0
"Newtonsoft.Json.dll!Newtonsoft.Json.Utilities::TypeExtensions.IsGenericTypeDefinition()";0.0043;0.0043;0.0043;61925;61925;61925;37;40;0.00430000014603138;0.0043;0.0043;0.0043;8;8;8;8;1;61925;0.0003;0.0008;61925;61925;0
"Newtonsoft.Json.dll!Newtonsoft.Json::JsonTextWriter.WriteValueInternal()";0.0043;0.0043;0.0043;61925;61925;61925;34;34;0.00430000014603138;0.0043;0.0043;0.0043;1;1;1;1;1;61925;0.0043;0.0043;61925;61925;0
"System.Core.dll!System.Linq::Grouping`2.System.Collections.Generic.ICollection<TElement>.get_Count()";0.0043;0.0043;0.0043;61925;61925;61925;39;43;0.00430000014603138;0.0043;0.0043;0.0043;80;80;80;80;1;61925;0;0.0001;61925;61925;0
"System.Core.dll!System.Linq::Lookup`2..ctor()";0.0043;0.0043;0.0043;61925;61925;61925;40;43;0.00430000014603138;0.0043;0.0043;0.0043;4;4;4;4;1;61925;0.0007;0.0013;61925;61925;0
"mscorlib.dll!System::RuntimeType.GetElementType()";0.0043;0.003;0.1965007;60512;61332;61925;10;56;10.2724005721975;0.0051362;0.0037;0.0053;8605;4;4;609;2000;60314;0.0001;0.0168;60314;61644;0.0054
"mscorlib.dll!System::RuntimeType.GetBaseType()";0.0043;0.0037;0.3350002;61165;62046;61925;22;54;0.348900156561285;0.08722504;0.0037;0.0059;299;3;2;291;4;61165;0.0007;0.0036;61925;61925;0
"mscorlib.dll!System.IO::MonoIO.RemapPath()";0.0043;0.0043;0.0043;61925;61925;61925;23;31;0.00429999968037009;0.0043;0.0043;0.0043;30;30;30;30;1;61925;0;0.0004;61925;61925;0
"mscorlib.dll!System::RuntimeTypeHandle.IsPointer()";0.0043;0.0043;0.0043;61925;61925;61925;43;55;0.00429999968037009;0.0043;0.0043;0.0043;19;19;19;19;1;61925;0.0001;0.0004;61925;61925;0
"System.Core.dll!System.Linq::Enumerable.GroupBy()";0.0043;0.0043;0.0043;61925;61925;61925;38;41;0.00429999968037009;0.0043;0.0043;0.0043;4;4;4;4;1;61925;0.0006;0.0021;61925;61925;0
"UnityEngine.UI.dll!UnityEngine.UI.Collections::IndexedSet`1.Contains()";0.0042;0.0042;0.0042;62046;62046;62046;15;24;0.00420000031590462;0.0042;0.0042;0.0042;4;4;4;4;1;62046;0.0008;0.0015;62046;62046;0
"Unity.TextMeshPro.dll!TMPro::TMP_ObjectPool`1.Get()";0.0042;0.0031;0.0066;60642;61925;62046;12;27;0.0138999996706843;0.004633333;0.0031;0.0042;18;6;2;10;3;60642;0.0004;0.0017;60642;61925;0
"mscorlib.dll!System.Runtime::RuntimeImports._ecvt_s()";0.0042;0.0023;0.0153;60699;61152;61544;12;39;1.0454999927897;0.004908451;0.0032;0.0065;306;1;1;5;213;60314;0.0003;0.0111;60360;61089;0
"UnityEngine.UI.dll!UnityEngine.UI::MaskableGraphic.UpdateClipParent()";0.0042;0.0023;0.102;61249;60347;62046;11;28;0.518799983663484;0.01235238;0.0025;0.0134;153;2;2;42;42;60318;0.001;0.0147;60428;61373;0
"UnityEngine.CoreModule.dll!UnityEngine::Object.MarkDirty()";0.0042;0.0005;3.6672;61644;60730;60976;9;30;12.408699868538;0.00758478;0.0023;0.0069;21475;11;1;49;1636;60314;0.0002;3.6611;60314;60976;0.0051
"Unity.TextMeshPro.dll!TMPro::TMP_TextInfo.Resize()";0.0042;0.0042;0.0056;61925;61925;62046;16;16;0.00979999965056777;0.0049;0.0042;0.0042;3;1;1;2;2;61925;0.0016;0.0056;61925;62046;0
"mscorlib.dll!System::String.GetLegacyNonRandomizedHashCode()";0.004199999;0.004199999;0.006899996;62046;62046;61925;11;47;0.0110999951139092;0.005549998;0.004199999;0.004199999;132;34;34;98;2;61925;0;0.0002;61925;62046;0
"Newtonsoft.Json.dll!Newtonsoft.Json.Serialization::JsonProperty.set_PropertyType()";0.004199999;0.004199999;0.004199999;61925;61925;61925;37;40;0.00419999891892076;0.004199999;0.004199999;0.004199999;20;20;20;20;1;61925;0.0002;0.0003;61925;61925;0
"mscorlib.dll!::Context..ctor()";0.0041;0.0041;0.0041;61925;61925;61925;31;39;0.00410000048577785;0.0041;0.0041;0.0041;36;36;36;36;1;61925;0;0.0019;61925;61925;0
"mscorlib.dll!System.Collections::DictionaryEntry.get_Key()";0.0041;0.0041;0.0041;61925;61925;61925;41;44;0.00410000048577785;0.0041;0.0041;0.0041;59;59;59;59;1;61925;0;0.0001;61925;61925;0
"UnityEngine.CoreModule.dll!UnityEngine.Experimental.Rendering::BuiltinRuntimeReflectionSystem.TickRealtimeProbes()";0.0041;0.0011;0.0344;60442;62047;62035;4;4;9.20389997563325;0.00460195;0.0037;0.0046;2000;1;1;1;2000;60314;0.0011;0.0344;62047;62035;0.0052
"UnityEngine.TilemapModule.dll!UnityEngine.Tilemaps::Tilemap.GetTileAsset()";0.0041;0.0019;0.0393;60462;60662;61903;6;6;7.45309996046126;0.004681596;0.0035;0.0049;1657;1;1;2;1592;60314;0.0006;0.0393;60662;61903;0.0035
"UnityEngine.UI.dll!::<>c.<Raycast>b__27_0()";0.0041;0.0014;0.0216;60677;62134;60681;17;17;0.711399985477328;0.004619481;0.0039;0.0051;414;3;1;5;154;60343;0.001;0.0078;60370;60681;0
"UnityEngine.CoreModule.dll!UnityEngine::Mesh.SetTrianglesImpl()";0.0041;0.0019;0.0411;61104;61317;61570;16;18;6.17149995896034;0.004754622;0.0031;0.0054;2523;2;1;12;1298;60314;0.0009;0.0173;60339;61389;0.0024
"PreUpdate.NewInputUpdate";0.0041;0.001;0.1593;61538;62100;61089;2;2;9.64129996206611;0.00482065;0.0024;0.0058;2000;1;1;1;2000;60314;0.001;0.1593;62100;61089;0.0069
"UnityEngine.CoreModule.dll!UnityEngine.Pool::CollectionPool`2.Release()";0.0041;0.0013;0.2322999;61675;60777;62046;8;30;9.44359974877443;0.005943109;0.0026;0.0067;9772;4;1;413;1589;60314;0.0003;0.018;60429;61866;0.005
"mscorlib.dll!System::String.FastAllocateString()";0.0041;0.001;0.1351003;61774;60831;61925;8;42;1.77100029168651;0.005302396;0.0028;0.0067;1178;2;1;411;334;60314;0.0001;0.0237;60360;61616;0
"WaitForRenderJobs";0.0041;0.0005;0.0694;61846;62047;61088;5;12;9.47149996337248;0.00473575;0.0036;0.0049;2042;1;1;43;2000;60314;0;0.0694;62046;61088;0.0068
"System.Core.dll!System.Linq::Enumerable.SelectMany()";0.0041;0.0041;0.0041;61925;61925;61925;36;39;0.00410000002011657;0.0041;0.0041;0.0041;2;2;2;2;1;61925;0.002;0.0021;61925;61925;0
"mscorlib.dll!System::RuntimeType.get_IsGenericTypeDefinition()";0.0041;0.0041;0.0041;61925;61925;61925;38;42;0.00409999955445528;0.0041;0.0041;0.0041;14;14;14;14;1;61925;0.0002;0.0005;61925;61925;0
"UnityEngine.CoreModule.dll!UnityEngine::Material.HasProperty_Injected()";0.004000001;0.0009;0.2959;61097;60819;60805;13;16;8.67659710056614;0.00542966;0.0026;0.006799999;57853;26;2;206;1598;60314;0;0.2932;60314;60805;0.004899999
"UnityEngine.CoreModule.dll!UnityEngine::Vector3..ctor()";0.004000001;0;0.5206;61231;62048;60681;5;30;10.8681946762226;0.005436816;0.0016;0.007199995;159188;64;1;365;1999;60314;0;0.4911;60314;60681;0.0045
"Unity.ResourceManager.dll!::MonoBehaviourCallbackHooks.Update()";0.004;0.0022;0.1643;60404;60384;60813;4;4;9.46949996007606;0.00473475;0.0031;0.0056;2000;1;1;1;2000;60314;0.0022;0.1643;60384;60813;0.003
"UnityEngine.CoreModule.dll!UnityEngine::MonoBehaviour.StopCoroutineFromEnumeratorManaged()";0.004;0.0019;0.0107;60428;61774;60360;18;35;0.223999999463558;0.004392157;0.0032;0.0048;53;1;1;2;51;60343;0.0012;0.0107;62046;60360;0
"UnityEngine.UI.dll!::ColorTweenCallback..ctor()";0.004;0.0031;0.011;60684;60560;60524;18;33;0.292199997697026;0.004565625;0.0036;0.005;71;1;1;4;64;60318;0.002;0.0074;60524;60374;0
"UnityEngine.CoreModule.dll!UnityEngine::GameObject.GetComponents()";0.004;0.0015;0.0213;60743;62068;62143;9;16;1.17239998141304;0.004926051;0.0029;0.0056;722;2;1;11;238;60341;0.0005;0.0186;60346;60681;0
"DelayedCallManager.CancelCallDelayed";0.004;0.0013;0.05530004;60969;60897;62046;8;37;2.74630002572667;0.00542747;0.0024;0.0069;1049;1;1;138;506;60314;0;0.0187;62046;61594;0.0047
"TrailRenderer.ScheduleGeometryJobs";0.004;0.0008;0.0275;60990;61156;61267;4;4;7.18879996414762;0.004614121;0.0031;0.0053;1558;1;1;1;1558;60314;0.0008;0.0275;61156;61267;0.0036
"UnityEngine.CoreModule.dll!UnityEngine::Material.GetFloatImpl_Injected()";0.004;0.0006;0.06590001;61168;60819;60538;15;17;8.47709714469966;0.005304817;0.0024;0.007099999;57863;26;2;206;1598;60314;0;0.0135;60314;61266;0.004799999
"Assembly-CSharp.dll!::BossOrbitCrownUpright.LateUpdate()";0.004;0.0027;0.0732;61670;61719;61903;4;4;7.65379998972639;0.004750962;0.0037;0.0047;1611;1;1;1;1611;60314;0.0027;0.0732;61719;61903;0.0041
"Newtonsoft.Json.dll!Newtonsoft.Json.Serialization::JsonContainerContract.get_ItemIsReference()";0.004;0.004;0.004;61925;61925;61925;32;36;0.00400000018998981;0.004;0.004;0.004;50;50;50;50;1;61925;0;0.0003;61925;61925;0
"System.Core.dll!::WhereListIterator`1..ctor()";0.004;0.004;0.004;61925;61925;61925;38;41;0.00400000018998981;0.004;0.004;0.004;4;4;4;4;1;61925;0.0008;0.0011;61925;61925;0
"AsyncReadManager.BeginRequest";0.004;0.004;0.004;62046;62046;62046;9;9;0.00400000018998981;0.004;0.004;0.004;4;4;4;4;1;62046;0.0001;0.0025;62046;62046;0
"mscorlib.dll!System::Number.FormatInt32()";0.004;0.0013;0.0261;62046;61110;61616;7;22;0.197199997724965;0.004809756;0.0029;0.005;102;2;1;5;41;60346;0.0004;0.0247;60360;61616;0
"UnityEngine.UIElementsModule.dll!UnityEngine.UIElements::UIElementsRuntimeUtility.remove_onCreatePanel()";0.004;0.004;0.004;62046;62046;62046;15;15;0.00400000018998981;0.004;0.004;0.004;1;1;1;1;1;62046;0.004;0.004;62046;62046;0
"Unity.TextMeshPro.dll!TMPro::TMP_Settings.get_useModernHangulLineBreakingRules()";0.004;0.004;0.0102;60642;60642;62046;16;16;0.0141999982297421;0.007099999;0.004;0.004;16;5;5;11;2;60642;0.0007;0.0023;62046;62046;0
"mscorlib.dll!System.Globalization::CultureInfo.get_CurrentCulture()";0.004;0.0014;0.0463;60707;61165;61925;10;35;0.0923999969381839;0.0077;0.0032;0.0054;74;4;1;36;12;60360;0.0007;0.0035;60360;60379;0
"Physics2D.BeginContact";0.004;0.0003;0.1044001;61610;61945;60447;6;6;10.6840983289003;0.007378521;0.0019;0.009799999;32710;11;2;108;1448;60314;0;0.0936;60314;60447;0.004799999
"UnityEngine.CoreModule.dll!UnityEngine::SpriteRenderer.set_size_Injected()";0.004;0.0009;0.0363;61648;61454;61755;9;20;6.64279993291711;0.004782433;0.0028;0.0062;3874;2;1;14;1389;60314;0.0001;0.0344;60398;61755;0.0031
"Newtonsoft.Json.dll!Newtonsoft.Json::JsonSerializer..ctor()";0.004;0.004;0.004;61925;61925;61925;26;28;0.00399999972432852;0.004;0.004;0.004;6;6;6;6;1;61925;0.0006;0.0009;61925;61925;0
"UnityEngine.TextCoreFontEngineModule.dll!UnityEngine.TextCore.LowLevel::FontEngine.PopulateMarkToMarkAdjustmentRecordMarshallingArray_Injected()";0.004;0.004;0.004;61925;61925;61925;20;20;0.00399999972432852;0.004;0.004;0.004;2;2;2;2;1;61925;0.0015;0.0025;61925;61925;0
"UnityEngine.CoreModule.dll!UnityEngine::Vector3.get_zero()";0.003900001;0.0001;0.06400004;60928;62047;60538;5;17;10.5434936594611;0.005271747;0.0012;0.007199995;163067;65;1;317;2000;60314;0;0.0392;60314;60410;0.009099994
"Newtonsoft.Json.dll!Newtonsoft.Json.Serialization::JsonProperty.get_Converter()";0.003900001;0.003900001;0.003900001;61925;61925;61925;30;35;0.00390000059269369;0.003900001;0.003900001;0.003900001;64;64;64;64;1;61925;0;0.0001;61925;61925;0
"UnityEngine.UI.dll!UnityEngine.EventSystems::UIBehaviour.OnCanvasHierarchyChanged()";0.0039;0.0039;0.0039;62046;62046;62046;9;13;0.00390000035986304;0.0039;0.0039;0.0039;75;75;75;75;1;62046;0;0.0002;62046;62046;0
"UnityEngine.CoreModule.dll!UnityEngine.Events::UnityEvent`1..ctor()";0.0039;0.003;0.0104;60684;60558;60524;19;34;0.278000000864267;0.00434375;0.0034;0.0047;71;1;1;4;64;60318;0.0019;0.0071;60429;60374;0
"UnityEngine.InputLegacyModule.dll!::HitInfo.SendMessage()";0.0039;0.0018;0.1184;60774;60406;61552;6;6;7.25329996738583;0.004579104;0.0026;0.0051;1689;1;1;3;1584;60314;0.001;0.1184;60320;61552;0.0065
"UnityEngine.IMGUIModule.dll!UnityEngine::GUILayoutGroup.SetHorizontal()";0.0039;0.003;0.0272;60971;61955;61088;6;7;8.07469995389692;0.004662067;0.0035;0.005;1769;1;1;3;1732;60314;0.003;0.0272;61955;61088;0.0057
"UnityEngine.ParticleSystemModule.dll!::EmissionModule.SetBursts()";0.0039;0.0024;0.0123;61616;60558;61462;12;14;0.327699996996671;0.004428378;0.003;0.005;154;2;2;4;74;60331;0.0008;0.0064;60524;61462;0
"mscorlib.dll!System::Object.MemberwiseClone()";0.0039;0.0039;0.0039;61925;61925;61925;49;52;0.00389999989420176;0.0039;0.0039;0.0039;2;2;2;2;1;61925;0.0015;0.0024;61925;61925;0
"mscorlib.dll!System::RuntimeType.SanityCheckGenericArguments()";0.0039;0.0039;0.0039;61925;61925;61925;39;40;0.00389999989420176;0.0039;0.0039;0.0039;2;2;2;2;1;61925;0.0016;0.0023;61925;61925;0
"Newtonsoft.Json.dll!Newtonsoft.Json::JsonConvert.EnsureFloatFormat()";0.0039;0.0039;0.0039;61925;61925;61925;35;35;0.00389999989420176;0.0039;0.0039;0.0039;1;1;1;1;1;61925;0.0039;0.0039;61925;61925;0
"Assembly-CSharp.dll!::TitleFlow.ResolveButtons()";0.0039;0.0039;0.0039;62046;62046;62046;10;10;0.00389999989420176;0.0039;0.0039;0.0039;1;1;1;1;1;62046;0.0039;0.0039;62046;62046;0
"Assembly-CSharp.dll!::TitleFlow.SetPanel()";0.0039;0.0039;0.0039;62046;62046;62046;11;11;0.00389999989420176;0.0039;0.0039;0.0039;4;4;4;4;1;62046;0.0008;0.0012;62046;62046;0
"UnityEngine.CoreModule.dll!UnityEngine::LineRenderer.SetPosition()";0.0039;0.0009999999;0.09990002;60745;60903;61435;6;24;10.0736009447137;0.007713324;0.0021;0.0124;17770;4;2;136;1306;60314;0.0002;0.0272;60314;61493;0.0018
"mscorlib.dll!System.Text::UTF8Encoding.GetMaxByteCount()";0.0039;0.0039;0.0039;61925;61925;61925;25;26;0.00389999966137111;0.0039;0.0039;0.0039;6;6;6;6;1;61925;0.0006;0.0007;61925;61925;0
"Newtonsoft.Json.dll!Newtonsoft.Json.Serialization::ReflectionAttributeProvider..ctor()";0.003899999;0.003899999;0.003899999;61925;61925;61925;37;40;0.00389999896287918;0.003899999;0.003899999;0.003899999;20;20;20;20;1;61925;0.0001;0.0002;61925;61925;0
"UnityEngine.UI.dll!UnityEngine.UI::VertexHelper.InitializeListIfRequired()";0.003800001;0.0007;0.1660004;60669;61392;61512;14;19;6.13239842123585;0.004724498;0.0023;0.005799998;93990;62;25;314;1298;60314;0;0.126;60314;61512;0.0023
"Newtonsoft.Json.dll!Newtonsoft.Json.Serialization::JsonProperty.get_GetIsSpecified()";0.003800001;0.003800001;0.003800001;61925;61925;61925;31;36;0.00380000052973628;0.003800001;0.003800001;0.003800001;64;64;64;64;1;61925;0;0.0001;61925;61925;0
"Unity.ResourceManager.dll!UnityEngine.ResourceManagement.AsyncOperations::AsyncOperationBase`1.get_Version()";0.003800001;0.003800001;0.003800001;62046;62046;62046;13;23;0.00380000052973628;0.003800001;0.003800001;0.003800001;56;56;56;56;1;62046;0;0.0001;62046;62046;0
"BeginRenderQueueExtraction";0.0038;0.0003;0.0662;60800;62106;60504;5;5;8.02769997232826;0.00401385;0.0033;0.0047;2000;1;1;1;2000;60314;0.0003;0.0662;62106;60504;0.0038
"UnityEngine.UI.dll!UnityEngine.EventSystems::StandaloneInputModule.ProcessMousePress()";0.0038;0.0026;0.8157;61043;62214;62143;8;8;15.2450998728164;0.00763018;0.0031;0.0047;5994;3;3;3;1998;60314;0.0007;0.8089;60415;62143;0.0046
"UnityEngine.CoreModule.dll!UnityEngine.Experimental.Rendering::BuiltinRuntimeReflectionSystem.BuiltinUpdate()";0.0038;0.0009;0.0342;61122;62047;62035;5;5;8.55489996494725;0.00427745;0.0035;0.0043;2000;1;1;1;2000;60314;0.0009;0.0342;62047;62035;0.005
"PostLateUpdate.UpdateCustomRenderTextures";0.0038;0.0017;0.1897;61310;62047;60681;2;2;8.96909994573798;0.00448455;0.0033;0.0048;2000;1;1;1;2000;60314;0.0017;0.1897;62047;60681;0.0034
"UnityEngine.CoreModule.dll!UnityEngine::Gradient..ctor()";0.0038;0.0009;0.0756;61608;60993;61115;6;24;2.33109997725114;0.00447428;0.0029;0.005;1446;3;1;8;521;60328;0.0002;0.0731;61076;61115;0
"EarlyUpdate.PollPlayerConnection";0.0038;0.0023;0.2958;61631;62047;62281;2;2;14.8791999418754;0.0074396;0.0034;0.0052;2000;1;1;1;2000;60314;0.0023;0.2958;62047;62281;0.0049
"Newtonsoft.Json.dll!Newtonsoft.Json.Serialization::DefaultContractResolver.IsIConvertible()";0.0038;0.0038;0.0038;61925;61925;61925;34;37;0.00380000006407499;0.0038;0.0038;0.0038;2;2;2;2;1;61925;0.0018;0.002;61925;61925;0
"System.Core.dll!::WhereArrayIterator`1..ctor()";0.0038;0.0038;0.0038;61925;61925;61925;37;40;0.00380000006407499;0.0038;0.0038;0.0038;3;3;3;3;1;61925;0.001;0.0017;61925;61925;0
"UnityEngine.CoreModule.dll!UnityEngine::Object.SetName_Injected()";0.0038;0.0038;0.0038;62046;62046;62046;12;12;0.00380000006407499;0.0038;0.0038;0.0038;5;5;5;5;1;62046;0.0005;0.0015;62046;62046;0
"UnityEngine.UI.dll!UnityEngine.UI::Selectable.set_transition()";0.0038;0.0038;0.0039;60428;60428;60771;7;7;0.00769999972544611;0.00385;0.0038;0.0038;8;4;4;4;2;60428;0.0006;0.0019;60428;60428;0
"UnityEngine.Physics2DModule.dll!UnityEngine::ContactFilter2D.CreateLegacyFilter()";0.0038;0.0015;0.0292;60512;61319;61570;7;18;5.56509997579269;0.00433419;0.0027;0.0051;2515;2;1;5;1284;60314;0.0007;0.027;60323;60420;0.0026
"mscorlib.dll!System.Globalization::CultureInfo.Equals()";0.0038;0.0038;0.0038;61925;61925;61925;25;27;0.00379999983124435;0.0038;0.0038;0.0038;6;6;6;6;1;61925;0.0005;0.0008;61925;61925;0
"Unity.ResourceManager.dll!UnityEngine.ResourceManagement.AsyncOperations::AsyncOperationBase`1.UnityEngine.ResourceManagement.AsyncOperations.IAsyncOperation.get_Version()";0.0038;0.0038;0.0038;62046;62046;62046;17;22;0.00379999983124435;0.0038;0.0038;0.0038;20;20;20;20;1;62046;0.0001;0.0005;62046;62046;0
"mscorlib.dll!System.Collections.Generic::List`1.Clear()";0.0038;0.0002;0.06930014;60645;62313;62046;5;37;8.75399931707943;0.004377;0.0028;0.0051;56341;23;7;554;2000;60314;0;0.027;60314;60908;0.0028
"Newtonsoft.Json.dll!Newtonsoft.Json::JsonWriter..ctor()";0.0038;0.0038;0.0038;61925;61925;61925;24;26;0.00379999959841371;0.0038;0.0038;0.0038;6;6;6;6;1;61925;0.0006;0.0008;61925;61925;0
"mscorlib.dll!System::String.FillStringChecked()";0.0037;0.0027;0.2075996;60719;60370;61925;8;42;0.255099567119032;0.0212583;0.0035;0.0057;453;6;6;375;12;60360;0.0004;0.0027;60360;61925;0
"UnityEngine.CoreModule.dll!UnityEngine::Camera.ScreenToWorldPoint_Injected()";0.0037;0.0007;0.1943;61038;60737;60521;7;7;7.62569994578371;0.004402829;0.0029;0.0048;3329;2;1;3;1732;60314;0.0004;0.1921;60750;60521;0.0037
"mscorlib.dll!System::SpanHelpers.SequenceEqual()";0.0037;0.0019;0.0452;61774;60474;61925;10;42;0.305400002747774;0.006232653;0.0031;0.0061;136;2;1;34;49;60347;0.0007;0.0057;61925;60379;0
"Assembly-CSharp.dll!::<SpawnLane>d__42.MoveNext()";0.0037;0.0037;0.0037;60366;60366;60366;5;5;0.00370000000111759;0.0037;0.0037;0.0037;1;1;1;1;1;60366;0.0037;0.0037;60366;60366;0
"UnityEngine.CoreModule.dll!UnityEngine.Events::InvokableCall`1.Invoke()";0.0037;0.0021;0.0122;60369;60675;60681;8;35;0.746399995638058;0.004169832;0.0031;0.0047;189;1;1;4;179;60318;0.0015;0.0122;60524;60681;0
"UnityEngine.TilemapModule.dll!UnityEngine.Tilemaps::Tilemap.GetCellCenterWorld()";0.0037;0.0031;0.0081;60611;60327;60658;6;6;0.236899998737499;0.004015254;0.0033;0.0046;59;1;1;1;59;60318;0.0031;0.0081;60327;60658;0
"PreLateUpdate.Physics2DLateUpdate";0.0037;0.0012;0.0288;60699;61966;61804;2;2;8.08679996221326;0.0040434;0.0029;0.0046;2000;1;1;1;2000;60314;0.0012;0.0288;61966;61804;0.0037
"PrepareSceneCullingParameters";0.0037;0.0021;0.0401;61551;62047;61799;5;5;8.64339995570481;0.0043217;0.0034;0.0044;2000;1;1;1;2000;60314;0.0021;0.0401;62047;61799;0.0039
"System.dll!System.Collections.Generic::LinkedList`1.Remove()";0.0037;0.0037;0.0037;62046;62046;62046;16;19;0.00370000000111759;0.0037;0.0037;0.0037;6;6;6;6;1;62046;0.0004;0.0016;62046;62046;0
"PostLateUpdate.AccessibilityLateUpdate";0.0037;0.0011;0.0244;62168;62014;61154;2;2;8.15799996210262;0.004079;0.0027;0.0049;2000;1;1;1;2000;60314;0.0011;0.0244;62014;61154;0.0036
"UnityEngine.CoreModule.dll!UnityEngine::Object.op_Implicit()";0.0037;0.0004;0.0832;60999;60547;61570;8;25;8.80489968482289;0.004641486;0.0009;0.007099999;16552;7;1;89;1897;60314;0.0001;0.0192;60327;61434;0.003
"mscorlib.dll!System::RuntimeTypeHandle.GetElementType()";0.0037;0.0024;0.1162005;61092;61332;61925;11;57;8.8183003955055;0.00440915;0.0032;0.0046;8605;4;4;609;2000;60314;0;0.0163;60316;61644;0.0048
"Assembly-CSharp.dll!::BossIntroFx.ResolveTarget()";0.0037;0.0009;0.0321;61408;60369;61434;6;17;1.41049999732058;0.004274243;0.0021;0.0049;1049;3;1;7;330;60314;0.0008;0.0102;60347;61434;0
"UnityEngine.CoreModule.dll!UnityEngine::Transform.FindRelativeTransformWithPath_Injected()";0.0037;0.0013;0.0319;61772;60959;60538;9;25;5.95769994216971;0.004276884;0.0025;0.0056;3927;2;1;22;1393;60314;0.0002;0.0162;60331;60673;0.0033
"UnityEngine.CoreModule.dll!UnityEngine::Transform.set_localScale_Injected()";0.0037;0.0005;0.0568;61889;61983;60538;6;26;8.16289836028591;0.004885038;0.0026;0.006099998;41143;16;1;94;1671;60314;0;0.0231;60314;60654;0.004
"Newtonsoft.Json.dll!Newtonsoft.Json::JsonPropertyAttribute[].System.Collections.Generic.ICollection`1.get_Count()";0.0037;0.0037;0.0037;61925;61925;61925;43;46;0.00369999976828694;0.0037;0.0037;0.0037;20;20;20;20;1;61925;0.0001;0.0004;61925;61925;0
"System.dll!System.ComponentModel::TypeDescriptionProvider.GetTypeDescriptor()";0.0037;0.0037;0.0037;61925;61925;61925;38;45;0.00369999976828694;0.0037;0.0037;0.0037;4;4;4;4;1;61925;0.0005;0.0013;61925;61925;0
"Unity.ResourceManager.dll!UnityEngine.ResourceManagement.AsyncOperations::AsyncOperationHandle`1.IsValid()";0.0037;0.0037;0.0037;62046;62046;62046;12;24;0.0036999995354563;0.0037;0.0037;0.0037;18;18;18;18;1;62046;0;0.0005;62046;62046;0
"Find dependency chain";0.003699999;0.0006;0.0532;61750;62134;61570;4;25;7.67059954704018;0.0038353;0.0031;0.004299999;25666;15;2;16;2000;60314;0;0.0424;60317;61570;0.004
"Newtonsoft.Json.dll!Newtonsoft.Json.Serialization::ReflectionValueProvider..ctor()";0.003699999;0.003699999;0.003699999;61925;61925;61925;38;41;0.00369999930262566;0.003699999;0.003699999;0.003699999;20;20;20;20;1;61925;0.0001;0.0003;61925;61925;0
"mscorlib.dll!System.Reflection::MethodInfo.op_Inequality()";0.003699999;0.003699999;0.003699999;62046;62046;62046;15;25;0.00369999930262566;0.003699999;0.003699999;0.003699999;18;18;18;18;1;62046;0.0001;0.0004;62046;62046;0
"UnityEngine.UI.dll!UnityEngine.UI::Graphic.get_canvasRenderer()";0.0036;0.0006;0.08690012;61324;62155;61859;11;32;8.09439920069417;0.004237905;0.0029;0.004599999;112129;57;25;136;1910;60314;0;0.0749;60314;61859;0.005699998
"System.Core.dll!::<CastIterator>d__34`1.System.Collections.Generic.IEnumerator<TResult>.get_Current()";0.0036;0.0036;0.0036;61925;61925;61925;41;51;0.00360000040382147;0.0036;0.0036;0.0036;70;70;70;70;1;61925;0;0.0001;61925;61925;0
"mscorlib.dll!System.Collections.Generic::List`1.Reverse()";0.0036;0.0036;0.0036;61925;61925;61925;37;43;0.00360000017099082;0.0036;0.0036;0.0036;12;12;12;12;1;61925;0;0.0007;61925;61925;0
"mscorlib.dll!System::Number.UInt32ToDecStr()";0.0036;0.0009;0.0256;60346;61110;61616;8;23;0.170699997222982;0.004163415;0.0024;0.004;102;2;1;5;41;60346;0.0003;0.0245;60370;61616;0
"UnityEngine.CoreModule.dll!UnityEngine::MonoBehaviour.StopCoroutineFromEnumeratorManaged_Injected()";0.0036;0.0015;0.0102;60428;61774;60360;19;36;0.205399999162182;0.004027451;0.0026;0.0045;53;1;1;2;51;60343;0.0009;0.0102;62046;60360;0
"UnityEngine.CoreModule.dll!UnityEngine::Renderer.set_enabled()";0.0036;0.0004;0.0206;60485;60314;61774;6;24;1.27539999512373;0.004522695;0.0008;0.0063;610;1;1;11;282;60314;0.0002;0.0206;60371;61774;0
"UnityEngine.CoreModule.dll!UnityEngine::Texture2D.SetAllPixels32_Injected()";0.0036;0.0036;0.0042;61165;61165;61686;19;19;0.00779999978840351;0.0039;0.0036;0.0036;2;1;1;1;2;61165;0.0036;0.0042;61165;61686;0
"FrameEvents.NewInputBeforeRenderUpdate";0.0036;0.0014;0.0318;61916;62106;60861;3;3;8.25419996783603;0.0041271;0.0032;0.0045;2000;1;1;1;2000;60314;0.0014;0.0318;62106;60861;0.0037
"UnityEngine.TextCoreFontEngineModule.dll!UnityEngine.TextCore.LowLevel::FontEngine.PopulateMarkToBaseAdjustmentRecordMarshallingArray_Injected()";0.0036;0.0036;0.0036;61925;61925;61925;20;20;0.00359999993816018;0.0036;0.0036;0.0036;2;2;2;2;1;61925;0.0012;0.0024;61925;61925;0
"UnityEngine.UIModule.dll!UnityEngine::CanvasRenderer.get_absoluteDepth_Injected()";0.0036;0.0005;0.156;61233;62047;60546;13;20;7.90599939948879;0.004141435;0.0025;0.005;50169;26;13;41;1909;60314;0;0.1541;60315;60546;0.006399999
"mscorlib.dll!System.Reflection::FieldInfo.op_Equality()";0.0035;0.0035;0.0035;61925;61925;61925;43;47;0.00350000034086406;0.0035;0.0035;0.0035;60;60;60;60;1;61925;0;0.0001;61925;61925;0
"Newtonsoft.Json.dll!Newtonsoft.Json.Serialization::JsonProperty.get_ValueProvider()";0.0035;0.0035;0.0035;61925;61925;61925;30;35;0.00350000034086406;0.0035;0.0035;0.0035;64;64;64;64;1;61925;0;0.0001;61925;61925;0
"mscorlib.dll!System::Number.NumberToString()";0.0035;0.0027;0.0055;60642;60370;60379;13;38;0.0386999999172986;0.00387;0.0033;0.0039;19;2;1;2;10;60360;0.0008;0.0049;60360;61925;0
"mscorlib.dll!System.Collections.Generic::ObjectEqualityComparer`1.Equals()";0.0035;0.0011;0.5727011;60668;62042;62046;10;55;9.68800147180445;0.004846424;0.0022;0.0049;7317;2;1;717;1999;60314;0.0001;0.0591;60368;61403;0.0054
"Unity.ResourceManager.dll!UnityEngine.ResourceManagement.Util::LRUCacheAllocationStrategy.GetPool()";0.0035;0.0035;0.0035;62046;62046;62046;17;25;0.00350000010803342;0.0035;0.0035;0.0035;2;2;2;2;1;62046;0.0017;0.0018;62046;62046;0
"UnityEngine.CoreModule.dll!UnityEngine.Events::UnityEventBase..ctor()";0.0035;0.0027;0.009899999;60318;60750;60524;20;35;0.259199997875839;0.00405;0.0032;0.0045;71;1;1;4;64;60318;0.0018;0.0069;60524;60374;0
"UnityEngine.CoreModule.dll!UnityEngine::GameObject.GetComponentsInternal()";0.0035;0.0014;0.1469998;60743;62080;62046;10;30;1.28599982266314;0.005083003;0.0024;0.005299999;1127;3;1;267;253;60318;0.0003;0.0121;62046;62068;0
"UnityEngine.CoreModule.dll!UnityEngine::GameObject.SendMessage()";0.0035;0.0016;0.1182;61911;60524;61552;7;7;6.66019997990225;0.004204672;0.0024;0.0047;1689;1;1;3;1584;60314;0.0009;0.1182;60326;61552;0.0057
"mscorlib.dll!System::Int32.GetHashCode()";0.0034;0;0.0606;61239;62048;60538;9;36;8.96809542577103;0.004486291;0.0013;0.005799998;143764;60;3;273;1999;60314;0;0.0196;60314;60682;0.005599998
"Unity.TextMeshPro.dll!TMPro::TextMeshPro.GetTextContainerLocalCorners()";0.0034;0.0022;0.0132;60331;60490;61544;18;28;0.872799993027002;0.004216425;0.0025;0.0049;279;1;1;5;207;60314;0.0019;0.011;60552;61159;0
"Assembly-CSharp.dll!::ChainLightning.EnsureRenderers()";0.0034;0.0026;0.0053;60363;61146;61412;12;17;0.0537999998778105;0.003586667;0.0029;0.0039;15;1;1;1;15;60363;0.0026;0.0053;61146;61412;0
"UnityEngine.UI.dll!UnityEngine.EventSystems::StandaloneInputModule.UpdateModule()";0.0034;0.0021;0.3635;60624;60370;62046;5;6;8.56289995182306;0.00428145;0.0026;0.0046;2002;1;1;2;2000;60314;0.0021;0.3635;60370;62046;0.0067
"UnityEngine.InputLegacyModule.dll!UnityEngine::SendMouseEvents.UpdateMouse()";0.0034;0.002;0.1294;60735;61136;61849;5;5;8.63059994624928;0.0043153;0.0027;0.0053;2000;1;1;1;2000;60314;0.002;0.1294;61136;61849;0.0086
"Profiler.ScreenshotUpdate";0.0034;0.0001;0.2183;61304;62050;62141;4;4;13.1850999380622;0.00659255;0.0029;0.0042;2000;1;1;1;2000;60314;0.0001;0.2183;62050;62141;0.0035
"mscorlib.dll!System.IO::FileStream.get_Position()";0.0034;0.0034;0.0034;61925;61925;61925;25;26;0.00340000004507601;0.0034;0.0034;0.0034;6;6;6;6;1;61925;0.0005;0.0007;61925;61925;0
"mscorlib.dll!System::Buffer.InternalBlockCopy()";0.0034;0.0034;0.0034;61925;61925;61925;28;29;0.00340000004507601;0.0034;0.0034;0.0034;6;6;6;6;1;61925;0.0005;0.0007;61925;61925;0
"UnityEngine.UI.dll!UnityEngine.EventSystems::PointerInputModule.GetLastPointerEventData()";0.0034;0.0018;0.0524;61941;61966;61088;8;8;6.89879995654337;0.003983141;0.0029;0.0042;3464;2;2;2;1732;60314;0.0008;0.0438;60319;61088;0.0034
"Assembly-CSharp.dll!::DamagePopupSpawner.OnDestroy()";0.0034;0.0034;0.0034;62046;62046;62046;10;10;0.00340000004507601;0.0034;0.0034;0.0034;1;1;1;1;1;62046;0.0034;0.0034;62046;62046;0
"Unity.TextMeshPro.dll!TMPro::TMP_Asset.get_faceInfo()";0.0034;0.0034;0.0034;62046;62046;62046;24;24;0.00340000004507601;0.0034;0.0034;0.0034;7;7;7;7;1;62046;0.0003;0.0011;62046;62046;0
"UnityEngine.UI.dll!UnityEngine.UIElements::UIToolkitInteroperabilityBridge.OnEnable()";0.0034;0.0034;0.0034;62046;62046;62046;10;10;0.00340000004507601;0.0034;0.0034;0.0034;1;1;1;1;1;62046;0.0034;0.0034;62046;62046;0
"UnityEngine.CoreModule.dll!UnityEngine::Camera.WorldToViewportPoint_Injected()";0.0034;0.0011;0.0305;60569;60844;60403;8;8;3.41069989698008;0.003875795;0.0022;0.0047;3855;2;1;12;880;60314;0.0002;0.0237;60314;60403;0
"UnityEngine.UI.dll!UnityEngine.UI::MaskableGraphic.UnityEngine.UI.IClippable.get_gameObject()";0.0034;0.0032;0.0193;61403;60318;62046;13;29;0.103699999395758;0.005761111;0.0032;0.0046;58;2;2;12;18;60318;0.0014;0.0037;62046;60349;0
"mscorlib.dll!System::Buffer.Memmove()";0.0034;0.0004;0.3144017;61406;60558;61925;10;45;5.53770165733295;0.004179398;0.0023;0.004699999;6514;4;1;905;1325;60314;0.0002;0.0583;60360;61065;0.0019
"UnityEngine.CoreModule.dll!UnityEngine::Mesh.MarkDynamicImpl()";0.0034;0.0004;0.1175;61458;60819;60542;14;16;7.15939999028342;0.004480225;0.0019;0.0055;17653;9;1;35;1598;60314;0.0002;0.0828;60316;60542;0.0041
"UnityEngine.CoreModule.dll!UnityEngine::Object.FindObjectFromInstanceID_Injected()";0.0034;0.0009;0.0405;61796;60750;61570;8;21;4.99669929640368;0.003922056;0.0021;0.004999998;39122;32;8;66;1274;60314;0;0.01;60314;61069;0.0019
"Unity.TextMeshPro.dll!TMPro::TMPro_EventManager.ON_TEXT_CHANGED()";0.0033;0.0005;0.06709999;60692;60731;61512;13;15;7.02599981275853;0.004396746;0.002;0.0057;17653;9;1;35;1598;60314;0.0002;0.0505;60316;61512;0.0041
"mscorlib.dll!System::Math.Log()";0.0033;0.0023;0.0482;60697;61285;60827;10;14;7.96149992221035;0.00398075;0.0029;0.0041;12006;6;6;12;2000;60314;0;0.0241;60314;60827;0.0035
"mscorlib.dll!::InternalEnumerator`1.MoveNext()";0.0033;0.0033;0.0033;61925;61925;61925;39;44;0.00330000021494925;0.0033;0.0033;0.0033;52;52;52;52;1;61925;0;0.0001;61925;61925;0
"ReflectionProbes.Update";0.0033;0.0007;0.0335;60580;62047;62035;6;6;7.32339997030795;0.0036617;0.003;0.0037;2000;1;1;1;2000;60314;0.0007;0.0335;62047;62035;0.0039
"Physics.Raycast";0.0033;0.0019;0.0205;60741;61065;60505;7;7;7.64029996166937;0.004000157;0.0026;0.0052;1910;1;1;1;1910;60314;0.0019;0.0205;61065;60505;0.0092
"UnityEngine.CoreModule.dll!UnityEngine::Component.TryGetComponent()";0.0033;0.003;0.0112;60938;60876;60429;9;14;0.0672999988310039;0.004486667;0.0031;0.0042;19;1;1;3;15;60318;0.0023;0.0067;60429;60349;0
"mscorlib.dll!System::RuntimeType.GetEnumUnderlyingType()";0.0033;0.0033;0.0046;61165;61165;61686;24;28;0.00790000008419156;0.00395;0.0033;0.0033;4;2;2;2;2;61165;0.0013;0.0026;61165;61686;0
"ParticleSystem.EndUpdateAll";0.0033;0;0.0424;61289;61892;61154;3;11;7.12739982995845;0.0035637;0.0005;0.0052;8003;4;4;7;2000;60314;0;0.0405;60315;61154;0.003
"Newtonsoft.Json.dll!Newtonsoft.Json.Utilities::JavaScriptUtils.FirstCharToEscape()";0.0033;0.0033;0.0033;61925;61925;61925;35;36;0.00329999998211861;0.0033;0.0033;0.0033;11;11;11;11;1;61925;0.0001;0.0008;61925;61925;0
"UnityEngine.UI.dll!UnityEngine.UI::Selectable.set_interactable()";0.0033;0.0033;0.0033;61925;61925;61925;19;20;0.00329999998211861;0.0033;0.0033;0.0033;3;3;3;3;1;61925;0.0005;0.0018;61925;61925;0
"UnityEngine.UI.dll!UnityEngine.EventSystems::BaseRaycaster.get_rootRaycaster()";0.0033;0.0009;0.0198;62071;62234;60681;17;17;0.559999994235113;0.003636364;0.0031;0.0037;824;6;2;6;154;60343;0.0004;0.0154;60353;62068;0
"UnityEngine.CoreModule.dll!UnityEngine::Gradient.Init()";0.0033;0.0006;0.0743;61615;60657;61115;7;25;1.97989996819524;0.003800192;0.0024;0.0043;1446;3;1;8;521;60328;0.0001;0.0724;60482;61115;0
"Newtonsoft.Json.dll!Newtonsoft.Json.Serialization::JsonContract.get_CreatedType()";0.0033;0.0033;0.0033;61925;61925;61925;36;39;0.00329999974928796;0.0033;0.0033;0.0033;16;16;16;16;1;61925;0;0.0021;61925;61925;0
"mscorlib.dll!System.Collections.Generic::Dictionary`2.set_Item()";0.0033;0.0004;0.3515007;61093;61844;62046;8;35;7.7080005449825;0.004811486;0.0018;0.0055;18355;9;1;249;1602;60314;0.0002;0.0115;60314;60965;0.0038
"mscorlib.dll!System.Collections.Concurrent::ConcurrentDictionary`2.AcquireLocks()";0.0033;0.0033;0.0033;61925;61925;61925;36;48;0.00329999951645732;0.0033;0.0033;0.0033;18;18;18;18;1;61925;0;0.0007;61925;61925;0
"Newtonsoft.Json.dll!Newtonsoft.Json::JsonIgnoreAttribute[].System.Collections.Generic.ICollection`1.get_Count()";0.0033;0.0033;0.0033;61925;61925;61925;43;46;0.00329999951645732;0.0033;0.0033;0.0033;20;20;20;20;1;61925;0.0001;0.0003;61925;61925;0
"UnityEngine.CoreModule.dll!UnityEngine::Color.get_white()";0.003299999;0.0002;0.0424;61067;60728;60538;8;29;6.87609896554204;0.00430025;0.0017;0.0055;35349;18;1;70;1599;60314;0.0001;0.0097;60314;61074;0.004
"System.dll!System.ComponentModel::DefaultValueAttribute[].System.Collections.Generic.ICollection`1.get_Count()";0.003299999;0.003299999;0.003299999;61925;61925;61925;43;46;0.00329999928362668;0.003299999;0.003299999;0.003299999;20;20;20;20;1;61925;0.0001;0.0002;61925;61925;0
"UnityEngine.UI.dll!UnityEngine.EventSystems::PointerEventData.get_pointerCurrentRaycast()";0.0032;0.0023;0.0504;61044;60442;61349;8;10;8.08079994213767;0.004044444;0.0029;0.0041;14003;7;7;8;1998;60314;0.0003;0.0475;60314;61349;0.0044
"mscorlib.dll!System::Char.IsLatin1()";0.0032;0;0.1000001;61098;61944;61659;14;44;7.15699686848529;0.004478721;0.0016;0.005999997;116123;52;4;738;1598;60314;0;0.095;60314;61659;0.0042
"FontEngine.GetMarkToMarkFeatures";0.0032;0.0032;0.0032;61925;61925;61925;21;21;0.00320000015199184;0.0032;0.0032;0.0032;2;2;2;2;1;61925;0.0013;0.0019;61925;61925;0
"mscorlib.dll!System.IO::StreamWriter.get_UTF8NoBOM()";0.0032;0.0032;0.0032;61925;61925;61925;23;24;0.00320000015199184;0.0032;0.0032;0.0032;6;6;6;6;1;61925;0.0004;0.0008;61925;61925;0
"System.Core.dll!System.Linq::Enumerable.OrderBy()";0.0032;0.0032;0.0032;61925;61925;61925;36;39;0.00320000015199184;0.0032;0.0032;0.0032;2;2;2;2;1;61925;0.0012;0.002;61925;61925;0
"UnityEngine.TextCoreFontEngineModule.dll!UnityEngine.TextCore.LowLevel::FontEngine.PopulatePairAdjustmentRecordMarshallingArray()";0.0032;0.0032;0.0032;61925;61925;61925;19;19;0.00320000015199184;0.0032;0.0032;0.0032;2;2;2;2;1;61925;0.001;0.0022;61925;61925;0
"UnityEngine.CoreModule.dll!UnityEngine::MonoBehaviour.StopCoroutine_Injected()";0.0032;0.0018;0.0098;60399;60938;61373;8;16;0.0700999991968274;0.003894444;0.0026;0.0038;24;1;1;3;18;60318;0.0014;0.0069;60815;61373;0
"UnityEngine.ParticleSystemModule.dll!UnityEngine::ParticleSystem.Play()";0.0032;0.0015;0.0618;60862;60476;61774;6;13;1.86110001022462;0.01409924;0.002;0.0227;203;1;1;4;132;60323;0.0012;0.0314;60524;61774;0
"mscorlib.dll!System.Text::StringBuilder.ToString()";0.0032;0.0012;0.0194;60883;60370;61925;8;26;0.144899999490008;0.003916216;0.0026;0.0039;47;1;1;11;37;60315;0.0009;0.0134;61925;60854;0
"UnityEngine.CoreModule.dll!UnityEngine::Mesh.SetIndicesImpl()";0.0032;0.0015;0.0315;61630;60475;61570;17;19;4.80270001804456;0.003700077;0.0024;0.0042;2523;2;1;12;1298;60314;0.0006;0.0152;60454;61389;0.0019
"UnityEngine.CoreModule.dll!UnityEngine.Pool::ObjectPool`1.Release()";0.0032;0.0008;0.1784999;61666;62095;62046;8;31;7.45769979804754;0.004684485;0.002;0.0053;9779;4;1;417;1592;60314;0.0002;0.0166;60429;61866;0.0038
"UnityEngine.UI.dll!UnityEngine.EventSystems::EventSystem.get_current()";0.0032;0.0008;0.045;61770;62047;61367;5;25;7.09049980499549;0.00354525;0.0026;0.0041;8994;5;1;11;2000;60314;0.0002;0.0417;60316;61367;0.0043
"TMP Handle GPOS Features";0.0032;0.0028;0.0554;61794;60608;60379;15;15;0.537000096635893;0.01534286;0.0029;0.03590001;678;4;4;63;35;60347;0.0004;0.0144;60370;60719;0
"UnityEngine.CoreModule.dll!UnityEngine::Camera.ScreenPointToRay_Injected()";0.0032;0.0013;0.0403;61908;62047;62030;8;8;7.66879996354692;0.004015078;0.0024;0.0051;1910;1;1;1;1910;60314;0.0013;0.0403;62047;62030;0.0078
"mscorlib.dll!System::RuntimeType.ThrowIfTypeNeverValidGenericArgument()";0.0032;0.0032;0.0032;61925;61925;61925;40;41;0.0031999999191612;0.0032;0.0032;0.0032;2;2;2;2;1;61925;0.0014;0.0018;61925;61925;0
"UnityEngine.CoreModule.dll!UnityEngine.Events::UnityEventBase.RemoveAllListeners()";0.0032;0.0032;0.0032;62046;62046;62046;11;11;0.0031999999191612;0.0032;0.0032;0.0032;3;3;3;3;1;62046;0.0007;0.0016;62046;62046;0
"UnityEngine.CoreModule.dll!UnityEngine::RectTransform.get_sizeDelta()";0.0032;0.0032;0.0032;62046;62046;62046;15;16;0.0031999999191612;0.0032;0.0032;0.0032;10;10;10;10;1;62046;0.0002;0.0005;62046;62046;0
"mscorlib.dll!System.Globalization::CharUnicodeInfo.get_CategoriesValue()";0.0032;0.0008;0.0067;60642;61925;62046;19;38;0.0106999999261461;0.003566667;0.0008;0.0032;69;20;5;44;3;60642;0.0001;0.0002;60642;60642;0
"mscorlib.dll!System.Globalization::CharUnicodeInfo.get_CategoryLevel2Index()";0.0032;0.0009;0.006699999;60642;61925;62046;19;38;0.0107999989995733;0.0036;0.0009;0.0032;69;20;5;44;3;60642;0.0001;0.0002;60642;60642;0
"mscorlib.dll!System.Globalization::CharUnicodeInfo.get_CategoryLevel3Index()";0.0032;0.0007;0.0067;60642;61925;62046;19;38;0.0105999999213964;0.003533333;0.0007;0.0032;69;20;5;44;3;60642;0.0001;0.0002;60642;60642;0
"mscorlib.dll!System::RuntimeTypeHandle.IsByRef()";0.0032;0.0032;0.0032;61925;61925;61925;37;44;0.00319999968633056;0.0032;0.0032;0.0032;10;10;10;10;1;61925;0.0002;0.0006;61925;61925;0
"mscorlib.dll!System::Object.__icall_wrapper___emul_frem()";0.003199999;0.0004;0.04519999;61087;60822;60538;13;15;6.77649928149185;0.004240613;0.0019;0.0057;28828;13;1;98;1598;60314;0.0001;0.0127;60316;61159;0.004099999
"UnityEngine.UI.dll!UnityEngine.UI::Graphic.get_raycastTarget()";0.003100001;0.0006;0.0183;61828;62047;61434;12;31;6.902399432729;0.003613822;0.0024;0.004499999;49259;26;12;37;1910;60314;0;0.0105;60314;62053;0.006099999
"UnityEngine.CoreModule.dll!UnityEngine.Events::UnityEventBase.AddCall()";0.0031;0.002;0.0092;60365;60370;60429;12;34;0.224200000753626;0.003503125;0.0027;0.0038;74;1;1;4;64;60318;0.0009;0.0065;62046;60704;0
"Assembly-CSharp.dll!::EnemyCatalog.TryGet()";0.0031;0.0025;0.0054;60815;60938;60349;7;12;0.0522000000346452;0.00348;0.0029;0.0036;15;1;1;1;15;60318;0.0025;0.0054;60938;60349;0
"UnityEngine.CoreModule.dll!UnityEngine::Camera.GetAllCameras()";0.0031;0.0015;0.135;60972;61578;62253;5;5;7.6954999716254;0.00384775;0.0024;0.0046;2000;1;1;1;2000;60314;0.0015;0.135;61578;62253;0.0069
"Initialization.DirectorSampleTime";0.0031;0.0016;0.193;60979;61569;62201;2;2;8.02969996503089;0.00401485;0.0027;0.0041;2000;1;1;1;2000;60314;0.0016;0.193;61569;62201;0.004
"UnityEngine.TextCoreFontEngineModule.dll!UnityEngine.TextCore.LowLevel::GlyphValueRecord.get_yPlacement()";0.0031;0;0.09550008;61096;60815;60398;13;24;6.99659675515431;0.004378346;0.0017;0.005799998;115562;52;4;412;1598;60314;0;0.0886;60314;60398;0.0042
"UnityEngine.UIModule.dll!UnityEngine::CanvasRenderer.SetMesh()";0.0031;0.0015;0.0266;61135;60737;61570;13;15;4.65589998662472;0.003559557;0.0024;0.0041;2600;2;1;12;1308;60314;0.0006;0.0099;62046;61247;0.0022
"PostLateUpdate.ParticleSystemEndUpdateAll";0.0031;0.0001;0.0415;61289;60905;61154;2;2;6.72009996771521;0.00336005;0.0005;0.0048;2000;1;1;1;2000;60314;0.0001;0.0415;60905;61154;0.0029
"UnityEngine.CoreModule.dll!UnityEngine::GameObject.GetComponent()";0.0031;0.0009;0.0268;61436;60423;60524;6;22;2.65389998594765;0.00480779;0.0018;0.006399999;1588;2;1;28;552;60314;0.0005;0.0173;60429;60681;0.0039
"Audibility computation";0.0031;0.0009;0.029;61483;61377;61743;5;5;6.8773999667028;0.0034387;0.0028;0.0036;2000;1;1;1;2000;60314;0.0009;0.029;61377;61743;0.0033
"Assembly-CSharp.dll!::MapDirector.GetEnemySpanwerPosition()";0.0031;0.0029;0.0074;61509;60730;61770;5;5;0.0287999997381121;0.004114286;0.003;0.0035;7;1;1;1;7;60471;0.0029;0.0074;60730;61770;0
"UnityEngine.CoreModule.dll!UnityEngine.Profiling::Profiler.Internal_EmitGlobalMetaData_Array()";0.0031;0.0009999999;0.0285;61810;62273;60538;10;10;7.09439981437754;0.0035472;0.0027;0.0038;8000;4;4;4;2000;60314;0.0001;0.0161;60314;61074;0.0037
"mscorlib.dll!System::Array.InternalArray__ICollection_CopyTo()";0.0031;0.0031;0.0031;61925;61925;61925;41;44;0.00310000008903444;0.0031;0.0031;0.0031;4;4;4;4;1;61925;0.0006;0.0009;61925;61925;0
"Unity.TextMeshPro.dll!TMPro::TMP_Text.ResizeLineExtents()";0.0031;0.0031;0.0031;61925;61925;61925;20;20;0.00310000008903444;0.0031;0.0031;0.0031;1;1;1;1;1;61925;0.0031;0.0031;61925;61925;0
"PreUpdate.InputForUIUpdate";0.0031;0.0016;0.115;62005;60518;61290;2;2;7.71829996351153;0.00385915;0.0024;0.0047;2000;1;1;1;2000;60314;0.0016;0.115;60518;61290;0.0073
"playerSessionStateChanged.Invoke";0.0031;0.0021;0.0089;62313;62096;62095;4;4;0.0140999997965991;0.0047;0.0021;0.0031;3;1;1;1;3;62095;0.0021;0.0089;62096;62095;0
"System.Core.dll!System.Collections.Generic::HashSet`1.Remove()";0.0031;0.0017;0.042;60350;61925;61154;14;28;0.964899959391914;0.004105957;0.0024;0.0043;1265;4;1;30;235;60315;0;0.0121;60319;61574;0.006499999
"UnityEngine.UI.dll!UnityEngine.UI::CanvasUpdateRegistry.InternalUnRegisterCanvasElementForLayoutRebuild()";0.0031;0.0019;0.07180001;60428;61925;62046;12;26;0.0810000086203218;0.02025;0.0019;0.0042;72;3;1;65;4;60428;0.0009;0.003;60428;62046;0
"UnityEngine.Physics2DModule.dll!UnityEngine::Collider2D.get_attachedRigidbody_Injected()";0.0031;0.0005;0.1595;61860;60750;61142;8;20;4.7817998288665;0.003753375;0.002;0.0045;11127;9;2;19;1274;60314;0;0.1472;60337;61142;0.0019
"mscorlib.dll!System.Globalization::CompareInfo.get_UseManagedCollation()";0.0031;0.0031;0.0031;61925;61925;61925;29;37;0.00309999985620379;0.0031;0.0031;0.0031;36;36;36;36;1;61925;0;0.0002;61925;61925;0
"System.Runtime.Serialization.dll!System.Runtime.Serialization::IgnoreDataMemberAttribute[].System.Collections.Generic.ICollection`1.get_Count()";0.0031;0.0031;0.0031;61925;61925;61925;43;46;0.00309999985620379;0.0031;0.0031;0.0031;20;20;20;20;1;61925;0.0001;0.0002;61925;61925;0
"UnityEngine.CoreModule.dll!UnityEngine::NoAllocHelpers.ExtractArrayFromList()";0.0031;0.0012;0.0452;61134;61829;61570;18;19;4.85249962774105;0.003738443;0.0018;0.0045;22626;18;9;72;1298;60314;0.0001;0.0329;60314;60592;0.0015
"Newtonsoft.Json.dll!Newtonsoft.Json.Serialization::DefaultContractResolver.ResolvePropertyName()";0.0031;0.0031;0.0031;61925;61925;61925;38;41;0.00309999962337315;0.0031;0.0031;0.0031;20;20;20;20;1;61925;0.0001;0.0003;61925;61925;0
"mscorlib.dll!System.Reflection::FieldInfo.get_IsInitOnly()";0.003099999;0.003099999;0.003099999;61925;61925;61925;38;41;0.00309999939054251;0.003099999;0.003099999;0.003099999;20;20;20;20;1;61925;0.0001;0.0002;61925;61925;0
"Newtonsoft.Json.dll!Newtonsoft.Json::JsonExtensionDataAttribute[].System.Collections.Generic.ICollection`1.get_Count()";0.003099999;0.003099999;0.003099999;61925;61925;61925;43;46;0.00309999939054251;0.003099999;0.003099999;0.003099999;20;20;20;20;1;61925;0.0001;0.0003;61925;61925;0
"UnityEngine.UI.dll!UnityEngine.UI::LayoutGroup.get_rectChildren()";0.003000001;0.003000001;0.003000001;62046;62046;62046;15;15;0.00300000072456896;0.003000001;0.003000001;0.003000001;13;13;13;13;1;62046;0;0.0019;62046;62046;0
"mscorlib.dll!System::UInt32.GetHashCode()";0.003;0;0.05130002;61439;60817;60538;17;32;6.9462967664731;0.004346869;0.0016;0.005799998;115635;52;4;412;1598;60314;0;0.0236;60314;61159;0.004799999
"Assembly-CSharp.dll!::BossIntroFx.ScaleForWorldRadius()";0.003;0.002;0.0084;60322;60844;60854;6;12;0.0897999992594123;0.003325926;0.0022;0.0034;27;1;1;1;27;60315;0.002;0.0084;60844;60854;0
"UnityEngine.UIModule.dll!UnityEngine::CanvasRenderer.Clear()";0.003;0.0023;0.0162;60608;61249;62046;12;29;0.106600001221523;0.003807143;0.0026;0.0042;95;2;2;30;28;60347;0.0004;0.0042;62046;61173;0
"PreLateUpdate.AccessibilityUpdate";0.003;0.002;0.0922;60618;62047;62030;2;2;6.96289996081032;0.00348145;0.0027;0.0036;2000;1;1;1;2000;60314;0.002;0.0922;62047;62030;0.0025
"UnityEngine.UI.dll!UnityEngine.UI::SetPropertyUtility.SetStruct()";0.003;0.0029;0.003;60771;61925;60428;8;21;0.00890000001527369;0.002966667;0.0029;0.003;11;4;3;4;3;60428;0.0004;0.0016;61925;61925;0
"UnityEngine.Physics2DModule.dll!UnityEngine::PhysicsScene2D.Raycast_Internal()";0.003;0.0023;0.0115;60810;60750;60468;7;7;0.0230999998748302;0.00462;0.0028;0.0035;5;1;1;1;5;60398;0.0023;0.0115;60750;60468;0
"Assembly-CSharp.dll!::EnemyShieldVisual.Refresh()";0.003;0.0003;0.0097;60907;60318;60429;10;15;0.0484000004653353;0.003226667;0.0004;0.0033;19;1;1;3;15;60318;0.0003;0.0056;60318;60876;0
"mscorlib.dll!System.Collections.Generic::Dictionary`2.ContainsKey()";0.003;0.0011;0.2073001;60993;61297;62046;11;41;5.20320005784743;0.003977982;0.0021;0.0044;3110;2;1;96;1308;60314;0.0003;0.1104;62046;62046;0.0014
"UnityEngine.UI.dll!UnityEngine.UI::VertexHelper.Clear()";0.003;0.0015;0.0355;61077;60639;61570;15;15;4.69499999738764;0.003617103;0.0021;0.0043;2514;2;1;8;1298;60314;0.001;0.0131;60320;61159;0.0019
"UnityEngine.IMGUIModule.dll!UnityEngine::GUISkin.MakeCurrent()";0.003;0.0021;0.0255;61296;60376;61088;8;9;6.06919998163357;0.003504157;0.0026;0.0036;3538;2;2;6;1732;60314;0.0007;0.0164;60323;61088;0.0039
"CanvasUpdate.LatePreRender";0.003;0.0003;0.0698;61319;60525;61570;9;9;8.27649994802778;0.00413825;0.0004;0.0065;2000;1;1;1;2000;60314;0.0003;0.0698;60525;61570;0.0029
"afterCullingOutputReady.Invoke";0.003;0.001;0.1018;61754;62047;61159;7;7;7.53329996194225;0.00376665;0.0025;0.0044;2000;1;1;1;2000;60314;0.001;0.1018;62047;61159;0.0033
"FontEngine.GetMarkToBaseFeatures";0.003;0.003;0.003;61925;61925;61925;21;21;0.00300000002607703;0.003;0.003;0.003;2;2;2;2;1;61925;0.0011;0.0019;61925;61925;0
"mscorlib.dll!System.Collections.Generic::Comparer`1.Create()";0.003;0.003;0.003;61925;61925;61925;41;44;0.00300000002607703;0.003;0.003;0.003;2;2;2;2;1;61925;0.0015;0.0015;61925;61925;0
"Newtonsoft.Json.dll!Newtonsoft.Json::JsonTextWriter.UpdateCharEscapeFlags()";0.003;0.003;0.003;61925;61925;61925;24;26;0.00300000002607703;0.003;0.003;0.003;6;6;6;6;1;61925;0.0003;0.0007;61925;61925;0
"CustomRenderTextures.Update";0.003;0.0014;0.1869;62081;62047;60681;3;3;7.34989996359218;0.00367495;0.0026;0.004;2000;1;1;1;2000;60314;0.0014;0.1869;62047;60681;0.0026
"Newtonsoft.Json.dll!Newtonsoft.Json.Utilities::TypeExtensions.IsSealed()";0.003;0.003;0.003;61925;61925;61925;34;42;0.00299999979324639;0.003;0.003;0.003;5;5;5;5;1;61925;0.0004;0.0007;61925;61925;0
"mscorlib.dll!System::NonSerializedAttribute[].System.Collections.Generic.ICollection`1.get_Count()";0.003;0.003;0.003;61925;61925;61925;42;45;0.00299999956041574;0.003;0.003;0.003;20;20;20;20;1;61925;0.0001;0.0002;61925;61925;0
"Unity.ResourceManager.dll!UnityEngine.ResourceManagement.Util::LocationCacheKey.Equals()";0.003;0.003;0.003;62046;62046;62046;19;25;0.00299999956041574;0.003;0.003;0.003;24;24;24;24;1;62046;0;0.0003;62046;62046;0
"Newtonsoft.Json.dll!Newtonsoft.Json::JsonRequiredAttribute[].System.Collections.Generic.ICollection`1.get_Count()";0.002999999;0.002999999;0.002999999;61925;61925;61925;43;46;0.0029999993275851;0.002999999;0.002999999;0.002999999;20;20;20;20;1;61925;0.0001;0.0002;61925;61925;0
"UnityEngine.UI.dll!UnityEngine.UI::CanvasUpdateRegistry.InternalDisableCanvasElementForLayoutRebuild()";0.0029;0.0023;0.017;60429;60675;62046;15;30;0.105100003071129;0.003753572;0.0026;0.0038;75;2;2;17;28;60347;0.0009;0.0038;60428;60581;0
"UnityEngine.CoreModule.dll!UnityEngine.Events::InvokableCallList.AddListener()";0.0029;0.0018;0.0087;60608;60370;60429;13;35;0.210699998307973;0.003292188;0.0025;0.0035;74;1;1;4;64;60318;0.0008;0.0064;62046;60704;0
"UIEvents.UpdateCanvasRectTransform";0.0029;0.0008;0.03;61446;62050;61682;3;3;6.38909998716554;0.00319455;0.0023;0.0038;2000;1;1;1;2000;60314;0.0008;0.03;62050;61682;0.0042
"UnityEngine.UI.dll!UnityEngine.UI.Collections::IndexedSet`1.Clear()";0.0029;0.0007;0.05;61565;62054;62146;9;9;5.78149996226421;0.00289075;0.0013;0.0035;4000;2;2;2;2000;60314;0.0002;0.0479;60827;62146;0.0028
"GeneralConnection.Poll";0.0029;0.0016;0.0118;61594;60971;60854;5;5;7.01079995941836;0.0035054;0.0026;0.0037;2000;1;1;1;2000;60314;0.0016;0.0118;60971;60854;0.004
"mscorlib.dll!System.Globalization::CultureInfo.get_CompareInfo()";0.0029;0.0029;0.0029;61925;61925;61925;27;35;0.00289999996311963;0.0029;0.0029;0.0029;36;36;36;36;1;61925;0;0.0002;61925;61925;0
"mscorlib.dll!System::Char.Equals()";0.0029;0.0029;0.0029;61925;61925;61925;25;33;0.00289999996311963;0.0029;0.0029;0.0029;60;60;60;60;1;61925;0;0.0001;61925;61925;0
"mscorlib.dll!System::Span`1.ToString()";0.0029;0.0029;0.0029;61925;61925;61925;23;23;0.00289999996311963;0.0029;0.0029;0.0029;1;1;1;1;1;61925;0.0029;0.0029;61925;61925;0
"UnityEngine.TextCoreFontEngineModule.dll!UnityEngine.TextCore.LowLevel::FontEngine.GetGlyphIndex()";0.0029;0.0029;0.0029;61925;61925;61925;21;21;0.00289999996311963;0.0029;0.0029;0.0029;2;2;2;2;1;61925;0.0014;0.0015;61925;61925;0
"UnityEngine.TextCoreFontEngineModule.dll!UnityEngine.TextCore.LowLevel::FontEngine.LoadFontFace_With_Size_and_FaceIndex_FromFont_Internal_Injected()";0.0029;0.0029;0.0029;61925;61925;61925;24;24;0.00289999996311963;0.0029;0.0029;0.0029;2;2;2;2;1;61925;0.0013;0.0016;61925;61925;0
"mscorlib.dll!System.Collections.Generic::Dictionary`2..ctor()";0.0029;0.0029;0.1288;62046;62046;61925;12;53;0.131700019584969;0.06585001;0.0029;0.0029;86;4;4;82;2;61925;0.0002;0.006;61925;61925;0
"sceneLoadedBeforeAwake.Invoke";0.0029;0.0029;0.0029;62046;62046;62046;8;8;0.00289999996311963;0.0029;0.0029;0.0029;1;1;1;1;1;62046;0.0029;0.0029;62046;62046;0
"UnityEngine.CoreModule.dll!UnityEngine::Renderer.get_enabled_Injected()";0.0029;0.0004;0.0357;61054;61888;60861;7;11;6.03899962216383;0.003488735;0.0019;0.0044;21024;11;2;37;1731;60314;0;0.0338;61013;60861;0.0037
"UnityEngine.InputLegacyModule.dll!UnityEngine.Internal::InputUnsafeUtility.GetButtonDown_Injected()";0.0029;0.0014;0.0203;61095;61126;61574;9;11;6.71119985519908;0.0033556;0.0022;0.0039;8230;4;2;6;2000;60314;0.0001;0.0167;60361;61242;0.0054
"UnityEngine.CoreModule.dll!UnityEngine::RectTransform.get_rect()";0.0029;0.0009;0.0403;61429;60558;61570;11;30;4.82259977213107;0.003695479;0.0019;0.0043;10640;8;2;49;1305;60314;0.0002;0.0156;60314;61632;0.0015
"mscorlib.dll!System.Globalization::CharUnicodeInfo.get_CategoryLevel1Index()";0.002899999;0.0009;0.006699998;60642;61925;62046;19;38;0.0104999978793785;0.003499999;0.0009;0.002899999;69;20;5;44;3;60642;0.0001;0.0003;60642;61925;0
"Unity.TextMeshPro.dll!TMPro::TMP_Text.LoadDefaultSettings()";0.0028;0.0028;0.0028;62046;62046;62046;10;10;0.00280000013299286;0.0028;0.0028;0.0028;5;5;5;5;1;62046;0.0004;0.0011;62046;62046;0
"UnityEngine.CoreModule.dll!UnityEngine::Mathf.Log()";0.0028;0.0021;0.0308;60388;60341;60866;9;12;6.69859996554442;0.0033493;0.0025;0.0035;4002;2;2;4;2000;60314;0.0007;0.0244;60331;60827;0.0031
"UnityEngine.UI.dll!UnityEngine.UI::CanvasUpdateRegistry.InternalUnRegisterCanvasElementForGraphicRebuild()";0.0028;0.0016;0.0684;60771;61925;62046;12;26;0.0757000030716881;0.018925;0.0016;0.0029;72;3;1;65;4;60428;0.0008;0.0028;62046;62046;0
"mscorlib.dll!System.Globalization::NumberFormatInfo.get_CurrentInfo()";0.0028;0.0008;0.0107;60914;60360;61544;9;25;0.696300000185147;0.003269014;0.0021;0.0041;286;1;1;5;213;60314;0.0008;0.0083;60360;61159;0
"PostLateUpdate.MemoryFrameMaintenance";0.0028;0.0012;0.0409;61131;62047;61115;2;2;6.53539996186737;0.0032677;0.0024;0.0035;2000;1;1;1;2000;60314;0.0012;0.0409;62047;61115;0.0034
"FindMainCamera";0.0028;0.0008;0.028;61187;61997;61129;7;14;5.257299897552;0.003035393;0.0021;0.0036;23195;12;3;35;1732;60314;0;0.0268;60314;61129;0.0023
"PostLateUpdate.PresentAfterDraw";0.0028;0.001;0.1243;61390;62047;62293;2;2;6.44979996921029;0.0032249;0.0025;0.0034;2000;1;1;1;2000;60314;0.001;0.1243;62047;62293;0.0033
"Assembly-CSharp.dll!::EnemySpawner.get_SpawnWorldPosition()";0.0028;0.0027;0.0067;61509;60471;61770;6;6;0.0240999998059124;0.003442857;0.0027;0.0029;7;1;1;1;7;60471;0.0027;0.0067;60471;61770;0
"UnityEngine.GridModule.dll!UnityEngine::GridLayout.WorldToCell()";0.0028;0.0019;0.0099;61554;60493;60858;5;18;5.13619997608475;0.00321817;0.0025;0.0034;1621;1;1;4;1596;60314;0.0006;0.0099;61249;60858;0.0024
"UnityEngine.CoreModule.dll!UnityEngine::SpriteRenderer.set_sprite()";0.0028;0.001;0.0248;61626;60451;60854;6;19;0.799299995880574;0.004567428;0.002;0.0049;345;1;1;9;175;60315;0.0004;0.0248;60331;60854;0
"mscorlib.dll!System::AttributeUsageAttribute.get_Inherited()";0.0028;0.0028;0.0028;61925;61925;61925;39;52;0.00279999990016222;0.0028;0.0028;0.0028;51;51;51;51;1;61925;0;0.0001;61925;61925;0
"System.dll!::TypeDescriptionNode.GetTypeDescriptor()";0.0028;0.0028;0.0028;61925;61925;61925;39;46;0.00279999990016222;0.0028;0.0028;0.0028;4;4;4;4;1;61925;0.0004;0.0009;61925;61925;0
"Director.SampleTime";0.0028;0.0015;0.1923;62228;61569;62201;3;3;7.41499996103812;0.0037075;0.0025;0.0038;2000;1;1;1;2000;60314;0.0015;0.1923;61569;62201;0.0037
"Unity.TextMeshPro.dll!TMPro::TextMeshPro.SetActiveSubTextObjectRenderers()";0.002799999;0.0003;0.036;61492;60727;60538;10;10;5.833299745369;0.003652661;0.0014;0.0048;17567;9;1;35;1597;60314;0.0002;0.0158;60314;61253;0.0032
"EarlyUpdate.UpdateInputManager";0.0027;0.0016;0.0221;60359;60428;61877;2;2;7.48849997087382;0.00374425;0.0022;0.0043;2000;1;1;1;2000;60314;0.0016;0.0221;60428;61877;0.0048
"UnityEngine.UI.dll!UnityEngine.UI::GraphicRegistry.RegisterRaycastGraphicForCanvas()";0.0027;0.0024;0.0718;60380;60907;62046;11;28;0.191499999491498;0.01063889;0.0024;0.0038;58;2;2;12;18;60318;0.0011;0.0158;60318;60642;0
"Assembly-CSharp.dll!::GameObjectPoolManager.get_Root()";0.0027;0.0016;0.0115;60394;60398;60429;8;19;0.7552999969339;0.003433182;0.0021;0.004;298;1;1;6;220;60314;0.0014;0.0088;60552;61159;0
"Assembly-CSharp.dll!::Pathfinder.LateUpdate()";0.0027;0.0016;0.0357;60575;61249;60673;4;4;5.38029997656122;0.003106409;0.0022;0.0032;1732;1;1;1;1732;60314;0.0016;0.0357;61249;60673;0.0029
"UnityEngine.UI.dll!UnityEngine.EventSystems::PointerInputModule.ProcessMove()";0.0027;0.0017;0.2334;60745;60849;60738;8;8;13.0010999500519;0.006507057;0.0021;0.0039;1998;1;1;1;1998;60314;0.0017;0.2334;60849;60738;0.0038
"UnityEngine.Physics2DModule.dll!UnityEngine::PhysicsScene2D.Raycast_Internal_Injected()";0.0027;0.0021;0.0112;60810;60750;60468;8;8;0.0216999996919185;0.00434;0.0026;0.0031;5;1;1;1;5;60398;0.0021;0.0112;60750;60468;0
"UnityEngine.CoreModule.dll!UnityEngine::UnitySynchronizationContext.Exec()";0.0027;0.0019;0.0483;60941;60460;60370;4;4;6.37419995921664;0.0031871;0.0023;0.0033;2000;1;1;1;2000;60314;0.0019;0.0483;60460;60370;0.0024
"Assembly-CSharp.dll!::GameObjectPoolManager.GetOrCreatePrefabPool()";0.0027;0.0016;0.0332;61059;60395;61858;8;19;0.534999996656552;0.003664383;0.0021;0.0045;229;1;1;4;146;60314;0.0011;0.0124;60432;61858;0
"UnityEngine.CoreModule.dll!UnityEngine::Texture2D.Apply()";0.0027;0.0027;0.0036;61165;61165;61686;16;16;0.00630000000819564;0.00315;0.0027;0.0027;2;1;1;1;2;61165;0.0027;0.0036;61165;61686;0
"LineRenderer.ScheduleGeometryJobs";0.0027;0.0011;0.0357;61203;61927;61159;4;4;5.41139997821301;0.003124365;0.0021;0.0036;1732;1;1;1;1732;60314;0.0011;0.0357;61927;61159;0.0016
"LowLevelPhysics2D.PhysicsWorld.PreSimulate";0.0027;0.0013;0.0162;61538;61515;60681;5;5;5.42839998775162;0.003246651;0.0021;0.0041;1696;1;1;16;1672;60314;0.0003;0.0162;62100;60681;0.0065
"Assembly-CSharp.dll!::ProjectileVfx.RecaptureScale()";0.0027;0.0024;0.0035;61544;60463;60385;8;8;0.0365999995265156;0.002815385;0.0026;0.003;13;1;1;1;13;60344;0.0024;0.0035;60463;60385;0
"mscorlib.dll!System.Collections::Hashtable.Add()";0.0027;0.0027;0.0027;61925;61925;61925;46;49;0.00270000007003546;0.0027;0.0027;0.0027;2;2;2;2;1;61925;0.001;0.0017;61925;61925;0
"Newtonsoft.Json.dll!Newtonsoft.Json.Utilities::TypeExtensions.IsClass()";0.0027;0.0027;0.0027;61925;61925;61925;39;39;0.00270000007003546;0.0027;0.0027;0.0027;1;1;1;1;1;61925;0.0027;0.0027;61925;61925;0
"System.Core.dll!System.Linq::OrderedEnumerable`1.GetEnumerableSorter()";0.0027;0.0027;0.0027;61925;61925;61925;39;42;0.00270000007003546;0.0027;0.0027;0.0027;2;2;2;2;1;61925;0.0012;0.0015;61925;61925;0
"System.dll!System.Collections.Specialized::OrderedDictionary.get_objectsArray()";0.0027;0.0027;0.0027;61925;61925;61925;45;49;0.00270000007003546;0.0027;0.0027;0.0027;6;6;6;6;1;61925;0;0.0012;61925;61925;0
"UnityEngine.UI.dll!UnityEngine.UI::CanvasUpdateRegistry.ObjectValidForUpdate()";0.0027;0.0012;0.0445;61112;60586;60352;10;10;4.3898998684017;0.003356192;0.0017;0.0039;5203;4;2;27;1308;60314;0.0001;0.0398;62046;60352;0.0015
"mscorlib.dll!System.Threading.Tasks::Task.get_IsCompleted()";0.0027;0.0027;0.0027;61925;61925;61925;24;25;0.00269999983720481;0.0027;0.0027;0.0027;12;12;12;12;1;61925;0.0001;0.0003;61925;61925;0
"Newtonsoft.Json.dll!Newtonsoft.Json.Utilities::StringUtils.IsNullOrEmpty()";0.0027;0.0027;0.0027;61925;61925;61925;35;36;0.00269999983720481;0.0027;0.0027;0.0027;11;11;11;11;1;61925;0.0001;0.0007;61925;61925;0
"Newtonsoft.Json.dll!Newtonsoft.Json::JsonWriter.GetCloseTokenForType()";0.0027;0.0027;0.0027;61925;61925;61925;31;37;0.00269999983720481;0.0027;0.0027;0.0027;31;31;31;31;1;61925;0;0.0005;61925;61925;0
"Unity.ResourceManager.dll!UnityEngine.ResourceManagement.AsyncOperations::AsyncOperationHandle.IsValid()";0.0027;0.0027;0.0027;62046;62046;62046;16;20;0.00269999983720481;0.0027;0.0027;0.0027;4;4;4;4;1;62046;0.0004;0.0011;62046;62046;0
"UnityEngine.CoreModule.dll!UnityEngine.Events::InvokableCallList.Clear()";0.0027;0.0027;0.0027;62046;62046;62046;12;12;0.00269999983720481;0.0027;0.0027;0.0027;3;3;3;3;1;62046;0.0006;0.0014;62046;62046;0
"Camera.FindStacks";0.0027;0.0018;0.0204;62264;62047;60681;3;3;6.26539986592252;0.0031327;0.0025;0.0032;4000;2;2;2;2000;60314;0.0001;0.0197;60323;60681;0.0027
"UnityEngine.CoreModule.dll!UnityEngine::Vector3.Lerp()";0.0027;0.0001;0.1325;60645;61973;61031;6;25;6.01839960197685;0.003575995;0.0013;0.0045;26932;14;1;48;1683;60314;0.0001;0.1283;60314;61031;0.0026
"TMP Save Page Info";0.0027;0.0001;0.08369999;61520;60815;60542;13;15;6.0030994512781;0.003756633;0.0014;0.0051;28886;13;1;103;1598;60314;0.0001;0.0376;60314;60542;0.003499999
"Unity.TextMeshPro.dll!TMPro::TMP_FontAsset.get_atlasTexture()";0.0026;0.0026;0.0026;62046;62046;62046;11;11;0.0026000002399087;0.0026;0.0026;0.0026;5;5;5;5;1;62046;0.0005;0.0006;62046;62046;0
"UnityEngine.CoreModule.dll!UnityEngine::ResourcesAPIInternal.FindShaderByName_Injected()";0.0026;0.0017;0.0062;60441;61110;60916;15;16;0.223299999255687;0.003017568;0.0022;0.0037;77;1;1;2;74;60331;0.0008;0.0059;60524;61024;0
"UnityEngine.TilemapModule.dll!UnityEngine.Tilemaps::Tilemap.get_cellBounds()";0.0026;0.0023;0.0074;60846;60380;60429;9;18;0.0800999996718019;0.003204;0.0024;0.0029;58;2;2;6;25;60318;0.0008;0.0035;60318;60990;0
"EarlyUpdate.PlayerCleanupCachedData";0.0026;0.0013;0.0169;60917;62098;61872;2;2;6.58419996697921;0.0032921;0.0023;0.0037;2000;1;1;1;2000;60314;0.0013;0.0169;62098;61872;0.0039
"UnityEngine.CoreModule.dll!UnityEngine::Mesh.SetIndicesImpl_Injected()";0.0026;0.0011;0.0242;61440;61767;61570;18;20;3.94569995673373;0.00303983;0.002;0.0034;2523;2;1;12;1298;60314;0.0005;0.0141;60314;61389;0.0015
"UnityEngine.ParticleSystemModule.dll!UnityEngine::ParticleSystem.Play_Injected()";0.0026;0.0011;0.0294;61462;60545;61388;8;14;0.936399997211993;0.007093939;0.0016;0.0108;140;1;1;2;132;60323;0.0009;0.0294;60524;61388;0
"mscorlib.dll!System.IO::StringWriter.Close()";0.0026;0.0026;0.0026;61925;61925;61925;27;29;0.00260000000707805;0.0026;0.0026;0.0026;6;6;6;6;1;61925;0.0003;0.0005;61925;61925;0
"mscorlib.dll!System::Math.Round()";0.0026;0.0026;0.0026;61925;61925;61925;23;24;0.00260000000707805;0.0026;0.0026;0.0026;4;4;4;4;1;61925;0.0004;0.0008;61925;61925;0
"mscorlib.dll!System::Span`1.TryCopyTo()";0.0026;0.0026;0.0026;61925;61925;61925;26;26;0.00260000000707805;0.0026;0.0026;0.0026;1;1;1;1;1;61925;0.0026;0.0026;61925;61925;0
"Newtonsoft.Json.dll!Newtonsoft.Json.Utilities::ReflectionUtils.EnsureNotNullableType()";0.0026;0.0026;0.0026;61925;61925;61925;34;37;0.00260000000707805;0.0026;0.0026;0.0026;3;3;3;3;1;61925;0.0005;0.0013;61925;61925;0
"Newtonsoft.Json.dll!Newtonsoft.Json::JsonWriter.CalculateLevelsToComplete()";0.0026;0.0026;0.0026;61925;61925;61925;31;37;0.00260000000707805;0.0026;0.0026;0.0026;31;31;31;31;1;61925;0;0.0003;61925;61925;0
"Unity.ResourceManager.dll!UnityEngine.ResourceManagement::ResourceManager.Update()";0.0026;0.0015;0.1629;62021;62251;60813;5;5;6.4517999823438;0.0032259;0.002;0.0037;2000;1;1;1;2000;60314;0.0015;0.1629;62251;60813;0.002
"mscorlib.dll!::ListBuilder`1.get_Count()";0.0026;0.0026;0.0026;61925;61925;61925;40;50;0.00259999977424741;0.0026;0.0026;0.0026;44;44;44;44;1;61925;0;0.0001;61925;61925;0
"UnityEngine.CoreModule.dll!UnityEngine::Sprite.get_rect()";0.0026;0.0014;0.0034;61925;60642;62046;16;22;0.00739999953657389;0.002466667;0.0014;0.0026;18;4;4;10;3;60642;0.0002;0.0009;62046;61925;0
"ParticleSystem.Update2";0.0025;0.0012;0.0151;61451;61404;61154;4;4;3.97409998462535;0.003066435;0.002;0.0037;2955;2;1;8;1296;60314;0.0001;0.0113;60441;60403;0.0016
"Newtonsoft.Json.dll!Newtonsoft.Json::JsonWriter.AutoCompleteAll()";0.0025;0.0025;0.0025;61925;61925;61925;27;29;0.00250000017695129;0.0025;0.0025;0.0025;6;6;6;6;1;61925;0.0003;0.0005;61925;61925;0
"UnityEngine.CoreModule.dll!UnityEngine::Renderer.set_enabled_Injected()";0.0025;0.0002;0.0199;60340;60314;61774;7;25;1.06609998441127;0.003780496;0.0003;0.0057;610;1;1;11;282;60314;0;0.0199;60331;61774;0
"mscorlib.dll!System.Collections.Generic::List`1.EnsureCapacity()";0.0025;0.0015;0.0565;60474;60380;61925;9;46;0.253499993821606;0.003840909;0.0021;0.0035;214;2;1;57;66;60318;0.0004;0.0047;61689;60704;0
"Assembly-CSharp.dll!::TowerWeapon.get_ProjectilePrefab()";0.0025;0.0012;0.0189;60523;60493;61858;7;17;0.142999994335696;0.00286;0.0022;0.0029;177;4;2;5;50;60331;0.0005;0.0049;60331;61858;0
"UnityEngine.GridModule.dll!UnityEngine::GridLayout.WorldToCell_Injected()";0.0025;0.0015;0.0096;60806;61966;60858;6;19;4.47479997680057;0.002803759;0.0022;0.003;1621;1;1;4;1596;60314;0.0004;0.0096;60524;60858;0.0021
"Assembly-CSharp.dll!::BossIntroFx.PlayGather()";0.0025;0.0025;0.0035;60815;60815;61373;12;12;0.00599999981932342;0.003;0.0025;0.0025;2;1;1;1;2;60815;0.0025;0.0035;60815;61373;0
"Cleanup Unused Cached Data";0.0025;0.0013;0.0165;60917;62098;61872;3;3;6.30779996747151;0.0031539;0.0022;0.0035;2000;1;1;1;2000;60314;0.0013;0.0165;62098;61872;0.0039
"UnityEngine.CoreModule.dll!UnityEngine::Transform.SetParent()";0.0025;0.001;0.0241;61223;60576;61686;8;22;1.73909997288138;0.003156261;0.0015;0.004;1183;2;1;18;551;60314;0.0005;0.0095;60429;61686;0.0028
"UnityEngine.CoreModule.dll!UnityEngine::Camera.GetAllCamerasImpl()";0.0025;0.0011;0.1343;61386;61152;62253;6;6;6.34099996474106;0.0031705;0.0019;0.0039;2000;1;1;1;2000;60314;0.0011;0.1343;61152;62253;0.0059
"UnityEngine.UI.dll!UnityEngine.UI::Graphic.get_workerMesh()";0.0025;0.0012;0.038;61417;60475;61570;13;13;4.16659983387217;0.003210015;0.0015;0.0038;5028;4;2;16;1298;60314;0.0005;0.0251;60318;61663;0.0032
"UnityEngine.CoreModule.dll!UnityEngine::Sprite.get_associatedAlphaSplitTexture()";0.0025;0.0023;0.008399999;61463;60907;60429;12;15;0.062799999024719;0.003488889;0.0024;0.0032;100;4;4;14;18;60318;0.0004;0.0012;60318;61433;0
"PreUpdate.AIUpdate";0.0025;0.0012;0.0138;61469;60737;60865;2;2;6.15589997149073;0.00307795;0.0019;0.004;2000;1;1;1;2000;60314;0.0012;0.0138;60737;60865;0.006
"PrepareSceneNodes";0.0025;0.0019;0.0462;61526;60337;61088;6;6;7.25049996492453;0.00362525;0.0023;0.0039;2000;1;1;1;2000;60314;0.0019;0.0462;60337;61088;0.0029
"UnityEngine.UIModule.dll!UnityEngine::Canvas.get_renderMode()";0.0025;0.0009;0.0285;61613;62096;61271;8;17;5.757099901326;0.00287855;0.002;0.0032;10506;5;1;14;2000;60314;0.0002;0.0261;60319;61271;0.0037
"UnityEngine.InputLegacyModule.dll!::HitInfo.op_Implicit()";0.0025;0.0012;0.1077;61679;62046;61859;6;6;6.86219982604962;0.0034311;0.0023;0.0035;12053;6;6;7;2000;60314;0.0002;0.1028;60316;60806;0.0045
"PostLateUpdate.RenderAs2DUpdate";0.0025;0.0012;0.0316;61770;62047;61074;2;2;5.96369997737929;0.00298185;0.0019;0.0033;2000;1;1;1;2000;60314;0.0012;0.0316;62047;61074;0.0023
"mscorlib.dll!System::Math.Sin()";0.0025;0.0005;0.03729999;61908;61223;60538;6;24;5.14909940754296;0.003124454;0.0016;0.004000001;36748;17;2;87;1648;60314;0;0.0108;60314;60702;0.0016
"mscorlib.dll!System.Reflection::FieldInfo[].System.Collections.Generic.IEnumerable`1.GetEnumerator()";0.0025;0.0025;0.0025;61925;61925;61925;41;44;0.00249999994412065;0.0025;0.0025;0.0025;2;2;2;2;1;61925;0.0012;0.0013;61925;61925;0
"UnityEngine.TextCoreFontEngineModule.dll!UnityEngine.TextCore.LowLevel::FontEngine.GenericListToMarshallingArray()";0.0025;0.0025;0.0025;61925;61925;61925;18;18;0.00249999994412065;0.0025;0.0025;0.0025;6;6;6;6;1;61925;0.0003;0.0007;61925;61925;0
"UnityEngine.CoreModule.dll!UnityEngine::AsyncOperation..ctor()";0.0025;0.0025;0.0045;62045;62045;62046;24;29;0.00699999975040555;0.0035;0.0025;0.0025;4;1;1;3;2;62045;0.0006;0.0027;62046;62046;0
"System.dll!System.Collections.Generic::LinkedList`1.AddLast()";0.0025;0.0025;0.0025;62046;62046;62046;18;21;0.00249999994412065;0.0025;0.0025;0.0025;6;6;6;6;1;62046;0.0003;0.0006;62046;62046;0
"Assembly-CSharp.dll!::TowerData.GetEffectiveTargetPriority()";0.0025;0.0002;0.1064;60607;60345;60865;8;13;4.86059975234093;0.003315552;0.0007;0.0047;19620;12;1;39;1466;60315;0.0001;0.0929;60316;60865;0.0004
"UnityEngine.CoreModule.dll!UnityEngine::Mathf.Min()";0.0025;0;0.04350001;60623;61854;60538;6;24;5.91679788403417;0.003414194;0.0012;0.004699999;90077;38;2;298;1733;60314;0;0.0372;60314;61349;0.0035
"Assembly-CSharp.dll!::AttackBehaviorBase.get_Tower()";0.0025;0;0.08760001;60779;61330;60587;6;18;5.27119938068063;0.003093427;0.0012;0.0041;42072;22;1;111;1704;60314;0;0.0869;60314;60587;0.0008
"UnityEngine.CoreModule.dll!UnityEngine::Time.get_deltaTime()";0.0025;0.0005;0.3335;61835;62000;60542;5;25;5.8059993746574;0.003352194;0.0018;0.0036;47602;24;8;75;1732;60314;0;0.3152;60314;60542;0.0025
"Newtonsoft.Json.dll!Newtonsoft.Json::JsonPosition.TypeHasIndex()";0.0025;0.0025;0.0025;61925;61925;61925;32;39;0.00249999971129;0.0025;0.0025;0.0025;31;31;31;31;1;61925;0;0.0001;61925;61925;0
"UnityEngine.CoreModule.dll!UnityEngine::GameObject.GetComponentsInternal_Injected()";0.0025;0.0008;0.08079999;62123;62080;62046;11;31;0.914399974164553;0.003614229;0.0017;0.0039;1127;3;1;267;253;60318;0.0001;0.0118;62046;62068;0
"UnityEngine.CoreModule.dll!UnityEngine::MonoBehaviour.InvokeDelayed_Injected()";0.0024;0.0011;0.0166;60549;60646;61858;9;21;0.26889999944251;0.002891398;0.0016;0.0032;174;1;1;4;93;60328;0.0004;0.0094;60488;61284;0
"mscorlib.dll!System.Collections.Generic::List`1.RemoveAt()";0.0024;0.0003;0.02709998;60759;61249;62046;7;38;0.851299968955573;0.002966202;0.002;0.0033;865;2;1;99;287;60315;0;0.0094;61925;61252;0.0047
"UnityEngine.CoreModule.dll!UnityEngine::MeshFilter.set_sharedMesh()";0.0024;0.0012;0.018;61443;61198;61154;13;27;1.14579998957925;0.002976104;0.0017;0.0036;586;1;1;7;385;60314;0.0005;0.0072;60566;60909;0.0037
"UnityEngine.CoreModule.dll!UnityEngine::Transform.set_rotation()";0.0024;0.0009;0.0703;61728;60844;61903;5;20;5.00649990118109;0.0031;0.0018;0.0036;6979;3;1;21;1615;60314;0.0002;0.0695;60331;61903;0.0018
"Assembly-CSharp.dll!::EnemySpawner.MarkLaneFinished()";0.0024;0.0024;0.0024;60366;60366;60366;6;6;0.00239999988116324;0.0024;0.0024;0.0024;1;1;1;1;1;60366;0.0024;0.0024;60366;60366;0
"Assembly-CSharp.dll!::EnemyHp.RestoreHitVisual()";0.0024;0.0018;0.0104;60638;60557;60608;8;16;0.115999999688938;0.00464;0.0021;0.0078;26;1;1;2;25;60347;0.0018;0.0104;60557;60608;0
"UnityEngine.CoreModule.dll!UnityEngine::SpriteRenderer.get_sprite()";0.0024;0.0023;0.003;60956;60399;61511;7;7;0.00769999995827675;0.002566667;0.0023;0.0024;3;1;1;1;3;60399;0.0023;0.003;60399;61511;0
"UnityEngine.CoreModule.dll!UnityEngine::RectTransform.GetLocalCorners()";0.0024;0.0016;0.0122;61092;60460;62046;12;29;0.642399997799657;0.003073684;0.0018;0.0035;291;1;1;8;209;60314;0.0012;0.0077;62046;61159;0
"UnityEngine.CoreModule.dll!UnityEngine::Object.Destroy()";0.0024;0.0011;0.0145;61140;60558;62046;6;19;0.350600000470877;0.003339048;0.0017;0.0043;151;1;1;10;105;60317;0.0009;0.0051;60524;61404;0
"UnityEngine.CoreModule.dll!UnityEngine::Camera.WorldToScreenPoint_Injected()";0.0024;0.0006;0.1874;61143;60750;60976;7;7;4.61379984370433;0.002863935;0.0016;0.0032;6275;4;1;10;1611;60314;0.0002;0.1846;60314;60976;0.0017
"Assembly-CSharp.dll!::EnemyHpViewer.CacheParts()";0.0024;0.0016;0.0142;61222;60392;60429;9;22;0.116199998767115;0.003057895;0.0017;0.0033;64;1;1;7;38;60318;0.0014;0.0036;60429;60429;0
"mscorlib.dll!System.Collections::Stack.Clear()";0.0024;0.0015;0.0201;61347;60371;60681;6;7;4.71889995643869;0.002724538;0.0021;0.0028;5307;3;3;9;1732;60314;0.0002;0.0101;60476;60681;0.0033
"UnityEngine.UI.dll!UnityEngine.UI::CanvasUpdateRegistry.CleanInvalidItems()";0.0024;0.0003;0.0325;61367;60759;61159;9;9;5.3701999761106;0.0026851;0.0008;0.0037;2000;1;1;1;2000;60314;0.0003;0.0325;60759;61159;0.0026
"UnityEngine.UI.dll!UnityEngine.EventSystems::BaseInputModule.FindFirstRaycast()";0.0024;0.0011;0.0144;61591;60319;62032;9;9;5.80289997812361;0.002904354;0.002;0.0036;1998;1;1;1;1998;60314;0.0011;0.0144;60319;62032;0.0052
"Unity.TextMeshPro.dll!TMPro::TextMeshPro.InternalUpdate()";0.0024;0.0003;0.0508;61684;60727;60452;8;8;5.23579976760084;0.003278522;0.0014;0.0042;17577;9;1;35;1597;60314;0.0001;0.0437;60314;60452;0.0027
"UnityEngine.CoreModule.dll!UnityEngine::LineRenderer.SetPosition_Injected()";0.0024;0.0005;0.04239999;61772;60903;61435;7;25;4.71809924684931;0.003612633;0.0014;0.005099999;17770;4;2;136;1306;60314;0;0.0181;60316;61435;0.0013
"ScheduleGeometryJobs";0.0024;0.0008;0.0177;61805;60911;61088;5;5;3.36239999637473;0.002664342;0.002;0.0028;1262;1;1;1;1262;60314;0.0008;0.0177;60911;61088;0.0019
"mscorlib.dll!System.Runtime.CompilerServices::IsReadOnlyAttribute..ctor()";0.0024;0.0024;0.0024;61925;61925;61925;43;52;0.00239999988116324;0.0024;0.0024;0.0024;13;13;13;13;1;61925;0.0001;0.0004;61925;61925;0
"Newtonsoft.Json.dll!Newtonsoft.Json.Utilities::TypeExtensions.IsAbstract()";0.0024;0.0024;0.0024;61925;61925;61925;39;42;0.00239999988116324;0.0024;0.0024;0.0024;4;4;4;4;1;61925;0.0004;0.0007;61925;61925;0
"UnityEngine.CoreModule.dll!UnityEngine::AsyncOperation.get_isDone()";0.0024;0.0024;0.0024;62046;62046;62046;26;26;0.00239999988116324;0.0024;0.0024;0.0024;3;3;3;3;1;62046;0.0003;0.0016;62046;62046;0
"EarlyUpdate.ScriptRunDelayedStartupFrame";0.0024;0.0002;0.0242;62064;62047;62046;2;2;5.86909996725444;0.00293455;0.0016;0.0035;2000;1;1;1;2000;60314;0.0002;0.0242;62047;62046;0.0032
"PlayerCleanupCachedData";0.0024;0.0013;0.0161;62213;62098;61872;4;4;6.1997999708401;0.0030999;0.0021;0.0034;2000;1;1;1;2000;60314;0.0013;0.0161;62098;61872;0.0039
"mscorlib.dll!System::Char.IsWhiteSpaceLatin1()";0.0024;0;0.04019998;61201;61853;60538;14;36;5.40979810026329;0.003385355;0.0013;0.0045;87060;39;3;584;1598;60314;0;0.0139;60314;61159;0.003
"mscorlib.dll!System.Globalization::GlobalizationMode.get_Invariant()";0.0024;0.0024;0.0024;61925;61925;61925;28;36;0.0023999996483326;0.0024;0.0024;0.0024;36;36;36;36;1;61925;0;0.0001;61925;61925;0
"UnityEngine.UIModule.dll!UnityEngine::CanvasRenderer.Clear_Injected()";0.0023;0.0018;0.008600001;60347;60638;62046;13;30;0.0774000004166737;0.002764286;0.0019;0.0033;95;2;2;30;28;60347;0.0001;0.0037;62046;61173;0
"UnityEngine.UI.dll!UnityEngine.UI::Image.CheckSecondaryTexturesChanged()";0.0023;0.0021;0.0075;60380;60876;60429;13;13;0.0584999991115183;0.00325;0.0022;0.0031;50;2;2;7;18;60318;0.0009;0.0025;60318;60349;0
"UnityEngine.IMGUIModule.dll!UnityEngine::GUILayoutGroup.CalcWidth()";0.0023;0.0017;0.0318;60558;60371;61252;6;7;4.45959998574108;0.002574827;0.002;0.0026;1769;1;1;3;1732;60314;0.0013;0.0318;60433;61252;0.0029
"mscorlib.dll!System.Collections.Generic::List`1.AddWithResize()";0.0023;0.0014;0.1553;60938;60370;61925;8;45;0.349600007408299;0.00529697;0.002;0.0032;122;1;1;36;66;60318;0.0006;0.1052;62046;61925;0
"mscorlib.dll!System::Convert.GetTypeCode()";0.0023;0.0023;0.0032;61165;61165;61686;25;25;0.00549999997019768;0.00275;0.0023;0.0023;2;1;1;1;2;61165;0.0023;0.0032;61165;61686;0
"UnityEngine.CoreModule.dll!UnityEngine::MonoBehaviour.StopAllCoroutines()";0.0023;0.0004;0.0129;61223;60399;61570;5;20;0.405899992998457;0.002505556;0.0008;0.0032;226;1;1;9;162;60314;0.0003;0.0129;60429;61570;0
"Assembly-CSharp.dll!::AoEDamageBatch.ApplyOverFrames()";0.0023;0.0009;0.0068;61285;60370;61632;7;10;0.168099999893457;0.002801667;0.0016;0.0038;63;1;1;2;60;60323;0.0007;0.0068;60552;61632;0
"UnityEngine.CoreModule.dll!UnityEngine.Events::UnityEvent`1.Invoke()";0.0023;0.0008;0.0419;61364;61369;60560;7;34;4.8901999462978;0.003541057;0.0015;0.0037;2859;2;1;10;1381;60314;0.0005;0.0395;60325;61422;0.0014
"UnityEngine.UI.dll!UnityEngine.EventSystems::StandaloneInputModule.ProcessTouchEvents()";0.0023;0.002;0.032;61756;60416;60681;6;6;6.23769999668002;0.003121972;0.0022;0.0032;1998;1;1;1;1998;60314;0.002;0.032;60416;60681;0.0047
"Graphics.PresentAndSync";0.0023;0.0008;0.1233;61886;62047;62293;3;3;5.41789998189779;0.00270895;0.0021;0.0029;2000;1;1;1;2000;60314;0.0008;0.1233;62047;62293;0.0028
"mscorlib.dll!System::Type.get_IsClass()";0.0023;0.0023;0.0023;61925;61925;61925;40;40;0.00230000005103648;0.0023;0.0023;0.0023;1;1;1;1;1;61925;0.0023;0.0023;61925;61925;0
"mscorlib.dll!System::Type.get_IsNested()";0.0023;0.0023;0.0023;61925;61925;61925;45;48;0.00230000005103648;0.0023;0.0023;0.0023;4;4;4;4;1;61925;0.0003;0.0008;61925;61925;0
"System.Core.dll!System.Linq::Lookup`2.GetEnumerator()";0.0023;0.0023;0.0023;61925;61925;61925;39;42;0.00230000005103648;0.0023;0.0023;0.0023;4;4;4;4;1;61925;0.0003;0.001;61925;61925;0
"Assembly-CSharp.dll!::BossIntroFx.Cancel()";0.0023;0.0023;0.0074;62046;62046;61925;13;19;0.00970000005327165;0.00485;0.0023;0.0023;2;1;1;1;2;61925;0.0023;0.0074;62046;61925;0
"UnityEngine.CoreModule.dll!UnityEngine::ReflectionProbe.CallSetDefaultReflection()";0.0023;0.0023;0.0023;62046;62046;62046;8;8;0.00230000005103648;0.0023;0.0023;0.0023;1;1;1;1;1;62046;0.0023;0.0023;62046;62046;0
"mscorlib.dll!System::Type.get_HasElementType()";0.0023;0.0023;0.2848993;62095;62095;61925;12;57;0.28719929442741;0.1435996;0.0023;0.0023;585;1;1;584;2;61925;0.0003;0.0023;61925;62095;0
"EarlyUpdate.RendererNotifyInvisible";0.0023;0.0005;0.0703;62158;62047;62008;2;2;6.26249997323612;0.00313125;0.002;0.0035;2000;1;1;1;2000;60314;0.0005;0.0703;62047;62008;0.0026
"UnityEngine.UIModule.dll!UnityEngine::CanvasRenderer.SetTexture()";0.0023;0.0017;0.0059;60380;60815;60429;13;13;0.0474999988218769;0.002638889;0.0018;0.0026;50;2;2;7;18;60318;0.0005;0.0025;60524;61373;0
"Unity.TextMeshPro.dll!TMPro::TMP_Text.ResizeInternalArray()";0.0023;0.0023;0.0039;61925;61925;62046;15;15;0.00619999971240759;0.0031;0.0023;0.0023;4;2;2;2;2;61925;0.0009;0.0024;61925;62046;0
"UnityEngine.CoreModule.dll!UnityEngine::GameObject.get_activeInHierarchy_Injected()";0.0023;0.0001;0.09999996;60690;61963;61570;6;34;8.41959567656886;0.004209798;0.0009;0.005199999;88783;23;1;354;2000;60314;0;0.0107;60314;61089;0.0017
"Newtonsoft.Json.dll!Newtonsoft.Json.Serialization::DefaultContractResolver.get_NamingStrategy()";0.0023;0.0023;0.0023;61925;61925;61925;38;42;0.00229999958537519;0.0023;0.0023;0.0023;40;40;40;40;1;61925;0;0.0001;61925;61925;0
"System.Core.dll!::Iterator`1.get_Current()";0.0023;0.0023;0.0023;61925;61925;61925;37;41;0.00229999958537519;0.0023;0.0023;0.0023;40;40;40;40;1;61925;0;0.0001;61925;61925;0
"TMP Handle White Space & Control Character";0.0022;0.0017;0.0032;60360;60370;60696;15;15;0.026499999454245;0.002409091;0.002;0.0027;54;5;3;6;11;60360;0.0001;0.0019;60370;60696;0
"UnityEngine.CoreModule.dll!UnityEngine::TrailRenderer.set_colorGradient()";0.0022;0.001;0.0161;60494;60635;61858;9;21;0.187699996982701;0.002536486;0.0014;0.0027;154;2;1;4;74;60328;0.0005;0.0073;60331;61248;0
"SpriteRenderer.OnChangeSprite";0.0022;0.0003;0.0209;60695;60344;60854;8;17;0.363099997688551;0.005043055;0.0008;0.0086;80;1;1;4;72;60315;0.0003;0.0209;60344;60854;0
"Assembly-CSharp.dll!::Pathfinder.SyncWaveState()";0.0022;0.0015;0.0544;60913;60380;60990;5;5;4.67209997947793;0.002697517;0.0018;0.0026;1739;1;1;2;1732;60314;0.0014;0.0528;62031;60990;0.0025
"UnityEngine.CoreModule.dll!UnityEngine::Renderer.set_sharedMaterial()";0.0022;0.0016;0.0062;61140;60476;60595;12;13;0.182800000300631;0.00247027;0.0019;0.0028;77;1;1;2;74;60331;0.0011;0.0062;60524;60595;0
"UnityEngine.CoreModule.dll!UnityEngine::Mesh.CheckCanAccessSubmeshTriangles()";0.0022;0.001;0.0286;61201;60608;61570;18;18;3.44449994864408;0.002653698;0.0015;0.0031;2514;2;1;8;1298;60314;0.0007;0.0156;60343;61493;0.0013
"UnityEngine.IMGUIModule.dll!UnityEngine::GUIStyle.SetDefaultFont()";0.0022;0.0015;0.0204;61392;60505;61088;9;10;4.43129998352379;0.002558487;0.0019;0.0027;3538;2;2;6;1732;60314;0.0004;0.0142;60332;61088;0.0027
"Assembly-CSharp.dll!::Enemy.BeginBossSummonSkill()";0.0022;0.002;0.006700001;61403;61433;60429;9;14;0.0429000000003725;0.00286;0.0021;0.0025;19;1;1;3;15;60318;0.0018;0.0036;60524;60349;0
"mscorlib.dll!System::Int32.TryFormat()";0.0022;0.0017;0.0054;61451;60815;61436;9;23;0.0726999999023974;0.002596429;0.002;0.0028;33;1;1;6;28;60315;0.0005;0.0054;61925;61436;0
"UnityEngine.CoreModule.dll!UnityEngine::LineRenderer.set_startWidth()";0.0022;0.0005;0.0108;61485;62012;61154;6;23;1.22229999536648;0.002454418;0.0019;0.0027;1324;3;1;5;498;60318;0.0003;0.0065;60471;61155;0
"UnityEngine.CoreModule.dll!UnityEngine::LineRenderer.set_colorGradient()";0.0022;0.0008;0.0141;61494;61925;61069;6;24;1.16170001315186;0.00286133;0.002;0.0029;1215;3;1;5;406;60363;0.0004;0.0079;60363;61529;0
"Device.Present";0.0022;0.0008;0.1233;61523;62047;62293;4;4;5.12969998636981;0.00256485;0.0019;0.0027;2000;1;1;1;2000;60314;0.0008;0.1233;62047;62293;0.0027
"UnityEngine.CoreModule.dll!UnityEngine::Camera.GetAllCamerasImpl_Injected()";0.0022;0.0009;0.134;61594;60447;62253;7;7;5.65479997172952;0.0028274;0.0017;0.0035;2000;1;1;1;2000;60314;0.0009;0.134;60447;62253;0.0048
"PreUpdate.WindUpdate";0.0022;0.0011;0.0216;61643;60718;61804;2;2;5.55459998035803;0.0027773;0.0017;0.0036;2000;1;1;1;2000;60314;0.0011;0.0216;60718;61804;0.0055
"Assembly-CSharp.dll!::TowerWeapon.IsBossEnemy()";0.0022;0.0019;0.0111;61657;61112;60965;8;13;0.050999999511987;0.003642857;0.0021;0.0032;34;2;2;6;14;60526;0.0009;0.0059;60526;60965;0
"UnityEngine.CoreModule.dll!UnityEngine.Bindings::StringMarshaller.TryMarshalEmptyOrNullString()";0.0022;0.0004;0.0237;61856;62256;60538;8;28;5.25669955988997;0.00262835;0.0016;0.0031;51473;22;10;98;2000;60314;0;0.0167;60314;62308;0.005999999
"Newtonsoft.Json.dll!Newtonsoft.Json.Serialization::JsonSerializerInternalBase..ctor()";0.0022;0.0022;0.0022;61925;61925;61925;26;28;0.00219999998807907;0.0022;0.0022;0.0022;6;6;6;6;1;61925;0.0003;0.0005;61925;61925;0
"System.Core.dll!System.Linq::OrderedEnumerable`2.GetEnumerableSorter()";0.0022;0.0022;0.0022;61925;61925;61925;40;43;0.00219999998807907;0.0022;0.0022;0.0022;2;2;2;2;1;61925;0.001;0.0012;61925;61925;0
"Unity.TextMeshPro.dll!TMPro::TMP_Settings.get_getFontFeaturesAtRuntime()";0.0022;0.0022;0.0022;61925;61925;61925;21;21;0.00219999998807907;0.0022;0.0022;0.0022;2;2;2;2;1;61925;0.001;0.0012;61925;61925;0
"Unity.ResourceManager.dll!UnityEngine.ResourceManagement.AsyncOperations::AsyncOperationBase`1.get_Handle()";0.0022;0.0022;0.0022;62046;62046;62046;15;18;0.00219999998807907;0.0022;0.0022;0.0022;6;6;6;6;1;62046;0.0002;0.0007;62046;62046;0
"Unity.ResourceManager.dll!UnityEngine.ResourceManagement.Util::IdCacheKey.GetHashCode()";0.0022;0.0022;0.0022;62046;62046;62046;26;28;0.00219999998807907;0.0022;0.0022;0.0022;6;6;6;6;1;62046;0.0003;0.0004;62046;62046;0
"mscorlib.dll!System.Collections.Generic::Stack`1.Pop()";0.0022;0.0011;0.0028;60642;61925;62046;13;28;0.00609999941661954;0.002033333;0.0011;0.0022;18;6;2;10;3;60642;0.0002;0.0007;60642;60642;0
"mscorlib.dll!System.Reflection::FieldInfo[].System.Collections.Generic.ICollection`1.get_Count()";0.0022;0.0022;0.0022;61925;61925;61925;40;43;0.00219999975524843;0.0022;0.0022;0.0022;4;4;4;4;1;61925;0.0002;0.0016;61925;61925;0
"mscorlib.dll!System.Runtime.InteropServices::SafeHandle.DangerousReleaseInternal()";0.0022;0.0022;0.0022;61925;61925;61925;26;30;0.00219999975524843;0.0022;0.0022;0.0022;24;24;24;24;1;61925;0;0.0002;61925;61925;0
"mscorlib.dll!Mono.Globalization.Unicode::MSCompatUnicodeTable.HasSpecialWeight()";0.0022;0.0022;0.0022;61925;61925;61925;33;41;0.00219999952241778;0.0022;0.0022;0.0022;36;36;36;36;1;61925;0;0.0002;61925;61925;0
"mscorlib.dll!System.Reflection::RuntimeFieldInfo.get_FieldType()";0.0022;0.0022;0.0022;61925;61925;61925;38;43;0.00219999952241778;0.0022;0.0022;0.0022;40;40;40;40;1;61925;0;0.0001;61925;61925;0
"Newtonsoft.Json.dll!Newtonsoft.Json.Serialization::JsonContract.InvokeOnSerialized()";0.0022;0.0022;0.0022;61925;61925;61925;29;35;0.00219999952241778;0.0022;0.0022;0.0022;31;31;31;31;1;61925;0;0.0001;61925;61925;0
"UnityEngine.InputLegacyModule.dll!UnityEngine::Input.get_mousePosition()";0.0021;0.0007;0.0163;60447;62051;61089;5;10;4.82519991329173;0.0024126;0.0017;0.0027;9329;5;1;6;2000;60314;0.0001;0.0074;60319;61089;0.0042
"UnityEngine.CoreModule.dll!UnityEngine::GameObject.GetComponentFastPath()";0.0021;0.0005;0.0205;60600;61671;60681;7;23;1.94559997046599;0.003524638;0.0012;0.0049;1588;2;1;28;552;60314;0.0003;0.0145;60467;60681;0.0027
"mscorlib.dll!System::Type.get_IsInterface()";0.0021;0.0019;0.2858003;61165;62046;61925;23;55;0.292900278232992;0.07322507;0.0019;0.0031;382;3;2;374;4;61165;0.0005;0.0034;61165;61925;0
"FontEngine.LoadFontFace";0.0021;0.0021;0.0021;61925;61925;61925;25;25;0.00210000015795231;0.0021;0.0021;0.0021;2;2;2;2;1;61925;0.001;0.0011;61925;61925;0
"mscorlib.dll!System.Text::StringBuilderCache.Acquire()";0.0021;0.0014;0.0049;60322;60831;60349;8;25;0.0670999996364117;0.002396428;0.0017;0.0024;32;1;1;5;28;60315;0.0004;0.0049;61925;60349;0
"mscorlib.dll!System.Collections.Generic::List`1.set_Item()";0.0021;0.001;0.0536;60349;60474;62046;14;35;0.164999995962717;0.003928571;0.0014;0.0033;654;6;4;242;42;60318;0.0001;0.0015;60347;62046;0
"UnityEngine.ParticleSystemModule.dll!::MainModule.set_startColor()";0.0021;0.0011;0.0047;60513;60557;61544;12;13;0.160399998072535;0.002167568;0.0014;0.0026;77;1;1;2;74;60331;0.0009;0.0043;60524;60830;0
"UnityEngine.CoreModule.dll!UnityEngine::RectTransform.set_anchorMin()";0.0021;0.0007;0.066;60906;61304;61925;11;23;3.34599996876204;0.002569892;0.0015;0.003;2784;2;1;17;1302;60314;0.0002;0.0455;60380;62046;0.001
"Gfx.WaitForPresentOnGfxThread";0.0021;0.0016;0.0326;61014;60342;61535;3;3;4.74469999596477;0.00237235;0.0019;0.0024;2000;1;1;1;2000;60314;0.0016;0.0326;60342;61535;0.0022
"UnityEngine.CoreModule.dll!UnityEngine.Pool::CollectionPool`2.Get()";0.0021;0.0005;0.08740027;61106;62052;62046;7;30;4.35010008874815;0.002732475;0.0014;0.0031;9775;4;1;413;1592;60314;0.0001;0.0216;60318;62095;0.0022
"Assembly-CSharp.dll!::DamagePopup.PlayRoutine()";0.0021;0.0006;0.0081;61124;61618;61558;10;20;0.519899996055756;0.002511594;0.0015;0.0032;279;1;1;5;207;60314;0.0004;0.0081;60457;61558;0
"mscorlib.dll!System.Collections.Generic::ArraySortHelper`1.BinarySearch()";0.0021;0.0021;0.0033;61165;61165;61686;26;26;0.00539999990724027;0.0027;0.0021;0.0021;2;1;1;1;2;61165;0.0021;0.0033;61165;61686;0
"UnityEngine.UI.dll!UnityEngine.UI::VertexHelper.get_currentVertCount()";0.0021;0.0006;0.0314;61492;61747;61570;16;16;3.41819968930213;0.002633436;0.0014;0.003199999;15239;10;4;51;1298;60314;0.0001;0.016;60314;61419;0.0033
"UnityEngine.IMGUIModule.dll!UnityEngine::Event.Internal_MakeMasterEventCurrent()";0.0021;0.0011;0.0135;61543;62047;61624;4;5;4.94989999290556;0.00247495;0.0018;0.0026;2042;1;1;3;2000;60314;0.0005;0.0135;62158;61624;0.0039
"UnityEngine.UIElementsModule.dll!UnityEngine.UIElements::UIElementsRuntimeUtility.RemoveUnusedPanels()";0.0021;0.0014;0.0405;61750;61982;62138;5;5;4.96659998851828;0.0024833;0.0019;0.0026;2000;1;1;1;2000;60314;0.0014;0.0405;61982;62138;0.0022
"Newtonsoft.Json.dll!Newtonsoft.Json::JsonSerializer.get_Formatting()";0.0021;0.0021;0.0021;61925;61925;61925;23;25;0.00209999992512167;0.0021;0.0021;0.0021;6;6;6;6;1;61925;0.0002;0.0006;61925;61925;0
"Unity.ResourceManager.dll!UnityEngine.ResourceManagement.AsyncOperations::AsyncOperationHandle`1.get_InternalOp()";0.0021;0.0021;0.0021;62046;62046;62046;14;20;0.00209999992512167;0.0021;0.0021;0.0021;15;15;15;15;1;62046;0.0001;0.0002;62046;62046;0
"UnityEngine.CoreModule.dll!UnityEngine.Events::UnityEvent.GetDelegate()";0.0021;0.0021;0.0021;62046;62046;62046;12;12;0.00209999992512167;0.0021;0.0021;0.0021;3;3;3;3;1;62046;0.0005;0.001;62046;62046;0
"UnityEngine.CoreModule.dll!UnityEngine::RectTransform.set_anchoredPosition()";0.0021;0.0021;0.0021;62046;62046;62046;16;16;0.00209999992512167;0.0021;0.0021;0.0021;4;4;4;4;1;62046;0.0004;0.0006;62046;62046;0
"Render.LineOrTrail";0.0021;0.0004;0.0164;61314;62025;61512;9;9;4.1686997441866;0.00240687;0.0015;0.0028;16751;8;2;27;1732;60314;0;0.0094;60316;61657;0.0017
"mscorlib.dll!::AttributeInfo..ctor()";0.0021;0.0021;0.0021;61925;61925;61925;40;50;0.00209999969229102;0.0021;0.0021;0.0021;26;26;26;26;1;61925;0;0.0002;61925;61925;0
"UnityEngine.TextCoreFontEngineModule.dll!UnityEngine.TextCore::FaceInfo.get_scale()";0.002099999;0;0.03269999;61119;61851;60538;12;24;4.65099866956007;0.002910512;0.0011;0.003900001;75443;35;3;236;1598;60314;0;0.0069;60314;60370;0.0031
"mscorlib.dll!System::UInt32.Equals()";0.002099999;0;0.05250018;61523;60817;60370;17;33;4.83799864960019;0.003027534;0.0011;0.0041;81108;37;3;256;1598;60314;0;0.0375;60314;60370;0.002499999
"Newtonsoft.Json.dll!Newtonsoft.Json.Serialization::JsonProperty.set_PropertyContract()";0.002099999;0.002099999;0.002099999;61925;61925;61925;31;35;0.00209999945946038;0.002099999;0.002099999;0.002099999;22;22;22;22;1;61925;0;0.0002;61925;61925;0
"System.Core.dll!::<GetEnumerator>d__13.System.Collections.Generic.IEnumerator<System.Linq.IGrouping<TKey,TElement>>.get_Current()";0.002099999;0.002099999;0.002099999;61925;61925;61925;38;41;0.00209999945946038;0.002099999;0.002099999;0.002099999;40;40;40;40;1;61925;0;0.0001;61925;61925;0
"UnityEngine.CoreModule.dll!UnityEngine::Quaternion.AngleAxis()";0.002;0.0015;0.0105;60340;60331;61858;7;17;0.0860999999567866;0.002327027;0.0018;0.0022;114;3;3;4;37;60331;0.0003;0.0042;60545;61858;0
"mscorlib.dll!System.Collections.Generic::List`1.set_Capacity()";0.002;0.0012;0.04720002;60431;60380;61925;10;47;0.213200015481561;0.003230303;0.0018;0.003;214;2;1;57;66;60318;0.0003;0.0044;60518;60704;0
"Assembly-CSharp.dll!::AttackBehaviorBase.SearchTarget()";0.002;0.0007;0.0117;60676;60635;61089;6;6;0.469399998604786;0.002579121;0.0015;0.0029;215;1;1;5;182;60325;0.0004;0.0106;60524;61491;0
"PreUpdate.PhysicsUpdate";0.002;0.0004;0.1644;60806;62242;61060;2;2;4.67609997393447;0.00233805;0.0012;0.003;2000;1;1;1;2000;60314;0.0004;0.1644;62242;61060;0.0042
"Physics2D.Raycast";0.002;0.0016;0.0093;60810;60750;60468;9;9;0.0171000001719221;0.00342;0.002;0.0022;5;1;1;1;5;60398;0.0016;0.0093;60750;60468;0
"UnityEngine.CoreModule.dll!UnityEngine::Renderer.SetMaterial()";0.002;0.0015;0.0057;60878;60445;60595;13;14;0.163699999568053;0.002212162;0.0017;0.0025;77;1;1;2;74;60331;0.001;0.0057;60524;60595;0
"FrameEvents.OnBeforeRenderCallback";0.002;0.0013;0.0143;60944;60661;62199;3;3;4.60659998701885;0.0023033;0.0017;0.0025;2000;1;1;1;2000;60314;0.0013;0.0143;60661;62199;0.0018
"System.Core.dll!System.Collections.Generic::HashSet`1.Initialize()";0.002;0.002;0.0022;61096;61096;61052;19;19;0.00420000008307397;0.0021;0.002;0.002;2;1;1;1;2;61052;0.002;0.0022;61096;61052;0
"UnityEngine.CoreModule.dll!UnityEngine::LineRenderer.set_positionCount()";0.002;0.0006;0.0581;61379;62031;61089;6;24;3.19679996836931;0.002480062;0.0013;0.0031;3669;2;1;10;1289;60314;0.0002;0.0512;61056;61089;0.0012
"Semaphore.WaitForSignal";0.002;0.0015;0.0849;61538;60316;62046;4;10;4.64119999553077;0.0023206;0.0018;0.0023;2006;1;1;2;2000;60314;0.0001;0.0826;60330;62046;0.002
"UnityEngine.UI.dll!UnityEngine.UI::GraphicRaycaster.get_eventCamera()";0.002;0.0013;0.114;61911;62047;61320;11;11;4.93139997834805;0.002468168;0.0016;0.0026;1998;1;1;1;1998;60314;0.0013;0.114;62047;61320;0.0041
"mscorlib.dll!System.Text::UTF8Encoding.GetChars()";0.002;0.002;0.002;61925;61925;61925;33;33;0.0020000000949949;0.002;0.002;0.002;1;1;1;1;1;61925;0.002;0.002;61925;61925;0
"UnityEngine.CoreModule.dll!UnityEngine::Transform.get_rotation()";0.002;0.0007;0.0113;60353;62038;60681;11;12;0.669099982304033;0.002110726;0.0011;0.0027;1202;2;2;8;317;60341;0.0002;0.004;60343;60688;0
"UnityEngine.ParticleSystemModule.dll!::MinMaxGradient.op_Implicit()";0.002;0.0014;0.0374;61038;60362;60370;12;13;0.192499998025596;0.002601351;0.0015;0.0025;154;2;2;4;74;60331;0.0006;0.0366;60524;60370;0
"UnityEngine.InputLegacyModule.dll!UnityEngine.Internal::InputUnsafeUtility.GetAxisRaw_Injected()";0.002;0.0008999999;0.0206;61046;61934;61373;9;11;4.63109989912482;0.00231555;0.0014;0.0027;7996;4;2;4;2000;60314;0.0001;0.0188;60318;61373;0.0027
"UnityEngine.UI.dll!UnityEngine.EventSystems::BaseInput.get_touchCount()";0.002;0.0008;0.0205;61345;62277;60681;6;7;4.83319986291463;0.0024166;0.0014;0.0031;5996;3;1;3;2000;60314;0.0001;0.0169;60392;60966;0.004
"mscorlib.dll!System.Collections.ObjectModel::Collection`1.CopyTo()";0.002;0.002;0.002;61925;61925;61925;40;43;0.00199999986216426;0.002;0.002;0.002;2;2;2;2;1;61925;0.0007;0.0013;61925;61925;0
"UnityEngine.TextCoreFontEngineModule.dll!UnityEngine.TextCore.LowLevel::FontEngine.GetMarkToBaseAdjustmentRecordsFromMarshallingArray()";0.002;0.002;0.002;61925;61925;61925;19;19;0.00199999986216426;0.002;0.002;0.002;2;2;2;2;1;61925;0.0006;0.0014;61925;61925;0
"UnityEngine.UI.dll!UnityEngine.UI::Graphic.get_rectTransform()";0.001999999;0.0002;0.03250002;60489;62073;60352;11;29;4.35479949077126;0.00228;0.0015;0.0025;64149;32;12;84;1910;60314;0;0.0281;60314;60352;0.0023
"mscorlib.dll!System.Collections.Generic::ValueListBuilder`1..ctor()";0.001999999;0.001999999;0.001999999;61925;61925;61925;26;34;0.00199999939650297;0.001999999;0.001999999;0.001999999;30;30;30;30;1;61925;0;0.0001;61925;61925;0
"mscorlib.dll!System.Collections.Generic::ValueListBuilder`1.Dispose()";0.001999999;0.001999999;0.001999999;61925;61925;61925;26;34;0.00199999939650297;0.001999999;0.001999999;0.001999999;30;30;30;30;1;61925;0;0.0001;61925;61925;0
"mscorlib.dll!System.Globalization::CompareInfo.GetCollator()";0.001999999;0.001999999;0.001999999;61925;61925;61925;29;37;0.00199999939650297;0.001999999;0.001999999;0.001999999;36;36;36;36;1;61925;0;0.0001;61925;61925;0
"Newtonsoft.Json.dll!Newtonsoft.Json.Utilities::MathUtils.IntLength()";0.001999999;0.001999999;0.001999999;61925;61925;61925;35;41;0.00199999939650297;0.001999999;0.001999999;0.001999999;24;24;24;24;1;61925;0;0.0001;61925;61925;0
"System.Core.dll!System.Linq::Grouping`2.System.Collections.Generic.IList<TElement>.get_Item()";0.001999999;0.001999999;0.001999999;61925;61925;61925;40;43;0.00199999939650297;0.001999999;0.001999999;0.001999999;40;40;40;40;1;61925;0;0.0001;61925;61925;0
"UnityEngine.CoreModule.dll!UnityEngine::Mesh.CheckCanAccessSubmesh()";0.0019;0.0008;0.0249;60537;60581;61570;19;19;2.95269996783463;0.002274807;0.0013;0.0027;2514;2;1;8;1298;60314;0.0006;0.0156;60320;61493;0.0011
"FixedUpdate.ScriptRunDelayedFixedFrameRate";0.0019;0.0001;0.1162;60581;62048;60505;2;2;4.26309996968484;0.002549701;0.0009;0.0034;1696;1;1;16;1672;60314;0;0.1162;62100;60505;0.0062
"UnityEngine.CoreModule.dll!UnityEngine::GameObject.get_activeSelf()";0.0019;0.0007;0.031;60710;60834;60538;5;21;3.76889988000039;0.002338027;0.0014;0.0027;7888;4;2;14;1612;60314;0.0002;0.0051;60318;61248;0.002
"mscorlib.dll!System.Threading::SynchronizationContext.get_Current()";0.0019;0.0011;0.1519;61375;60460;61884;4;4;4.61299998674076;0.0023065;0.0017;0.0024;2000;1;1;1;2000;60314;0.0011;0.1519;60460;61884;0.0021
"Unity.TextMeshPro.dll!TMPro::TMP_FontAsset.UpdateAtlasTexturesInQueue()";0.0019;0.0002;0.02430001;61521;61929;60538;11;13;4.05659973043657;0.002538548;0.0011;0.0032;17653;9;1;35;1598;60314;0.0001;0.0099;60316;60866;0.0022
"System.Core.dll!System.Collections.Generic::HashSet`1.Clear()";0.0019;0.0001;0.0383;61533;61880;60538;6;29;3.90829981090064;0.002438116;0.0014;0.0029;30775;14;1;105;1603;60314;0;0.0196;60314;60538;0.0023
"SpeedTreeWindManager.Update";0.0019;0.0008;0.0209;61588;62098;61804;3;3;4.77259997354122;0.0023863;0.0015;0.0031;2000;1;1;1;2000;60314;0.0008;0.0209;62098;61804;0.0044
"Assembly-CSharp.dll!::WaveStartButtonView.ResolveImage()";0.0019;0.0019;0.0019;61925;61925;61925;20;20;0.0019000000320375;0.0019;0.0019;0.0019;1;1;1;1;1;61925;0.0019;0.0019;61925;61925;0
"mscorlib.dll!System::Double.IsInfinity()";0.0019;0.0019;0.0019;61925;61925;61925;36;36;0.0019000000320375;0.0019;0.0019;0.0019;2;2;2;2;1;61925;0.0002;0.0017;61925;61925;0
"mscorlib.dll!System.Reflection::MethodBase.Equals()";0.0019;0.0019;0.0019;62046;62046;62046;16;16;0.0019000000320375;0.0019;0.0019;0.0019;1;1;1;1;1;62046;0.0019;0.0019;62046;62046;0
"mscorlib.dll!System::RuntimeType.HasElementTypeImpl()";0.0019;0.0019;0.2111007;62095;62095;61925;13;58;0.213000712450594;0.1065004;0.0019;0.0019;585;1;1;584;2;61925;0.0002;0.0019;61925;62095;0
"UnityEngine.UIModule.dll!UnityEngine::CanvasRenderer.SetMaterial()";0.0019;0.0016;0.007999999;61433;60318;62046;12;13;0.0546999989310279;0.003038889;0.0017;0.0032;59;2;2;12;18;60318;0.0005;0.003;60524;61925;0
"UnityEngine.UIModule.dll!UnityEngine::CanvasRenderer.SetMesh_Injected()";0.0019;0.0009;0.0103;61446;60737;61570;14;16;2.69759996817447;0.002062385;0.0015;0.0023;2600;2;1;12;1308;60314;0.0001;0.0053;62046;61247;0.0014
"Unity.TextMeshPro.dll!TMPro::FastAction`1.Call()";0.0019;0.0002;0.0306;61500;60727;60416;14;16;4.04229971210589;0.002529599;0.0011;0.0033;17653;9;1;35;1598;60314;0.0001;0.027;60314;60416;0.0022
"mscorlib.dll!System.Collections.Generic::List`1.GetEnumerator()";0.0019;0.0008;0.0386;61546;62080;62138;6;44;4.24839987652376;0.0021242;0.0016;0.0022;7637;4;2;19;2000;60314;0.0001;0.0381;60322;62138;0.0028
"mscorlib.dll!System.Collections.ObjectModel::KeyedCollection`2.get_Items()";0.0019;0.0019;0.0019;61925;61925;61925;38;44;0.00189999991562217;0.0019;0.0019;0.0019;6;6;6;6;1;61925;0.0001;0.0005;61925;61925;0
"mscorlib.dll!System::Object.virt_stelemref_class()";0.0019;0.0003;0.03760005;60645;62029;62046;10;33;4.1513998087903;0.002308899;0.0012;0.0029;20667;9;1;376;1798;60314;0;0.008;60314;61069;0.0023
"mscorlib.dll!System::RuntimeTypeHandle.IsGenericTypeDefinition()";0.0019;0.0019;0.0019;61925;61925;61925;39;43;0.00189999968279153;0.0019;0.0019;0.0019;14;14;14;14;1;61925;0.0001;0.0003;61925;61925;0
"UnityEngine.CoreModule.dll!UnityEngine::Mathf.Clamp()";0.001899999;0;0.03429999;60660;60731;60538;7;27;3.93509933895257;0.002357759;0.0009;0.0031;61971;33;1;118;1669;60314;0;0.0096;60314;60538;0.001899999
"mscorlib.dll!System.Reflection::RuntimeConstructorInfo.get_BindingFlags()";0.001899999;0.001899999;0.001899999;61925;61925;61925;39;53;0.00189999944996089;0.001899999;0.001899999;0.001899999;31;31;31;31;1;61925;0;0.0001;61925;61925;0
"Newtonsoft.Json.dll!Newtonsoft.Json.Serialization::JsonContainerContract.get_ItemTypeNameHandling()";0.001899999;0.001899999;0.001899999;61925;61925;61925;33;36;0.00189999944996089;0.001899999;0.001899999;0.001899999;25;25;25;25;1;61925;0;0.0001;61925;61925;0
"Newtonsoft.Json.dll!Newtonsoft.Json.Serialization::JsonContract.InvokeOnSerializing()";0.001899999;0.001899999;0.001899999;61925;61925;61925;29;35;0.00189999944996089;0.001899999;0.001899999;0.001899999;31;31;31;31;1;61925;0;0.0001;61925;61925;0
"System.Core.dll!System.Linq::Grouping`2..ctor()";0.001899999;0.001899999;0.001899999;61925;61925;61925;41;44;0.00189999944996089;0.001899999;0.001899999;0.001899999;40;40;40;40;1;61925;0;0.0001;61925;61925;0
"UnityEngine.CoreModule.dll!UnityEngine.Sprites::DataUtility.GetOuterUV()";0.0018;0.0009;0.0246;60365;60589;61711;15;15;2.6676999978954;0.002055239;0.0013;0.0023;2514;2;1;8;1298;60314;0.0004;0.0246;60316;61711;0.0012
"UnityEngine.UI.dll!UnityEngine.UI::Graphic.SetMaterialDirty()";0.0018;0.001;0.0799;60392;60431;60429;11;28;0.600999991991557;0.01430952;0.0011;0.019;174;2;2;31;42;60318;0.0005;0.0293;60428;61403;0
"UnityEngine.UI.dll!UnityEngine.UI::GraphicRegistry.DisableRaycastGraphicForCanvas()";0.0018;0.0015;0.1127;60518;61794;62046;15;30;0.184799984446727;0.006599999;0.0017;0.0022;75;2;2;17;28;60347;0.0006;0.0077;61249;62046;0
"Assembly-CSharp.dll!::EnemySpawner.TryFinishWave()";0.0018;0.0014;57.3571;60558;60429;61925;7;18;57.411701441044;2.208142;0.0017;0.0023;27;1;1;2;26;60347;0.0012;57.3571;61689;61925;0
"mscorlib.dll!System::IntPtr.op_Addition()";0.0018;0.0006;0.0044;60642;61926;60732;11;43;0.0317999990074895;0.002271428;0.0015;0.0026;77;5;2;11;14;60360;0.0003;0.0022;60360;60707;0
"Assembly-CSharp.dll!::GridHoverOverlay.SetVisible()";0.0018;0.001;0.0179;60798;60399;60866;5;5;3.57589998422191;0.002064607;0.0015;0.0022;1732;1;1;1;1732;60314;0.001;0.0179;60399;60866;0.0016
"UnityEngine.ParticleSystemModule.dll!::MainModule.set_startLifetime()";0.0018;0.0013;0.0045;60832;60476;60830;12;13;0.156999999075197;0.002121622;0.0015;0.0025;77;1;1;2;74;60331;0.0009;0.0045;60524;60830;0
"Unity.TextMeshPro.dll!TMPro::TMP_TextInfo.ClearLineInfo()";0.0018;0.0002;0.0745;60848;61929;61512;12;14;3.7655997187976;0.002356445;0.0011;0.003;17653;9;1;35;1598;60314;0;0.0666;60326;61512;0.0026
"UnityEngine.CoreModule.dll!UnityEngine::TrailRenderer.SetColorGradient()";0.0018;0.0008;0.0128;60909;60564;61858;10;22;0.15229999931762;0.002058108;0.0012;0.0022;154;2;1;4;74;60328;0.0004;0.0069;60373;61248;0
"mscorlib.dll!System::Enum.GetTypeCode()";0.0018;0.0018;0.0025;61165;61165;61686;26;26;0.00429999991320074;0.00215;0.0018;0.0018;2;1;1;1;2;61165;0.0018;0.0025;61165;61686;0
"mscorlib.dll!System.Collections.Generic::Dictionary`2.Add()";0.0018;0.0007;0.1125;61204;60545;62046;10;50;2.97439998772461;0.002272269;0.0012;0.0025;2739;2;1;79;1309;60314;0.0003;0.0774;62047;62046;0.0011
"Physics2D.CollectProfileInfo";0.0018;0.0005;0.0275;61349;62193;61804;3;3;4.11849997751415;0.00205925;0.0014;0.0025;2000;1;1;1;2000;60314;0.0005;0.0275;62193;61804;0.0019
"UnityEngine.UI.dll!UnityEngine.EventSystems::PointerInputModule.ProcessDrag()";0.0018;0.0009;0.0256;61469;60703;62008;8;8;4.57359994039871;0.002289089;0.0014;0.0028;5994;3;3;3;1998;60314;0.0003;0.024;60356;62008;0.002
"Unity.ResourceManager.dll!UnityEngine.ResourceManagement.AsyncOperations::AsyncOperationBase`1.UnityEngine.ResourceManagement.AsyncOperations.IAsyncOperation.get_Status()";0.0018;0.0012;0.0234;61680;60684;62032;10;21;3.80859976424836;0.002197692;0.0016;0.0022;15594;9;6;9;1733;60314;0.0001;0.0113;60314;61425;0.0021
"Profiler.SerializeStats";0.0018;0.0012;0.0151;61726;61130;60681;5;5;4.13729998155031;0.00206865;0.0015;0.0022;2000;1;1;1;2000;60314;0.0012;0.0151;61130;60681;0.0022
"Assembly-CSharp.dll!::TowerWeapon.GetEnemyCurrentHp()";0.0018;0.0015;0.0177;61751;60429;60542;7;12;0.47469999815803;0.002808876;0.0017;0.0033;224;1;1;6;169;60327;0.0014;0.0093;60524;60542;0
"Assembly-CSharp.dll!::AttackBehaviorBase.AttackThenSearch()";0.0018;0.0005;0.0133;61772;61173;60542;6;11;0.343099998659454;0.002030178;0.001;0.0025;192;1;1;4;169;60327;0.0004;0.0084;60460;60865;0
"UnityEngine.CoreModule.dll!UnityEngine::MonoBehaviour.StopAllCoroutines_Injected()";0.0018;0.0002;0.0107;61774;60399;61570;6;21;0.320399997537606;0.001977778;0.0004;0.0028;226;1;1;9;162;60314;0;0.0107;60429;61570;0
"mscorlib.dll!System.Collections.Generic::GenericEqualityComparer`1.IndexOf()";0.0018;0.0018;0.0018;61925;61925;61925;37;40;0.00179999996908009;0.0018;0.0018;0.0018;2;2;2;2;1;61925;0.0008;0.001;61925;61925;0
"mscorlib.dll!System.Collections::Hashtable.GetEnumerator()";0.0018;0.0018;0.0018;61925;61925;61925;41;44;0.00179999996908009;0.0018;0.0018;0.0018;2;2;2;2;1;61925;0.0008;0.001;61925;61925;0
"UnityEngine.TextCoreFontEngineModule.dll!UnityEngine.TextCore.LowLevel::FontEngine.PopulatePairAdjustmentRecordMarshallingArray_Injected()";0.0018;0.0018;0.0018;61925;61925;61925;20;20;0.00179999996908009;0.0018;0.0018;0.0018;2;2;2;2;1;61925;0.0005;0.0013;61925;61925;0
"UnityEngine.CoreModule.dll!UnityEngine::AsyncOperation.InternalSetManagedObject()";0.0018;0.0018;0.002;62045;62045;62046;25;30;0.00379999983124435;0.0019;0.0018;0.0018;4;1;1;3;2;62045;0.0002;0.0018;62046;62045;0
"UnityEngine.UI.dll!UnityEngine.EventSystems::BaseInput..ctor()";0.0018;0.0018;0.0018;62046;62046;62046;13;13;0.00179999996908009;0.0018;0.0018;0.0018;1;1;1;1;1;62046;0.0018;0.0018;62046;62046;0
"UnityEngine.UI.dll!UnityEngine.UI::LayoutGroup.OnChildRectTransformDimensionsChange()";0.0018;0.0018;0.0018;62046;62046;62046;18;18;0.00179999996908009;0.0018;0.0018;0.0018;6;6;6;6;1;62046;0.0002;0.0004;62046;62046;0
"EarlyUpdate.UpdatePreloading";0.0018;0.0012;36.8769;62127;60374;62046;2;2;41.795799692627;0.0208979;0.0016;0.0027;2000;1;1;1;2000;60314;0.0012;36.8769;60374;62046;0.0025
"Physics2D.EndContact";0.0018;0.0002;0.02839999;61671;61149;60346;6;25;4.63619921874488;0.003175479;0.0011;0.0039;32795;11;1;112;1460;60314;0;0.0105;60314;61795;0.0031
"UnityEngine.CoreModule.dll!UnityEngine::Material.GetTextureImpl_Injected()";0.0018;0.0018;0.0018;62046;62046;62046;13;14;0.00179999973624945;0.0018;0.0018;0.0018;15;15;15;15;1;62046;0;0.0008;62046;62046;0
"mscorlib.dll!System::Int32.Equals()";0.0018;0;0.02299999;61661;62087;60538;9;32;4.59089930900518;0.002297747;0.0009999999;0.003;71395;32;3;124;1998;60314;0;0.0073;60314;60592;0.0029
"mscorlib.dll!::PreviousInfo..ctor()";0.0018;0.0018;0.0018;61925;61925;61925;33;41;0.0017999995034188;0.0018;0.0018;0.0018;36;36;36;36;1;61925;0;0.0001;61925;61925;0
"Newtonsoft.Json.dll!::Entry..ctor()";0.0018;0.0018;0.0018;61925;61925;61925;38;41;0.0017999995034188;0.0018;0.0018;0.0018;17;17;17;17;1;61925;0.0001;0.0002;61925;61925;0
"UnityEngine.CoreModule.dll!UnityEngine::LineRenderer.SetColorGradient()";0.0017;0.0007;0.0114;61539;61925;61069;7;25;0.921999994548969;0.002270936;0.0016;0.0023;1215;3;1;5;406;60363;0.0003;0.0077;60487;61529;0
"UnityEngine.CoreModule.dll!UnityEngine::RectTransform.get_anchoredPosition()";0.0017;0.0017;0.0017;62046;62046;62046;16;16;0.00170000013895333;0.0017;0.0017;0.0017;4;4;4;4;1;62046;0.0003;0.0005;62046;62046;0
"ParticleSystem.Draw";0.0017;0.0006;0.0091;60330;60676;61074;9;9;2.57789998070803;0.00200303;0.0013;0.0024;2300;1;1;6;1287;60314;0.0002;0.009;60536;61069;0.0014
"UnityEngine.InputLegacyModule.dll!UnityEngine::Input.GetKeyDown()";0.0017;0.0007;0.2203;60665;62022;61859;5;5;3.95499994471902;0.002283487;0.0014;0.0022;7170;4;4;5;1732;60314;0.0001;0.2163;60318;61859;0.0015
"mscorlib.dll!System.Collections.Generic::EqualityComparer`1.IndexOf()";0.0017;0.0015;0.0094;60675;60347;62046;18;31;0.0897999970475212;0.002565714;0.0016;0.0031;212;4;4;24;35;60347;0.0003;0.0008;60347;60379;0
"UnityEngine.UIModule.dll!UnityEngine::CanvasRenderer.SetColor()";0.0017;0.0007;0.0053;60695;60518;60681;9;36;0.327699997229502;0.001830726;0.0014;0.0021;189;1;1;4;179;60318;0.0004;0.0053;60429;60681;0
"mscorlib.dll!System::Number.FormatGeneral()";0.0017;0.0013;0.0033;60696;60370;61925;14;39;0.0195999998832121;0.00196;0.0016;0.0021;19;2;1;2;10;60360;0.0003;0.0033;60360;61925;0
"EndDynamicVBOFrame";0.0017;0.0005;0.1211;61121;62047;62293;5;5;3.94869998242939;0.00197435;0.0015;0.0021;2000;1;1;1;2000;60314;0.0005;0.1211;62047;62293;0.0022
"Assembly-CSharp.dll!::PanelPlayerTMP.RefreshGold()";0.0017;0.0011;0.0758;61483;60545;61111;5;5;4.74559997732285;0.002739954;0.0014;0.0023;1732;1;1;1;1732;60314;0.0011;0.0758;60545;61111;0.002
"UnityEngine.CoreModule.dll!::<>c.<.cctor>b__5_1()";0.0017;0.0003;0.1036002;61486;62095;62046;9;32;4.46409998973832;0.002804083;0.0011;0.0031;9775;4;1;413;1592;60314;0.0001;0.0147;60314;61866;0.0021
"PreUpdate.Physics2DUpdate";0.0017;0.0007;0.0127;61598;62251;61871;2;2;4.56129998312099;0.00228065;0.0012;0.0028;2000;1;1;1;2000;60314;0.0007;0.0127;62251;61871;0.0038
"Loading.UpdatePreloading";0.0017;0.0012;36.8765;61848;60374;62046;3;3;41.4747991543263;0.0207374;0.0014;0.0026;2000;1;1;1;2000;60314;0.0012;36.8765;60374;62046;0.0022
"Unity.ResourceManager.dll!UnityEngine.ResourceManagement.AsyncOperations::AsyncOperationBase`1.UnityEngine.ResourceManagement.AsyncOperations.IAsyncOperation.get_ReferenceCount()";0.0017;0.0011;0.016;62025;60605;61871;10;10;3.72709976811893;0.002151905;0.0016;0.0022;15588;9;9;9;1732;60314;0.0001;0.0111;60314;60403;0.0021
"UnityEngine.UI.dll!UnityEngine.UI::Image.PreserveSpriteAspectRatio()";0.0017;0.0017;0.0017;62046;62046;62046;16;16;0.00170000002253801;0.0017;0.0017;0.0017;1;1;1;1;1;62046;0.0017;0.0017;62046;62046;0
"UnityEngine.UI.dll!UnityEngine.UI::Selectable.DoSpriteSwap()";0.0017;0.0013;0.0099;62118;62250;62046;11;15;0.0193000000435859;0.003216667;0.0015;0.0022;13;1;1;7;6;62046;0.001;0.0026;62046;62046;0
"UnityEngine.CoreModule.dll!UnityEngine::Camera.get_pixelRect()";0.0017;0.0007;0.1565;62175;62047;61238;5;5;4.3675999714178;0.0021838;0.0013;0.0027;2000;1;1;1;2000;60314;0.0007;0.1565;62047;61238;0.0041
"Connections.Process";0.0017;0.001;0.0074;62298;60551;62305;6;6;4.2101999798324;0.0021051;0.0015;0.0022;2000;1;1;1;2000;60314;0.001;0.0074;60551;62305;0.0022
"UnityEngine.CoreModule.dll!UnityEngine::Mathf.Cos()";0.0017;0.0017;0.0019;60429;60429;60524;12;12;0.00359999993816018;0.0018;0.0017;0.0017;6;3;3;3;2;60429;0.0004;0.0008;60524;60524;0
"Unity.TextMeshPro.dll!TMPro::TextMeshProUGUI.get_canvasRenderer()";0.0017;0.0007;0.0027;60642;61925;62046;12;12;0.0050999999511987;0.0017;0.0007;0.0017;9;3;1;5;3;60642;0.0005;0.0007;60642;61925;0
"UnityEngine.CoreModule.dll!UnityEngine::SpriteRenderer.get_color()";0.0017;0.0005;0.0335;60879;60564;61415;6;21;0.784299983934034;0.002031865;0.0011;0.0022;1203;3;1;9;386;60314;0.0002;0.0313;60322;61415;0
"UnityEngine.CoreModule.dll!UnityEngine.Profiling::Profiler.ValidateArguments()";0.0017;0.0011;0.0101;61075;60700;60682;9;9;3.81589988607448;0.00190795;0.0015;0.002;12000;6;6;6;2000;60314;0.0001;0.0058;60314;60682;0.0015
"UnityEngine.IMGUIModule.dll!UnityEngine::GUIUtility.GetDefaultSkin()";0.0017;0.0011;0.0155;61150;61128;61069;8;9;3.3010999429971;0.001905947;0.0014;0.002;3538;2;2;6;1732;60314;0.0002;0.0139;60362;61719;0.0021
"Unity.TextMeshPro.dll!TMPro::TMP_FontAsset.UpdateFontFeaturesForFontAssetsInQueue()";0.0017;0.0002;0.1087;61180;60728;61925;11;13;3.76779972505756;0.002357822;0.0009;0.003;17653;9;1;35;1598;60314;0.0001;0.0658;60314;61925;0.0023
"Unity.TextMeshPro.dll!TMPro::TMP_Text.get_rectTransform()";0.0017;0.0005;0.0134;61515;61053;61154;8;29;0.901199976622593;0.002264322;0.0009;0.0029;1251;3;1;19;398;60314;0.0004;0.0046;60552;61154;0.0017
"Unity.ResourceManager.dll!UnityEngine.ResourceManagement.AsyncOperations::AsyncOperationBase`1.UnityEngine.ResourceManagement.AsyncOperations.IAsyncOperation.get_PercentComplete()";0.0017;0.0011;0.034;61941;60684;61904;10;10;3.68749977392145;0.002129041;0.0016;0.0022;15588;9;9;9;1732;60314;0.0001;0.0311;60314;61904;0.0018
"UnityEngine.UI.dll!UnityEngine.UI::Selectable.Awake()";0.0017;0.0017;0.0017;62046;62046;62046;9;9;0.00169999990612268;0.0017;0.0017;0.0017;3;3;3;3;1;62046;0.0005;0.0006;62046;62046;0
"CanvasRenderer.SyncTransform";0.0017;0.0003;0.0125;60565;62047;61512;5;5;3.4277998105099;0.001823298;0.0009999999;0.0023;14392;7;2;53;1880;60314;0;0.0092;60316;61458;0.0016
"UnityEngine.CoreModule.dll!UnityEngine::Random.Range()";0.0017;0.0006;0.006499999;60831;60395;60854;6;13;0.0710999952279963;0.0017775;0.0008;0.0022;255;9;1;10;40;60315;0;0.0019;60330;60854;0
"Unity.TextMeshPro.dll!TMPro::TMP_TextElement.get_elementType()";0.0017;0;0.048;61131;60815;60504;14;27;3.85109925592405;0.002409949;0.0009;0.0032;57768;26;2;206;1598;60314;0;0.0431;60314;60504;0.0017
"Newtonsoft.Json.dll!Newtonsoft.Json.Serialization::JsonContainerContract.get_ItemReferenceLoopHandling()";0.0017;0.0017;0.0017;61925;61925;61925;31;33;0.00169999955687672;0.0017;0.0017;0.0017;25;25;25;25;1;61925;0;0.0001;61925;61925;0
"Newtonsoft.Json.dll!Newtonsoft.Json.Serialization::JsonProperty.set_ItemConverter()";0.0017;0.0017;0.0017;61925;61925;61925;38;41;0.00169999955687672;0.0017;0.0017;0.0017;20;20;20;20;1;61925;0;0.0001;61925;61925;0
"UnityEngine.Physics2DModule.dll!UnityEngine::Rigidbody2D.set_linearVelocity()";0.0016;0.0006;0.0164;60540;60651;61858;6;20;0.276599994045682;0.001989928;0.0011;0.0024;403;2;1;9;139;60328;0.0002;0.005;60340;60681;0
"UnityEngine.CoreModule.dll!UnityEngine::SpriteRenderer.set_drawMode()";0.0016;0.0016;0.0018;61165;61165;61686;15;15;0.00340000004507601;0.0017;0.0016;0.0016;4;2;2;2;2;61165;0.0005;0.0011;61165;61165;0
"UnityEngine.UI.dll!UnityEngine.UI::LayoutRebuilder.Initialize()";0.0016;0.0016;0.0016;62046;62046;62046;13;22;0.00160000007599592;0.0016;0.0016;0.0016;4;4;4;4;1;62046;0.0003;0.0005;62046;62046;0
"TilemapRenderer.CameraBoundsJob";0.0016;0.0006;0.0279;60320;60317;62032;7;7;3.09769995330134;0.001800988;0.0009;0.0023;3189;2;1;3;1720;60314;0.0002;0.0258;60323;62032;0.0007
"UnityEngine.CoreModule.dll!UnityEngine::Object.Destroy_Injected()";0.0016;0.0008;0.0048;60388;60558;62046;8;20;0.188099999970291;0.001791429;0.0012;0.0021;114;1;1;5;105;60317;0.0005;0.0041;62046;61404;0
"mscorlib.dll!System.Threading::Thread.get_CurrentCulture()";0.0016;0.0009;0.03320001;60595;60369;61925;10;36;0.43850000470411;0.002049065;0.0011;0.0024;360;1;1;38;214;60314;0.0005;0.0052;60360;61159;0
"mscorlib.dll!System.Collections.Generic::Stack`1.Push()";0.0016;0.0009;0.0031;60642;61925;62046;13;28;0.0055999995674938;0.001866666;0.0009;0.0016;18;6;2;10;3;60642;0.0002;0.0007;60642;62046;0
"UnityEngine.CoreModule.dll!UnityEngine.Events::UnityEvent`1.GetDelegate()";0.0016;0.0013;0.0043;60713;62041;60524;19;34;0.120199999888428;0.001878125;0.0015;0.0019;71;1;1;4;64;60318;0.0008;0.004;60429;60379;0
"PostLateUpdate.PhysicsSkinnedClothBeginUpdate";0.0016;0.0007;0.0304;60740;62048;61308;2;2;3.55379997810815;0.0017769;0.0013;0.0019;2000;1;1;1;2000;60314;0.0007;0.0304;62048;61308;0.0012
"mscorlib.dll!System::RuntimeType.GetHashCode()";0.0016;0.0011;0.3315003;60815;60452;61925;10;55;0.807400256744586;0.003465237;0.0013;0.0023;817;1;1;486;233;60315;0.0005;0.0062;61925;61154;0.0028
"UnityEngine.CoreModule.dll!UnityEngine.Events::PersistentCallGroup.Initialize()";0.0016;0.001;0.0042;60846;60750;60429;17;37;0.111099998699501;0.001735937;0.0014;0.0018;72;1;1;4;64;60318;0.0008;0.0039;60429;60392;0
"UnityEngine.CoreModule.dll!UnityEngine.Rendering::SupportedRenderingFeatures.IsLightmapBakeTypeSupportedByRef()";0.0016;0.0009;0.0159;60917;62073;60980;3;3;3.73919997562189;0.0018696;0.0014;0.0018;2000;1;1;1;2000;60314;0.0009;0.0159;62073;60980;0.0018
"mscorlib.dll!System::RuntimeTypeHandle.IsInterface()";0.0016;0.0014;0.1901994;61165;62046;61925;24;56;0.195399449556135;0.04884986;0.0014;0.0022;382;3;2;374;4;61165;0.0003;0.003;61925;61925;0
"PostLateUpdate.PlayerEmitCanvasGeometry";0.0016;0.0007;0.0359;61172;62047;62035;2;2;3.72189997689566;0.00186095;0.0014;0.0019;2000;1;1;1;2000;60314;0.0007;0.0359;62047;62035;0.0018
"Physics.RunSimulationStage";0.0016;0.0011;0.0177;61622;60367;62112;3;3;3.37749997351784;0.002020036;0.0014;0.0022;1696;1;1;16;1672;60314;0.0002;0.0177;62100;62112;0.0019
"Assembly-CSharp.dll!::TowerChargeGaugeView.ApplyBarSize()";0.0016;0.0012;0.0047;61790;61165;60662;8;18;0.0853999993996695;0.001940909;0.0014;0.0022;48;1;1;3;44;60331;0.0012;0.003;61165;60524;0
"mscorlib.dll!System::Array.GetUpperBound()";0.0016;0.0016;0.0016;61925;61925;61925;46;49;0.0015999999595806;0.0016;0.0016;0.0016;2;2;2;2;1;61925;0.0007;0.0009;61925;61925;0
"Newtonsoft.Json.dll!Newtonsoft.Json::JsonSerializer.set_Formatting()";0.0016;0.0016;0.0016;61925;61925;61925;23;24;0.0015999999595806;0.0016;0.0016;0.0016;5;5;5;5;1;61925;0.0002;0.0004;61925;61925;0
"System.Core.dll!::SelectManySingleSelectorIterator`2..ctor()";0.0016;0.0016;0.0016;61925;61925;61925;37;40;0.0015999999595806;0.0016;0.0016;0.0016;2;2;2;2;1;61925;0.0007;0.0009;61925;61925;0
"UnityEngine.CoreModule.dll!UnityEngine::Camera.get_targetTexture()";0.0016;0.0009;0.0144;61946;60403;61859;5;5;3.72619999339804;0.0018631;0.0011;0.0021;2000;1;1;1;2000;60314;0.0009;0.0144;60403;61859;0.0021
"mscorlib.dll!System.Collections.Generic::Queue`1.Enqueue()";0.0016;0.0006;0.0152;61950;60507;61594;8;22;0.761699992057402;0.002020424;0.0013;0.0024;612;1;1;7;377;60315;0.0003;0.0152;60469;61594;0.0026
"Unity.ResourceManager.dll!UnityEngine.ResourceManagement.AsyncOperations::AsyncOperationHandle`1.op_Implicit()";0.0016;0.0016;0.0016;62046;62046;62046;15;18;0.0015999999595806;0.0016;0.0016;0.0016;6;6;6;6;1;62046;0.0002;0.0004;62046;62046;0
"Unity.TextMeshPro.dll!TMPro::TMP_Character..ctor()";0.0016;0.0016;0.0039;62046;62046;61925;10;21;0.005500000086613;0.00275;0.0016;0.0016;7;2;2;5;2;61925;0.0002;0.002;62046;61925;0
"UnityEngine.UI.dll!::<>c.<GetMinHeight>b__6_0()";0.0016;0.0016;0.0016;62046;62046;62046;20;20;0.0015999999595806;0.0016;0.0016;0.0016;6;6;6;6;1;62046;0.0002;0.0003;62046;62046;0
"mscorlib.dll!System::RuntimeTypeHandle.HasElementType()";0.0016;0.0016;0.1334;62095;62095;61925;14;59;0.135000037844293;0.06750002;0.0016;0.0016;585;1;1;584;2;61925;0.0001;0.0016;61925;62095;0
"mscorlib.dll!System::Type.get_IsAbstract()";0.0016;0.0016;0.0023;62095;62095;61925;15;54;0.00390000001061708;0.00195;0.0016;0.0016;7;1;1;6;2;61925;0.0003;0.0016;61925;62095;0
"UnityEngine.CoreModule.dll!UnityEngine.Pool::PooledObject`1.System.IDisposable.Dispose()";0.0016;0.0013;0.002;62313;62095;62096;7;8;0.00490000005811453;0.001633333;0.0013;0.0016;3;1;1;1;3;62095;0.0013;0.002;62095;62096;0
"UnityEngine.IMGUIModule.dll!UnityEngine::Event.get_type()";0.0016;0.0011;0.0167;61500;61644;61088;5;7;3.34949994820636;0.001933891;0.0014;0.002;7076;4;4;12;1732;60314;0.0002;0.0065;60316;61419;0.0024
"UnityEngine.CoreModule.dll!UnityEngine::QualitySettings.get_activeColorSpace()";0.0016;0.0003;0.0295;61171;60821;61409;13;13;3.40659971800051;0.002133125;0.0009999999;0.0027;28077;13;1;56;1597;60314;0;0.0291;60314;61409;0.002
"Unity.TextMeshPro.dll!::TextBackingContainer.get_Capacity()";0.0016;0.0001;0.0108;61718;60733;60538;14;27;3.21689973928733;0.002013079;0.0009;0.0027;17654;9;1;35;1598;60314;0;0.002;60321;61000;0.0023
"Unity.ResourceManager.dll!UnityEngine.ResourceManagement.AsyncOperations::AsyncOperationBase`1.get_Result()";0.0016;0.0016;0.0016;62046;62046;62046;16;24;0.00159999972674996;0.0016;0.0016;0.0016;26;26;26;26;1;62046;0;0.0002;62046;62046;0
"UnityEngine.UI.dll!UnityEngine.UI::Graphic.get_raycastPadding()";0.0016;0.0003;0.05180001;60584;62127;61776;12;12;3.52809949388029;0.00184814;0.0013;0.0019;48740;26;12;32;1909;60314;0;0.0508;60314;61776;0.0023
"Unity.TextMeshPro.dll!TMPro::TMP_TextElement.get_textAsset()";0.0016;0;0.02599999;60626;60734;60538;14;30;3.50429942462506;0.002192928;0.0008;0.0029;57788;26;2;206;1598;60314;0;0.016;60314;61090;0.0027
"Unity.TextMeshPro.dll!TMPro::TMP_Asset.get_material()";0.0016;0.0001;0.02029999;60932;60817;60538;13;28;3.27219958863134;0.002047684;0.0008;0.0027;52973;27;3;105;1598;60314;0;0.0076;60314;60398;0.001999999
"Unity.TextMeshPro.dll!TMPro::TMP_TextProcessingStack`1.Clear()";0.0016;0;0.02229999;60964;60735;60538;12;24;3.3542995218304;0.002099061;0.0008;0.0027;52960;27;3;105;1598;60314;0;0.0132;60314;61582;0.0015
"UnityEngine.TextCoreFontEngineModule.dll!UnityEngine.TextCore::GlyphRect.get_y()";0.0016;0;0.0344;61029;60728;60538;16;18;3.57129940490995;0.002234856;0.0008;0.003;57664;26;2;196;1598;60314;0;0.028;60314;60560;0.003
"UnityEngine.TextCoreFontEngineModule.dll!UnityEngine.TextCore::GlyphMetrics.get_horizontalAdvance()";0.0016;0;0.03309999;61157;60817;60538;14;24;3.64109928744438;0.002278535;0.0008;0.0031;57734;26;2;201;1598;60314;0;0.0068;60314;60597;0.0017
"UnityEngine.CoreModule.dll!UnityEngine::Color..ctor()";0.0016;0;0.02969998;61183;61927;60538;6;30;3.41749949550285;0.002135937;0.0008;0.0028;53317;27;1;106;1600;60314;0;0.0069;60314;61758;0.0015
"Unity.TextMeshPro.dll!TMPro::TMP_Asset.get_instanceID()";0.0016;0;0.03540003;61246;60728;60455;14;27;3.59219939268223;0.002247934;0.0008;0.003;57770;26;2;206;1598;60314;0;0.0316;60314;60455;0.0022
"UnityEngine.TextCoreFontEngineModule.dll!UnityEngine.TextCore.LowLevel::GlyphValueRecord.get_xPlacement()";0.0016;0;0.1115;61518;60823;60440;13;24;3.7642993452464;0.002355632;0.0009;0.0032;57780;26;2;206;1598;60314;0;0.1076;60314;60440;0.001999999
"mscorlib.dll!System.Collections.Generic::List`1.System.Collections.Generic.ICollection<T>.get_IsReadOnly()";0.0016;0.0016;0.0016;61925;61925;61925;37;41;0.00159999961033463;0.0016;0.0016;0.0016;40;40;40;40;1;61925;0;0.0001;61925;61925;0
"mscorlib.dll!System::Char.IsAscii()";0.0016;0.0016;0.0016;61925;61925;61925;25;33;0.00159999961033463;0.0016;0.0016;0.0016;30;30;30;30;1;61925;0;0.0001;61925;61925;0
"mscorlib.dll!System::Object.__icall_wrapper_mono_marshal_string_to_utf16()";0.0016;0.0016;0.0016;61925;61925;61925;27;35;0.00159999961033463;0.0016;0.0016;0.0016;18;18;18;18;1;61925;0;0.0002;61925;61925;0
"Newtonsoft.Json.dll!Newtonsoft.Json.Serialization::JsonProperty.get_IsReference()";0.0016;0.0016;0.0016;61925;61925;61925;32;34;0.00159999961033463;0.0016;0.0016;0.0016;28;28;28;28;1;61925;0;0.0001;61925;61925;0
"Newtonsoft.Json.dll!Newtonsoft.Json.Serialization::JsonProperty.get_ItemIsReference()";0.0016;0.0016;0.0016;61925;61925;61925;34;36;0.00159999961033463;0.0016;0.0016;0.0016;22;22;22;22;1;61925;0;0.0001;61925;61925;0
"Newtonsoft.Json.dll!Newtonsoft.Json.Serialization::JsonProperty.set_Converter()";0.0016;0.0016;0.0016;61925;61925;61925;38;41;0.00159999961033463;0.0016;0.0016;0.0016;20;20;20;20;1;61925;0;0.0001;61925;61925;0
"Newtonsoft.Json.dll!Newtonsoft.Json.Serialization::JsonProperty.set_UnderlyingName()";0.0016;0.0016;0.0016;61925;61925;61925;38;41;0.00159999961033463;0.0016;0.0016;0.0016;20;20;20;20;1;61925;0;0.0001;61925;61925;0
"mscorlib.dll!System.Reflection::MethodInfo.op_Equality()";0.0016;0.0016;0.009099992;62046;62046;61925;16;55;0.0106999916024506;0.005349996;0.0016;0.0016;211;26;26;185;2;61925;0;0.0001;61925;61925;0
"Unity.ResourceManager.dll!UnityEngine.ResourceManagement.AsyncOperations::AsyncOperationBase`1.set_Result()";0.0016;0.0016;0.0016;62046;62046;62046;15;24;0.00159999961033463;0.0016;0.0016;0.0016;21;21;21;21;1;62046;0;0.0002;62046;62046;0
"UnityEngine.CoreModule.dll!UnityEngine::Sprite.get_bounds()";0.0015;0.0009999999;0.0044;60336;61441;60854;7;13;0.0480000000679865;0.001777778;0.0012;0.002;54;2;2;2;27;60315;0.0002;0.0027;60815;60315;0
"Assembly-CSharp.dll!::BossIntroFx.FlyShard()";0.0015;0.0008;0.0042;60349;61398;60874;6;12;0.0495999992708676;0.001837037;0.0012;0.0021;27;1;1;1;27;60315;0.0008;0.0042;61398;60874;0
"UnityEngine.UIModule.dll!UnityEngine::Canvas.get_targetDisplay()";0.0015;0.0008;0.0164;60437;62272;61731;9;12;3.29499995778315;0.0016475;0.0012;0.0018;3999;2;1;2;2000;60314;0.0003;0.0157;60653;61731;0.0026
"Assembly-CSharp.dll!::PanelPlayerTMP.RefreshCrystal()";0.0015;0.0009;0.0312;60496;60558;61926;5;5;3.02849998266902;0.001748557;0.0012;0.0019;1732;1;1;1;1732;60314;0.0009;0.0312;60558;61926;0.0013
"Unity.TextMeshPro.dll!::SpecialCharacter..ctor()";0.0015;0.0015;0.008699999;60642;60642;62046;13;17;0.0101999992039055;0.0051;0.0015;0.0015;11;1;1;10;2;60642;0.0007;0.0015;62046;60642;0
"UnityEngine.CoreModule.dll!UnityEngine.Events::InvokableCallList..ctor()";0.0015;0.0011;0.0055;60727;60750;60524;21;36;0.11779999861028;0.001840625;0.0014;0.0019;71;1;1;4;64;60318;0.0009;0.0048;60429;60938;0
"TimeManager.Update";0.0015;0.0004;0.0065;60733;62046;61073;3;3;3.33659997282666;0.0016683;0.0013;0.0017;2000;1;1;1;2000;60314;0.0004;0.0065;62046;61073;0.0017
"UnityEngine.UI.dll!UnityEngine.UI::Graphic.get_defaultMaterial()";0.0015;0.0013;0.0077;60938;60318;61925;15;15;0.0490999973844737;0.002727778;0.0014;0.002;50;2;2;7;18;60318;0.0006;0.0068;60318;61925;0
"Assembly-CSharp.dll!::Pathfinder.MoveToPath()";0.0015;0.0008;0.0021;60990;61249;61770;5;5;0.00999999983469024;0.001428571;0.0012;0.0015;7;1;1;1;7;60471;0.0008;0.0021;61249;61770;0
"PreUpdate.UpdateVideo";0.0015;0.0007;0.0177;61101;62047;61804;2;2;3.63349998299964;0.00181675;0.0011;0.0023;2000;1;1;1;2000;60314;0.0007;0.0177;62047;61804;0.0038
"Initialization.UpdateCameraMotionVectors";0.0015;0.0002;0.0141;61115;61249;61047;2;2;3.70099996856879;0.0018505;0.0013;0.002;2000;1;1;1;2000;60314;0.0002;0.0141;61249;61047;0.0016
"UnityEngine.CoreModule.dll!UnityEngine::Texture2D.ApplyImpl()";0.0015;0.0015;0.0022;61165;61165;61686;17;17;0.00370000000111759;0.00185;0.0015;0.0015;2;1;1;1;2;61165;0.0015;0.0022;61165;61686;0
"mscorlib.dll!System::String.wstrcpy()";0.0015;0.0004;0.412802;61217;61138;61925;9;44;1.05900199743337;0.003218851;0.0008;0.0024;1662;2;1;889;329;60314;0.0003;0.0041;60360;61624;0
"UnityEngine.CoreModule.dll!UnityEngine::Object.GetHashCode()";0.0015;0.0003;0.1778019;61228;60573;62046;13;37;3.8550016063964;0.001928465;0.0007;0.0023;12335;4;1;1047;1999;60314;0.0001;0.0108;60314;60366;0.0017
"mscorlib.dll!System.Collections.Generic::Queue`1.Dequeue()";0.0015;0.0004;0.0119;61284;60395;60542;9;22;0.630499994294951;0.001910606;0.0011;0.0023;546;1;1;9;330;60314;0.0003;0.0119;60340;60542;0
"Assembly-CSharp.dll!::EnemyHp.AggregateDamagePopupRoutine()";0.0015;0.0007;0.0071;61286;60903;61513;9;19;0.072899999213405;0.002025;0.0011;0.0021;44;1;1;4;36;60336;0.0004;0.0048;61571;60965;0
"UnityEngine.CoreModule.dll!UnityEngine::GameObject.GetComponentFastPath_Injected()";0.0015;0.0003;0.0151;61403;60369;60581;8;24;1.4687999812013;0.00266087;0.0009;0.0037;1588;2;1;28;552;60314;0.0001;0.0117;60398;60681;0.0021
"UnityEngine.CoreModule.dll!UnityEngine::Object.GetName_Injected()";0.0015;0.0008;0.1575;61497;60448;60417;10;10;0.533499993267469;0.002589806;0.0012;0.0022;303;1;1;13;206;60314;0.0001;0.1568;60525;60417;0
"UnityEngine.InputLegacyModule.dll!::HitInfo.Compare()";0.0015;0.0011;0.0416;61511;60323;61872;6;6;4.22499995306134;0.0021125;0.0014;0.002;6006;3;3;4;2000;60314;0.0002;0.034;60323;62141;0.0075
"UnityEngine.CoreModule.dll!UnityEngine::Transform.set_localPosition()";0.0015;0.0006;0.0223;61515;60750;60538;8;19;2.7373999755946;0.00197077;0.0011;0.0025;3826;2;1;11;1389;60314;0.0002;0.0108;60331;61872;0.0013
"Unity.TextMeshPro.dll!TMPro::TMP_UpdateManager.InternalUnRegisterTextElementForLayoutRebuild()";0.0015;0.0011;0.0264;61608;60536;61154;14;14;0.516699992353097;0.002236797;0.0013;0.0024;307;1;1;6;231;60315;0.001;0.0191;61834;61267;0.0036
"mscorlib.dll!System.Collections.Generic::Dictionary`2.GetEnumerator()";0.0015;0.0011;0.0562;61631;60555;62046;9;12;3.81209988251794;0.00190605;0.0014;0.002;12001;6;6;7;2000;60314;0.0001;0.0541;60314;62046;0.0028
"Physics.Simulate";0.0015;0.001;0.0176;61688;60367;62112;4;4;3.16149997257162;0.001890849;0.0013;0.0021;1696;1;1;16;1672;60314;0.0002;0.0176;62100;62112;0.0019
"UnityEngine.CoreModule.dll!UnityEngine::Sprite.get_border()";0.0015;0.0007;0.0346;61702;60474;61216;15;16;2.45949993201066;0.001894838;0.0011;0.0022;5014;4;2;16;1298;60314;0.0002;0.0334;60318;61216;0.0009
"mscorlib.dll!System.Collections::ArrayList.GetEnumerator()";0.0015;0.0015;0.0015;61925;61925;61925;45;48;0.00150000001303852;0.0015;0.0015;0.0015;2;2;2;2;1;61925;0.0005;0.001;61925;61925;0
"mscorlib.dll!System::RuntimeType.IsInstanceOfType()";0.0015;0.0015;0.0015;61925;61925;61925;41;44;0.00150000001303852;0.0015;0.0015;0.0015;2;2;2;2;1;61925;0.0006;0.0009;61925;61925;0
"mscorlib.dll!System::Type.get_IsPublic()";0.0015;0.0015;0.0015;61925;61925;61925;45;48;0.00150000001303852;0.0015;0.0015;0.0015;4;4;4;4;1;61925;0.0003;0.0004;61925;61925;0
"Newtonsoft.Json.dll!Newtonsoft.Json.Serialization::JsonTypeReflector.get_ReflectionDelegateFactory()";0.0015;0.0015;0.0015;61925;61925;61925;37;40;0.00150000001303852;0.0015;0.0015;0.0015;4;4;4;4;1;61925;0.0002;0.0005;61925;61925;0
"System.Core.dll!System.Linq::OrderedEnumerable`2..ctor()";0.0015;0.0015;0.0015;61925;61925;61925;37;40;0.00150000001303852;0.0015;0.0015;0.0015;2;2;2;2;1;61925;0.0006;0.0009;61925;61925;0
"UnityEngine.UI.dll!UnityEngine.EventSystems::BaseRaycaster.OnEnable()";0.0015;0.0015;0.0015;62046;62046;62046;9;9;0.00150000001303852;0.0015;0.0015;0.0015;1;1;1;1;1;62046;0.0015;0.0015;62046;62046;0
"mscorlib.dll!System::Array.Copy()";0.0015;0.0007;0.6980008;60518;60750;61925;8;55;1.23090084537398;0.004062379;0.0012;0.002;992;1;1;520;303;60315;0.0002;0.0117;60428;61925;0.0025
"UnityEngine.CoreModule.dll!UnityEngine::Gradient.SetKeys_Injected()";0.0015;0.0008;0.0123;61114;60513;61389;8;26;0.904799972078763;0.00173666;0.0012;0.0019;1446;3;1;8;521;60328;0;0.0088;60370;61389;0
"GC.Alloc";0.0015;0.0002;0.1982026;61259;60879;61925;6;57;3.30540239917173;0.001901843;0.0009;0.0022;23481;7;1;4367;1738;60314;0;0.0226;60315;60521;0.0011
"UnityEngine.CoreModule.dll!UnityEngine::Sprite.get_texture_Injected()";0.0015;0.001;0.0044;61463;60846;62046;12;27;0.0350999992806464;0.00195;0.0012;0.0027;105;4;4;14;18;60318;0.0001;0.0015;60318;61373;0
"mscorlib.dll!System.Runtime.InteropServices::ComVisibleAttribute..ctor()";0.0015;0.0015;0.0015;61925;61925;61925;42;52;0.00149999989662319;0.0015;0.0015;0.0015;9;9;9;9;1;61925;0.0001;0.0003;61925;61925;0
"Newtonsoft.Json.dll!Newtonsoft.Json.Serialization::JsonArrayContract.get_IsMultidimensionalArray()";0.0015;0.0015;0.0015;61925;61925;61925;27;31;0.00149999978020787;0.0015;0.0015;0.0015;15;15;15;15;1;61925;0;0.0002;61925;61925;0
"UnityEngine.CoreModule.dll!UnityEngine::Mesh.DefaultDimensionForChannel()";0.0015;0;0.0159;60660;60724;60538;15;19;2.9195997347415;0.001785688;0.0007;0.0024;42875;23;2;85;1635;60314;0;0.0053;60314;61574;0.0014
"UnityEngine.TextCoreFontEngineModule.dll!UnityEngine.TextCore.LowLevel::GlyphValueRecord.get_xAdvance()";0.0015;0;0.04609999;61479;60815;60538;13;24;3.53229938770528;0.00221045;0.0008;0.0031;57779;26;2;206;1598;60314;0;0.0285;60314;61154;0.0024
"UnityEngine.TextCoreFontEngineModule.dll!UnityEngine.TextCore::GlyphRect.get_x()";0.0015;0;0.02669999;61688;60733;60538;16;18;3.46649941702344;0.002169274;0.0008;0.003;57664;26;2;196;1598;60314;0;0.0125;60314;61560;0.0015
"UnityEngine.CoreModule.dll!UnityEngine::Quaternion.get_identity()";0.0015;0.0001;0.02359999;61751;61855;60538;5;19;3.58519943039573;0.002146826;0.0009;0.0028;52767;25;1;144;1670;60314;0;0.0102;60314;61159;0.001999999
"mscorlib.dll!System.Text::UTF8Encoding.PtrDiff()";0.0015;0.0015;0.0015;61925;61925;61925;27;34;0.00149999966379255;0.0015;0.0015;0.0015;29;29;29;29;1;61925;0;0.0001;61925;61925;0
"Newtonsoft.Json.dll!Newtonsoft.Json.Serialization::JsonProperty.set_DeclaringType()";0.0015;0.0015;0.0015;61925;61925;61925;37;40;0.00149999966379255;0.0015;0.0015;0.0015;20;20;20;20;1;61925;0;0.0001;61925;61925;0
"UnityEngine.CoreModule.dll!UnityEngine::MeshFilter.set_sharedMesh_Injected()";0.0014;0.0006;0.0086;60384;60488;61154;14;28;0.650699995399918;0.00169013;0.001;0.0021;586;1;1;7;385;60314;0.0002;0.0051;60566;60909;0.0021
"UnityEngine.CoreModule.dll!UnityEngine::Sprite.GetOuterUVs()";0.0014;0.0007;0.0161;61098;60980;61426;16;16;2.15389998012688;0.001659399;0.0011;0.0019;2514;2;1;8;1298;60314;0.0003;0.0157;60314;61426;0.0009
"Assembly-CSharp.dll!::EnemyHp.HitScalePunch()";0.0014;0.0006;0.0146;60343;60338;61088;9;19;0.249499999685213;0.001769504;0.0009;0.0019;158;1;1;3;141;60322;0.0004;0.0146;60875;61088;0
"UnityEngine.ParticleSystemModule.dll!::MainModule.set_startSpeed()";0.0014;0.0009;0.0045;60388;60362;61616;12;13;0.113199999555945;0.00152973;0.001;0.0018;77;1;1;2;74;60331;0.0009;0.0045;60362;61616;0
"UnityEngine.CoreModule.dll!UnityEngine::TrailRenderer.set_emitting()";0.0014;0.0004;0.0151;60394;60815;61858;6;21;0.388899986457545;0.001834434;0.0009;0.0021;841;3;1;16;212;60328;0.0002;0.0078;60331;60366;0
"UnityEngine.TilemapModule.dll!UnityEngine.Tilemaps::Tilemap.GetTileAsset_Injected()";0.0014;0.0008;0.0103;60461;61249;60892;7;7;2.44299997593043;0.001534548;0.0012;0.0016;1657;1;1;2;1592;60314;0.0002;0.0103;60339;60892;0.0012
"UnityEngine.ParticleSystemModule.dll!::MinMaxGradient..ctor()";0.0014;0.001;0.0369;60483;60347;60370;13;14;0.14670000213664;0.001982433;0.0011;0.0016;154;2;2;4;74;60331;0.0004;0.0364;60524;60370;0
"UnityEngine.UI.dll!UnityEngine.EventSystems::BaseInput.get_mousePresent()";0.0014;0.0008;0.0522;60553;60614;61859;6;6;3.42419998749392;0.001713814;0.001;0.0021;1998;1;1;1;1998;60314;0.0008;0.0522;60614;61859;0.0023
"Batch.DrawDynamic";0.0014;0.0007;0.0175;60749;61838;61069;9;9;2.40839998575393;0.001598142;0.0011;0.0017;1507;1;1;1;1507;60314;0.0007;0.0175;61838;61069;0.0023
"UnityEngine.InputLegacyModule.dll!UnityEngine::Input.get_touchCount()";0.0014;0.0004;0.0178;60870;62197;60681;7;8;3.44429993454833;0.00172215;0.0009;0.0023;5996;3;1;3;2000;60314;0;0.0163;60342;60966;0.003
"UnityEngine.CoreModule.dll!UnityEngine::Renderer.get_bounds()";0.0014;0.0014;0.0016;60956;60399;61511;7;7;0.00439999985974282;0.001466667;0.0014;0.0014;3;1;1;1;3;60399;0.0014;0.0016;60399;61511;0
"FrameEvents.XRBeginFrame";0.0014;0.0005;0.0324;61044;62219;61421;3;3;3.13099996896926;0.0015655;0.0012;0.0017;2000;1;1;1;2000;60314;0.0005;0.0324;62219;61421;0.0013
"UnityEngine.CoreModule.dll!UnityEngine::Renderer.GetSharedMaterial_Injected()";0.0014;0.0006;0.0058;61071;60447;61544;8;32;0.360199994640425;0.001699057;0.0011;0.0022;565;2;1;10;212;60314;0;0.0038;60326;61160;0
"UnityEngine.CoreModule.dll!UnityEngine::Sprite.get_pixelsPerUnit()";0.0014;0.0006;0.0664;61081;60529;61433;17;23;2.24579995399108;0.0017302;0.0009;0.002;5016;4;2;16;1298;60314;0.0002;0.0639;60316;61433;0.0007
"mscorlib.dll!System.Collections.Generic::ArraySortHelper`1.InternalBinarySearch()";0.0014;0.0014;0.0022;61165;61165;61686;27;27;0.00359999993816018;0.0018;0.0014;0.0014;2;1;1;1;2;61165;0.0014;0.0022;61165;61686;0
"mscorlib.dll!System::Enum.GetUnderlyingType()";0.0014;0.0014;0.0022;61165;61165;61686;27;27;0.00359999993816018;0.0018;0.0014;0.0014;2;1;1;1;2;61165;0.0014;0.0022;61165;61686;0
"UpdatePreloading";0.0014;0.0009;36.8761;61353;60329;62046;4;4;40.6240986080375;0.02031205;0.0011;0.0021;2000;1;1;1;2000;60314;0.0009;36.8761;60329;62046;0.0016
"mscorlib.dll!System::Number.TryFormatInt32()";0.0014;0.001;0.0034;61404;60815;60854;10;24;0.0448999999789521;0.001603571;0.0012;0.0018;33;1;1;6;28;60315;0.0003;0.0034;61925;60854;0
"Assembly-CSharp.dll!::ChainLightning.EnsureChildLine()";0.0014;0.0012;0.0027;61509;61146;61563;13;18;0.0237999990349635;0.001586667;0.0013;0.0017;30;2;2;2;15;60363;0.0006;0.0019;60363;60554;0
"UnityEngine.IMGUIModule.dll!UnityEngine::GUILayoutGroup.CalcHeight()";0.0014;0.0011;0.0107;61593;60334;60968;6;7;2.86519996379502;0.001654273;0.0013;0.0017;1769;1;1;3;1732;60314;0.001;0.0107;60433;60968;0.0018
"UnityEngine.UIModule.dll!UnityEngine::Canvas.get_worldCamera()";0.0014;0.0006;0.0031;61616;61223;61925;15;15;0.0624999984866008;0.0015625;0.0012;0.0019;86;2;1;5;40;60347;0.0005;0.0013;60431;60392;0
"UnityEngine.CoreModule.dll!UnityEngine::Texture.get_width()";0.0014;0.0008;0.0015;61686;61165;61925;19;21;0.00369999994290993;0.001233333;0.0008;0.0014;4;1;1;2;3;61165;0.0007;0.0014;61925;61686;0
"UnityEngine.ParticleSystemModule.dll!::ColorOverLifetimeModule.set_color()";0.0014;0.001;0.0034;61702;60362;61544;12;13;0.118399998638779;0.0016;0.0011;0.0017;77;1;1;2;74;60331;0.0009;0.0032;60524;60963;0
"UnityEngine.CoreModule.dll!UnityEngine::RectTransform.set_anchorMin_Injected()";0.0014;0.0004;0.0647;61835;60955;61925;12;24;2.32189996878151;0.001783333;0.001;0.0021;2784;2;1;17;1302;60314;0;0.0454;60524;62046;0.0008
"mscorlib.dll!System.IO::Stream..ctor()";0.0014;0.0014;0.0014;61925;61925;61925;27;28;0.00139999995008111;0.0014;0.0014;0.0014;6;6;6;6;1;61925;0.0002;0.0003;61925;61925;0
"mscorlib.dll!System.Runtime.InteropServices::ClassInterfaceAttribute..ctor()";0.0014;0.0014;0.0014;61925;61925;61925;42;52;0.00139999995008111;0.0014;0.0014;0.0014;7;7;7;7;1;61925;0.0001;0.0003;61925;61925;0
"Unity.ResourceManager.dll!UnityEngine.ResourceManagement.AsyncOperations::AsyncOperationBase`1.UnityEngine.ResourceManagement.AsyncOperations.IAsyncOperation.GetResultAsObject()";0.0014;0.0014;0.0014;62046;62046;62046;18;21;0.00139999995008111;0.0014;0.0014;0.0014;6;6;6;6;1;62046;0.0001;0.0006;62046;62046;0
"UnityEngine.UI.dll!::<>c.<GetFlexibleHeight>b__8_0()";0.0014;0.0014;0.0014;62046;62046;62046;20;20;0.00139999995008111;0.0014;0.0014;0.0014;6;6;6;6;1;62046;0.0002;0.0003;62046;62046;0
"UnityEngine.UI.dll!UnityEngine.UI::LayoutRebuilder.Equals()";0.0014;0.0014;0.0014;62046;62046;62046;13;28;0.00139999995008111;0.0014;0.0014;0.0014;5;5;5;5;1;62046;0.0002;0.0004;62046;62046;0
"UnityEngine.UI.dll!UnityEngine.UI::LayoutRebuilder.LayoutComplete()";0.0014;0.0014;0.0014;62046;62046;62046;9;9;0.00139999995008111;0.0014;0.0014;0.0014;1;1;1;1;1;62046;0.0014;0.0014;62046;62046;0
"UnityEngine.InputForUIModule.dll!UnityEngine.InputForUI::EventProvider.NotifyUpdate()";0.0014;0.0006;0.1104;62259;60326;61290;3;3;3.55779997940408;0.0017789;0.0011;0.0021;2000;1;1;1;2000;60314;0.0006;0.1104;60326;61290;0.0032
"mscorlib.dll!System.IO::StringWriter.Dispose()";0.0014;0.0014;0.0014;61925;61925;61925;28;30;0.00139999983366579;0.0014;0.0014;0.0014;6;6;6;6;1;61925;0.0001;0.0003;61925;61925;0
"Unity.TextMeshPro.dll!::TextBackingContainer.set_Item()";0.0014;0;0.02079999;60680;61790;60538;14;27;2.98459967918461;0.001867709;0.0007;0.0025;46538;22;2;133;1598;60314;0;0.006;60314;61603;0.0013
"mscorlib.dll!System.Text::StringBuilder.Append()";0.0014;0.0001;0.4369979;60825;60883;61925;8;42;0.788997886244033;0.02132427;0.0008;0.0235;1392;16;16;807;37;60315;0;0.0772;60315;61925;0
"Unity.TextMeshPro.dll!TMPro::TMP_FontAsset.get_characterLookupTable()";0.0014;0.0001;0.0949;60864;60734;60560;11;30;3.05749966790609;0.001913329;0.0007;0.0025;46554;22;2;133;1598;60314;0;0.0897;60314;60560;0.001999999
"mscorlib.dll!System::ReadOnlySpan`1.GetPinnableReference()";0.0014;0.0003;0.0245;61214;61853;60538;8;28;3.66139954546816;0.0018307;0.0009999999;0.001999999;54363;23;10;101;2000;60314;0;0.0224;60314;61749;0.0015
"mscorlib.dll!System::ReadOnlySpan`1..ctor()";0.0014;0.0002;0.0617;61300;62048;62053;8;39;3.76219953451073;0.0018811;0.0009999999;0.002099999;55579;23;10;326;2000;60314;0;0.0603;60314;62053;0.0012
"UnityEngine.CoreModule.dll!UnityEngine::Time.get_time()";0.0014;0.0001;0.0285;61637;61979;60597;5;21;3.31219972519466;0.001965697;0.0009999999;0.0024;27524;12;1;50;1685;60314;0;0.0258;60314;60597;0.0013
"mscorlib.dll!::InternalEnumerator`1..ctor()";0.0014;0.0014;0.0014;61925;61925;61925;41;46;0.00139999971725047;0.0014;0.0014;0.0014;17;17;17;17;1;61925;0;0.0001;61925;61925;0
"Newtonsoft.Json.dll!Newtonsoft.Json.Serialization::JsonProperty.get_PropertyType()";0.0014;0.0014;0.0014;61925;61925;61925;31;35;0.00139999971725047;0.0014;0.0014;0.0014;22;22;22;22;1;61925;0;0.0001;61925;61925;0
"Newtonsoft.Json.dll!Newtonsoft.Json.Serialization::JsonProperty.set_AttributeProvider()";0.0014;0.0014;0.0014;61925;61925;61925;37;40;0.00139999971725047;0.0014;0.0014;0.0014;20;20;20;20;1;61925;0;0.0001;61925;61925;0
"Newtonsoft.Json.dll!Newtonsoft.Json.Serialization::JsonProperty.set_Readable()";0.0014;0.0014;0.0014;61925;61925;61925;37;40;0.00139999971725047;0.0014;0.0014;0.0014;20;20;20;20;1;61925;0;0.0001;61925;61925;0
"Newtonsoft.Json.dll!Newtonsoft.Json.Serialization::JsonProperty.set_ValueProvider()";0.0014;0.0014;0.0014;61925;61925;61925;37;40;0.00139999971725047;0.0014;0.0014;0.0014;20;20;20;20;1;61925;0;0.0001;61925;61925;0
"UnityEngine.CoreModule.dll!UnityEngine::Transform.get_childCount_Injected()";0.0014;0.0014;0.0014;62046;62046;62046;13;16;0.00139999971725047;0.0014;0.0014;0.0014;19;19;19;19;1;62046;0;0.0003;62046;62046;0
"UnityEngine.UIModule.dll!UnityEngine::CanvasRenderer.SetColor_Injected()";0.0013;0.0003;0.0039;60377;60518;60718;10;37;0.242199997621356;0.001353073;0.001;0.0016;189;1;1;4;179;60318;0.0001;0.0039;60429;60718;0
"UnityEngine.CoreModule.dll!UnityEngine::SpriteRenderer.set_color()";0.0013;0.0004;0.0267;60430;60950;61439;6;20;0.770399983710377;0.00167115;0.0008;0.0019;1412;3;1;13;461;60314;0.0002;0.0254;60320;61439;0
"UnityEngine.CoreModule.dll!UnityEngine::Quaternion.Internal_AngleAxis()";0.0013;0.0009999999;0.0067;60545;60331;61858;8;18;0.058899998664856;0.001591892;0.0012;0.0015;114;3;3;4;37;60331;0.0002;0.0028;60331;61677;0
"UnityEngine.ParticleSystemModule.dll!::MinMaxCurve.op_Implicit()";0.0013;0.0009;0.0038;60664;60335;60916;12;14;0.10649999580346;0.001439189;0.0011;0.0016;462;6;6;12;74;60331;0.0001;0.0011;60335;60956;0
"UnityEngine.CoreModule.dll!UnityEngine.Events::BaseInvokableCall.AllowInvoke()";0.0013;0.0009;0.0065;60723;60357;60349;9;36;0.288599997875281;0.001612291;0.0011;0.0018;198;1;1;4;179;60318;0.0007;0.005;60429;60681;0
"UnityEngine.IMGUIModule.dll!UnityEngine::GUILayoutGroup.SetVertical()";0.0013;0.001;0.0102;61158;60337;61795;6;7;2.58869997097645;0.00149463;0.0012;0.0015;1769;1;1;3;1732;60314;0.0007;0.0102;60433;61795;0.0023
"UnityEngine.ParticleSystemModule.dll!::MainModule.set_startSize()";0.0013;0.0008;0.003;61173;60638;60916;12;13;0.105399999360088;0.001424324;0.001;0.0016;77;1;1;2;74;60331;0.0008;0.0028;60524;60830;0
"UnityEngine.AccessibilityModule.dll!UnityEngine.Accessibility::AccessibilityManager.Internal_Update()";0.0013;0.0008;0.0086;61178;60493;62307;3;3;2.98819998028921;0.0014941;0.0011;0.0016;2000;1;1;1;2000;60314;0.0008;0.0086;60493;62307;0.0012
"UnityEngine.CoreModule.dll!UnityEngine.Sprites::DataUtility.GetInnerUV()";0.0013;0.0006;0.0202;61219;60589;61513;15;15;2.05609999992885;0.001584052;0.001;0.0018;2507;2;1;8;1298;60314;0.0004;0.0179;60314;61513;0.0007
"UnityEngine.UI.dll!UnityEngine.EventSystems::BaseInputModule.HandlePointerExitAndEnter()";0.0013;0.0009;0.2322;61443;60319;60738;9;15;10.0304999919608;0.005017759;0.001;0.002;2001;1;1;3;1999;60314;0.0009;0.2322;60319;60738;0.002
"ClothManager.LateUpdate";0.0013;0.0005;0.0302;61628;62048;61308;3;3;2.99779997940641;0.0014989;0.0011;0.0016;2000;1;1;1;2000;60314;0.0005;0.0302;62048;61308;0.0011
"mscorlib.dll!System.Collections.Generic::GenericComparer`1.Compare()";0.0013;0.0009;0.0057;61686;61165;61925;28;51;0.00789999961853027;0.002633333;0.0009;0.0013;44;4;4;36;3;61165;0.0001;0.0005;61925;61686;0
"UnityEngine.CoreModule.dll!UnityEngine::GameObject.SendMessage_Injected()";0.0013;0.0005;0.1154;61702;60406;61552;8;8;2.58619997912319;0.001632702;0.0008;0.0019;1689;1;1;3;1584;60314;0;0.1154;60742;61552;0.0019
"mscorlib.dll!System.Reflection::RuntimeMethodInfo.GetGenericArguments()";0.0013;0.0013;0.0013;61925;61925;61925;40;40;0.00130000000353903;0.0013;0.0013;0.0013;1;1;1;1;1;61925;0.0013;0.0013;61925;61925;0
"mscorlib.dll!System::DateTime.get_UtcNow()";0.0013;0.0013;0.0013;61925;61925;61925;20;20;0.00130000000353903;0.0013;0.0013;0.0013;1;1;1;1;1;61925;0.0013;0.0013;61925;61925;0
"mscorlib.dll!System::String.IndexOf()";0.0013;0.0013;0.0013;61925;61925;61925;37;37;0.00130000000353903;0.0013;0.0013;0.0013;1;1;1;1;1;61925;0.0013;0.0013;61925;61925;0
"UnityEngine.CoreModule.dll!UnityEngine::Time.get_realtimeSinceStartup()";0.0013;0.0013;0.0013;61925;61925;61925;20;20;0.00130000000353903;0.0013;0.0013;0.0013;1;1;1;1;1;61925;0.0013;0.0013;61925;61925;0
"UnityEngine.UI.dll!UnityEngine.EventSystems::RaycasterManager.AddRaycaster()";0.0013;0.0013;0.0013;62046;62046;62046;10;10;0.00130000000353903;0.0013;0.0013;0.0013;1;1;1;1;1;62046;0.0013;0.0013;62046;62046;0
"UnityEngine.Physics2DModule.dll!UnityEngine::Rigidbody2D.set_angularVelocity()";0.0013;0.0005;0.0097;60373;60548;61858;6;19;0.199299997359049;0.001433813;0.0008;0.0016;276;2;1;6;139;60328;0.0003;0.0043;60340;60681;0
"UnityEngine.CoreModule.dll!UnityEngine::Camera.get_allCamerasCount()";0.0013;0.0005;0.0662;60498;60691;62006;5;6;3.10739993868629;0.0015537;0.0009;0.0019;4000;2;2;2;2000;60314;0.0001;0.0659;60319;62006;0.0027
"UnityEngine.ParticleSystemModule.dll!::MinMaxCurveBlittable.op_Implicit()";0.0013;0.0009;0.0032;60553;60557;61544;13;14;0.106099996250123;0.001433784;0.0011;0.0016;385;5;5;10;74;60331;0.0001;0.0019;60335;60347;0
"Assembly-CSharp.dll!::TowerWeapon.get_CanGoldUpgrade()";0.0013;0.0003;0.0015;60732;60642;60379;7;18;0.0107999994943384;0.0012;0.0012;0.0014;25;3;1;3;9;60360;0.0002;0.0009;60370;60684;0
"UnityEngine.UIModule.dll!UnityEngine::Canvas.get_referencePixelsPerUnit()";0.0013;0.0005;0.0188;61105;60644;61570;10;23;2.05079992883839;0.001579969;0.0008;0.0019;5030;4;2;22;1298;60314;0.0002;0.0063;60318;61154;0.0007
"UnityEngine.CoreModule.dll!UnityEngine::Camera.get_eventMask()";0.0013;0.0008;0.019;61665;60333;61570;5;5;3.06149995187297;0.00160288;0.0011;0.0017;5730;3;3;3;1910;60314;0.0002;0.0164;60318;61663;0.0022
"UnityEngine.CoreModule.dll!UnityEngine::Transform.set_rotation_Injected()";0.0013;0.0006;0.0355;61778;60844;61903;6;21;2.53259988012724;0.001568173;0.0009999999;0.0018;6979;3;1;21;1615;60314;0;0.0351;60549;61903;0.0008
"System.dll!System.Collections.Generic::LinkedList`1.InternalRemoveNode()";0.0013;0.0013;0.0013;62046;62046;62046;17;20;0.0012999998871237;0.0013;0.0013;0.0013;6;6;6;6;1;62046;0.0001;0.0004;62046;62046;0
"UnityEngine.UI.dll!UnityEngine.UI::LayoutGroup.GetAlignmentOnAxis()";0.0013;0.0013;0.0013;62046;62046;62046;15;16;0.0012999998871237;0.0013;0.0013;0.0013;5;5;5;5;1;62046;0.0002;0.0003;62046;62046;0
"UnityEngine.CoreModule.dll!UnityEngine::Transform.get_forward()";0.0013;0.0006;0.0115;62129;62025;60681;11;11;0.507099981245119;0.001599684;0.0007;0.002;601;1;1;4;317;60341;0.0005;0.0053;60676;62032;0
"Assembly-CSharp.dll!::EnemyHp.get_IsDead()";0.0013;0;0.05720004;60680;60582;61570;6;19;4.72269792180305;0.002935176;0.0004;0.003600001;71979;20;1;325;1609;60314;0;0.0299;60314;61523;0.0002
"UnityEngine.TextCoreFontEngineModule.dll!UnityEngine.TextCore::FaceInfo.get_descentLine()";0.0013;0;0.04790005;60948;61780;60427;12;24;2.90279974081932;0.00181652;0.0007;0.0024;46545;22;2;133;1598;60314;0;0.0451;60314;60427;0.0015
"UnityEngine.TextCoreFontEngineModule.dll!UnityEngine.TextCore::FaceInfo.get_ascentLine()";0.0013;0;0.01919999;61049;60726;60538;12;24;2.85179971814068;0.001784606;0.0006;0.0024;46545;22;2;133;1598;60314;0;0.0068;60314;60853;0.0015
"UnityEngine.TextCoreFontEngineModule.dll!UnityEngine.TextCore::FaceInfo.get_pointSize()";0.0013;0;0.01869999;61118;60815;60538;12;24;2.86339967937238;0.001791865;0.0007;0.0024;46558;22;2;133;1598;60314;0;0.0105;60314;60681;0.0015
"Physics2D.SolveDiscreteIslandVelocityConstraints";0.0013;0.0004;0.0168;61556;61610;61297;8;8;2.24639983774978;0.001551381;0.0009;0.001899999;20954;10;1;80;1448;60314;0;0.0163;60314;61297;0.0011
"mscorlib.dll!System::String.GetRawStringData()";0.0013;0.0002;0.0238;61658;62076;60538;9;42;3.54699960643484;0.0017735;0.0009999999;0.001899999;52126;22;10;199;2000;60314;0;0.0209;60314;60739;0.0009
"Newtonsoft.Json.dll!Newtonsoft.Json.Serialization::DefaultContractResolver.get_DefaultMembersSearchFlags()";0.0013;0.0013;0.0013;61925;61925;61925;37;41;0.00129999977070838;0.0013;0.0013;0.0013;22;22;22;22;1;61925;0;0.0001;61925;61925;0
"Newtonsoft.Json.dll!Newtonsoft.Json.Serialization::JsonProperty.get_Order()";0.0013;0.0013;0.0013;61925;61925;61925;43;46;0.00129999977070838;0.0013;0.0013;0.0013;20;20;20;20;1;61925;0;0.0001;61925;61925;0
"Newtonsoft.Json.dll!Newtonsoft.Json.Serialization::JsonProperty.set_ReferenceLoopHandling()";0.0013;0.0013;0.0013;61925;61925;61925;38;41;0.00129999977070838;0.0013;0.0013;0.0013;20;20;20;20;1;61925;0;0.0001;61925;61925;0
"Newtonsoft.Json.dll!Newtonsoft.Json.Serialization::JsonProperty.set_ShouldSerialize()";0.0013;0.0013;0.0013;61925;61925;61925;37;40;0.00129999977070838;0.0013;0.0013;0.0013;20;20;20;20;1;61925;0;0.0001;61925;61925;0
"UnityEngine.CoreModule.dll!UnityEngine.Bindings::ManagedSpanWrapper..ctor()";0.0013;0.0002;0.0226;61992;61951;60538;8;28;3.54849955049576;0.00177425;0.0009999999;0.001899999;54375;23;10;101;2000;60314;0;0.0083;60314;61268;0.0012
"UnityEngine.CoreModule.dll!UnityEngine.Events::UnityEventBase.PrepareInvoke()";0.0012;0.0004;0.0392;60492;61369;61422;8;35;2.44389996663085;0.00176966;0.0008;0.0018;2868;2;1;10;1381;60314;0.0002;0.0387;60329;61422;0.0007
"UnityEngine.CoreModule.dll!UnityEngine::LineRenderer.set_startWidth_Injected()";0.0012;0.0001;0.0048;61381;60320;61069;7;24;0.647399989364203;0.0013;0.0009999999;0.0015;1324;3;1;5;498;60318;0;0.0024;61249;61069;0
"System.dll!System.Collections.Specialized::OrderedDictionary.get_Values()";0.0012;0.0012;0.0012;61925;61925;61925;44;47;0.00120000005699694;0.0012;0.0012;0.0012;2;2;2;2;1;61925;0.0005;0.0007;61925;61925;0
"Unity.TextMeshPro.dll!TMPro::TextMeshProUGUI.UpdateSubObjectPivot()";0.0012;0.0012;0.0012;62046;62046;62046;19;19;0.00120000005699694;0.0012;0.0012;0.0012;3;3;3;3;1;62046;0.0003;0.0005;62046;62046;0
"UnityEngine.CoreModule.dll!UnityEngine::Transform.get_localScale()";0.0012;0.0004;0.0233;60524;61463;61858;8;20;0.176599998754682;0.001748515;0.0008;0.002;366;3;1;8;101;60318;0.0002;0.0115;60331;61858;0
"Unity.TextMeshPro.dll!TMPro::TMP_Text.get_transform()";0.0012;0.0006;0.0141;60560;60474;62046;15;15;0.0726999980979599;0.0018175;0.001;0.0017;104;2;1;15;40;60347;0.0005;0.0028;60370;61925;0
"UnityEngine.ParticleSystemModule.dll!::MainModule.set_gravityModifier()";0.0012;0.0008;0.0033;60581;60335;60916;12;13;0.0967999991844408;0.001308108;0.0009;0.0014;77;1;1;2;74;60331;0.0007;0.0026;60524;60347;0
"UnityEngine.IMGUIModule.dll!UnityEngine::GUIStyle.get_fixedWidth()";0.0012;0.0008;0.014;60590;60509;61088;11;12;2.32829994900385;0.001344284;0.0009999999;0.0014;3538;2;2;6;1732;60314;0.0002;0.0103;60323;61088;0.0015
"UnityEngine.CoreModule.dll!UnityEngine::LineRenderer.set_positionCount_Injected()";0.0012;0.0004;0.0526;60643;60526;61089;7;25;1.80759994065738;0.001402327;0.0008;0.0017;3669;2;1;10;1289;60314;0;0.0494;61084;61089;0.0007
"UnityEngine.UI.dll!UnityEngine.EventSystems::UIBehaviour.IsDestroyed()";0.0012;0.0005;0.0187;60661;60579;60747;10;10;1.9823999570217;0.001515596;0.0007;0.0017;2600;2;1;12;1308;60314;0.0005;0.0187;60314;60747;0.0006
"UnityEngine.CoreModule.dll!UnityEngine.Sprites::DataUtility.GetPadding()";0.0012;0.0005;0.0162;60668;60553;60966;15;16;1.78609998128377;0.00137604;0.0008;0.0016;2514;2;1;8;1298;60314;0.0003;0.0162;60437;60966;0.0007
"Assembly-CSharp.dll!::TowerWeapon.UPGrade()";0.0012;0.0011;0.0019;60696;60370;60360;17;17;0.0105999998049811;0.001325;0.0011;0.0014;8;1;1;1;8;60360;0.0011;0.0019;60370;60360;0
"Assembly-CSharp.dll!::PlayerService.TrySpendGold()";0.0012;0.0009;0.0032;60707;60370;60360;17;17;0.0117999997455627;0.001475;0.001;0.0013;8;1;1;1;8;60360;0.0009;0.0032;60370;60360;0
"Assembly-CSharp.dll!::TowerWeapon.get_DisplayName()";0.0012;0.0011;0.0453;60732;60684;60370;7;18;0.0569999992148951;0.006333333;0.0012;0.0018;9;1;1;1;9;60360;0.0011;0.0453;60684;60370;0
"UnityEngine.GridModule.dll!UnityEngine::GridLayout.CellToLocalInterpolated()";0.0012;0.0009999999;0.0024;60762;60325;60612;7;7;0.0797999987844378;0.001352542;0.0011;0.0015;118;2;2;2;59;60318;0.0002;0.0021;60325;60612;0
"mscorlib.dll!System.Collections.Generic::List`1.CopyTo()";0.0012;0.0004;0.5197001;60846;60560;61925;19;54;0.591700049990322;0.009245314;0.0006;0.0015;334;1;1;263;64;60318;0.0003;0.0048;61925;61925;0
"UnityEngine.UI.dll!UnityEngine.UI::Graphic.get_defaultGraphicMaterial()";0.0012;0.001;0.0063;60907;60938;60429;16;16;0.0403999988920987;0.002244444;0.0011;0.0018;50;2;2;7;18;60318;0.0005;0.0051;60318;61925;0
"UnityEngine.CoreModule.dll!UnityEngine::Transform.SetParent_Injected()";0.0012;0.0005;0.02;60970;60526;61686;9;23;0.848499984946102;0.001539927;0.0008;0.0019;1183;2;1;18;551;60314;0.0001;0.0087;60357;61686;0.0012
"UnityEngine.CoreModule.dll!UnityEngine::Transform.SetPositionAndRotation()";0.0012;0.0006;0.011;61279;61207;61858;9;20;0.53039999678731;0.001607273;0.0009;0.0019;527;1;1;6;330;60314;0.0004;0.0054;60323;61089;0
"UnityEngine.CoreModule.dll!UnityEngine::GameObject.TryGetComponent()";0.0012;0.0009;0.0053;61373;61433;60429;10;15;0.0271000002976507;0.001806667;0.001;0.0017;19;1;1;3;15;60318;0.0007;0.004;60429;60349;0
"UnityEngine.CoreModule.dll!UnityEngine::RectOffset.get_left()";0.0012;0.0007;0.0142;61480;62046;62032;10;16;2.43609995226143;0.001405713;0.0011;0.0014;3540;2;2;6;1733;60314;0.0002;0.0128;60337;62032;0.0015
"UnityEngine.CoreModule.dll!UnityEngine::LineRenderer.set_endWidth()";0.0012;0.0005;0.008099999;61535;60318;61435;6;23;0.748199981753714;0.00150241;0.0011;0.0016;1324;3;1;5;498;60318;0.0002;0.0052;60369;60346;0
"FixedUpdate.AudioFixedUpdate";0.0012;0.0006;0.0081;61634;60548;61254;2;2;2.53959998377832;0.001518899;0.001;0.0017;1696;1;1;16;1672;60314;0;0.0081;62100;61254;0.0015
"RenderTexture.GarbageCollectTemporary";0.0012;0.0005;0.013;61785;60367;61872;5;8;3.22139998490456;0.0016107;0.001;0.0017;2001;1;1;2;2000;60314;0.0004;0.013;62046;61872;0.002
"ClipperRegistry.Cull";0.0012;0.0008;0.029;61816;60605;61118;9;9;2.93049999111099;0.00146525;0.0011;0.0015;2000;1;1;1;2000;60314;0.0008;0.029;60605;61118;0.0011
"UnityEngine.Physics2DModule.dll!UnityEngine::ContactFilter2D.SetDepth()";0.0012;0.0005;0.0099;61868;60750;60623;8;19;1.85159996483708;0.001442056;0.0009;0.0017;2515;2;1;5;1284;60314;0.0002;0.0096;60316;61266;0.0008
"Assembly-CSharp.dll!::BossIntroFx.StopGather()";0.0012;0.0009;0.0014;61925;60815;61373;7;18;0.00349999987520278;0.001166667;0.0009;0.0012;3;1;1;1;3;60815;0.0009;0.0014;60815;61373;0
"Newtonsoft.Json.dll!Newtonsoft.Json.Serialization::JsonContainerContract.set_ItemContract()";0.0012;0.0012;0.0012;61925;61925;61925;33;33;0.00119999994058162;0.0012;0.0012;0.0012;1;1;1;1;1;61925;0.0012;0.0012;61925;61925;0
"Newtonsoft.Json.dll!Newtonsoft.Json::JsonWriter.get_Culture()";0.0012;0.0012;0.0012;61925;61925;61925;25;27;0.00119999994058162;0.0012;0.0012;0.0012;6;6;6;6;1;61925;0.0002;0.0002;61925;61925;0
"System.Core.dll!::SelectManySingleSelectorIterator`2.Dispose()";0.0012;0.0012;0.0012;61925;61925;61925;38;42;0.00119999994058162;0.0012;0.0012;0.0012;4;4;4;4;1;61925;0.0002;0.0005;61925;61925;0
"TilemapRenderer.PrepareChunkMode";0.0012;0.0006;0.0301;61987;60852;61787;9;9;1.78389996761689;0.001354518;0.0011;0.0014;3951;3;3;3;1317;60314;0.0001;0.0295;60695;61787;0.0012
"UnityEngine.CoreModule.dll!UnityEngine::Transform.GetChild_Injected()";0.0012;0.0012;0.0012;62046;62046;62046;13;16;0.00119999994058162;0.0012;0.0012;0.0012;10;10;10;10;1;62046;0;0.0007;62046;62046;0
"UnityEngine.UI.dll!::<>c.<GetPreferredHeight>b__7_0()";0.0012;0.0012;0.0012;62046;62046;62046;20;20;0.00119999994058162;0.0012;0.0012;0.0012;6;6;6;6;1;62046;0.0002;0.0002;62046;62046;0
"EarlyUpdate.Physics2DEarlyUpdate";0.0012;0.0006;0.0403;62211;60549;62012;2;2;3.10109998058761;0.00155055;0.001;0.0017;2000;1;1;1;2000;60314;0.0006;0.0403;60549;62012;0.0017
"Assembly-CSharp.dll!::TowerWeapon.get_AttackTarget()";0.0012;0;0.0172;60620;60758;61858;6;17;2.42269973548537;0.001422607;0.0006;0.0018;32830;18;1;67;1703;60314;0;0.0066;60314;61865;0.0005
"Assembly-CSharp.dll!::TowerWeapon.set_AttackTarget()";0.0012;0;0.03790002;61288;60440;61366;7;12;2.55339982316218;0.001724105;0.0004;0.0024;19819;11;1;39;1481;60315;0;0.034;60316;61366;0.0001
"UnityEngine.UI.dll!UnityEngine.UI::Image.get_sprite()";0.0012;0.0002;0.04170002;61459;60579;60346;12;27;2.0025997673074;0.001542835;0.0007;0.0018;30598;24;12;150;1298;60314;0;0.0395;60314;60346;0.0004
"CanvasRenderer.SyncWorldRect";0.0012;0.0003;0.0137;61711;60844;62255;5;5;2.52879978856072;0.001344391;0.0008;0.0017;14497;7;2;53;1881;60314;0;0.0134;60315;62255;0.0023
"mscorlib.dll!System.Runtime.InteropServices::SafeHandle.DangerousAddRef()";0.0012;0.0012;0.0012;61925;61925;61925;27;29;0.0011999998241663;0.0012;0.0012;0.0012;18;18;18;18;1;61925;0;0.0001;61925;61925;0
"mscorlib.dll!System.Text::UTF8Encoding.InRange()";0.0012;0.0012;0.0012;61925;61925;61925;27;28;0.0011999998241663;0.0012;0.0012;0.0012;22;22;22;22;1;61925;0;0.0001;61925;61925;0
"Newtonsoft.Json.dll!::<>c__DisplayClass80_0..ctor()";0.0012;0.0012;0.0012;61925;61925;61925;38;41;0.0011999998241663;0.0012;0.0012;0.0012;20;20;20;20;1;61925;0;0.0001;61925;61925;0
"Newtonsoft.Json.dll!Newtonsoft.Json.Serialization::DefaultContractResolver.get_IgnoreIsSpecifiedMembers()";0.0012;0.0012;0.0012;61925;61925;61925;37;40;0.0011999998241663;0.0012;0.0012;0.0012;20;20;20;20;1;61925;0;0.0001;61925;61925;0
"Newtonsoft.Json.dll!Newtonsoft.Json.Serialization::JsonContainerContract.get_FinalItemContract()";0.0012;0.0012;0.0012;61925;61925;61925;28;32;0.0011999998241663;0.0012;0.0012;0.0012;14;14;14;14;1;61925;0;0.0002;61925;61925;0
"Newtonsoft.Json.dll!Newtonsoft.Json.Serialization::JsonProperty.set_IsReference()";0.0012;0.0012;0.0012;61925;61925;61925;38;41;0.0011999998241663;0.0012;0.0012;0.0012;20;20;20;20;1;61925;0;0.0001;61925;61925;0
"Newtonsoft.Json.dll!Newtonsoft.Json.Serialization::JsonProperty.set_ObjectCreationHandling()";0.0012;0.0012;0.0012;61925;61925;61925;38;41;0.0011999998241663;0.0012;0.0012;0.0012;20;20;20;20;1;61925;0;0.0001;61925;61925;0
"mscorlib.dll!System::Array.InternalArray__ICollection_Contains()";0.0012;0.0012;0.0012;62046;62046;62046;15;16;0.0011999998241663;0.0012;0.0012;0.0012;30;30;30;30;1;62046;0;0.0001;62046;62046;0
"UnityEngine.CoreModule.dll!UnityEngine::Renderer.get_sortingLayerID()";0.0011;0.0007;0.0026;60337;60518;60445;12;16;0.0898999989149161;0.001198667;0.0008;0.0014;81;1;1;3;75;60331;0.0003;0.0026;61165;60445;0
"UnityEngine.UI.dll!UnityEngine.EventSystems::ExecuteEvents.ValidateEventData()";0.0011;0.0006;0.002;60356;60343;62250;12;12;0.0297999993199483;0.001064286;0.0007;0.0012;38;1;1;2;28;60343;0.0005;0.002;60370;62250;0
"UnityEngine.UI.dll!UnityEngine.UI::Image.set_sprite()";0.0011;0.0008;0.0493;60360;60642;61925;7;20;0.0664999998407438;0.005541667;0.0009;0.0025;19;1;1;4;12;60360;0.0007;0.0485;60771;61925;0
"mscorlib.dll!System::Array.FastCopy()";0.0011;0.0004;0.08120026;60398;60750;61925;9;56;0.459800248965621;0.001517493;0.0009;0.0014;1011;1;1;540;303;60315;0;0.0044;61925;61252;0.0018
"mscorlib.dll!System::Math.Cos()";0.0011;0.0011;0.0011;60429;60429;60429;13;13;0.00219999998807907;0.0011;0.0011;0.0011;6;3;3;3;2;60429;0.0002;0.0005;60524;60524;0
"UnityEngine.CoreModule.dll!UnityEngine::Application.InvokeOnBeforeRender()";0.0011;0.0006;0.0122;60459;62204;62199;4;4;2.4618999818922;0.00123095;0.0009;0.0013;2000;1;1;1;2000;60314;0.0006;0.0122;62204;62199;0.001
"Assembly-CSharp.dll!::Enemy.get_CanSplitOnKill()";0.0011;0.0009;0.0025;60474;60392;60581;10;18;0.0309999999590218;0.00124;0.001;0.0013;26;1;1;2;25;60347;0.0009;0.0025;60392;60581;0
"UnityEngine.InputLegacyModule.dll!UnityEngine::Input.get_mousePresent()";0.0011;0.0006;0.0237;60616;60367;61266;7;7;2.62499998148996;0.001313814;0.0008;0.0016;1998;1;1;1;1998;60314;0.0006;0.0237;60367;61266;0.0019
"UnityEngine.UIModule.dll!UnityEngine::CanvasRenderer.SetTexture_Injected()";0.0011;0.0007;0.0022;60642;61403;60429;14;14;0.0220999995362945;0.001227778;0.0009;0.0014;50;2;2;7;18;60318;0.0001;0.0017;60524;61373;0
"Assembly-CSharp.dll!::TowerVisualLibrary.PickRandomMeteo()";0.0011;0.0009;0.0018;60649;60463;61777;8;8;0.0148999999510124;0.001146154;0.001;0.0012;13;1;1;1;13;60344;0.0009;0.0018;60463;61777;0
"UnityEngine.CoreModule.dll!UnityEngine::Camera.get_cullingMask()";0.0011;0.0006;0.0456;60674;60347;60654;5;5;2.52609997498803;0.001322565;0.0009;0.0014;3820;2;2;2;1910;60314;0.0002;0.0449;60319;60654;0.0018
"UnityEngine.UI.dll!UnityEngine.UI.CoroutineTween::TweenRunner`1.Start()";0.0011;0.0008;0.0043;60696;60380;61493;19;27;0.0535999999847263;0.00134;0.0009;0.0014;44;1;1;3;40;60318;0.0005;0.0043;60524;61493;0
"UnityEngine.CoreModule.dll!UnityEngine::Vector2.get_normalized()";0.0011;0.0004;0.0079;60727;60649;61858;10;20;0.0639999989944045;0.00128;0.0009;0.0013;127;3;1;4;50;60331;0.0002;0.0029;60331;61858;0
"Assembly-CSharp.dll!::Enemy.Move()";0.0011;0.0005;0.0028;60815;60399;60318;12;19;0.0224999999045394;0.00125;0.0008;0.0013;22;1;1;3;18;60318;0.0005;0.0028;60399;60318;0
"UGUI.Rendering.EmitWorldScreenspaceCameraGeometry";0.0011;0.0003;0.0329;60856;62219;60806;4;4;2.4450999564433;0.00122255;0.0009;0.0013;4000;2;2;2;2000;60314;0.0001;0.0325;60647;60806;0.0013
"UnityEngine.CoreModule.dll!UnityEngine::Camera.get_pixelRect_Injected()";0.0011;0.0003;0.1557;61002;62251;61238;6;6;2.7621999765397;0.0013811;0.0008;0.0017;2000;1;1;1;2000;60314;0.0003;0.1557;62251;61238;0.0029
"GarbageCollector.CollectIncremental";0.0011;0.0004;1.0484;61016;62047;61114;5;5;5.16800000899821;0.002584;0.0009;0.0013;2000;1;1;1;2000;60314;0.0004;1.0484;62047;61114;0.0012
"UpdateRendererBoundingVolumes";0.0011;0.0001;0.0405;61032;62085;61865;4;11;5.38199988732231;0.002691;0.0006;0.0033;6755;3;1;17;2000;60314;0;0.0344;60339;61937;0.0018
"mscorlib.dll!System::Span`1.op_Implicit()";0.0011;0.0001;0.0114;61157;60327;61925;7;38;0.803399966302095;0.001323558;0.0009;0.0014;3240;6;1;48;607;60314;0.0001;0.0032;60323;61071;0
"mscorlib.dll!System::Enum.GetValue()";0.0011;0.0011;0.0014;61165;61165;61686;27;27;0.00249999994412065;0.00125;0.0011;0.0011;2;1;1;1;2;61165;0.0011;0.0014;61165;61686;0
"UnityEngine.CoreModule.dll!UnityEngine.Experimental.Rendering::GraphicsFormatUtility.GetGraphicsFormat()";0.0011;0.0011;0.0011;61165;61165;61165;18;18;0.00219999998807907;0.0011;0.0011;0.0011;2;1;1;1;2;61165;0.0011;0.0011;61165;61165;0
"UnityEngine.CoreModule.dll!UnityEngine::Texture2D.ApplyImpl_Injected()";0.0011;0.0011;0.0016;61165;61165;61686;18;18;0.00269999995362014;0.00135;0.0011;0.0011;2;1;1;1;2;61165;0.0011;0.0016;61165;61686;0
"Renderers.OncePerFrameUpdate";0.0011;0.0004;0.0048;61185;62047;61154;3;8;2.46039994593593;0.0012302;0.0009999999;0.0013;4001;2;2;3;2000;60314;0.0001;0.0041;60337;61325;0.0015
"Assembly-CSharp.dll!::BombProjectile.ReleaseAfterVfx()";0.0011;0.0007;0.003;61249;60497;61689;6;9;0.0713999989675358;0.00119;0.0009;0.0014;63;1;1;2;60;60323;0.0005;0.003;60587;61689;0
"UnityEngine.UIModule.dll!UnityEngine::CanvasRenderer.set_materialCount()";0.0011;0.0008;0.0088;61433;60815;61925;12;13;0.0389999992912635;0.002166667;0.0009999999;0.0015;59;2;2;12;18;60318;0.0003;0.0056;60318;61925;0
"SpeedTreeWindManager.UpdateGlobalAndLocalWinds";0.0011;0.0004;0.0189;61538;62098;61804;4;4;2.73809997914941;0.00136905;0.0008;0.0018;2000;1;1;1;2000;60314;0.0004;0.0189;62098;61804;0.0027
"UnityEngine.InputLegacyModule.dll!UnityEngine::Input.get_mousePosition_Injected()";0.0011;0.0003;0.0072;61587;60367;61089;6;11;2.56059992359951;0.0012803;0.0009;0.0015;9329;5;1;6;2000;60314;0;0.0051;60316;60688;0.0023
"UnityEngine.ParticleSystemModule.dll!::EmissionModule.set_rateOverTime()";0.0011;0.0008;0.0028;61608;60347;60916;12;13;0.0929999989457428;0.001256757;0.0009;0.0014;77;1;1;2;74;60331;0.0008;0.0027;60347;60346;0
"UnityEngine.CoreModule.dll!UnityEngine::Random.get_value()";0.0011;0.0005;0.0062;61661;61497;61159;7;23;0.538999952143058;0.0013475;0.0009999999;0.0014;3432;8;8;16;400;60363;0;0.0026;60363;61429;0
"mscorlib.dll!System::RuntimeType.GetAttributeFlagsImpl()";0.0011;0.0006;0.2102022;61686;62046;61925;16;58;0.213802246842533;0.04276045;0.0008;0.0011;953;3;1;944;5;61165;0.0001;0.0019;61925;61925;0
"PxScene.simulate";0.0011;0.0007;0.0162;61846;61842;62112;5;5;2.35769998718752;0.001410108;0.0009;0.0015;1696;1;1;16;1672;60314;0.0001;0.0162;62100;62112;0.0014
"FontEngine.GetPairAdjustmentRecords";0.0011;0.0011;0.0011;61925;61925;61925;21;21;0.00109999999403954;0.0011;0.0011;0.0011;2;2;2;2;1;61925;0.0003;0.0008;61925;61925;0
"mscorlib.dll!System.Reflection::PropertyInfo[].System.Collections.Generic.IEnumerable`1.GetEnumerator()";0.0011;0.0011;0.0011;61925;61925;61925;41;44;0.00109999999403954;0.0011;0.0011;0.0011;2;2;2;2;1;61925;0.0004;0.0007;61925;61925;0
"mscorlib.dll!System.Text::EncodingHelper.get_UTF8Unmarked()";0.0011;0.0011;0.0011;61925;61925;61925;24;25;0.00109999999403954;0.0011;0.0011;0.0011;6;6;6;6;1;61925;0.0001;0.0002;61925;61925;0
"System.dll!System.Collections.Specialized::OrderedDictionary.get_Count()";0.0011;0.0011;0.0011;61925;61925;61925;44;47;0.00109999999403954;0.0011;0.0011;0.0011;2;2;2;2;1;61925;0.0005;0.0006;61925;61925;0
"UnityEngine.CoreModule.dll!UnityEngine::Texture2D.get_format()";0.0011;0.0011;0.0011;61925;61925;61925;21;21;0.00109999999403954;0.0011;0.0011;0.0011;1;1;1;1;1;61925;0.0011;0.0011;61925;61925;0
"Render.Mesh";0.0011;0.0008;0.0033;61927;60731;61934;9;9;0.106299999752082;0.001181111;0.001;0.0012;90;1;1;1;90;60727;0.0008;0.0033;60731;61934;0
"UnityEngine.UIModule.dll!UnityEngine::CanvasRenderer.GetColor()";0.0011;0.0004;0.0041;62041;60475;60429;15;32;0.104199997585965;0.001447222;0.0009;0.0017;236;3;1;10;72;60318;0.0002;0.0021;60429;60719;0
"mscorlib.dll!System::Delegate.AllocDelegateLike_internal()";0.0011;0.0011;0.0011;62046;62046;62046;16;16;0.00109999999403954;0.0011;0.0011;0.0011;1;1;1;1;1;62046;0.0011;0.0011;62046;62046;0
"UnityEngine.CoreModule.dll!UnityEngine.Events::InvokableCall..ctor()";0.0011;0.0011;0.0011;62046;62046;62046;13;13;0.00109999999403954;0.0011;0.0011;0.0011;3;3;3;3;1;62046;0.0003;0.0004;62046;62046;0
"UnityEngine.UI.dll!UnityEngine.EventSystems::UIBehaviour..ctor()";0.0011;0.0011;0.0011;62046;62046;62046;14;14;0.00109999999403954;0.0011;0.0011;0.0011;1;1;1;1;1;62046;0.0011;0.0011;62046;62046;0
"UnityEngine.UIElementsModule.dll!UnityEngine.UIElements::UIElementsRuntimeUtility.UnregisterEventSystem()";0.0011;0.0011;0.0011;62046;62046;62046;14;14;0.00109999999403954;0.0011;0.0011;0.0011;1;1;1;1;1;62046;0.0011;0.0011;62046;62046;0
"EarlyUpdate.UpdateContentLoading";0.0011;0.0006;0.0049;62075;60741;61231;2;2;2.71699998702388;0.0013585;0.001;0.0015;2000;1;1;1;2000;60314;0.0006;0.0049;60741;61231;0.0019
"mscorlib.dll!System.Reflection::MethodBase.get_IsPublic()";0.0011;0.0011;0.0011;62095;62095;62095;15;15;0.00109999999403954;0.0011;0.0011;0.0011;1;1;1;1;1;62095;0.0011;0.0011;62095;62095;0
"UnityEngine.UI.dll!UnityEngine.EventSystems::BaseInput.get_mousePosition()";0.0011;0.0007;0.0503;62121;62088;60739;7;9;3.14709995809244;0.001574337;0.0009999999;0.0016;4000;2;2;3;1999;60314;0.0003;0.0489;60442;60739;0.0036
"mscorlib.dll!System.Collections.Generic::KeyValuePair`2.get_Value()";0.0011;0.0001;0.008099999;60512;60985;61529;9;12;2.10739976028708;0.001216041;0.0008;0.0013;31192;18;16;18;1733;60314;0;0.007;60314;61529;0.0009999999
"Unity.TextMeshPro.dll!TMPro::TextMeshProUGUI.UpdateEnvMapMatrix()";0.0011;0.0001;0.0079;60630;62047;61266;9;9;2.44199975935771;0.001221;0.0008;0.0014;24585;13;5;16;2000;60314;0;0.0068;60314;61297;0.0011
"UnityEngine.InputLegacyModule.dll!UnityEngine::Input.GetMouseButtonDown()";0.0011;0.0003;0.016;60762;62080;61253;5;11;2.58529978254228;0.00129265;0.0008;0.0014;16637;9;2;9;2000;60314;0;0.009;60314;61253;0.0028
"UnityEngine.CoreModule.dll!UnityEngine::Vector4.get_Item()";0.0011;0.0002;0.1003;60914;60578;61649;16;16;1.78429981354566;0.001374653;0.0006;0.0016;22090;18;8;64;1298;60314;0;0.0982;60314;61649;0.0005
"Unity.TextMeshPro.dll!TMPro::TMP_TextParsingUtilities.IsBaseGlyph()";0.0011;0.0001;0.0185;60951;60731;60538;13;24;2.38539979608322;0.001492741;0.0006;0.002;28891;13;1;103;1598;60314;0;0.0066;60314;60379;0.0015
"UnityEngine.CoreModule.dll!UnityEngine::Mesh.MarkDynamicImpl_Injected()";0.0011;0.0002;0.015;61150;60727;60538;15;17;2.21919981381507;0.001388736;0.0006;0.0018;17653;9;1;35;1598;60314;0;0.0024;60316;60609;0.0014
"Unity.TextMeshPro.dll!TMPro::TMP_Offset.get_zero()";0.0011;0.0001;0.0722;61197;60728;60947;12;15;2.36459979700885;0.001479725;0.0006;0.001899999;35306;18;2;70;1598;60314;0;0.071;60314;60947;0.0012
"UnityEngine.CoreModule.dll!UnityEngine::Object.MarkDirty_Injected()";0.0011;0.0001;0.0161;61237;60736;60538;10;31;2.26389977615327;0.001383802;0.0006;0.0018;21475;11;1;49;1636;60314;0;0.0087;60314;61031;0.0014
"UnityEngine.UI.dll!UnityEngine.UI.Collections::IndexedSet`1.get_Count()";0.0011;0.0003;0.1885;61685;62241;61247;9;27;2.76919974730117;0.0013846;0.0009;0.0014;31731;15;10;63;2000;60314;0;0.183;60314;61247;0.0011
"mscorlib.dll!::InternalEnumerator`1.Dispose()";0.0011;0.0011;0.0011;61925;61925;61925;39;44;0.00109999987762421;0.0011;0.0011;0.0011;17;17;17;17;1;61925;0;0.0001;61925;61925;0
"mscorlib.dll!System.Runtime.InteropServices::SafeHandle.DangerousGetHandle()";0.0011;0.0011;0.0011;61925;61925;61925;25;29;0.00109999987762421;0.0011;0.0011;0.0011;24;24;24;24;1;61925;0;0.0001;61925;61925;0
"mscorlib.dll!System::AttributeUsageAttribute.get_AllowMultiple()";0.0011;0.0011;0.0011;61925;61925;61925;40;50;0.00109999987762421;0.0011;0.0011;0.0011;12;12;12;12;1;61925;0;0.0001;61925;61925;0
"mscorlib.dll!System::RuntimeType.get_DeclaringType()";0.0011;0.0011;0.0011;61925;61925;61925;46;49;0.00109999987762421;0.0011;0.0011;0.0011;4;4;4;4;1;61925;0;0.0006;61925;61925;0
"Newtonsoft.Json.dll!::<>c.<GetSerializableMembers>b__40_0()";0.0011;0.0011;0.0011;61925;61925;61925;38;41;0.00109999987762421;0.0011;0.0011;0.0011;20;20;20;20;1;61925;0;0.0001;61925;61925;0
"Newtonsoft.Json.dll!Newtonsoft.Json.Serialization::JsonProperty.get_ItemReferenceLoopHandling()";0.0011;0.0011;0.0011;61925;61925;61925;33;33;0.00109999987762421;0.0011;0.0011;0.0011;11;11;11;11;1;61925;0;0.0002;61925;61925;0
"Newtonsoft.Json.dll!Newtonsoft.Json.Serialization::JsonProperty.set_Ignored()";0.0011;0.0011;0.0011;61925;61925;61925;38;41;0.00109999987762421;0.0011;0.0011;0.0011;20;20;20;20;1;61925;0;0.0001;61925;61925;0
"Newtonsoft.Json.dll!Newtonsoft.Json.Serialization::JsonProperty.set_ItemIsReference()";0.0011;0.0011;0.0011;61925;61925;61925;38;41;0.00109999987762421;0.0011;0.0011;0.0011;20;20;20;20;1;61925;0;0.0001;61925;61925;0
"Newtonsoft.Json.dll!Newtonsoft.Json.Serialization::JsonProperty.set_TypeNameHandling()";0.0011;0.0011;0.0011;61925;61925;61925;38;41;0.00109999987762421;0.0011;0.0011;0.0011;20;20;20;20;1;61925;0;0.0002;61925;61925;0
"Newtonsoft.Json.dll!Newtonsoft.Json.Serialization::JsonProperty.set_Writable()";0.0011;0.0011;0.0011;61925;61925;61925;37;40;0.00109999987762421;0.0011;0.0011;0.0011;20;20;20;20;1;61925;0;0.0001;61925;61925;0
"Newtonsoft.Json.dll!Newtonsoft.Json::JsonWriter.get_StringEscapeHandling()";0.0011;0.0011;0.0011;61925;61925;61925;25;35;0.00109999987762421;0.0011;0.0011;0.0011;17;17;17;17;1;61925;0;0.0001;61925;61925;0
"UnityEngine.CoreModule.dll!UnityEngine::AsyncOperation.get_isDone_Injected()";0.0011;0.0011;0.0011;62046;62046;62046;27;27;0.00109999987762421;0.0011;0.0011;0.0011;3;3;3;3;1;62046;0.0001;0.0009;62046;62046;0
"UnityEngine.CoreModule.dll!UnityEngine::Camera.get_orthographic()";0.001;0.0007;0.0029;60336;61388;60900;7;13;0.0309999998426065;0.001148148;0.0008;0.0011;27;1;1;1;27;60315;0.0007;0.0029;61388;60900;0
"UnityEngine.CoreModule.dll!UnityEngine::Display.RelativeMouseAt()";0.001;0.0005;0.008400001;60676;60426;62307;5;13;2.36989997309865;0.00118495;0.0007;0.0014;2089;1;1;2;2000;60314;0.0002;0.0065;62092;61546;0.0029
"UnityEngine.CoreModule.dll!UnityEngine.Rendering::SupportedRenderingFeatures.IsUIOverlayRenderedBySRP()";0.001;0.0005;0.0105;60842;62071;61859;3;3;2.2897999798297;0.0011449;0.0008;0.0012;2000;1;1;1;2000;60314;0.0005;0.0105;62071;61859;0.0012
"Assembly-CSharp.dll!::PanelPlayerTMP.RefreshHp()";0.001;0.0006;0.0134;60851;60835;61866;5;5;2.05849997675978;0.00118851;0.0008;0.0012;1732;1;1;1;1732;60314;0.0006;0.0134;60835;61866;0.0008
"mscorlib.dll!System::Number.TryUInt32ToDecStr()";0.001;0.0006;0.0025;60874;60831;60854;11;25;0.0307999997166917;0.0011;0.0008;0.0012;33;1;1;6;28;60315;0.0002;0.0025;61925;60854;0
"UnityEngine.CoreModule.dll!UnityEngine::Renderer.get_bounds_Injected()";0.001;0.0009;0.0011;60956;60399;61511;8;8;0.00300000002607703;0.001;0.0009;0.001;3;1;1;1;3;60399;0.0009;0.0011;60399;61511;0
"Assembly-CSharp.dll!::MapDirector.Update()";0.001;0.0005;0.2177;61100;60429;61859;4;4;2.6633999812766;0.00153776;0.0007;0.0014;1732;1;1;1;1732;60314;0.0005;0.2177;60429;61859;0.0009
"UnityEngine.CoreModule.dll!UnityEngine.Events::InvokableCall`1..ctor()";0.001;0.0008;0.0032;61110;60380;60379;20;35;0.0756999998120591;0.001182812;0.0009;0.0012;71;1;1;4;64;60318;0.0004;0.0032;60524;60379;0
"UnityEngine.CoreModule.dll!UnityEngine::Mathf.Atan2()";0.001;0.0005;0.0079;61146;60490;61858;6;20;1.05609998485306;0.001281675;0.0008;0.0015;1281;1;1;8;824;60314;0.0002;0.004;60331;61152;0
"UnityEngine.UIElementsModule.dll!UnityEngine.UIElements.UIR::UIRenderDevice.ProcessDeviceFreeQueue()";0.001;0.0005;0.0119;61181;62054;61074;5;5;2.32819997920888;0.0011641;0.0009;0.0012;2000;1;1;1;2000;60314;0.0005;0.0119;62054;61074;0.0009
"Assembly-CSharp.dll!::ChainLightning.AnimateHop()";0.001;0.0007;0.0033;61208;60363;61159;6;22;0.0379999997094274;0.001310345;0.0008;0.0014;29;1;1;1;29;60363;0.0007;0.0033;60363;61159;0
"Initialization.XREarlyUpdate";0.001;0.0005;0.0093;61347;62098;62307;2;2;2.46139997907449;0.0012307;0.0008;0.0013;2000;1;1;1;2000;60314;0.0005;0.0093;62098;62307;0.001
"UnityEngine.CoreModule.dll!UnityEngine::MonoBehaviour.IsObjectMonoBehaviour()";0.001;0.0004;0.02289999;61462;60491;62046;6;35;0.760299979825504;0.001423783;0.0007;0.0016;1265;2;1;69;534;60314;0.0002;0.0085;60398;60542;0
"UnityEngine.InputModule.dll!UnityEngineInternal.Input::NativeInputSystem.NotifyUpdate()";0.001;0.0004;0.0104;61590;60390;60865;3;4;2.40649994465639;0.00120325;0.0009;0.0013;5696;3;2;18;2000;60314;0.0001;0.009;60774;60865;0.0014
"UnityEngine.CoreModule.dll!UnityEngine::Renderer.SetMaterial_Injected()";0.001;0.0006;0.0021;61686;60479;60466;14;15;0.0840999995125458;0.001136487;0.0008;0.0013;77;1;1;2;74;60331;0.0003;0.0021;60524;60466;0
"Application.Integrate Assets in Background";0.001;0.0006;0.0216;61869;60673;62199;5;5;2.73439997871174;0.001367884;0.0008;0.0016;1999;1;1;1;1999;60314;0.0006;0.0216;60673;62199;0.0013
"Assembly-CSharp.dll!::WaveSystem.get_StageId()";0.001;0.001;0.001;61925;61925;61925;18;18;0.00100000004749745;0.001;0.001;0.001;1;1;1;1;1;61925;0.001;0.001;61925;61925;0
"Unity.TextMeshPro.dll!TMPro::TextMeshProUGUI.SetActiveSubMeshes()";0.001;0.0009;0.006399999;61925;60428;62046;10;25;0.0104999993927777;0.0021;0.0009;0.0013;29;3;2;18;5;60428;0.0002;0.0007;60428;62046;0
"UnityEngine.CoreModule.dll!UnityEngine::Texture.GetDataWidth()";0.001;0.0005;0.0012;61925;61165;61686;20;22;0.0027000000118278;0.0009;0.0005;0.001;4;1;1;2;3;61165;0.0005;0.0012;61165;61686;0
"Analytics.OnPlayerSessionStateChanged";0.001;0.0004;0.001;62095;62313;62095;5;5;0.00240000008489005;0.0008;0.0004;0.001;3;1;1;1;3;62095;0.0004;0.001;62313;62095;0
"UnityEngine.UIModule.dll!UnityEngine::Canvas.get_sortingLayerID()";0.001;0.0004;0.0061;62119;62047;60681;11;11;0.349599995854078;0.001102839;0.0006;0.0013;601;1;1;4;317;60341;0.0002;0.0032;60343;62142;0
"UnityEngine.UIModule.dll!UnityEngine::Canvas.get_sortingOrder()";0.001;0.0004;0.0116;62210;62042;60693;11;11;0.356199996662326;0.001123659;0.0006;0.0013;601;1;1;4;317;60341;0.0002;0.0109;60345;60693;0
"UnityEngine.CoreModule.dll!UnityEngine::Sprite.GetInnerUVs()";0.0009999999;0.0005;0.019;60481;60475;61513;16;16;1.54399998148438;0.001189522;0.0007;0.0013;2507;2;1;8;1298;60314;0.0003;0.0174;60314;61513;0.0006
"UnityEngine.CoreModule.dll!Unity.Collections.LowLevel.Unsafe::UnsafeUtility.IsBlittable()";0.0009999999;0.0004;0.0064;60624;60899;60610;10;10;2.28439993754728;0.0011422;0.0008;0.0013;8000;4;4;4;2000;60314;0;0.0058;60316;60610;0.0012
"mscorlib.dll!System.Threading::Thread.GetCurrentCultureNoAppX()";0.0009999999;0.0005;0.0215;60638;60377;61925;11;37;0.273699992278125;0.001278972;0.0006;0.0015;360;1;1;38;214;60314;0.0003;0.0032;60360;61159;0
"UnityEngine.UI.dll!UnityEngine.UI::Image.IsRaycastLocationValid()";0.0009999999;0.0003;0.0089;60706;62116;60379;14;14;0.353299991606036;0.001114511;0.0006;0.0014;835;1;1;5;317;60341;0.0001;0.008;60345;60379;0
"UnityEngine.UI.dll!UnityEngine.EventSystems::BaseInputModule.GetBaseEventData()";0.0009999999;0.0003;0.0037;60726;60356;60379;7;15;0.142999997973675;0.001191667;0.0008;0.0013;235;2;1;2;120;60356;0.0001;0.0033;60363;60374;0
"UnityEngine.UI.dll!UnityEngine.EventSystems::PointerEventData.IsPointerMoving()";0.0009999999;0.0006;0.0129;60731;60413;61624;9;10;2.39509994065156;0.001198749;0.0008;0.0012;6292;3;3;4;1998;60314;0.0002;0.0093;60316;61624;0.0013
"UnityEngine.UI.dll!::ButtonState.get_button()";0.0009999999;0.0001;0.09570001;60805;61752;62201;9;11;2.39019978288707;0.001196296;0.0008;0.0012;33963;17;14;17;1998;60314;0;0.0951;60314;62201;0.0014
"mscorlib.dll!System.Collections.Generic::Dictionary`2.get_Count()";0.0009999999;0;0.01449999;60983;60733;60538;9;28;2.08839981183701;0.001306884;0.0005;0.0017;35311;18;2;70;1598;60314;0;0.0034;60314;60371;0.0009999999
"UnityEngine.CoreModule.dll!UnityEngine::Quaternion.Dot()";0.0009999999;0;0.01559999;61066;60823;60538;15;17;2.20899980566901;0.001382353;0.0006;0.001899999;28889;13;1;103;1598;60314;0;0.0037;60314;61175;0.0008
"UnityEngine.CoreModule.dll!UnityEngine::LineRenderer.set_useWorldSpace()";0.0009999999;0.0004;0.0092;61130;60578;61570;6;17;1.45879997659358;0.001145954;0.0007;0.0013;2424;2;1;4;1273;60314;0.0002;0.0048;60459;61513;0.0005
"UnityEngine.CoreModule.dll!UnityEngine::SpriteRenderer.set_drawMode_Injected()";0.0009999999;0.0009999999;0.0009999999;61165;61165;61165;16;16;0.00199999986216426;0.0009999999;0.0009999999;0.0009999999;4;2;2;2;2;61165;0.0003;0.0007;61165;61165;0
"Unity.TextMeshPro.dll!TMPro::TMP_Style.get_hashCode()";0.0009999999;0;0.0155;61166;60727;61160;13;26;2.12259981020179;0.001328285;0.0005;0.0017;35308;18;2;70;1598;60314;0;0.0137;60314;61160;0.0014
"Unity.TextMeshPro.dll!TMPro::TMP_FontStyleStack.Clear()";0.0009999999;0;0.02399999;61183;60731;60538;12;27;2.14399981433962;0.001341677;0.0005;0.0018;35307;18;2;70;1598;60314;0;0.0089;60314;60538;0.0011
"UnityEngine.UIModule.dll!UnityEngine::Canvas.get_pixelPerfect()";0.0009999999;0.0005;0.0327;61480;60531;61216;16;17;1.55049996607704;0.00119453;0.0007;0.0013;2514;2;1;8;1298;60314;0.0002;0.032;60356;61216;0.0007
"Unity.TextMeshPro.dll!TMPro::HighlightState..ctor()";0.0009999999;0;0.01259999;61493;60731;60538;12;15;2.18229980236356;0.001365644;0.0005;0.0018;35306;18;2;70;1598;60314;0;0.0086;60314;61795;0.0016
"mscorlib.dll!System::Object.virt_stelemref_class_small_idepth()";0.0009999999;0;0.06930046;61626;60731;61925;9;53;2.30810028052656;0.001432713;0.0006;0.001899999;19891;10;1;782;1611;60314;0;0.0126;60316;61594;0.002
"UnityEngine.CoreModule.dll!UnityEngine::RectTransform.get_rect_Injected()";0.0009999999;0.0003;0.0162;61672;60576;61632;12;31;1.68249986600131;0.001289272;0.0007;0.0015;10640;8;2;49;1305;60314;0;0.0145;60314;61632;0.0005
"UnityEngine.CoreModule.dll!UnityEngine::Vector2.op_Implicit()";0.0009999999;0.0001;0.08210002;61701;62046;61849;5;23;2.66979970359534;0.0013349;0.0006;0.0015;33182;16;3;42;2000;60314;0;0.0798;60314;61849;0.0006
"mscorlib.dll!::EmptyInternalEnumerator`1.Dispose()";0.0009999999;0.0009999999;0.0009999999;61925;61925;61925;41;45;0.000999999931082129;0.0009999999;0.0009999999;0.0009999999;11;11;11;11;1;61925;0;0.0001;61925;61925;0
"mscorlib.dll!System.Collections.Generic::ComparisonComparer`1..ctor()";0.0009999999;0.0009999999;0.0009999999;61925;61925;61925;42;45;0.000999999931082129;0.0009999999;0.0009999999;0.0009999999;2;2;2;2;1;61925;0.0004;0.0006;61925;61925;0
"mscorlib.dll!System.Collections::HashHelpers.ExpandPrime()";0.0009999999;0.0007;0.001;61925;62046;60537;11;43;0.00269999995362014;0.0009;0.0007;0.0009999999;11;4;1;6;3;60537;0.0001;0.001;61925;60537;0
"mscorlib.dll!System.Runtime.InteropServices::SafeHandle.get_IsClosed()";0.0009999999;0.0009999999;0.0009999999;61925;61925;61925;25;27;0.000999999931082129;0.0009999999;0.0009999999;0.0009999999;24;24;24;24;1;61925;0;0.0001;61925;61925;0
"mscorlib.dll!System::Environment.get_NewLine()";0.0009999999;0.0009999999;0.0009999999;61925;61925;61925;25;28;0.000999999931082129;0.0009999999;0.0009999999;0.0009999999;12;12;12;12;1;61925;0;0.0001;61925;61925;0
"mscorlib.dll!System::RuntimeTypeHandle.IsInstanceOfType()";0.0009999999;0.0009999999;0.0009999999;61925;61925;61925;42;45;0.000999999931082129;0.0009999999;0.0009999999;0.0009999999;2;2;2;2;1;61925;0.0004;0.0006;61925;61925;0
"Newtonsoft.Json.dll!::<>c__DisplayClass81_0..ctor()";0.0009999999;0.0009999999;0.0009999999;61925;61925;61925;38;41;0.000999999931082129;0.0009999999;0.0009999999;0.0009999999;20;20;20;20;1;61925;0;0.0001;61925;61925;0
"Newtonsoft.Json.dll!Newtonsoft.Json.Serialization::JsonProperty..ctor()";0.0009999999;0.0009999999;0.0009999999;61925;61925;61925;37;40;0.000999999931082129;0.0009999999;0.0009999999;0.0009999999;20;20;20;20;1;61925;0;0.0001;61925;61925;0
"Newtonsoft.Json.dll!Newtonsoft.Json.Serialization::JsonProperty.get_HasMemberAttribute()";0.0009999999;0.0009999999;0.0009999999;61925;61925;61925;37;40;0.000999999931082129;0.0009999999;0.0009999999;0.0009999999;20;20;20;20;1;61925;0;0.0001;61925;61925;0
"Newtonsoft.Json.dll!Newtonsoft.Json.Serialization::JsonProperty.get_ReferenceLoopHandling()";0.0009999999;0.0009999999;0.0009999999;61925;61925;61925;31;32;0.000999999931082129;0.0009999999;0.0009999999;0.0009999999;14;14;14;14;1;61925;0;0.0001;61925;61925;0
"Newtonsoft.Json.dll!Newtonsoft.Json.Serialization::JsonProperty.set_HasMemberAttribute()";0.0009999999;0.0009999999;0.0009999999;61925;61925;61925;38;41;0.000999999931082129;0.0009999999;0.0009999999;0.0009999999;20;20;20;20;1;61925;0;0.0001;61925;61925;0
"Newtonsoft.Json.dll!Newtonsoft.Json.Serialization::JsonProperty.set_ItemTypeNameHandling()";0.0009999999;0.0009999999;0.0009999999;61925;61925;61925;38;41;0.000999999931082129;0.0009999999;0.0009999999;0.0009999999;20;20;20;20;1;61925;0;0.0001;61925;61925;0
"mscorlib.dll!System::RuntimeMethodHandle.get_Value()";0.0009999999;0.0009999999;0.008099994;62046;62046;61925;16;54;0.00909999362193048;0.004549997;0.0009999999;0.0009999999;144;17;17;127;2;61925;0;0.0001;61925;61925;0
"mscorlib.dll!System::Type.get_Attributes()";0.0009999999;0.0009;0.1803002;62046;61165;61925;25;57;0.183800161175895;0.04595004;0.0009;0.0016;480;3;2;472;4;61165;0.0002;0.0029;61165;61925;0
"System.dll!System.Collections.Generic::LinkedListNode`1.get_Value()";0.0009999999;0.0009999999;0.0009999999;62046;62046;62046;16;19;0.000999999931082129;0.0009999999;0.0009999999;0.0009999999;18;18;18;18;1;62046;0;0.0001;62046;62046;0
"Unity.Addressables.dll!::ResourceLocation.get_InternalId()";0.0009999999;0.0009999999;0.0009999999;62046;62046;62046;9;25;0.000999999931082129;0.0009999999;0.0009999999;0.0009999999;18;18;18;18;1;62046;0;0.0001;62046;62046;0
"Unity.Profiling.Core.dll!Unity.Profiling::ProfilerCounterValue`1.get_Value()";0.0009999999;0.0009999999;0.0009999999;62046;62046;62046;28;28;0.000999999931082129;0.0009999999;0.0009999999;0.0009999999;9;9;9;9;1;62046;0.0001;0.0002;62046;62046;0
"Unity.ResourceManager.dll!UnityEngine.ResourceManagement.AsyncOperations::AsyncOperationHandle`1..ctor()";0.0009999999;0.0009999999;0.0009999999;62046;62046;62046;16;19;0.000999999931082129;0.0009999999;0.0009999999;0.0009999999;6;6;6;6;1;62046;0.0001;0.0002;62046;62046;0
"UnityEngine.CoreModule.dll!UnityEngine::RectTransform.set_anchoredPosition_Injected()";0.0009999999;0.0009999999;0.0009999999;62046;62046;62046;17;17;0.000999999931082129;0.0009999999;0.0009999999;0.0009999999;4;4;4;4;1;62046;0.0001;0.0003;62046;62046;0
"UnityEngine.UI.dll!UnityEngine.EventSystems::BaseInput.GetMouseButtonDown()";0.0009999999;0.0002;0.0236;62057;62046;61624;6;10;2.64469993505918;0.00132235;0.0009;0.0013;7994;4;1;4;2000;60314;0.0001;0.016;60314;61624;0.002
"Assembly-CSharp.dll!::PlayerService.AddGold()";0.0009;0.0006;0.0025;60347;60474;60581;12;20;0.0247999995481223;0.000992;0.0007;0.0011;26;1;1;2;25;60347;0.0005;0.0025;61689;60581;0
"UnityEngine.CoreModule.dll!UnityEngine::Rect.get_size()";0.0009;0;0.0138;60363;60549;61570;11;28;1.37109984143171;0.001050651;0.0005;0.0013;21373;17;1;67;1305;60314;0;0.0024;60314;60360;0.0002
"mscorlib.dll!System::Double.IsNaN()";0.0009;0.0005;0.0074;60370;60375;61089;11;36;1.96789994032588;0.00098395;0.0007;0.0009999999;8006;4;4;8;2000;60314;0.0001;0.0052;60314;61089;0.0007
"mscorlib.dll!System::Char.IsSeparator()";0.0009;0.0006;0.002;60379;60370;60696;16;16;0.0106999997515231;0.0009727273;0.0006;0.0009999999;26;2;2;5;11;60360;0.0002;0.0017;61925;60696;0
"UnityEngine.IMGUIModule.dll!UnityEngine::GUIUtility.Internal_GetDefaultSkin()";0.0009;0.0005;0.0076;60403;60447;61624;9;10;1.69419997296063;0.0009781756;0.0007;0.0009999999;3538;2;2;6;1732;60314;0.0001;0.0063;60327;61624;0.0011
"UIEvents.CanvasManagerEmitOffScreenGeometry";0.0009;0.0002;0.0352;60418;62047;62035;3;3;2.02639997702499;0.0010132;0.0007;0.001;2000;1;1;1;2000;60314;0.0002;0.0352;62047;62035;0.0012
"UnityEngine.Physics2DModule.dll!UnityEngine::Rigidbody2D.set_linearVelocity_Injected()";0.0009;0.0003;0.0056;60435;60347;61858;7;21;0.134799995284993;0.0009697842;0.0006;0.0011;403;2;1;9;139;60328;0;0.0021;60371;60681;0
"Assembly-CSharp.dll!::ChainLightningBehavior.AttackLoop()";0.0009;0.0006;0.0018;60460;60554;61371;11;16;0.0146999997086823;0.00098;0.0007;0.001;15;1;1;1;15;60363;0.0006;0.0018;60554;61371;0
"Assembly-CSharp.dll!::DamagePopupSpawner.EnsureExists()";0.0009;0.0006;0.0077;60479;60346;61594;9;19;0.256699995021336;0.001240097;0.0007;0.0014;279;1;1;5;207;60314;0.0005;0.0077;60323;61594;0
"UnityEngine.IMGUIModule.dll!UnityEngine::GUIUtility.CheckOnGUI()";0.0009;0.0005;0.0054;60544;60605;61069;7;8;1.72299998381641;0.0009948037;0.0007;0.0011;3538;2;2;6;1732;60314;0.0001;0.0046;60605;61138;0.0012
"UnityEngine.CoreModule.dll!UnityEngine::Camera.get_farClipPlane()";0.0009;0.0004;0.0052;60560;60323;61875;5;5;1.98389996986953;0.001038691;0.0007;0.0012;1910;1;1;1;1910;60314;0.0004;0.0052;60323;61875;0.0015
"UnityEngine.CoreModule.dll!UnityEngine::Color.Equals()";0.0009;0.0006;0.0025;60691;60428;60524;15;32;0.0663999996613711;0.0009910448;0.0008;0.001;79;1;1;4;67;60318;0.0005;0.002;60429;61173;0
"UnityEngine.CoreModule.dll!UnityEngine::SpriteRenderer.set_sprite_Injected()";0.0009;0.0003;0.0222;60728;60346;60854;7;20;0.499799996847287;0.002856;0.0005;0.0026;345;1;1;9;175;60315;0;0.0222;60318;60854;0
"UnityEngine.CoreModule.dll!UnityEngine::LineRenderer.set_startColor()";0.0009;0.0006;0.002;60741;60325;60990;6;7;0.0617999994428828;0.000922388;0.0007;0.001;74;1;1;2;67;60318;0.0003;0.0016;60471;60990;0
"UnityEngine.IMGUIModule.dll!UnityEngine::Event.set_displayIndex()";0.0009;0.0005;0.008;60807;62047;61217;5;6;2.10499997547595;0.0010525;0.0007;0.0011;2042;1;1;3;2000;60314;0.0002;0.008;62158;61217;0.002
"Assembly-CSharp.dll!::BossIntroFx.PlaySummonGatherThenClear()";0.0009;0.0009;0.0015;60815;60815;61373;7;7;0.00239999999757856;0.0012;0.0009;0.0009;2;1;1;1;2;60815;0.0009;0.0015;60815;61373;0
"UnityEngine.ParticleSystemModule.dll!::MainModule.set_startLifetimeBlittable()";0.0009;0.0005;0.0029;60832;61515;60441;13;14;0.0794999985955656;0.001074324;0.0007;0.0013;77;1;1;2;74;60331;0.0004;0.0029;60524;60441;0
"Assembly-CSharp.dll!::CannonBehavior.AttackLoop()";0.0009;0.0005;0.0033;60849;60466;60865;11;16;0.0285999996121973;0.001191667;0.0007;0.0011;25;1;1;2;24;60371;0.0005;0.0033;60466;60865;0
"UnityEngine.CoreModule.dll!UnityEngine::Rect.Contains()";0.0009;0;0.0177;60888;62086;61253;5;5;2.07319997470768;0.0010366;0.0007;0.0012;2000;1;1;1;2000;60314;0;0.0177;62086;61253;0.0018
"Unity.TextMeshPro.dll!TMPro::TextMeshPro.get_meshFilter()";0.0009;0.0005;0.0128;60922;60495;61154;13;27;0.48809998750221;0.001267792;0.0007;0.0015;586;1;1;7;385;60314;0.0005;0.0045;60347;61154;0.002
"Physics.Interpolation";0.0009;0.0002;0.0067;60923;60390;61437;3;3;1.99859997388558;0.0009993;0.0006;0.0013;3672;2;1;2;2000;60314;0;0.0065;61303;61437;0.0016
"Unity.TextMeshPro.dll!TMPro::TMP_Text.get_emojiFallbackSupport()";0.0009;0;0.0198;60993;60736;60572;14;27;2.04899983733048;0.001282228;0.0005;0.0018;28884;13;1;103;1598;60314;0;0.0157;60314;60572;0.0009999999
"UnityEngine.TextCoreFontEngineModule.dll!UnityEngine.TextCore::FaceInfo.get_baseline()";0.0009;0;0.42;61000;60817;61624;14;16;2.42049983113247;0.001514706;0.0005;0.0017;28889;13;1;103;1598;60314;0;0.4133;60314;61624;0.0013
"AudioManager.FixedUpdate";0.0009;0.0003;0.0047;61004;62098;60622;3;3;1.81379998239572;0.001084809;0.0007;0.0012;1696;1;1;16;1672;60314;0;0.0044;62100;61620;0.0011
"UnityEngine.CoreModule.dll!UnityEngine::Mesh.GetUVChannel()";0.0009;0;0.0151;61035;60705;60538;17;19;1.76969977805129;0.001082385;0.0004;0.0015;27709;15;1;59;1635;60314;0;0.0115;60314;60965;0.0011
"Unity.TextMeshPro.dll!TMPro::TMP_TextInfo.ClearPageInfo()";0.0009;0.0001;0.0199;61055;60727;61796;12;14;1.92479984454258;0.001204506;0.0005;0.0016;17653;9;1;35;1598;60314;0;0.0194;60314;61796;0.0008
"UnityEngine.CoreModule.dll!UnityEngine::Vector3.get_normalized()";0.0009;0.0004;0.0037;61065;60337;60853;5;8;0.419699993159156;0.001031204;0.0007;0.0012;528;1;1;4;407;60329;0.0002;0.0037;60463;60853;0
"mscorlib.dll!System.Collections.Generic::List`1.AddRange()";0.0009;0.0005;0.1246;61121;60861;61925;5;41;2.47169997467427;0.00123585;0.0007;0.0012;2154;1;1;11;2000;60314;0.0004;0.0309;62046;61925;0.0008
"UnityEngine.CoreModule.dll!UnityEngine::Mesh.get_subMeshCount()";0.0009;0.0004;0.0102;61135;60581;61570;20;20;1.38799998143804;0.001069337;0.0006;0.0012;2514;2;1;8;1298;60314;0.0002;0.0071;60318;61425;0.0006
"PreLateUpdate.ConstraintManagerUpdate";0.0009;0.0006;0.0084;61140;60331;61959;2;2;2.09639997361228;0.0010482;0.0008;0.0011;2000;1;1;1;2000;60314;0.0006;0.0084;60331;61959;0.0011
"UnityEngine.CoreModule.dll!UnityEngine.Experimental.Rendering::GraphicsFormatUtility.GetGraphicsFormat_Native_TextureFormat()";0.0009;0.0009;0.0009;61165;61165;61165;19;19;0.00179999996908009;0.0009;0.0009;0.0009;2;1;1;1;2;61165;0.0009;0.0009;61165;61165;0
"UnityEngine.CoreModule.dll!UnityEngine::SystemInfo.SupportsTextureFormatNative()";0.0009;0.0009;0.0009;61165;61165;61165;21;21;0.00179999996908009;0.0009;0.0009;0.0009;2;1;1;1;2;61165;0.0009;0.0009;61165;61165;0
"FixedUpdate.ScriptRunBehaviourFixedUpdate";0.0009;0.0005;0.0087;61176;60760;60415;2;2;1.85329997650115;0.001108433;0.0007;0.0013;1696;1;1;16;1672;60314;0;0.0087;62100;60415;0.0013
"UnityEngine.CoreModule.dll!UnityEngine::Vector2.get_Item()";0.0009;0;0.0147;61201;60920;61570;15;16;1.42579982644384;0.001098459;0.0006;0.0014;21095;17;8;64;1298;60314;0;0.0067;60314;61755;0.0002
"UnityEngine.UIModule.dll!UnityEngine::Canvas.get_additionalShaderChannels()";0.0009;0.0004;0.0021;61249;60474;62046;15;15;0.0380999995104503;0.0009525;0.0008;0.0011;86;2;1;5;40;60347;0.0003;0.0008;60347;61926;0
"LowLevelPhysics2D.PhysicsWorld.PostSimulate";0.0009;0.0005;0.0067;61257;60429;60681;5;5;1.75469997158507;0.001049462;0.0007;0.0012;1696;1;1;16;1672;60314;0.0003;0.0067;62100;60681;0.0018
"UnityEngine.CoreModule.dll!UnityEngine::RectOffset.get_bottom()";0.0009;0.0006;0.0056;61354;60390;61088;10;11;1.86339999199845;0.001075866;0.0008;0.0011;3538;2;2;6;1732;60314;0.0002;0.0047;60324;61359;0.0047
"Assembly-CSharp.dll!::BossIntroFx.ResolveSprites()";0.0009;0.0009;0.0022;61373;61373;60815;12;12;0.00309999997261912;0.00155;0.0009;0.0009;2;1;1;1;2;60815;0.0009;0.0022;61373;60815;0
"UnityEngine.CoreModule.dll!UnityEngine::RectOffset.get_right()";0.0009;0.0006;0.0432;61433;60417;61432;10;11;1.93049998767674;0.001114607;0.0008;0.0011;3538;2;2;6;1732;60314;0.0002;0.0428;60322;61432;0.0015
"UnityEngine.UI.dll!UnityEngine.UI::Image.ClearArray()";0.0009;0.0006;0.003;61433;60846;60429;13;13;0.0210000000079162;0.001166667;0.0007;0.0011;50;2;2;7;18;60318;0.0002;0.0021;60524;61925;0
"UnityEngine.TilemapModule.dll!UnityEngine.Tilemaps::Tilemap.get_origin()";0.0009;0.0007;0.0022;61463;60876;60429;10;19;0.026499999279622;0.00106;0.0009;0.0009999999;58;2;2;6;25;60318;0.0002;0.0011;60429;60990;0
"UnityEngine.IMGUIModule.dll!UnityEngine::GUIStyle.get_stretchWidth()";0.0009;0.0006;0.0098;61469;60336;61888;11;12;1.85679998988053;0.001072055;0.0008;0.0011;3538;2;2;6;1732;60314;0.0002;0.0095;60330;61888;0.0009
"mscorlib.dll!System::Object.virt_stelemref_interface()";0.0009;0.0003;0.0095;61477;60750;61370;13;36;1.45609997143038;0.001101437;0.0007;0.0013;2880;2;1;31;1322;60314;0;0.0095;60318;61370;0.0006
"UnityEngine.UI.dll!UnityEngine.EventSystems::BaseInput.GetMouseButtonUp()";0.0009;0.0004;0.0081;61477;60370;60720;10;10;2.10909995654947;0.001055606;0.0007;0.0011;5994;3;3;3;1998;60314;0.0001;0.0077;60314;60720;0.0012
"UnityEngine.TextCoreFontEngineModule.dll!UnityEngine.TextCore::Glyph.get_atlasIndex()";0.0009;0;0.02519999;61478;60905;60538;14;27;2.04999982446316;0.001282853;0.0005;0.0017;28884;13;1;103;1598;60314;0;0.0109;60314;60538;0.0015
"Update.DirectorUpdate";0.0009;0.0002;0.0126;61480;60762;61279;2;2;2.0427999792737;0.0010214;0.0007;0.0012;2000;1;1;1;2000;60314;0.0002;0.0126;60762;61279;0.0009
"Assembly-CSharp.dll!::MapDirector.get_IsWallPlacementLocked()";0.0009;0.0006;0.0341;61490;60367;60673;6;6;1.98889997944934;0.001148326;0.0007;0.0011;1739;1;1;2;1732;60314;0.0006;0.0341;60367;60673;0.001
"mscorlib.dll!System::Char.GetLatin1UnicodeCategory()";0.0009;0.0001;0.01259999;61504;60800;60538;14;44;2.01689979569346;0.00126214;0.0005;0.0017;28938;13;1;114;1598;60314;0;0.0049;60314;61628;0.0012
"PreUpdate.IMGUISendQueuedEvents";0.0009;0.0002;0.1945;61517;62047;60374;2;2;6.26769995743234;0.00313385;0.0006;0.0015;2000;1;1;1;2000;60314;0.0002;0.1945;62047;60374;0.0022
"Connections.Poll";0.0009;0.0003;0.0057;61520;60544;60854;6;6;2.07579997635912;0.0010379;0.0008;0.0012;2000;1;1;1;2000;60314;0.0003;0.0057;60544;60854;0.0016
"FixedUpdate.DirectorFixedUpdate";0.0009;0.0003;0.0051;61522;61379;60999;2;2;1.92269997636322;0.00114994;0.0007;0.0014;1696;1;1;16;1672;60314;0.0001;0.0051;62100;60999;0.0008
"mscorlib.dll!::Enumerator..ctor()";0.0009;0.0003;0.0118;61599;62083;60538;7;46;2.14629988011438;0.00107315;0.0008;0.0011;19676;10;8;59;2000;60314;0;0.0081;60314;60538;0.0021
"Assembly-CSharp.dll!::SliderPositionAutoSetter.Setup()";0.0009;0.0007;0.004;61616;60815;60429;9;21;0.0444999992032535;0.001171053;0.0008;0.0012;45;1;1;4;38;60318;0.0007;0.0021;60429;60581;0
"UnityEngine.ParticleSystemModule.dll!::EmissionModule.SetBurst()";0.0009;0.0006;0.0028;61616;60362;60916;14;15;0.0791999985231087;0.00107027;0.0007;0.0012;77;1;1;2;74;60331;0.0004;0.0025;60524;60476;0
"UnityEngine.CoreModule.dll!UnityEngine::Object.set_hideFlags()";0.0009;0.0007;0.0021;61686;61165;62046;10;16;0.00369999988470227;0.001233333;0.0007;0.0009;7;1;1;5;3;61165;0.0003;0.0009;62046;61686;0
"UnityEngine.CoreModule.dll!UnityEngine::Texture.get_height()";0.0009;0.0006;0.0014;61686;61165;61925;19;21;0.00289999990491197;0.0009666666;0.0006;0.0009;4;1;1;2;3;61165;0.0006;0.0009;61165;61686;0
"Assembly-CSharp.dll!::TowerWeapon.get_MultiShotCount()";0.0009;0.0007;0.0061;61773;61719;61858;7;17;0.0432999997283332;0.00117027;0.0009;0.0011;37;1;1;1;37;60331;0.0007;0.0061;61719;61858;0
"Unity.TextMeshPro.dll!TMPro::TMP_TextParsingUtilities.IsCJK()";0.0009;0.0007;0.01129999;61794;60675;60379;16;24;0.114799934439361;0.003279998;0.0008;0.007399995;1214;8;8;104;35;60347;0;0.0015;60360;60732;0
"mscorlib.dll!System::MarshalByRefObject..ctor()";0.0009;0.0009;0.0009;61925;61925;61925;25;29;0.000899999984540045;0.0009;0.0009;0.0009;18;18;18;18;1;61925;0;0.0001;61925;61925;0
"Newtonsoft.Json.dll!Newtonsoft.Json.Serialization::DefaultContractResolver.get_SerializeCompilerGeneratedMembers()";0.0009;0.0009;0.0009;61925;61925;61925;37;40;0.000899999984540045;0.0009;0.0009;0.0009;20;20;20;20;1;61925;0;0.0001;61925;61925;0
"Newtonsoft.Json.dll!Newtonsoft.Json.Serialization::JsonProperty.get_ItemTypeNameHandling()";0.0009;0.0009;0.0009;61925;61925;61925;36;36;0.000899999984540045;0.0009;0.0009;0.0009;11;11;11;11;1;61925;0;0.0001;61925;61925;0
"Newtonsoft.Json.dll!Newtonsoft.Json.Serialization::JsonProperty.get_TypeNameHandling()";0.0009;0.0009;0.0009;61925;61925;61925;33;34;0.000899999984540045;0.0009;0.0009;0.0009;14;14;14;14;1;61925;0;0.0001;61925;61925;0
"Newtonsoft.Json.dll!Newtonsoft.Json.Serialization::JsonProperty.set_ItemReferenceLoopHandling()";0.0009;0.0009;0.0009;61925;61925;61925;38;41;0.000899999984540045;0.0009;0.0009;0.0009;20;20;20;20;1;61925;0;0.0001;61925;61925;0
"Newtonsoft.Json.dll!Newtonsoft.Json.Serialization::JsonProperty.set_NullValueHandling()";0.0009;0.0009;0.0009;61925;61925;61925;38;41;0.000899999984540045;0.0009;0.0009;0.0009;20;20;20;20;1;61925;0;0.0001;61925;61925;0
"Newtonsoft.Json.dll!Newtonsoft.Json::JsonObjectAttribute[].System.Collections.Generic.ICollection`1.get_Count()";0.0009;0.0009;0.0009;61925;61925;61925;45;50;0.000899999984540045;0.0009;0.0009;0.0009;4;4;4;4;1;61925;0.0002;0.0003;61925;61925;0
"UnityEngine.TextCoreFontEngineModule.dll!UnityEngine.TextCore.LowLevel::FontEngine.GetMarkToBaseAdjustmentRecordsFromMarshallingArray_Injected()";0.0009;0.0009;0.0009;61925;61925;61925;20;20;0.000899999984540045;0.0009;0.0009;0.0009;2;2;2;2;1;61925;0.0001;0.0008;61925;61925;0
"UnityEngine.UIModule.dll!UnityEngine::Canvas.get_renderMode_Injected()";0.0009;0.0002;0.0263;61926;62299;61271;9;18;2.10789989063051;0.00105395;0.0007;0.0012;10506;5;1;14;2000;60314;0;0.0257;60316;61271;0.0018
"UnityEngine.IMGUIModule.dll!UnityEngine::GUILayoutUtility.LayoutFreeGroup()";0.0009;0.0008;0.0181;62003;60324;61247;6;7;2.11859997920692;0.00122321;0.0009;0.0012;1769;1;1;3;1732;60314;0.0008;0.0181;60324;61247;0.0012
"Assembly-CSharp.dll!::WaveSystem.OnDestroy()";0.0009;0.0009;0.0009;62046;62046;62046;10;10;0.000899999984540045;0.0009;0.0009;0.0009;1;1;1;1;1;62046;0.0009;0.0009;62046;62046;0
"mscorlib.dll!System.Collections.Generic::Dictionary`2.get_Values()";0.0009;0.0009;0.0009;62046;62046;62046;9;15;0.000899999984540045;0.0009;0.0009;0.0009;3;3;3;3;1;62046;0.0001;0.0007;62046;62046;0
"Unity.Profiling.Core.dll!Unity.Profiling::ProfilerCounterValue`1.set_Value()";0.0009;0.0009;0.0009;62046;62046;62046;28;28;0.000899999984540045;0.0009;0.0009;0.0009;9;9;9;9;1;62046;0.0001;0.0001;62046;62046;0
"UnityEngine.CoreModule.dll!UnityEngine::RectTransform.get_sizeDelta_Injected()";0.0009;0.0009;0.0009;62046;62046;62046;16;17;0.000899999984540045;0.0009;0.0009;0.0009;10;10;10;10;1;62046;0;0.0002;62046;62046;0
"UnityEngine.UI.dll!UnityEngine.UI::LayoutGroup.SetLayoutInputForAxis()";0.0009;0.0009;0.0009;62046;62046;62046;15;15;0.000899999984540045;0.0009;0.0009;0.0009;2;2;2;2;1;62046;0.0004;0.0005;62046;62046;0
"UnityEngine.UI.dll!UnityEngine.UIElements::UIToolkitInteroperabilityBridge.set_eventSystem()";0.0009;0.0009;0.0009;62046;62046;62046;10;10;0.000899999984540045;0.0009;0.0009;0.0009;1;1;1;1;1;62046;0.0009;0.0009;62046;62046;0
"UnityEngine.UIElementsModule.dll!UnityEngine.UIElements::UIElementsRuntimeUtility.add_onCreatePanel()";0.0009;0.0009;0.0009;62046;62046;62046;7;7;0.000899999984540045;0.0009;0.0009;0.0009;1;1;1;1;1;62046;0.0009;0.0009;62046;62046;0
"UnityEngine.UIElementsModule.dll!UnityEngine.UIElements::UIElementsRuntimeUtility.RegisterEventSystem()";0.0009;0.0009;0.0009;62046;62046;62046;11;11;0.000899999984540045;0.0009;0.0009;0.0009;1;1;1;1;1;62046;0.0009;0.0009;62046;62046;0
"mscorlib.dll!System::RuntimeTypeHandle.GetCorElementType()";0.0009;0.0009;0.05480031;62095;62095;61925;15;60;0.0557003129506484;0.02785016;0.0009;0.0009;615;1;1;614;2;61925;0;0.0009;61925;62095;0
"FixedUpdate.PhysicsClothFixedUpdate";0.0009;0.0002;0.0049;62143;60551;61566;2;2;1.85779998812359;0.001111124;0.0005;0.0015;1696;1;1;16;1672;60314;0;0.0049;62100;61566;0.0024
"UnityEngine.UIModule.dll!UnityEngine::Canvas.get_overrideSorting()";0.0009;0.0003;0.0058;62227;62047;60682;14;16;0.3532999951276;0.001060961;0.0006;0.0012;659;2;1;12;333;60318;0.0002;0.0036;60360;60697;0
"UnityEngine.CoreModule.dll!UnityEngine::Sprite.GetPadding()";0.0008;0.0004;0.0158;60501;60528;60966;16;17;1.24579998306581;0.0009597843;0.0005;0.0011;2514;2;1;8;1298;60314;0.0002;0.0158;60331;60966;0.0004
"Assembly-CSharp.dll!::TowerWeapon.get_GoldUpgradeCount()";0.0008;0.0005;0.0013;60684;60642;60379;8;19;0.00769999972544611;0.0008555555;0.0007;0.0009999999;34;4;2;4;9;60360;0.0001;0.0006;60360;60696;0
"UnityEngine.CoreModule.dll!UnityEngine::Quaternion.IsEqualUsingDot()";0.0008;0;0.03119999;60810;60747;60542;15;17;1.93889981145185;0.001213329;0.0005;0.0016;28889;13;1;103;1598;60314;0;0.0126;60314;60542;0.0011
"UnityEngine.IMGUIModule.dll!UnityEngine::GUIStyle.get_stretchHeight()";0.0008;0.0005;0.0094;60904;60367;60379;11;12;1.60449998494005;0.0009263857;0.0007;0.0009;3538;2;2;6;1732;60314;0.0002;0.0075;60318;60379;0.0009
"UnityEngine.UIModule.dll!UnityEngine::Canvas.get_scaleFactor()";0.0008;0.0003;0.009699999;61418;61047;61570;15;19;1.28949998333701;0.0009858563;0.0006;0.0012;2604;2;1;16;1308;60314;0.0002;0.0027;60354;61247;0.0004
"UnityEngine.CoreModule.dll!UnityEngine::Sprite.GetSecondaryTextureCount()";0.0008;0.0007;0.0024;61433;60846;60429;14;14;0.0198999995482154;0.001105556;0.0007;0.0009999999;50;2;2;7;18;60318;0.0002;0.0008;61373;60349;0
"UnityEngine.UIModule.dll!UnityEngine::CanvasRenderer.SetSecondaryTextureCount()";0.0008;0.0007;0.0025;61433;60380;60429;13;13;0.0201999997370876;0.001122222;0.0008;0.0011;50;2;2;7;18;60318;0.0003;0.0008;60318;60318;0
"UnityEngine.CoreModule.dll!UnityEngine::Sprite.GetOuterUVs_Injected()";0.0008;0.0004;0.0055;61586;60909;61570;17;17;1.2587999732641;0.0009697996;0.0007;0.0011;2514;2;1;8;1298;60314;0.0001;0.003;60316;60352;0.0006
"UnityEngine.CoreModule.dll!UnityEngine::Transform.set_localPosition_Injected()";0.0008;0.0003;0.0082;61728;60755;60538;9;20;1.44159996780218;0.001037869;0.0006;0.0013;3826;2;1;11;1389;60314;0;0.0029;60344;61875;0.0007
"UnityEngine.IMGUIModule.dll!UnityEngine::GUIStyle.get_fixedHeight()";0.0008;0.0005;0.0317;61781;60377;61212;11;12;1.76499998942018;0.001019053;0.0007;0.0009999999;3538;2;2;6;1732;60314;0.0002;0.0314;60316;61212;0.0012
"mscorlib.dll!System.Collections::ArrayList..ctor()";0.0008;0.0008;0.0008;61925;61925;61925;47;50;0.000800000037997961;0.0008;0.0008;0.0008;2;2;2;2;1;61925;0.0003;0.0005;61925;61925;0
"mscorlib.dll!System::Array.CopyTo()";0.0008;0.0008;0.0008;61925;61925;61925;45;48;0.000800000037997961;0.0008;0.0008;0.0008;2;2;2;2;1;61925;0.0003;0.0005;61925;61925;0
"UnityEngine.CoreModule.dll!UnityEngine::Sprite.get_rect_Injected()";0.0008;0.0003;0.0011;61925;60642;62046;17;23;0.00219999990076758;0.0007333333;0.0003;0.0008;18;4;4;10;3;60642;0;0.0005;60642;61925;0
"UnityEngine.UIModule.dll!UnityEngine::CanvasRenderer.get_cullTransparentMesh()";0.0008;0.0004;0.0023;61926;60475;62046;15;15;0.0380999997723848;0.0009525;0.0008;0.0012;86;2;1;5;40;60347;0.0003;0.001;60347;60963;0
"UnityEngine.CoreModule.dll!UnityEngine::RectOffset.get_top()";0.0008;0.0006;0.0087;61961;60316;60826;10;16;1.77239999739686;0.001022735;0.0008;0.0009999999;3540;2;2;6;1733;60314;0.0002;0.0082;60316;60826;0.0009999999
"UnityEngine.CoreModule.dll!UnityEngine::Camera.get_clearFlags()";0.0008;0.0005;0.0157;61998;60490;60824;5;5;2.08369997149566;0.001090942;0.0007;0.0011;4144;2;2;4;1910;60314;0.0002;0.0148;60316;60824;0.0011
"mscorlib.dll!System::RuntimeType.get_IsGenericType()";0.0008;0.0008;0.1598006;62046;62046;61925;21;57;0.160600574221462;0.08030029;0.0008;0.0008;663;2;2;661;2;61925;0.0001;0.0024;61925;61925;0
"UnityEngine.CoreModule.dll!UnityEngine::GameObject.TryGetComponentFastPath()";0.0008;0.0006;0.0018;60318;60907;60429;11;16;0.0149999997811392;0.0009999999;0.0006;0.0011;19;1;1;3;15;60318;0.0004;0.0018;60429;60846;0
"UnityEngine.UI.dll!UnityEngine.EventSystems::PointerEventData.set_pointerPress()";0.0008;0.0002;0.0015;60365;60398;60680;9;10;0.0227999994240236;0.0006705882;0.0003;0.0009;34;1;1;1;34;60356;0.0002;0.0015;60398;60680;0
"Assembly-CSharp.dll!::ChargePierceBehavior.AttackLoop()";0.0008;0.0005;0.0015;60392;60378;60526;11;16;0.0238999995053746;0.0007709677;0.0006;0.0008;34;1;1;3;31;60331;0.0004;0.0012;60524;60436;0
"Unity.TextMeshPro.dll!TMPro::TextMeshPro.get_mesh()";0.0008;0.0005;0.0039;60435;61192;60430;17;27;0.219799993908964;0.001061836;0.0007;0.0012;279;1;1;5;207;60314;0.0005;0.0029;60429;61159;0
"UnityEngine.ParticleSystemModule.dll!::MainModule.set_duration()";0.0008;0.0003;0.002;60464;61616;60824;12;13;0.0647999987704679;0.0008756756;0.0006;0.001;77;1;1;2;74;60331;0.0002;0.002;60524;60824;0
"UnityEngine.ParticleSystemModule.dll!::MainModule.set_startSizeBlittable()";0.0008;0.0005;0.0022;60483;60347;61616;13;14;0.0637999994796701;0.0008621622;0.0006;0.001;77;1;1;2;74;60331;0.0004;0.0022;60524;61616;0
"UnityEngine.CoreModule.dll!UnityEngine::Quaternion.Internal_AngleAxis_Injected()";0.0008;0.0005;0.0035;60523;60331;61858;9;19;0.0331999994814396;0.0008972973;0.0007;0.0009;114;3;3;4;37;60331;0.0001;0.0016;60331;61858;0
"Update Lights";0.0008;0.0003;0.0698;60525;62184;61247;3;8;1.90169998121564;0.00095085;0.0007;0.0009;4001;2;2;3;2000;60314;0.0001;0.0681;60455;61247;0.0007
"UnityEngine.ParticleSystemModule.dll!::ColorOverLifetimeModule.set_colorBlittable()";0.0008;0.0006;0.0019;60558;60362;60862;13;14;0.066599999263417;0.0009;0.0007;0.001;77;1;1;2;74;60331;0.0005;0.0019;60524;60862;0
"UnityEngine.TextCoreFontEngineModule.dll!UnityEngine.TextCore::GlyphRect.get_width()";0.0008;0;0.01269999;60585;60731;60538;16;18;1.68479981244309;0.001054318;0.0004;0.0015;28832;13;1;98;1598;60314;0;0.0026;60314;61533;0.0005
"UnityEngine.ParticleSystemModule.dll!UnityEngine::ParticleSystemRenderer.set_renderMode()";0.0008;0.0005;0.0026;60595;60335;61676;12;13;0.0675999993109144;0.0009135135;0.0006;0.001;77;1;1;2;74;60331;0.0004;0.0026;60524;61676;0
"UnityEngine.CoreModule.dll!UnityEngine::RectTransform.set_sizeDelta()";0.0008;0.0006;0.0761;60638;60815;61925;10;22;0.183599996904377;0.004707692;0.0007;0.001;47;1;1;4;39;60318;0.0004;0.0761;60524;61925;0
"mscorlib.dll!System.Collections.Generic::Stack`1.get_Count()";0.0008;0.0004;0.0008;60642;61925;60642;13;28;0.00199999994947575;0.0006666667;0.0004;0.0008;36;12;4;20;3;60642;0;0.0001;60642;60642;0
"Unity.TextMeshPro.dll!TMPro::TMP_TextProcessingStack`1.Push()";0.0008;0.0008;0.0008;60642;60642;60642;15;15;0.0007999999797903;0.0008;0.0008;0.0008;9;9;9;9;1;60642;0;0.0002;60642;60642;0
"UnityEngine.TextCoreFontEngineModule.dll!UnityEngine.TextCore::GlyphRect.get_height()";0.0008;0;0.01339999;60652;60731;60538;16;18;1.75519981842808;0.001098373;0.0004;0.0016;28832;13;1;98;1598;60314;0;0.0035;60314;60847;0.0012
"Unity.TextMeshPro.dll!TMPro::TMP_TextElement.get_glyph()";0.0008;0;0.04190001;60654;60733;60848;14;27;1.79909984034748;0.001125845;0.0004;0.0015;28884;13;1;103;1598;60314;0;0.0412;60314;60848;0.0008
"UnityEngine.InputLegacyModule.dll!UnityEngine::Input.GetKeyDownInt()";0.0008;0.0001;0.0062;60712;60983;61074;6;6;1.60909994898248;0.0009290415;0.0006;0.0011;7170;4;4;5;1732;60314;0;0.0042;60319;61248;0.0007
"UnityEngine.TextCoreFontEngineModule.dll!UnityEngine.TextCore::GlyphMetrics.get_horizontalBearingX()";0.0008;0;0.01279999;60757;60731;60538;14;16;1.75559982296545;0.001098623;0.0004;0.0015;28889;13;1;103;1598;60314;0;0.0043;60314;60457;0.0011
"UnityEngine.CoreModule.dll!UnityEngine::BeforeRenderHelper.Invoke()";0.0008;0.0005;0.0117;60772;60390;62199;5;5;1.8197999697295;0.0009099;0.0007;0.001;2000;1;1;1;2000;60314;0.0005;0.0117;60390;62199;0.0008
"mscorlib.dll!System.Collections.Generic::KeyValuePair`2..ctor()";0.0008;0.0002;0.006599999;60826;61465;61871;10;13;1.58909993692941;0.0009169648;0.0007;0.0009;15596;9;8;9;1733;60314;0;0.0041;60314;60792;0.0009
"Profiler.FrameMetadata";0.0008;0.0001;0.066;60839;62051;62112;5;11;4.63419993567368;0.0023171;0.0007;0.0009;10243;5;4;7;2000;60314;0;0.0649;60317;62112;0.0011
"UnityEngine.TextCoreFontEngineModule.dll!UnityEngine.TextCore::GlyphMetrics.get_height()";0.0008;0;0.01199999;60937;60817;60538;14;16;1.79329983107891;0.001122215;0.0004;0.0015;28889;13;1;103;1598;60314;0;0.0025;60314;61595;0.0011
"UnityEngine.TextCoreFontEngineModule.dll!UnityEngine.TextCore::FaceInfo.get_strikethroughOffset()";0.0008;0;0.0174;60956;60727;61512;13;15;1.77319980980974;0.001109637;0.0004;0.0015;28882;13;1;103;1598;60314;0;0.0137;60314;61512;0.0006
"UnityEngine.TextCoreFontEngineModule.dll!UnityEngine.TextCore::FaceInfo.get_capLine()";0.0008;0;0.01279999;60983;60722;60538;14;24;1.7450998057684;0.001092052;0.0004;0.0015;28580;13;1;72;1598;60314;0;0.0094;60314;61252;0.0007
"UnityEngine.ParticleSystemModule.dll!::MainModule.set_startSpeedBlittable()";0.0008;0.0005;0.004;60993;60347;61616;13;14;0.0697999995318241;0.0009432432;0.0006;0.0011;77;1;1;2;74;60331;0.0004;0.004;60524;61616;0
"UnityEngine.CoreModule.dll!UnityEngine::Behaviour.get_enabled()";0.0008;0.0005;0.0085;61017;60323;60345;7;7;1.96959996852092;0.0009847999;0.0006;0.0011;2000;1;1;1;2000;60314;0.0005;0.0085;60323;60345;0.0015
"UnityEngine.TextCoreFontEngineModule.dll!UnityEngine.TextCore::Glyph.get_glyphRect()";0.0008;0;0.01279999;61071;60733;60538;16;18;1.80059982809325;0.001126783;0.0004;0.0015;28832;13;1;98;1598;60314;0;0.0082;60314;61486;0.0007
"Assembly-CSharp.dll!::LaserBehavior.AttackLoop()";0.0008;0.0004;0.0032;61121;60429;60542;11;16;0.0536999992909841;0.001095918;0.0006;0.0011;50;1;1;2;49;60346;0.0004;0.0032;60429;60542;0
"TerrainManager.CullAllTerrains";0.0008;0.0004;0.0071;61132;62047;61253;5;5;1.79749996712781;0.00089875;0.0007;0.0009;2000;1;1;1;2000;60314;0.0004;0.0071;62047;61253;0.0008
"UnityEngine.TextCoreFontEngineModule.dll!UnityEngine.TextCore::GlyphMetrics.get_width()";0.0008;0;0.0134;61140;60796;61296;14;16;1.80209981770895;0.001127722;0.0004;0.0015;28889;13;1;103;1598;60314;0;0.0123;60314;61296;0.0012
"Assembly-CSharp.dll!::TowerChargeGaugeView..ctor()";0.0008;0.0008;0.001;61165;61165;61686;19;19;0.00180000002728775;0.0009;0.0008;0.0008;2;1;1;1;2;61165;0.0008;0.001;61165;61686;0
"mscorlib.dll!System::Enum.get_value()";0.0008;0.0008;0.001;61165;61165;61686;28;28;0.00180000002728775;0.0009;0.0008;0.0008;2;1;1;1;2;61165;0.0008;0.001;61165;61686;0
"mscorlib.dll!System::Enum.InternalGetUnderlyingType()";0.0008;0.0008;0.0011;61165;61165;61686;24;29;0.00189999985741451;0.0009499999;0.0008;0.0008;6;3;3;3;2;61165;0.0001;0.0008;61165;61686;0
"mscorlib.dll!System::Enum.InternalGetValues()";0.0008;0.0008;0.0011;61165;61165;61686;24;24;0.00189999997382984;0.00095;0.0008;0.0008;2;1;1;1;2;61165;0.0008;0.0011;61165;61686;0
"Unity.TextMeshPro.dll!TMPro::TextMeshPro.UpdateEnvMapMatrix()";0.0008;0.0001;0.04620003;61173;60686;60452;9;9;1.75859988097363;0.00110119;0.0005;0.0014;17577;9;1;35;1597;60314;0;0.0435;60314;60452;0.0007
"UnityEngine.TextCoreFontEngineModule.dll!UnityEngine.TextCore::Glyph.get_scale()";0.0008;0;0.01389999;61192;60736;60538;14;24;1.8682998166405;0.001169149;0.0004;0.0016;28900;13;1;103;1598;60314;0;0.0086;60314;61266;0.0012
"UnityEngine.CoreModule.dll!UnityEngine::Renderer.set_shadowCastingMode()";0.0008;0.0006;0.0016;61249;60471;61770;6;6;0.00639999978011474;0.0009142857;0.0006;0.0009;7;1;1;1;7;60471;0.0006;0.0016;60471;61770;0
"mscorlib.dll!System::Char.CheckLetterOrDigit()";0.0008;0;0.01319999;61254;60708;60538;14;16;1.89659981914156;0.001186859;0.0004;0.0016;28882;13;1;103;1598;60314;0;0.0035;60314;61063;0.0007
"Unity.TextMeshPro.dll!::TextBackingContainer.get_Item()";0.0008;0;0.0174;61259;60734;61154;13;26;1.86129983014689;0.001164768;0.0004;0.0016;28884;13;1;103;1598;60314;0;0.0105;60314;61154;0.0015
"UnityEngine.CoreModule.dll!UnityEngine::Transform.GetParent_Injected()";0.0008;0.0001;0.0242;61305;62162;62147;12;33;1.71659987305611;0.001090597;0.0005;0.0013;9888;4;2;197;1574;60314;0;0.0234;60316;62147;0.0014
"Unity.ResourceManager.dll!::ListWithEvents`1.get_Count()";0.0008;0.0005;0.0483;61345;60319;61663;6;6;1.91439997230191;0.0009572;0.0006;0.0011;2000;1;1;1;2000;60314;0.0005;0.0483;60319;61663;0.0006
"Director.PrepareFrame";0.0008;0;0.0175;61399;62058;61088;3;3;1.81239992142218;0.0009062;0.0006;0.0011;13392;7;5;37;2000;60314;0;0.0145;60314;61088;0.0008
"PostLateUpdate.UpdateAllSkinnedMeshes";0.0008;0.0004;0.0246;61427;62046;60968;2;2;1.8693999730167;0.0009347;0.0007;0.001;2000;1;1;1;2000;60314;0.0004;0.0246;62046;60968;0.0007
"ParticleSystem.WaitForPreviousRenderingToFinish";0.0008;0;0.032;61458;61475;60592;4;19;1.9402999863014;0.00097015;0.0002;0.0013;2444;1;1;8;2000;60314;0;0.032;60314;60592;0.0009
"UnityEngine.UI.dll!UnityEngine.UI::CanvasUpdateRegistry.IsRebuildingLayout()";0.0008;0.0002;0.0053;61479;60642;61570;10;25;1.2044999813661;0.0009251152;0.0006;0.0011;2687;2;1;11;1302;60314;0.0001;0.0029;60314;61031;0.0006
"System.Core.dll!System.Collections.Generic::HashSet`1.GetEnumerator()";0.0008;0.0004;0.0506;61487;60406;62046;7;15;2.027699984028;0.00101385;0.0006;0.0012;2003;1;1;4;2000;60314;0.0004;0.0468;60406;62046;0.002
"LOD.ComputeLOD";0.0008;0.0003;0.0039;61552;62047;60388;6;7;1.83609995697043;0.00091805;0.0007;0.0009999999;3998;2;1;2;2000;60314;0;0.0032;60319;60829;0.0009
"Assembly-CSharp.dll!::TowerWeapon.get_LaserWidth()";0.0008;0.0006;0.0045;61578;61112;60542;13;18;0.0536999992909841;0.001095918;0.0008;0.0011;50;1;1;2;49;60346;0.0006;0.0045;61112;60542;0
"Assembly-CSharp.dll!::BombBehavior.AttackLoop()";0.0008;0.0005;0.0045;61617;60346;60542;11;16;0.0464999989490025;0.001056818;0.0007;0.0011;44;1;1;1;44;60327;0.0005;0.0045;60346;60542;0
"UnityEngine.TextCoreFontEngineModule.dll!UnityEngine.TextCore::Glyph.get_metrics()";0.0008;0;0.01419999;61748;60733;60538;13;24;1.89129982092709;0.001183542;0.0004;0.0017;28900;13;1;103;1598;60314;0;0.0063;60314;60866;0.0011
"Assembly-CSharp.dll!::TowerDebugSpawner.Update()";0.0008;0.0004;0.0069;61839;60326;60538;4;4;1.75649997958681;0.001014145;0.0007;0.0012;1732;1;1;1;1732;60314;0.0004;0.0069;60326;60538;0.0006
"EarlyUpdate.ExecuteMainThreadJobs";0.0008;0.0004;0.0089;61887;60544;60910;2;2;2.03389997474733;0.00101695;0.0007;0.0011;2000;1;1;1;2000;60314;0.0004;0.0089;60544;60910;0.0008
"UnityEngine.Physics2DModule.dll!UnityEngine::ContactFilter2D.CheckConsistency()";0.0008;0.0003;0.0091;61920;60638;60623;9;20;1.23579998305649;0.0009624611;0.0006;0.0011;2515;2;1;5;1284;60314;0;0.0081;60488;60623;0.0005
"mscorlib.dll!System.Collections::Hashtable.KeyEquals()";0.0008;0.0008;0.0008;61925;61925;61925;41;49;0.0007999999797903;0.0008;0.0008;0.0008;16;16;16;16;1;61925;0;0.0001;61925;61925;0
"mscorlib.dll!System.Text::UTF8Encoding.GetCharCount()";0.0008;0.0008;0.0008;61925;61925;61925;33;33;0.0007999999797903;0.0008;0.0008;0.0008;1;1;1;1;1;61925;0.0008;0.0008;61925;61925;0
"mscorlib.dll!System::String.ArrayContains()";0.0008;0.0008;0.0008;61925;61925;61925;24;32;0.0007999999797903;0.0008;0.0008;0.0008;11;11;11;11;1;61925;0;0.0001;61925;61925;0
"mscorlib.dll!System::Type.get_IsArray()";0.0008;0.0008;0.0008;61925;61925;61925;37;37;0.0007999999797903;0.0008;0.0008;0.0008;1;1;1;1;1;61925;0.0008;0.0008;61925;61925;0
"Newtonsoft.Json.dll!Newtonsoft.Json.Serialization::DefaultContractResolver.get_IgnoreShouldSerializeMembers()";0.0008;0.0008;0.0008;61925;61925;61925;37;40;0.0007999999797903;0.0008;0.0008;0.0008;20;20;20;20;1;61925;0;0.0001;61925;61925;0
"Newtonsoft.Json.dll!Newtonsoft.Json.Serialization::JsonObjectContract.get_ExtensionDataGetter()";0.0008;0.0008;0.0008;61925;61925;61925;29;34;0.0007999999797903;0.0008;0.0008;0.0008;16;16;16;16;1;61925;0;0.0001;61925;61925;0
"System.Core.dll!System.Collections.Generic::LargeArrayBuilder`1.GetBuffer()";0.0008;0.0008;0.0008;61925;61925;61925;46;52;0.0007999999797903;0.0008;0.0008;0.0008;14;14;14;14;1;61925;0;0.0001;61925;61925;0
"System.dll!System.Collections.Specialized::OrderedDictionary..ctor()";0.0008;0.0008;0.0008;61925;61925;61925;44;48;0.0007999999797903;0.0008;0.0008;0.0008;4;4;4;4;1;61925;0.0001;0.0004;61925;61925;0
"UnityEngine.CoreModule.dll!UnityEngine::Display.get_renderingWidth()";0.0008;0.0005;0.09450001;62029;60335;61176;13;13;2.11189997720066;0.001057007;0.0007;0.0011;4085;2;2;3;1998;60314;0.0001;0.0943;60318;61176;0.0016
"System.dll!System.Collections.Generic::LinkedList`1.InternalInsertNodeBefore()";0.0008;0.0008;0.0008;62046;62046;62046;19;22;0.0007999999797903;0.0008;0.0008;0.0008;6;6;6;6;1;62046;0.0001;0.0002;62046;62046;0
"Unity.ResourceManager.dll!UnityEngine.ResourceManagement.AsyncOperations::ProviderOperation`1.UnityEngine.ResourceManagement.AsyncOperations.ICachable.set_Key()";0.0008;0.0008;0.0008;62046;62046;62046;16;24;0.0007999999797903;0.0008;0.0008;0.0008;9;9;9;9;1;62046;0;0.0002;62046;62046;0
"UnityEngine.UI.dll!::<>c.<.cctor>b__5_1()";0.0008;0.0008;0.0008;62046;62046;62046;11;23;0.0007999999797903;0.0008;0.0008;0.0008;4;4;4;4;1;62046;0.0001;0.0003;62046;62046;0
"UnityEngine.UI.dll!UnityEngine.UI::LayoutGroup.get_padding()";0.0008;0.0008;0.0008;62046;62046;62046;15;16;0.0007999999797903;0.0008;0.0008;0.0008;11;11;11;11;1;62046;0;0.0001;62046;62046;0
"CanvasUpdate.Prelayout";0.0008;0.0006;0.0124;62237;60756;60866;9;9;2.01149997586617;0.00100575;0.0008;0.001;2000;1;1;1;2000;60314;0.0006;0.0124;60756;60866;0.0008
"mscorlib.dll!System.Reflection::PropertyInfo[].System.Collections.Generic.ICollection`1.get_Count()";0.0007999999;0.0007999999;0.0007999999;61925;61925;61925;40;43;0.000799999921582639;0.0007999999;0.0007999999;0.0007999999;4;4;4;4;1;61925;0.0001;0.0003;61925;61925;0
"mscorlib.dll!System.Reflection::RuntimeParameterInfo[].System.Collections.Generic.ICollection`1.get_Count()";0.0007999999;0.0007999999;0.0007999999;61925;61925;61925;39;39;0.000799999921582639;0.0007999999;0.0007999999;0.0007999999;3;3;3;3;1;61925;0.0002;0.0003;61925;61925;0
"UnityEngine.ParticleSystemModule.dll!::MainModule.set_startLifetimeBlittable_Injected()";0.0007;0.0005;0.0025;60524;60392;60441;14;15;0.0627999996067956;0.0008486487;0.0006;0.001;77;1;1;2;74;60331;0.0002;0.0025;60524;60441;0
"ReflectionProbeAnchorManagerUpdate";0.0007;0.0004;0.0333;61050;60722;61894;5;6;1.7753999659617;0.0008877;0.0006;0.0009;4000;2;2;2;2000;60314;0.0001;0.0331;60335;61894;0.0007
"mscorlib.dll!System::RuntimeTypeHandle.GetBaseType()";0.0007;0.0005;0.02969996;61165;62046;61925;23;55;0.0318999587907456;0.00797499;0.0005;0.0009999999;257;3;2;249;4;61165;0;0.0008;61925;61686;0
"UnityEngine.TextCoreFontEngineModule.dll!UnityEngine.TextCore.LowLevel::FontEngine.SetMarshallingArraySize()";0.0007;0.0007;0.0007;61925;61925;61925;19;19;0.000700000033248216;0.0007;0.0007;0.0007;2;2;2;2;1;61925;0.0002;0.0005;61925;61925;0
"UnityEngine.CoreModule.dll!UnityEngine::Display.get_systemWidth()";0.0007;0.0004;0.0062;62028;60442;61875;13;13;1.76539996289648;0.0008835836;0.0006;0.0009999999;4085;2;2;3;1998;60314;0.0001;0.0039;60332;61539;0.0014
"CompareHashes";0.0007;0.0007;0.0007;62046;62046;62046;12;13;0.000700000033248216;0.0007;0.0007;0.0007;6;6;6;6;1;62046;0;0.0005;62046;62046;0
"UnityEngine.CoreModule.dll!UnityEngine::Camera.GetAllCamerasCount()";0.0007;0.0003;0.06500001;62237;60338;62006;6;7;1.87319995785947;0.0009366;0.0005;0.0011;4000;2;2;2;2000;60314;0;0.0649;60327;62006;0.0016
"mscorlib.dll!System.Text::StringBuilder.Clear()";0.0007;0.0004;0.003;60315;61388;60349;8;26;0.0299999994749669;0.0008108108;0.0006;0.0008;41;1;1;5;37;60315;0.0002;0.003;61925;60349;0
"UnityEngine.CoreModule.dll!UnityEngine::SpriteRenderer.get_color_Injected()";0.0007;0.0001;0.032;60320;60589;61415;7;22;0.322599992061441;0.0008357513;0.0004;0.0009;1203;3;1;9;386;60314;0;0.0309;60330;61415;0
"UnityEngine.ParticleSystemModule.dll!::MainModule.set_gravityModifierBlittable()";0.0007;0.0004;0.002;60343;60448;60916;13;14;0.0518999995547347;0.0007013513;0.0005;0.0008;77;1;1;2;74;60331;0.0004;0.0013;60448;60466;0
"Assembly-CSharp.dll!::PanelTowerDataViewer.Update()";0.0007;0.0003;0.0041;60353;60732;60681;4;4;0.181999997061212;0.0007520661;0.0005;0.0008;242;1;1;1;242;60314;0.0003;0.0041;60732;60681;0
"Assembly-CSharp.dll!::MultiShotBehavior.AttackLoop()";0.0007;0.0005;0.002;60373;60600;60340;11;16;0.0196999996551313;0.0008208333;0.0006;0.0008;24;1;1;1;24;60331;0.0005;0.002;60600;60340;0
"UnityEngine.CoreModule.dll!UnityEngine::Transform.get_rotation_Injected()";0.0007;0.0002;0.0034;60382;60663;60681;12;13;0.24589999167074;0.0007757097;0.0004;0.0009;1202;2;2;8;317;60341;0;0.0023;60342;60357;0
"UnityEngine.CoreModule.dll!UnityEngine::Vector4.set_Item()";0.0007;0.0002;0.0094;60414;60530;61570;16;16;1.03369992240914;0.000796379;0.0004;0.0009999999;12062;10;4;32;1298;60314;0;0.0018;60314;60488;0.0003
"UnityEngine.CoreModule.dll!::BindingsMarshaller.ConvertToNative()";0.0007;0.0001;0.008399995;60422;60448;62046;8;27;1.3782999111063;0.000795326;0.0005;0.0009;20600;10;10;81;1733;60314;0;0.0044;60314;61015;0.0005
"UnityEngine.ParticleSystemModule.dll!::MainModule.set_playOnAwake()";0.0007;0.0004;0.0029;60464;60347;60362;12;13;0.0547999992559198;0.0007405405;0.0005;0.0009;77;1;1;2;74;60331;0.0002;0.0029;60524;60362;0
"UnityEngine.CoreModule.dll!UnityEngine::LineRenderer.set_widthMultiplier()";0.0007;0.0004;0.0026;60493;61112;60542;14;19;0.039199999300763;0.0008;0.0006;0.0008;50;1;1;2;49;60346;0.0004;0.0026;61112;60542;0
"UnityEngine.UI.dll!UnityEngine.UI::Slider.get_minValue()";0.0007;0.0001;0.008499999;60519;60660;61586;9;24;1.24889990443626;0.0007747518;0.0004;0.0009999999;14355;8;1;40;1612;60314;0;0.0075;60314;61586;0.0004
"mscorlib.dll!System::IntPtr.op_Subtraction()";0.0007;0.0003;0.0018;60524;60411;60379;11;43;0.0386999989277683;0.00080625;0.0004;0.001;104;2;1;4;48;60347;0.0003;0.0005;60370;60379;0
"UnityEngine.ParticleSystemModule.dll!::MinMaxGradientBlittable.op_Implicit()";0.0007;0.0004;0.0022;60581;60362;60963;13;14;0.0562999987159856;0.0007608108;0.0005;0.0009;154;2;2;4;74;60331;0.0001;0.0019;60362;60963;0
"EarlyUpdate.XRUpdate";0.0007;0.0002;0.0076;60621;62098;61159;2;2;1.68829998442379;0.00084415;0.0005;0.001;2000;1;1;1;2000;60314;0.0002;0.0076;62098;61159;0.0016
"UnityEngine.UIModule.dll!UnityEngine::Canvas.get_renderingDisplaySize()";0.0007;0.0004;0.0047;60638;60314;60966;9;12;1.57029998104554;0.00078515;0.0006;0.0008;2001;1;1;2;2000;60314;0.0004;0.0047;60314;60966;0.0007
"Assembly-CSharp.dll!::TowerTargetPriorityDefaults.FromWeapon()";0.0007;0;0.0961;60639;60325;60865;9;14;1.58199984645034;0.001079127;0.0002;0.0014;19620;12;1;39;1466;60315;0;0.0916;60316;60865;0.0002
"Assembly-CSharp.dll!::PanelTowerDataViewer.ShowSlowRangeIfNeeded()";0.0007;0.0007;0.0007;60642;60642;60642;6;6;0.000699999975040555;0.0007;0.0007;0.0007;1;1;1;1;1;60642;0.0007;0.0007;60642;60642;0
"UnityEngine.UI.dll!UnityEngine.UIElements::UIToolkitInteroperabilityBridge.DestroyWorldSpacePanelGameObject()";0.0007;0.0004;0.015;60644;60375;61089;7;15;1.65279998051119;0.0008264;0.0005;0.0009;2001;1;1;2;2000;60314;0.0004;0.015;60375;61089;0.0052
"UnityEngine.GridModule.dll!UnityEngine::GridLayout.get_cellGap()";0.0007;0.0005;0.0012;60654;60390;60323;6;6;0.0455999987898394;0.0007728813;0.0006;0.0009;59;1;1;1;59;60318;0.0005;0.0012;60390;60323;0
"UnityEngine.CoreModule.dll!UnityEngine::Renderer.set_sortingLayerID()";0.0007;0.0005;0.0018;60664;60392;60441;12;16;0.065299999085255;0.0008706666;0.0006;0.001;81;1;1;3;75;60331;0.0004;0.0018;60524;60441;0
"mscorlib.dll!System.Collections.Generic::List`1.InsertRange()";0.0007;0.0004;0.1225;60692;60322;61925;6;42;1.95139998468221;0.0009757;0.0006;0.0009;2154;1;1;11;2000;60314;0.0003;0.0307;60524;61925;0.0006
"mscorlib.dll!System.Globalization::NumberFormatInfo.GetInstance()";0.0007;0.0005;0.0025;60707;60370;61925;11;36;0.00969999970402569;0.00097;0.0006;0.0009999999;20;2;2;2;10;60360;0;0.0022;60370;61925;0
"UnityEngine.CoreModule.dll!UnityEngine::Camera.get_targetDisplay()";0.0007;0.0004;0.0067;60741;60429;62198;5;5;1.64649998102686;0.00082325;0.0006;0.0009;2000;1;1;1;2000;60314;0.0004;0.0067;60429;62198;0.0012
"SortingGroup.UpdateRenderer";0.0007;0.0001;0.009000001;60747;61441;61089;5;26;0.395899984381685;0.0008817372;0.0005;0.001;1945;3;1;23;449;60314;0;0.0063;60317;61089;0
"UnityEngine.GridModule.dll!UnityEngine::GridLayout.CellToLocalInterpolated_Injected()";0.0007;0.0005;0.002;60762;60327;60612;8;8;0.0483999987482093;0.000820339;0.0007;0.0009;118;2;2;2;59;60318;0;0.0019;60326;60612;0
"FixedUpdate.DirectorFixedUpdatePostPhysics";0.0007;0.0001;0.0122;60770;62052;61574;2;2;1.46259998396999;0.0008747607;0.0004;0.0012;1696;1;1;16;1672;60314;0.0001;0.0122;62052;61574;0.0023
"Assembly-CSharp.dll!::BossIntroFx.PlaySummonGather()";0.0007;0.0007;0.0009;60815;60815;61373;12;12;0.0015999999595806;0.0008;0.0007;0.0007;2;1;1;1;2;60815;0.0007;0.0009;60815;61373;0
"UnityEngine.CoreModule.dll!UnityEngine::TrailRenderer.SetColorGradient_Injected()";0.0007;0.0003;0.0077;60818;61102;61248;11;23;0.0649999992456287;0.0008783783;0.0005;0.0009;154;2;1;4;74;60328;0.0001;0.0058;60331;61248;0
"UnityEngine.CoreModule.dll!UnityEngine::Camera.get_aspect()";0.0007;0.0004;0.0018;60825;60844;60854;7;13;0.0197999996307772;0.0007333333;0.0005;0.0008;27;1;1;1;27;60315;0.0004;0.0018;60844;60854;0
"UnityEngine.TilemapModule.dll!UnityEngine.Tilemaps::Tilemap.get_size()";0.0007;0.0005;0.0035;60846;60318;60990;10;19;0.022699999215547;0.000908;0.0006;0.0007;58;2;2;6;25;60318;0.0002;0.0027;60318;60990;0
"UnityEngine.CoreModule.dll!UnityEngine::Transform.SetPositionAndRotation_Injected()";0.0007;0.0003;0.0053;60862;60399;61544;10;21;0.289999996428378;0.0008787879;0.0005;0.0011;527;1;1;6;330;60314;0.0001;0.0038;61484;61544;0
"UnityEngine.ParticleSystemModule.dll!::MainModule.set_startColorBlittable()";0.0007;0.0004;0.0019;60878;60558;60916;13;14;0.0576999999175314;0.0007797297;0.0005;0.0009;77;1;1;2;74;60331;0.0004;0.0017;60524;60466;0
"UnityEngine.CoreModule.dll!UnityEngine::LineRenderer.set_loop()";0.0007;0.0005;0.001;60990;60471;62031;6;6;0.00500000006286427;0.0007142857;0.0005;0.0009;7;1;1;1;7;60471;0.0005;0.001;60471;62031;0
"UnityEngine.CoreModule.dll!UnityEngine::Renderer.set_allowOcclusionWhenDynamic()";0.0007;0.0005;0.0011;60990;61249;61770;6;6;0.00499999994644895;0.0007142857;0.0005;0.0007;7;1;1;1;7;60471;0.0005;0.0011;61249;61770;0
"PostLateUpdate.DirectorRenderImage";0.0007;0.0002;0.0434;61060;62048;61370;2;2;1.77609998334083;0.00088805;0.0005;0.001;2000;1;1;1;2000;60314;0.0002;0.0434;62048;61370;0.0009
"UnityEngine.CoreModule.dll!UnityEngine::Renderer.set_sortingOrder()";0.0007;0.0004;0.0029;61073;60347;60524;6;18;0.0964999999850988;0.0008041667;0.0005;0.0009;162;1;1;8;120;60315;0.0002;0.002;60429;60854;0
"UnityEngine.CoreModule.dll!UnityEngine::Camera.get_nearClipPlane()";0.0007;0.0003;0.0314;61076;62251;60345;5;5;1.65819998524967;0.0008681676;0.0005;0.001;1910;1;1;1;1910;60314;0.0003;0.0314;62251;60345;0.0012
"UnityEngine.CoreModule.dll!UnityEngine::LineRenderer.set_alignment()";0.0007;0.0005;0.0027;61121;60471;60576;6;19;0.0469999990309589;0.0008392857;0.0006;0.0008;57;1;1;2;56;60346;0.0005;0.0027;60471;60576;0
"Assembly-CSharp.dll!::ChainLightning.ChainRoutine()";0.0007;0.0006;0.0031;61146;60363;61563;12;17;0.0144999998155981;0.0009666667;0.0006;0.001;15;1;1;1;15;60363;0.0006;0.0031;60363;61563;0
"Physics2D.SolveDiscreteIslandWritePoses";0.0007;0;0.1494;61190;60863;61223;8;8;1.79169983421161;0.001237362;0.0004;0.0013;20954;10;1;80;1448;60314;0;0.1492;60314;61223;0.0009999999
"LowLevelPhysics2D.PhysicsWorld.Transform.WriteTweens";0.0007;0.0003;0.004;61192;60392;61871;3;3;1.61869998439215;0.00080935;0.0005;0.001;2000;1;1;1;2000;60314;0.0003;0.004;60392;61871;0.0018
"Unity.TextMeshPro.dll!TMPro::TextMeshPro.get_renderer()";0.0007;0.0005;0.0039;61223;60347;60430;20;30;0.20429999474436;0.0009869565;0.0006;0.0012;279;1;1;5;207;60314;0.0005;0.0032;60347;60366;0
"mscorlib.dll!System::Math.Atan2()";0.0007;0.0003;0.0047;61254;60514;60401;7;21;0.718399989942554;0.0008718446;0.0005;0.0011;1281;1;1;8;824;60314;0.0001;0.0027;60331;60401;0
"UnityEngine.CoreModule.dll!UnityEngineInternal::DisplayInternal.IsASecondaryDisplayIndex()";0.0007;0.0004;0.0435;61260;60347;62138;11;11;1.73809998598881;0.0008699199;0.0005;0.001;1998;1;1;1;1998;60314;0.0004;0.0435;60347;62138;0.0021
"Assembly-CSharp.dll!::TowerWeapon.get_TargetProjectilePrefab()";0.0007;0.0006;0.0036;61284;60551;60865;6;16;0.0348999993875623;0.000918421;0.0007;0.001;40;1;1;2;38;60328;0.0006;0.0036;60466;60865;0
"PostLateUpdate.ScriptRunDelayedDynamicFrameRate";0.0007;0.0001;0.0299;61414;62008;60854;2;2;2.20909998270508;0.00110455;0.0005;0.001;2000;1;1;1;2000;60314;0.0001;0.0299;62008;60854;0.0006
"UnityEngine.CoreModule.dll!UnityEngine::Sprite.get_bounds_Injected()";0.0007;0.0005;0.0016;61414;61428;60895;8;14;0.0216999994008802;0.0008037037;0.0006;0.0009;54;2;2;2;27;60315;0;0.0015;60831;60895;0
"UnityEngine.UI.dll!UnityEngine.EventSystems::StandaloneInputModule.SendUpdateEventToSelectedObject()";0.0007;0.0005;0.1046;61443;60318;60681;6;6;4.67169995908625;0.002338188;0.0006;0.0009;1998;1;1;1;1998;60314;0.0005;0.1046;60318;60681;0.0017
"Assembly-CSharp.dll!::TowerVisualLibrary.Load()";0.0007;0.0007;0.0014;61544;60344;60385;8;8;0.0105999997467734;0.0008153846;0.0007;0.0009;13;1;1;1;13;60344;0.0007;0.0014;60344;60385;0
"UnityEngine.CoreModule.dll!UnityEngine::LineRenderer.get_startColor()";0.0007;0.0005;0.0093;61553;60477;61434;5;5;1.29359997081337;0.0008493762;0.0006;0.0009;1523;1;1;1;1523;60314;0.0005;0.0093;60477;61434;0.0006
"Assembly-CSharp.dll!::TowerWeapon.get_BombProjectilePrefab()";0.0007;0.0006;0.0034;61568;60613;61089;6;16;0.0579999990295619;0.0009354838;0.0007;0.0009;62;1;1;1;62;60314;0.0006;0.0034;60613;61089;0
"mscorlib.dll!System::RuntimeTypeHandle.GetAttributes()";0.0007;0.0002;0.0921008;61686;61165;61925;17;59;0.0943007990863407;0.01886016;0.0003;0.001;953;3;1;944;5;61165;0;0.0018;61165;61925;0
"Physics2D.SynchronizeFixtures";0.0007;0.0001;0.0317;61688;61373;60543;6;6;1.80429998940963;0.001246064;0.0005;0.0015;1457;1;1;2;1448;60314;0.0001;0.0237;61373;60538;0.0009
"UnityEngine.IMGUIModule.dll!::BindingsMarshaller.ConvertToNative()";0.0007;0;0.0198;61747;62047;61088;6;13;1.58729990718712;0.0007936499;0.0006;0.0009;23270;13;1;39;2000;60314;0;0.0072;60314;60379;0.0009999999
"UnityEngine.IMGUIModule.dll!UnityEngine::GUILayoutEntry.SetVertical()";0.0007;0.0005;0.0071;61790;61064;60866;7;8;1.49309996765805;0.000862067;0.0007;0.0009;1769;1;1;3;1732;60314;0.0004;0.0071;60374;60866;0.0013
"UnityEngine.TextCoreFontEngineModule.dll!UnityEngine.TextCore::GlyphMetrics.get_horizontalBearingY()";0.0007;0;0.0295;61794;60735;60449;14;16;1.75929981313675;0.001100939;0.0004;0.0015;28889;13;1;103;1598;60314;0;0.0269;60314;60449;0.0026
"UnityEngine.CoreModule.dll!UnityEngine::Mathf.Pow()";0.0007;0.0004;0.0033;61889;61332;62260;9;12;1.69769996884861;0.00084885;0.0006;0.0009;2001;1;1;2;2000;60314;0.0004;0.0033;61332;62260;0.0006
"mscorlib.dll!::Tables..ctor()";0.0007;0.0007;0.0007;61925;61925;61925;36;48;0.000699999975040555;0.0007;0.0007;0.0007;7;7;7;7;1;61925;0.0001;0.0001;61925;61925;0
"mscorlib.dll!System.Collections.ObjectModel::Collection`1.get_Items()";0.0007;0.0007;0.0007;61925;61925;61925;37;45;0.000699999975040555;0.0007;0.0007;0.0007;10;10;10;10;1;61925;0;0.0001;61925;61925;0
"mscorlib.dll!System.IO::FileStream.get_CanSeek()";0.0007;0.0007;0.0007;61925;61925;61925;25;27;0.000699999975040555;0.0007;0.0007;0.0007;18;18;18;18;1;61925;0;0.0001;61925;61925;0
"mscorlib.dll!System.IO::PathInternal.IsDirectorySeparator()";0.0007;0.0007;0.0007;61925;61925;61925;26;34;0.000699999975040555;0.0007;0.0007;0.0007;18;18;18;18;1;61925;0;0.0001;61925;61925;0
"mscorlib.dll!System::DateTime.GetDatePart()";0.0007;0.0007;0.0007;61925;61925;61925;25;25;0.000699999975040555;0.0007;0.0007;0.0007;3;3;3;3;1;61925;0.0002;0.0003;61925;61925;0
"Newtonsoft.Json.dll!::ImmutableCollectionTypeInfo.get_ContractTypeName()";0.0007;0.0007;0.0007;61925;61925;61925;41;41;0.000699999975040555;0.0007;0.0007;0.0007;10;10;10;10;1;61925;0;0.0001;61925;61925;0
"Newtonsoft.Json.dll!Newtonsoft.Json.Serialization::JsonContainerContract.get_ItemContract()";0.0007;0.0007;0.0007;61925;61925;61925;29;33;0.000699999975040555;0.0007;0.0007;0.0007;15;15;15;15;1;61925;0;0.0001;61925;61925;0
"Newtonsoft.Json.dll!Newtonsoft.Json::JsonConvert.get_DefaultSettings()";0.0007;0.0007;0.0007;61925;61925;61925;24;26;0.000699999975040555;0.0007;0.0007;0.0007;6;6;6;6;1;61925;0.0001;0.0002;61925;61925;0
"UnityEngine.CoreModule.dll!UnityEngine::Texture2D.get_format_Injected()";0.0007;0.0007;0.0007;61925;61925;61925;22;22;0.000699999975040555;0.0007;0.0007;0.0007;1;1;1;1;1;61925;0.0007;0.0007;61925;61925;0
"UnityEngine.CoreModule.dll!UnityEngine::LineRenderer.set_endColor()";0.0007;0.0005;0.0019;61997;60327;60990;6;7;0.0525999991223216;0.0007850746;0.0006;0.0009;74;1;1;2;67;60318;0.0003;0.0015;60471;60990;0
"UnityEngine.CoreModule.dll!UnityEngine::Renderer.set_receiveShadows()";0.0007;0.0006;0.0015;62031;60471;61770;6;6;0.00599999981932342;0.0008571428;0.0006;0.0008;7;1;1;1;7;60471;0.0006;0.0015;60471;61770;0
"UnityEngine.CoreModule.dll!UnityEngine.SceneManagement::SceneManager.GetSceneAt()";0.0007;0.0007;0.0007;62045;62045;62045;20;20;0.000699999975040555;0.0007;0.0007;0.0007;1;1;1;1;1;62045;0.0007;0.0007;62045;62045;0
"Assembly-CSharp.dll!::SlowAuraBehavior.Deactivate()";0.0007;0.0007;0.0007;62046;62046;62046;11;13;0.000699999975040555;0.0007;0.0007;0.0007;16;16;16;16;1;62046;0;0.0001;62046;62046;0
"mscorlib.dll!System::Object.Equals()";0.0007;0.0007;0.01409998;62046;62046;61925;18;47;0.0147999834734946;0.007399992;0.0007;0.0007;221;11;11;210;2;61925;0;0.0001;61925;61925;0
"mscorlib.dll!System::RuntimeMethodHandle..ctor()";0.0007;0.0007;0.008399993;62046;62046;61925;15;53;0.00909999315626919;0.004549996;0.0007;0.0007;144;17;17;127;2;61925;0;0.0001;61925;61925;0
"System.dll!System.Collections.Generic::LinkedListNode`1.get_Next()";0.0007;0.0007;0.0007;62046;62046;62046;16;19;0.000699999975040555;0.0007;0.0007;0.0007;18;18;18;18;1;62046;0;0.0001;62046;62046;0
"System.dll!System.Collections.Generic::LinkedListNode`1.set_Value()";0.0007;0.0007;0.0007;62046;62046;62046;18;21;0.000699999975040555;0.0007;0.0007;0.0007;6;6;6;6;1;62046;0;0.0003;62046;62046;0
"Unity.Addressables.dll!::ResourceLocation.get_DependencyHashCode()";0.0007;0.0007;0.0007;62046;62046;62046;20;25;0.000699999975040555;0.0007;0.0007;0.0007;12;12;12;12;1;62046;0;0.0002;62046;62046;0
"Unity.ResourceManager.dll!UnityEngine.ResourceManagement::ResourceManager.get_Allocator()";0.0007;0.0007;0.0007;62046;62046;62046;16;24;0.000699999975040555;0.0007;0.0007;0.0007;10;10;10;10;1;62046;0;0.0001;62046;62046;0
"UnityEngine.CoreModule.dll!UnityEngine::RectTransform.get_anchoredPosition_Injected()";0.0007;0.0007;0.0007;62046;62046;62046;17;17;0.000699999975040555;0.0007;0.0007;0.0007;4;4;4;4;1;62046;0.0001;0.0002;62046;62046;0
"UnityEngine.CoreModule.dll!UnityEngine::Vector2.get_up()";0.0007;0.0007;0.0007;62046;62046;62046;16;16;0.000699999975040555;0.0007;0.0007;0.0007;8;8;8;8;1;62046;0;0.0001;62046;62046;0
"UnityEngine.UI.dll!UnityEngine.UI::Button.get_onClick()";0.0007;0.0007;0.0007;62046;62046;62046;11;11;0.000699999975040555;0.0007;0.0007;0.0007;7;7;7;7;1;62046;0;0.0002;62046;62046;0
"UnityEngine.UI.dll!UnityEngine.UI::LayoutRebuilder.GetHashCode()";0.0007;0.0007;0.0007;62046;62046;62046;12;29;0.000699999975040555;0.0007;0.0007;0.0007;18;18;18;18;1;62046;0;0.0001;62046;62046;0
"UnityEngine.UI.dll!UnityEngine.UI::LayoutRebuilder.IsDestroyed()";0.0007;0.0007;0.0007;62046;62046;62046;10;10;0.000699999975040555;0.0007;0.0007;0.0007;1;1;1;1;1;62046;0.0007;0.0007;62046;62046;0
"UnityEngine.UI.dll!UnityEngine.EventSystems::BaseInput.get_mouseScrollDelta()";0.0007;0.0004;0.0051;62093;60326;61434;9;9;1.79249997730949;0.0008971471;0.0006;0.0011;1998;1;1;1;1998;60314;0.0004;0.0051;60326;61434;0.0015
"mscorlib.dll!System.Reflection::RuntimeConstructorInfo.get_Attributes()";0.0007;0.0007;0.0007;62095;62095;62095;16;16;0.000699999975040555;0.0007;0.0007;0.0007;1;1;1;1;1;62095;0.0007;0.0007;62095;62095;0
"UnityEngine.Physics2DModule.dll!UnityEngine::Physics2D.get_queriesHitTriggers()";0.0006;0.0002;0.0043;61782;60536;61570;8;19;0.986299980169861;0.0007681464;0.0005;0.0009;2515;2;1;5;1284;60314;0;0.0028;60318;61425;0.0006
"PrepareSceneNodesSetUp";0.0006;0;0.0225;62147;60315;61088;9;9;1.90809999094199;0.001080464;0.0001;0.0019;4166;2;1;6;1766;60315;0;0.0225;60315;61088;0.0011
"UnityEngine.UIModule.dll!UnityEngine::CanvasRenderer.set_materialCount_Injected()";0.0006;0.0003;0.005299999;60318;60846;62046;13;14;0.0170999991241843;0.00095;0.0004;0.0008;59;2;2;12;18;60318;0.0001;0.0012;60380;61925;0
"UnityEngine.GridModule.dll!UnityEngine::GridLayout.LocalToWorld()";0.0006;0.0004;0.0014;60325;60652;60321;7;7;0.0373999999719672;0.0006338983;0.0005;0.0007;59;1;1;1;59;60318;0.0004;0.0014;60652;60321;0
"Unity.ResourceManager.dll!UnityEngine.ResourceManagement.AsyncOperations::AsyncOperationBase`1.get_Status()";0.0006;0;0.0142;60337;61394;61425;11;22;1.11249995667458;0.0006419503;0.0004;0.0007;15594;9;6;9;1733;60314;0;0.0108;60314;61425;0.0006
"mscorlib.dll!System::String.op_Equality()";0.0006;0.0002;0.1499009;60356;60403;61925;7;42;0.611100846945192;0.002567651;0.0004;0.0011;945;1;1;547;238;60314;0.0001;0.0072;60381;60379;0
"UnityEngine.GridModule.dll!UnityEngine::GridLayout.get_cellSize()";0.0006;0.0004;0.0023;60386;60328;60762;6;6;0.039199999824632;0.0006644068;0.0005;0.0007;59;1;1;1;59;60318;0.0004;0.0023;60328;60762;0
"UnityEngine.UI.dll!UnityEngine.UI::StencilMaterial.Remove()";0.0006;0.0004;0.009300001;60431;60474;62046;11;28;0.028899999713758;0.0009965517;0.0005;0.0008;104;2;2;35;29;60347;0.0002;0.0006;60347;60392;0
"UnityEngine.CoreModule.dll!UnityEngine::Sprite.get_border_Injected()";0.0006;0.0002;0.0049;60442;60585;61570;16;17;0.829399969617953;0.000638983;0.0004;0.0007;5014;4;2;16;1298;60314;0;0.0019;60314;60628;0.0005
"PostLateUpdate.UpdateVideoTextures";0.0006;0.0003;0.0076;60495;62047;61154;2;2;1.30379999076831;0.0006519;0.0005;0.0007;2000;1;1;1;2000;60314;0.0003;0.0076;62047;61154;0.0009
"Assembly-CSharp.dll!::TowerWeapon.get_MultiShotSpreadAngle()";0.0006;0.0005;0.0046;60537;60331;61858;7;17;0.0276999996276572;0.0007486487;0.0006;0.0006;37;1;1;1;37;60331;0.0005;0.0046;60331;61858;0
"UnityEngine.CoreModule.dll!UnityEngine.Events::PersistentCallGroup..ctor()";0.0006;0.0004;0.0023;60638;60380;62041;21;36;0.0438999999605585;0.0006859375;0.0005;0.0007;71;1;1;4;64;60318;0.0003;0.0023;60429;62041;0
"Assembly-CSharp.dll!::<PlayRoutine>d__10.System.Collections.IEnumerator.get_Current()";0.0006;0;0.0136;60645;60706;60538;4;23;1.24049988223851;0.0007767689;0.0003;0.0009999999;17577;9;1;35;1597;60314;0;0.007;60314;60965;0.0007
"Unity.TextMeshPro.dll!::CharacterSubstitution..ctor()";0.0006;0;0.0125;60678;60739;61156;12;24;1.20149988140474;0.0007518773;0.0003;0.0009999999;17654;9;1;35;1598;60314;0;0.0116;60314;61156;0.0005
"mscorlib.dll!System::Single.Equals()";0.0006;0.0003;0.0017;60680;60771;60429;16;33;0.044599999091588;0.0006656716;0.0005;0.0007;103;1;1;5;67;60318;0;0.0013;60356;61173;0
"UnityEngine.UI.dll!UnityEngine.UI::CanvasUpdateRegistry.IsRebuildingGraphics()";0.0006;0.0002;0.004;60684;60474;62046;8;27;0.032899998666835;0.0008225;0.0004;0.0008;117;2;1;24;40;60347;0.0001;0.0035;60347;61111;0
"Assembly-CSharp.dll!::TowerWeapon.get_towerSprite()";0.0006;0.0005;0.0008;60707;60719;60379;7;18;0.00579999980982393;0.0006444444;0.0006;0.0007;9;1;1;1;9;60360;0.0005;0.0008;60719;60379;0
"Assembly-CSharp.dll!::TowerWeapon.get_TowerSpriteColor()";0.0006;0.0005;0.0008;60707;60684;60379;7;18;0.00559999980032444;0.0006222222;0.0006;0.0006;9;1;1;1;9;60360;0.0005;0.0008;60684;60379;0
"UnityEngine.CoreModule.dll!UnityEngine::Renderer.set_shadowCastingMode_Injected()";0.0006;0.0003;0.0013;60730;60471;61770;7;7;0.00459999992744997;0.0006571428;0.0003;0.0007;7;1;1;1;7;60471;0.0003;0.0013;60471;61770;0
"UnityEngine.UI.dll!UnityEngine.UI::Selectable.get_currentSelectionState()";0.0006;0.0003;0.0021;60738;60318;62117;10;25;0.0331999993650243;0.0006916667;0.0004;0.0008;58;1;1;3;48;60318;0.0002;0.0021;60429;62117;0
"Unity.ResourceManager.dll!UnityEngine.ResourceManagement.AsyncOperations::AsyncOperationBase`1.get_ReferenceCount()";0.0006;0.0001;0.0067;60815;60332;61089;11;11;1.16749994956626;0.0006740762;0.0004;0.0007;15588;9;9;9;1732;60314;0;0.0047;60314;61089;0.0006
"UnityEngine.ParticleSystemModule.dll!::EmissionModule.set_rateOverTimeBlittable()";0.0006;0.0003;0.0022;60825;60557;60346;13;14;0.0513999992399476;0.0006945946;0.0005;0.0008;77;1;1;2;74;60331;0.0003;0.0022;60524;60346;0
"UnityEngine.UIModule.dll!UnityEngine::CanvasRenderer.SetMaterial_Injected()";0.0006;0.0004;0.0028;60846;60380;61925;13;14;0.0158999994164333;0.0008833333;0.0005;0.0009999999;59;2;2;12;18;60318;0.0001;0.002;60318;61925;0
"Physics2D.SolveContinuous";0.0006;0.0002;0.0078;60902;61437;61060;5;5;1.04999999076244;0.0007251381;0.0004;0.0009;1457;1;1;2;1448;60314;0.0002;0.0078;61437;61060;0.0006
"Assembly-CSharp.dll!::<SearchTarget>d__13.System.Collections.IEnumerator.get_Current()";0.0006;0;0.0136;60904;60323;61289;4;9;1.31599984571221;0.0008861952;0.0001;0.0013;19620;11;1;39;1485;60315;0;0.0123;60316;61289;0.0001
"UnityEngine.CoreModule.dll!UnityEngine::Mathf.SmoothStep()";0.0006;0.0001;0.007;60907;60371;60853;6;17;0.244599992125586;0.0007412121;0.0004;0.0008;1022;3;1;6;330;60314;0.0001;0.0029;60314;60853;0
"UnityEngine.CoreModule.dll!UnityEngine::Renderer.get_sortingOrder()";0.0006;0.0004;0.0017;60956;60476;61544;12;16;0.052799999830313;0.000704;0.0005;0.0008;81;1;1;3;75;60331;0.0003;0.0013;61165;60350;0
"UnityEngine.CoreModule.dll!UnityEngine::SpriteRenderer.get_sprite_Injected()";0.0006;0.0004;0.0006;60956;60399;60956;8;8;0.00159999993047677;0.0005333333;0.0004;0.0006;3;1;1;1;3;60399;0.0004;0.0006;60399;60956;0
"mscorlib.dll!::Enumerator.get_Current()";0.0006;0;0.0137;60997;60490;61046;6;46;1.20489994031232;0.0006948673;0.0005;0.0007;16461;9;2;200;1734;60314;0;0.013;60314;61046;0.0006
"PostLateUpdate.UpdateResolution";0.0006;0.0002;0.0028;61028;60621;60419;2;2;1.3307999871904;0.0006654;0.0005;0.0007;2000;1;1;1;2000;60314;0.0002;0.0028;60621;60419;0.0008
"UnityEngine.CoreModule.dll!Unity.Collections.LowLevel.Unsafe::UnsafeUtility.SizeOf()";0.0006;0.0002;0.0098;61042;60454;61865;10;10;1.36699994884839;0.0006835;0.0005;0.0007;8000;4;4;4;2000;60314;0;0.0073;60314;61069;0.0007
"UnityEngine.CoreModule.dll!UnityEngine::Vector3.get_one()";0.0006;0;0.007300001;61048;60712;60538;6;24;1.23369987812475;0.0007715446;0.0003;0.0009999999;18802;10;1;40;1599;60314;0;0.0035;60314;60925;0.0006
"UnityEngine.UI.dll!UnityEngine.UI::Graphic.get_color()";0.0006;0;0.009699999;61081;60529;61570;15;15;0.967999921129376;0.0007457627;0.0004;0.0009;15246;10;4;51;1298;60314;0;0.0021;60314;61171;0.0014
"Unity.TextMeshPro.dll!TMPro::TMP_UpdateManager.get_instance()";0.0006;0;0.0132;61166;60726;60538;10;31;1.32349985897599;0.0008271874;0.0003;0.0011;20264;10;1;60;1600;60314;0;0.0023;60314;61023;0.0015
"UnityEngine.AccessibilityModule.dll!UnityEngine.Accessibility::AccessibilityManager.Internal_LateUpdate()";0.0006;0.0002;0.0079;61258;60756;61835;3;3;1.37489997943339;0.00068745;0.0005;0.0008;2000;1;1;1;2000;60314;0.0002;0.0079;60756;61835;0.0006
"UnityEngine.CoreModule.dll!UnityEngine::Color.op_Equality()";0.0006;0;0.0149;61286;60717;60538;6;26;1.44269984908897;0.000848647;0.0003;0.0011;19381;10;1;37;1700;60314;0;0.0063;60314;60866;0.0008
"Assembly-CSharp.dll!::BossIntroFx.ClearShards()";0.0006;0.0005;0.0016;61373;60815;61925;8;20;0.00350000004982576;0.000875;0.0005;0.0008;5;1;1;2;4;60815;0.0005;0.001;60815;61925;0
"Unity.TextMeshPro.dll!TMPro::TextMeshPro.SetActiveSubMeshes()";0.0006;0.0003;0.0081;61385;60319;61154;13;27;0.328799996612361;0.0008540259;0.0005;0.001;586;1;1;7;385;60314;0.0002;0.0035;60619;60884;0.0026
"UnityEngine.CoreModule.dll!UnityEngine::LineRenderer.SetColorGradient_Injected()";0.0006;0.0003;0.0032;61394;60375;61069;8;26;0.295499990956159;0.0007278325;0.0005;0.0008;1215;3;1;5;406;60363;0;0.002;60368;61172;0
"UnityEngine.CoreModule.dll!UnityEngine::Camera.get_orthographicSize()";0.0006;0.0004;0.0017;61398;61441;60854;7;13;0.018699999753153;0.0006925926;0.0006;0.0007;27;1;1;1;27;60315;0.0004;0.0017;61441;60854;0
"UnityEngine.CoreModule.dll!UnityEngine::Random.RandomRangeInt()";0.0006;0.0002;0.0015;61404;61414;60854;7;14;0.0270999995263992;0.0006775;0.0004;0.0008;69;2;1;3;40;60315;0;0.0013;60895;60913;0
"EarlyUpdate.InsightsUpdate";0.0006;0.0003;0.0041;61449;60620;62033;2;2;1.50359998803469;0.0007518;0.0005;0.0009;2000;1;1;1;2000;60314;0.0003;0.0041;60620;62033;0.0007
"UnityEngine.UIModule.dll!UnityEngine::Canvas.get_targetDisplay_Injected()";0.0006;0.0003;0.0152;61466;60416;61731;10;13;1.38709996143007;0.00069355;0.0005;0.0008;3999;2;1;2;2000;60314;0;0.015;62055;61731;0.0014
"mscorlib.dll!::Enumerator.Dispose()";0.0006;0;0.0144;61486;62272;62147;6;46;1.40399994084873;0.000702;0.0005;0.0007;19674;10;8;57;2000;60314;0;0.0119;60314;62147;0.0007
"UnityEngine.CoreModule.dll!UnityEngine::Screen.get_width()";0.0006;0.0001;0.0308;61508;62046;61088;5;11;1.52149995154468;0.0007611305;0.0005;0.0009;5677;3;1;5;1999;60314;0;0.0283;60323;61088;0.0011
"UnityEngine.CoreModule.dll!UnityEngine::GameObject.get_transform_Injected()";0.0006;0.0001;0.1592;61541;60765;61776;7;23;2.26899991645041;0.001248762;0.0004;0.0013;9541;2;1;38;1817;60314;0;0.1589;60314;61776;0.0005
"UnityEngine.UI.dll!UnityEngine.EventSystems::StandaloneInputModule.SendSubmitEventToSelectedObject()";0.0006;0.0004;0.0391;61585;60398;60681;6;6;2.37669999245554;0.00118954;0.0005;0.0009;1998;1;1;1;1998;60314;0.0004;0.0391;60398;60681;0.0008
"UnityEngine.CoreModule.dll!UnityEngine::Color.get_black()";0.0006;0.0004;0.0014;61608;60347;60524;14;15;0.0501999981934205;0.0006783783;0.0005;0.0007999999;231;3;3;6;74;60331;0.0001;0.0006;60347;60524;0
"UnityEngine.CoreModule.dll!UnityEngine::Renderer.get_sortingLayerID_Injected()";0.0006;0.0003;0.0016;61616;61515;61686;13;17;0.0541999995184597;0.0007226667;0.0005;0.0009;81;1;1;3;75;60331;0.0001;0.0014;61165;60755;0
"UnityEngine.CoreModule.dll!UnityEngine::Mathf.Lerp()";0.0006;0.0001;0.1005;61633;61298;62053;6;25;2.16229989972635;0.00108115;0.0003;0.0013;8075;2;1;31;2000;60314;0.0001;0.1005;60314;62053;0.0002
"UnityEngine.UI.dll!UnityEngine.UI.Collections::IndexedSet`1.Sort()";0.0006;0.0003;0.0201;61633;60737;60681;9;9;1.5141999842308;0.0007571;0.0005;0.0008;2000;1;1;1;2000;60314;0.0003;0.0201;60737;60681;0.0005
"UnityEngine.CoreModule.dll!UnityEngine::LineRenderer.set_textureMode()";0.0006;0.0004;0.0028;61657;60903;60965;6;19;0.0447999994212296;0.0008;0.0005;0.0008;57;1;1;2;56;60346;0.0004;0.0028;60903;60965;0
"UnityEngine.CoreModule.dll!UnityEngine::MonoBehaviour..ctor()";0.0006;0.0005;0.001;61686;61165;62046;15;20;0.00210000004153699;0.0007;0.0005;0.0006;3;1;1;1;3;61165;0.0005;0.001;61165;62046;0
"UnityEngine.CoreModule.dll!UnityEngine::Texture2D.get_isReadable()";0.0006;0.0006;0.0023;61686;61165;61925;17;21;0.00349999975878745;0.001166667;0.0006;0.0006;5;1;1;3;3;61165;0.0006;0.0008;61165;61925;0
"UnityEngine.CoreModule.dll!UnityEngine::RectTransform.get_pivot()";0.0006;0.0003;0.0051;61698;60635;61254;11;28;0.172599999350496;0.0008258373;0.0005;0.0009999999;296;1;1;13;209;60314;0.0002;0.0051;62046;61254;0
"mscorlib.dll!System::Double.IsFinite()";0.0006;0.0004;0.0031;61719;60327;60394;12;39;0.165799998329021;0.0007784038;0.0005;0.0009999999;306;1;1;5;213;60314;0.0001;0.0031;60360;60394;0
"Initialization.AsyncUploadTimeSlicedUpdate";0.0006;0.0003;0.0045;61722;60469;60815;2;2;1.56639999026083;0.0007832;0.0005;0.0009;2000;1;1;1;2000;60314;0.0003;0.0045;60469;60815;0.0004
"Profiler.CollectVideoStats";0.0006;0.0002;0.0029;61735;62047;61624;5;5;1.45029998211248;0.00072515;0.0005;0.0008;2000;1;1;1;2000;60314;0.0002;0.0029;62047;61624;0.0013
"UnityEngine.CoreModule.dll!UnityEngine::LineRenderer.set_numCornerVertices()";0.0006;0.0005;0.0029;61739;60903;60965;6;19;0.0442999990191311;0.0007910714;0.0006;0.0008;57;1;1;2;56;60346;0.0005;0.0029;60903;60965;0
"mscorlib.dll!System.Threading::Monitor.Exit()";0.0006;0.0003;0.0462;61802;60494;60370;5;49;1.60859993676422;0.0008043;0.0005;0.0008;4222;2;2;224;2000;60314;0;0.046;61925;60370;0.0007
"FontEngine.GetOpenTypeFontFeatures";0.0006;0.0006;0.0006;61925;61925;61925;22;27;0.00059999997029081;0.0006;0.0006;0.0006;8;8;8;8;1;61925;0;0.0002;61925;61925;0
"mscorlib.dll!System.Reflection::RuntimeParameterInfo[].System.Collections.Generic.IList`1.get_Item()";0.0006;0.0006;0.0006;61925;61925;61925;39;39;0.00059999997029081;0.0006;0.0006;0.0006;2;2;2;2;1;61925;0.0002;0.0004;61925;61925;0
"mscorlib.dll!System.Text::EncoderReplacementFallback.get_MaxCharCount()";0.0006;0.0006;0.0006;61925;61925;61925;26;27;0.00059999997029081;0.0006;0.0006;0.0006;6;6;6;6;1;61925;0.0001;0.0001;61925;61925;0
"mscorlib.dll!System.Threading.Tasks::Task.IsCompletedMethod()";0.0006;0.0006;0.0006;61925;61925;61925;25;26;0.00059999997029081;0.0006;0.0006;0.0006;12;12;12;12;1;61925;0;0.0001;61925;61925;0
"Newtonsoft.Json.dll!Newtonsoft.Json.Serialization::JsonProperty.get_ItemConverter()";0.0006;0.0006;0.0006;61925;61925;61925;33;33;0.00059999997029081;0.0006;0.0006;0.0006;13;13;13;13;1;61925;0;0.0001;61925;61925;0
"Newtonsoft.Json.dll!Newtonsoft.Json::JsonSerializer.get_TraceWriter()";0.0006;0.0006;0.0006;61925;61925;61925;25;29;0.00059999997029081;0.0006;0.0006;0.0006;12;12;12;12;1;61925;0;0.0001;61925;61925;0
"UnityEngine.CoreModule.dll!UnityEngine::Logger.GetString()";0.0006;0.0006;0.0006;61925;61925;61925;22;22;0.00059999997029081;0.0006;0.0006;0.0006;1;1;1;1;1;61925;0.0006;0.0006;61925;61925;0
"UnityEngine.CoreModule.dll!UnityEngine::RectOffset.get_horizontal()";0.0006;0.0004;0.018;61955;61107;61868;7;16;1.32359997386811;0.0007637622;0.0006;0.0008;1772;1;1;3;1733;60314;0.0003;0.018;62046;61868;0.0009
"mscorlib.dll!::ValueCollection.CopyTo()";0.0006;0.0006;0.0006;62046;62046;62046;9;9;0.00059999997029081;0.0006;0.0006;0.0006;2;2;2;2;1;62046;0.0003;0.0003;62046;62046;0
"mscorlib.dll!System.Collections.Generic::ObjectEqualityComparer`1..ctor()";0.0006;0.0006;0.0006;62046;62046;62046;21;21;0.00059999997029081;0.0006;0.0006;0.0006;2;2;2;2;1;62046;0.0003;0.0003;62046;62046;0
"RadiosityDataManager.PurgeSystems";0.0006;0.0006;0.0006;62046;62046;62046;12;12;0.00059999997029081;0.0006;0.0006;0.0006;1;1;1;1;1;62046;0.0006;0.0006;62046;62046;0
"Unity.ResourceManager.dll!UnityEngine.ResourceManagement.AsyncOperations::AsyncOperationHandle..ctor()";0.0006;0.0006;0.0006;62046;62046;62046;16;19;0.00059999997029081;0.0006;0.0006;0.0006;6;6;6;6;1;62046;0;0.0002;62046;62046;0
"Unity.ResourceManager.dll!UnityEngine.ResourceManagement.Util::DependenciesCacheKey.Equals()";0.0006;0.0006;0.0006;62046;62046;62046;22;25;0.00059999997029081;0.0006;0.0006;0.0006;4;4;4;4;1;62046;0;0.0003;62046;62046;0
"Unity.TextMeshPro.dll!TMPro::ShaderUtilities.GetShaderPropertyIDs()";0.0006;0.0006;0.0006;62046;62046;62046;11;12;0.00059999997029081;0.0006;0.0006;0.0006;10;10;10;10;1;62046;0;0.0003;62046;62046;0
"Unity.TextMeshPro.dll!TMPro::TMP_Text.get_layoutPriority()";0.0006;0.0006;0.0006;62046;62046;62046;20;20;0.00059999997029081;0.0006;0.0006;0.0006;8;8;8;8;1;62046;0;0.0001;62046;62046;0
"UnityEngine.CoreModule.dll!UnityEngine::RectTransform.set_sendChildDimensionsChange()";0.0006;0.0006;0.0006;62046;62046;62046;10;10;0.00059999997029081;0.0006;0.0006;0.0006;1;1;1;1;1;62046;0.0006;0.0006;62046;62046;0
"mscorlib.dll!System.Reflection::MonoMethodInfo.GetAttributes()";0.0006;0.0006;0.0006;62095;62095;62095;17;17;0.00059999997029081;0.0006;0.0006;0.0006;1;1;1;1;1;62095;0.0006;0.0006;62095;62095;0
"UnityEngine.UIModule.dll!UnityEngine::Canvas.get_isRootCanvas()";0.0006;0.0004;0.021;62103;60573;60965;8;11;1.58949996955926;0.00079475;0.0006;0.0008;2001;1;1;2;2000;60314;0.0004;0.021;60573;60965;0.0007
"Unity.ResourceManager.dll!UnityEngine.ResourceManagement.Profiling::ProfilerFrameData`2.get_Values()";0.0006;0.0002;0.0146;62162;60518;60865;8;8;1.49879994969524;0.0007494;0.0005;0.0008;8000;4;4;4;2000;60314;0;0.0127;60315;60865;0.0006
"mscorlib.dll!System::String.IsNullOrEmpty()";0.0006;0.0003;0.01159999;62178;60403;61925;8;52;1.48709992613294;0.00074355;0.0005;0.0008;12317;6;6;203;2000;60314;0;0.0043;60318;60682;0.0006
"UnityEngine.UI.dll!::ButtonState.get_eventData()";0.0006;0;0.0128;62279;62073;60971;8;10;1.52649993237719;0.000764014;0.0005;0.0008;21978;11;11;11;1998;60314;0;0.011;60314;60971;0.0006
"UnityEngine.CoreModule.dll!UnityEngine.Events::InvokableCall`1.add_Delegate()";0.0005;0.0004;0.0022;60349;60347;60738;21;36;0.0344999999797437;0.0005390625;0.0004;0.0005;71;1;1;4;64;60318;0.0002;0.0022;60429;60738;0
"CopyChannels";0.0005;0.0004;0.007499999;60407;60334;62046;4;22;0.0281999991566408;0.0007230769;0.0004;0.0005;67;1;1;25;39;60334;0.0001;0.0018;61925;61871;0
"UnityEngine.CoreModule.dll!UnityEngine::RectTransform.set_sizeDelta_Injected()";0.0005;0.0003;0.0756;60430;60846;61925;11;23;0.16779999731807;0.004302564;0.0004;0.0007;47;1;1;4;39;60318;0.0001;0.0756;60524;61925;0
"UnityEngine.ParticleSystemModule.dll!::MainModule.set_startSizeBlittable_Injected()";0.0005;0.0003;0.0019;60430;60347;61616;14;15;0.0409999991534278;0.000554054;0.0004;0.0006;77;1;1;2;74;60331;0.0002;0.0019;60524;61616;0
"ContentLoadFrontend.IntegrateUpdate";0.0005;0.0002;0.0044;60452;60320;61231;3;3;1.06379998604825;0.0005319;0.0004;0.0006;2000;1;1;1;2000;60314;0.0002;0.0044;60320;61231;0.0008
"UnityEngine.InputLegacyModule.dll!UnityEngine::Input.GetMousePresentInternal()";0.0005;0.0002;0.0218;60452;60364;61266;8;8;1.11309998224897;0.0005571071;0.0003;0.0007;1998;1;1;1;1998;60314;0.0002;0.0218;60364;61266;0.0007
"EarlyUpdate.UpdateAsyncInstantiate";0.0005;0.0002;0.0123;60627;61789;61070;2;2;1.23059998413373;0.0006153;0.0004;0.0007;2000;1;1;1;2000;60314;0.0002;0.0123;61789;61070;0.0005
"PostLateUpdate.TriggerEndOfFrameCallbacks";0.0005;0.0002;0.0353;60662;62047;62242;2;2;1.10299999082054;0.0005515;0.0004;0.0006;2000;1;1;1;2000;60314;0.0002;0.0353;62047;62242;0.0005
"Assembly-CSharp.dll!::PathLengthSpeedScale.ScaleNodeMoveTime()";0.0005;0.0004;0.0011;60730;60471;60990;6;6;0.00409999999101274;0.0005857143;0.0004;0.0005;7;1;1;1;7;60471;0.0004;0.0011;60471;60990;0
"UnityEngine.IMGUIModule.dll!UnityEngine::Event.Internal_SetNativeEvent()";0.0005;0.0002;0.0055;60731;61539;62310;5;6;1.09299999316863;0.0005465;0.0004;0.0006;2042;1;1;3;2000;60314;0.0001;0.0055;60374;62310;0.0008
"mscorlib.dll!System::String.op_Implicit()";0.0005;0.0003;0.0118;60783;60369;61484;10;37;0.159999999101274;0.0007511737;0.0004;0.0008;346;1;1;26;213;60314;0;0.0113;60360;61484;0
"UnityEngine.CoreModule.dll!UnityEngine::Vector3.Normalize()";0.0005;0.0001;0.0021;60830;60337;61133;6;9;0.234799995807407;0.0005769042;0.0004;0.0007;528;1;1;4;407;60329;0.0001;0.0021;60337;61133;0
"UnityEngine.ParticleSystemModule.dll!::Burst..ctor()";0.0005;0.0004;0.0026;60832;60370;60441;12;13;0.0445999998482876;0.0006027027;0.0005;0.0007;77;1;1;2;74;60331;0.0004;0.0026;60370;60441;0
"PostLateUpdate.UpdateVideo";0.0005;0.0002;0.0457;60856;62047;61088;2;2;1.13859999369015;0.0005693;0.0004;0.0006;2000;1;1;1;2000;60314;0.0002;0.0457;62047;61088;0.0005
"PostLateUpdate.GUIClearEvents";0.0005;0.0001;0.0049;60991;62047;62032;2;2;1.47599998358783;0.000738;0.0004;0.0008;2000;1;1;1;2000;60314;0.0001;0.0049;62047;62032;0.001
"PreLateUpdate.AIUpdatePostScript";0.0005;0.0001;0.0158;61027;62048;60683;2;2;1.09099998835882;0.0005455;0.0004;0.0006;2000;1;1;1;2000;60314;0.0001;0.0158;62048;60683;0.0005
"UnityEngine.ParticleSystemModule.dll!::ColorOverLifetimeModule.set_colorBlittable_Injected()";0.0005;0.0003;0.0015;61073;61207;61462;14;15;0.0445999994408339;0.0006027027;0.0004;0.0007;77;1;1;2;74;60331;0.0003;0.0015;60524;61462;0
"mscorlib.dll!System::Enum.GetCachedValuesAndNames()";0.0005;0.0005;0.0006;61165;61165;61686;25;25;0.00109999999403954;0.00055;0.0005;0.0005;2;1;1;1;2;61165;0.0005;0.0006;61165;61686;0
"UnityEngine.AccessibilityModule.dll!UnityEngine.Accessibility::AccessibilityManager.Internal_Update_Impl()";0.0005;0.0003;0.006;61265;60457;62307;4;4;1.1926999882271;0.00059635;0.0004;0.0007;2000;1;1;1;2000;60314;0.0003;0.006;60457;62307;0.0006
"mscorlib.dll!::Reader.get_SynchronizationContext()";0.0005;0.0003;0.0028;61374;60479;61114;5;5;1.21739998745034;0.0006087;0.0004;0.0007;2000;1;1;1;2000;60314;0.0003;0.0028;60479;61114;0.0004
"UnityEngine.CoreModule.dll!UnityEngine::Display.RelativeMouseAtImpl()";0.0005;0.0002;0.0061;61393;60390;62307;6;14;1.24989997947705;0.00062495;0.0004;0.0008;2089;1;1;2;2000;60314;0.0001;0.0055;62082;61546;0.0016
"UnityEngine.IMGUIModule.dll!UnityEngine::GUILayoutEntry.SetHorizontal()";0.0005;0.0004;0.0066;61469;60316;61624;7;8;1.03669999859994;0.0005985566;0.0005;0.0006;1769;1;1;3;1732;60314;0.0004;0.0066;60316;61624;0.0007
"UnityEngine.CoreModule.dll!UnityEngine::RectOffset.get_vertical()";0.0005;0.0003;0.0052;61588;60447;61859;7;16;1.06709999556188;0.000615753;0.0005;0.0006;1773;1;1;4;1733;60314;0.0003;0.0052;60374;61859;0.0006
"UnityEngine.ParticleSystemModule.dll!::MainModule.set_startSpeedBlittable_Injected()";0.0005;0.0003;0.0013;61608;60362;61544;14;15;0.0415999990946148;0.0005621621;0.0004;0.0007;77;1;1;2;74;60331;0.0002;0.0012;60524;60435;0
"mscorlib.dll!System.Collections.Generic::EnumEqualityComparer`1.Equals()";0.0005;0.0003;0.006599999;61632;60425;62046;9;32;0.210699992690934;0.0009081896;0.0004;0.001;537;1;1;24;232;60314;0.0002;0.0026;60360;61059;0
"UnityEngine.CoreModule.dll!UnityEngine::Behaviour..ctor()";0.0005;0.0004;0.0007;61686;61165;62046;16;21;0.00159999998868443;0.0005333333;0.0004;0.0005;3;1;1;1;3;61165;0.0004;0.0007;61165;62046;0
"UnityEngine.CoreModule.dll!UnityEngine::Texture.GetDataHeight()";0.0005;0.0005;0.001;61686;61165;61925;20;22;0.0020000000949949;0.0006666667;0.0005;0.0005;4;1;1;2;3;61165;0.0005;0.0005;61165;61165;0
"UnityEngine.CoreModule.dll!UnityEngine::Camera.get_targetTexture_Injected()";0.0005;0.0002;0.0027;61697;62098;61875;6;6;1.25429998253821;0.00062715;0.0004;0.0008;2000;1;1;1;2000;60314;0.0002;0.0027;62098;61875;0.0007
"UnityEngine.CoreModule.dll!UnityEngine.Bindings::BindingsAllocator.FreeNativeOwnedMemory()";0.0005;0.0002;0.0091;61852;60523;61389;10;20;0.854199981389684;0.0006715409;0.0004;0.0008;2418;2;1;4;1272;60314;0.0001;0.0091;60314;61389;0.0003
"UnityEngine.CoreModule.dll!UnityEngine::LineRenderer.set_numCapVertices()";0.0005;0.0004;0.0024;61913;60431;60965;6;19;0.0392999997129664;0.0007017857;0.0005;0.0007;57;1;1;2;56;60346;0.0004;0.0024;60431;60965;0
"mscorlib.dll!System::Math.Pow()";0.0005;0.0003;0.003;61919;60325;62260;10;13;1.24729999067495;0.00062365;0.0005;0.0007;2001;1;1;2;2000;60314;0.0003;0.003;60325;62260;0.0004
"Assembly-CSharp.dll!::PlaySessionStatsService.RecordWaveCleared()";0.0005;0.0005;0.0005;61925;61925;61925;17;17;0.000500000023748726;0.0005;0.0005;0.0005;1;1;1;1;1;61925;0.0005;0.0005;61925;61925;0
"mscorlib.dll!System.Diagnostics::DebuggerDisplayAttribute..ctor()";0.0005;0.0005;0.0005;61925;61925;61925;50;50;0.000500000023748726;0.0005;0.0005;0.0005;1;1;1;1;1;61925;0.0005;0.0005;61925;61925;0
"mscorlib.dll!System::DateTime.get_Year()";0.0005;0.0005;0.0005;61925;61925;61925;24;24;0.000500000023748726;0.0005;0.0005;0.0005;1;1;1;1;1;61925;0.0005;0.0005;61925;61925;0
"mscorlib.dll!System::DateTime.GetSystemTimeAsFileTime()";0.0005;0.0005;0.0005;61925;61925;61925;21;21;0.000500000023748726;0.0005;0.0005;0.0005;1;1;1;1;1;61925;0.0005;0.0005;61925;61925;0
"mscorlib.dll!System::RuntimeType.IsArrayImpl()";0.0005;0.0005;0.0005;61925;61925;61925;38;38;0.000500000023748726;0.0005;0.0005;0.0005;1;1;1;1;1;61925;0.0005;0.0005;61925;61925;0
"UnityEngine.CoreModule.dll!UnityEngine::Logger.IsLogTypeAllowed()";0.0005;0.0005;0.0005;61925;61925;61925;22;22;0.000500000023748726;0.0005;0.0005;0.0005;1;1;1;1;1;61925;0.0005;0.0005;61925;61925;0
"UnityEngine.CoreModule.dll!UnityEngine::Transform.SetAsLastSibling_Injected()";0.0005;0.0005;0.0005;61925;61925;61925;21;21;0.000500000023748726;0.0005;0.0005;0.0005;1;1;1;1;1;61925;0.0005;0.0005;61925;61925;0
"PostLateUpdate.VFXUpdate";0.0005;0.0002;0.0054;61997;60377;61497;2;2;1.25959999069164;0.0006298;0.0005;0.0007;2000;1;1;1;2000;60314;0.0002;0.0054;60377;61497;0.0008
"UnityEngine.TilemapModule.dll!UnityEngine.Tilemaps::Tilemap.get_tileAnchor()";0.0005;0.0004;0.0033;61997;60318;60658;7;7;0.0355999998282641;0.0006033898;0.0005;0.0006;59;1;1;1;59;60318;0.0004;0.0033;60318;60658;0
"Unity.ResourceManager.dll!UnityEngine.ResourceManagement.Profiling::EngineEmitter.get_IsEnabled()";0.0005;0.0003;0.0348;61999;62081;60925;8;8;1.3341999942204;0.0006671;0.0005;0.0007;2000;1;1;1;2000;60314;0.0003;0.0348;62081;60925;0.0006
"mscorlib.dll!System.Collections::Stack.Push()";0.0005;0.0004;0.0123;62006;60324;60892;6;7;1.12839999666903;0.0006515012;0.0005;0.0007;1769;1;1;3;1732;60314;0.0003;0.0123;60374;60892;0.0011
"UnityEngine.CoreModule.dll!UnityEngine::Vector3.op_Inequality()";0.0005;0.0002;0.0041;62029;60318;61239;5;5;1.26649998669745;0.00063325;0.0004;0.0008;2000;1;1;1;2000;60314;0.0002;0.0041;60318;61239;0.0017
"sceneLoadStart.Invoke";0.0005;0.0005;0.0005;62045;62045;62045;25;25;0.000500000023748726;0.0005;0.0005;0.0005;1;1;1;1;1;62045;0.0005;0.0005;62045;62045;0
"UnityEngine.CoreModule.dll!UnityEngine.SceneManagement::SceneManagerAPI.get_ActiveAPI()";0.0005;0.0005;0.0005;62045;62045;62045;21;21;0.000500000023748726;0.0005;0.0005;0.0005;1;1;1;1;1;62045;0.0005;0.0005;62045;62045;0
"Analytics.InitializeSession";0.0005;0.0005;0.0005;62096;62096;62096;6;6;0.000500000023748726;0.0005;0.0005;0.0005;1;1;1;1;1;62096;0.0005;0.0005;62096;62096;0
"Physics.CalculateChangedColliderTransforms";0.0005;0.0003;0.0039;62150;60329;61959;5;5;1.26669999375008;0.0007575957;0.0005;0.0008;1696;1;1;16;1672;60314;0;0.0039;62100;61959;0.0009
"mscorlib.dll!::KeyCollection.GetEnumerator()";0.0005;0.0005;0.0006;62313;62096;62095;7;8;0.00160000001778826;0.0005333333;0.0005;0.0005;3;1;1;1;3;62095;0.0005;0.0006;62096;62095;0
"Tilemap.UpdateTileAnimation()";0.0005;0.0001;0.0029;60327;60618;62012;5;5;0.936299968379899;0.0005405889;0.0003;0.0007;5196;3;3;3;1732;60314;0;0.0024;60318;62012;0.0008
"UnityEngine.ParticleSystemModule.dll!::MinMaxCurveBlittable.FromMixMaxCurve()";0.0005;0.0001;0.0013;60394;60638;60916;13;15;0.0360999980330234;0.0004878378;0.0003;0.0006;462;6;6;12;74;60331;0;0.0003;60335;60441;0
"mscorlib.dll!System::ReadOnlySpan`1.op_Implicit()";0.0005;0.0002;0.02819997;60430;60474;61925;7;37;0.0484999717300525;0.001182926;0.0003;0.0006;222;2;1;140;41;60346;0.0001;0.0014;60360;60642;0
"UnityEngine.CoreModule.dll!UnityEngine::Sprite.GetInnerUVs_Injected()";0.0005;0.0002;0.0039;60478;60583;61570;17;17;0.69679997843923;0.0005368259;0.0004;0.0006;2507;2;1;8;1298;60314;0.0001;0.0022;60314;61463;0.0003
"UnityEngine.IMGUIModule.dll!UnityEngine::Event.get_type_Injected()";0.0005;0.0001;0.0049;60569;60449;61088;6;8;0.942199962140876;0.0005439954;0.0004;0.0006;7076;4;4;12;1732;60314;0;0.0037;60316;61700;0.0007
"UnityEngine.UI.dll!UnityEngine.UI::Graphic.set_color()";0.0005;0.0002;0.0141;60608;60370;61925;7;22;0.0426999996998347;0.0008714286;0.0004;0.0006;108;2;1;8;49;60318;0.0001;0.0081;60318;61925;0
"UnityEngine.CoreModule.dll!UnityEngine::Screen.get_height()";0.0005;0.0001;0.0059;60638;61966;61337;5;11;1.01719995753228;0.0005088544;0.0004;0.0006;5677;3;1;5;1999;60314;0;0.0055;60329;61337;0.0008
"UnityEngine.UI.dll!UnityEngine.UI::Slider.Update()";0.0005;0;0.2722;60670;61288;61244;4;4;1.19019998369185;0.0007383375;0.0002;0.0007999999;6267;4;1;10;1612;60314;0;0.2718;60314;61244;0.0004
"UnityEngine.CoreModule.dll!UnityEngine::Color32..ctor()";0.0005;0;0.0121;60970;60721;60542;13;16;1.03699989443703;0.0006489361;0.0002;0.0009;17655;9;1;35;1598;60314;0;0.0065;60314;60542;0.0005
"mscorlib.dll!System::IntPtr..ctor()";0.0005;0;0.2547;60994;60746;61155;6;45;1.4105998534651;0.0008739776;0.0003;0.0009;17713;8;1;101;1614;60314;0;0.2532;60314;61155;0.0008
"Unity.TextMeshPro.dll!::TextBackingContainer.set_Count()";0.0005;0;0.006;61024;60721;60542;14;27;1.05009989668906;0.0006571339;0.0003;0.0008;17654;9;1;35;1598;60314;0;0.0023;60314;61542;0.0006
"Unity.TextMeshPro.dll!::TextBackingContainer.get_Count()";0.0005;0;0.0085;61043;60721;61031;13;26;1.03559989736823;0.00064806;0.0002;0.0009;17654;9;1;35;1598;60314;0;0.008;60314;61031;0.0003
"UnityEngine.UI.dll!UnityEngine.UI::Slider.get_maxValue()";0.0005;0;0.0109;61061;60684;61592;9;24;0.997499933808285;0.0006187965;0.0002;0.0008;14355;8;1;40;1612;60314;0;0.0099;60314;61592;0.0004
"Physics2D.SolveDiscreteIslandPositionConstraints";0.0005;0;0.007999999;61144;61277;60386;8;8;0.944999932340579;0.0006526242;0.0003;0.0008;20954;10;1;80;1448;60314;0;0.0061;60314;60386;0.0005
"System.Core.dll!System.Collections.Generic::HashSet`1.get_Count()";0.0005;0;0.0107;61227;60708;60866;12;14;1.08289989447076;0.0006776595;0.0003;0.0009;17653;9;1;35;1598;60314;0;0.0092;60314;60866;0.0006
"UnityEngine.CoreModule.dll!UnityEngine::Display.GetRenderingExtImpl()";0.0005;0.0002;0.0135;61306;60326;61420;14;14;1.2337999605661;0.0006175175;0.0004;0.0007;6172;3;3;5;1998;60314;0;0.0132;60314;61420;0.0009
"System.dll!System.Collections.Generic::LinkedList`1.get_First()";0.0005;0;0.0068;61315;61843;60538;6;19;1.4021998490789;0.0007010999;0.0003;0.0009;19671;8;1;36;2000;60314;0;0.0028;60314;61006;0.0009
"UnityEngine.CoreModule.dll!UnityEngine::Mathf.InverseLerp()";0.0005;0.0001;0.0089;61384;60526;61425;6;24;0.918899968564801;0.000666836;0.0003;0.0008;3712;2;1;11;1378;60314;0.0001;0.0051;60316;61160;0.0002
"UnityEngine.Physics2DModule.dll!UnityEngine::Rigidbody2D.set_angularVelocity_Injected()";0.0005;0.0002;0.0038;61444;60445;61367;7;20;0.0850999973481521;0.0006122302;0.0004;0.0006;276;2;1;6;139;60328;0;0.0036;60340;61367;0
"Assembly-CSharp.dll!::ChainLightning.ScaleAlpha()";0.0005;0.0003;0.0154;61493;60460;61575;7;23;0.274299988988787;0.00068575;0.0004;0.0006;1200;3;3;3;400;60363;0.0001;0.0145;60363;61575;0
"UnityEngine.CoreModule.dll!UnityEngine::Sprite.get_associatedAlphaSplitTexture_Injected()";0.0005;0.0004;0.0016;61493;60380;60429;13;16;0.0118999990518205;0.0006611111;0.0004;0.0006;100;4;4;14;18;60318;0;0.0004;60380;60429;0
"UnityEngine.CoreModule.dll!UnityEngine::Cursor.get_lockState()";0.0005;0.0001;0.0098;61561;60583;60321;9;9;1.22559996497148;0.0006134134;0.0004;0.0007;5121;2;2;5;1998;60314;0;0.0093;60316;60321;0.0013
"UnityEngine.CoreModule.dll!UnityEngine::Vector2.Normalize()";0.0005;0.0002;0.0048;61586;60344;61858;7;23;0.0507999989204109;0.000651282;0.0003;0.0007;156;1;1;4;78;60331;0.0001;0.0018;60340;60432;0
"UnityEngine.CoreModule.dll!UnityEngine::Vector3.op_Division()";0.0005;0;0.0243;61615;60715;60813;5;15;1.19449987206463;0.0007364364;0.0003;0.0009999999;18251;9;1;35;1622;60314;0;0.0243;60314;60813;0.0004
"Unity.TextMeshPro.dll!TMPro::TMP_Style.get_styleOpeningDefinition()";0.0005;0;0.0143;61629;60701;61088;13;26;1.13809988051071;0.0007122027;0.0003;0.0009;17654;9;1;35;1598;60314;0;0.0118;60314;61088;0.0005
"Unity.TextMeshPro.dll!TMPro::TMP_TextInfo.Clear()";0.0005;0;0.0079;61695;60710;61624;12;14;1.17869988414168;0.0007376095;0.0003;0.0009;17653;9;1;35;1598;60314;0;0.005;60314;61624;0.0008
"mscorlib.dll!System::ValueTuple`2..ctor()";0.0005;0.0001;0.014;61719;60333;61570;10;10;1.07409995488706;0.0006201501;0.0004;0.0007;15588;9;9;9;1732;60314;0;0.0109;60314;61570;0.0006
"UnityEngine.TextCoreFontEngineModule.dll!UnityEngine.TextCore::FaceInfo.get_lineHeight()";0.0005;0;0.05890001;61740;60722;61570;12;24;1.24379988772125;0.0007783478;0.0003;0.0009999999;17654;9;1;35;1598;60314;0;0.0559;60314;61570;0.0006
"UnityEngine.CoreModule.dll!UnityEngine::GameObject.get_activeSelf_Injected()";0.0005;0.0001;0.006299999;61839;60782;60538;6;22;1.03449994651601;0.0006417494;0.0004;0.0008;7888;4;2;14;1612;60314;0;0.0035;60314;61419;0.0006
"mscorlib.dll!System.Collections::ArrayList.Add()";0.0005;0.0005;0.0005;61925;61925;61925;46;49;0.000499999965541065;0.0005;0.0005;0.0005;2;2;2;2;1;61925;0.0002;0.0003;61925;61925;0
"mscorlib.dll!System.Collections::Hashtable.UpdateVersion()";0.0005;0.0005;0.0005;61925;61925;61925;42;51;0.000499999965541065;0.0005;0.0005;0.0005;10;10;10;10;1;61925;0;0.0001;61925;61925;0
"mscorlib.dll!System.Reflection::MemberInfo.op_Inequality()";0.0005;0.0005;0.0005;61925;61925;61925;35;38;0.000499999965541065;0.0005;0.0005;0.0005;2;2;2;2;1;61925;0.0002;0.0003;61925;61925;0
"mscorlib.dll!System.Text::Encoding.get_EncoderFallback()";0.0005;0.0005;0.0005;61925;61925;61925;26;29;0.000499999965541065;0.0005;0.0005;0.0005;12;12;12;12;1;61925;0;0.0001;61925;61925;0
"mscorlib.dll!System::Array.GetLowerBound()";0.0005;0.0005;0.0005;61925;61925;61925;47;50;0.000499999965541065;0.0005;0.0005;0.0005;2;2;2;2;1;61925;0.0002;0.0003;61925;61925;0
"mscorlib.dll!System::Math.ModF()";0.0005;0.0005;0.0005;61925;61925;61925;25;25;0.000499999965541065;0.0005;0.0005;0.0005;2;2;2;2;1;61925;0.0002;0.0003;61925;61925;0
"mscorlib.dll!System::RuntimeType.GetDefaultConstructor()";0.0005;0.0005;0.0007;61925;61925;62095;15;54;0.00119999994058162;0.0006;0.0005;0.0005;3;1;1;2;2;61925;0.0002;0.0007;61925;62095;0
"mscorlib.dll!System::Type.get_DefaultBinder()";0.0005;0.0005;0.0005;61925;61925;61925;47;50;0.000499999965541065;0.0005;0.0005;0.0005;2;2;2;2;1;61925;0.0001;0.0004;61925;61925;0
"Newtonsoft.Json.dll!Newtonsoft.Json.Serialization::DefaultContractResolver.get_Instance()";0.0005;0.0005;0.0005;61925;61925;61925;27;29;0.000499999965541065;0.0005;0.0005;0.0005;6;6;6;6;1;61925;0;0.0001;61925;61925;0
"Newtonsoft.Json.dll!Newtonsoft.Json.Utilities::BufferUtils.ReturnBuffer()";0.0005;0.0005;0.0005;61925;61925;61925;27;29;0.000499999965541065;0.0005;0.0005;0.0005;6;6;6;6;1;61925;0;0.0001;61925;61925;0
"Newtonsoft.Json.dll!Newtonsoft.Json::JsonWriter.get_AutoCompleteOnClose()";0.0005;0.0005;0.0005;61925;61925;61925;27;29;0.000499999965541065;0.0005;0.0005;0.0005;6;6;6;6;1;61925;0;0.0001;61925;61925;0
"Newtonsoft.Json.dll!Newtonsoft.Json::JsonWriter.get_CloseOutput()";0.0005;0.0005;0.0005;61925;61925;61925;27;29;0.000499999965541065;0.0005;0.0005;0.0005;6;6;6;6;1;61925;0;0.0001;61925;61925;0
"Newtonsoft.Json.dll!Newtonsoft.Json::JsonWriter.get_Formatting()";0.0005;0.0005;0.0005;61925;61925;61925;26;27;0.000499999965541065;0.0005;0.0005;0.0005;5;5;5;5;1;61925;0.0001;0.0001;61925;61925;0
"System.Core.dll!::Iterator`1.Dispose()";0.0005;0.0005;0.0005;61925;61925;61925;37;43;0.000499999965541065;0.0005;0.0005;0.0005;11;11;11;11;1;61925;0;0.0001;61925;61925;0
"System.Core.dll!System.Linq::EnumerableSorter`2..ctor()";0.0005;0.0005;0.0005;61925;61925;61925;41;44;0.000499999965541065;0.0005;0.0005;0.0005;2;2;2;2;1;61925;0.0002;0.0003;61925;61925;0
"System.Core.dll!System.Linq::GroupedEnumerable`2..ctor()";0.0005;0.0005;0.0005;61925;61925;61925;39;42;0.000499999965541065;0.0005;0.0005;0.0005;4;4;4;4;1;61925;0.0001;0.0002;61925;61925;0
"System.dll!::DefaultTypeDescriptor..ctor()";0.0005;0.0005;0.0005;61925;61925;61925;40;47;0.000499999965541065;0.0005;0.0005;0.0005;4;4;4;4;1;61925;0.0001;0.0002;61925;61925;0
"System.dll!System.ComponentModel::AttributeCollection.get_Attributes()";0.0005;0.0005;0.0005;61925;61925;61925;41;44;0.000499999965541065;0.0005;0.0005;0.0005;6;6;6;6;1;61925;0;0.0001;61925;61925;0
"UnityEngine.CoreModule.dll!UnityEngine::Texture.GetDataWidth_Injected()";0.0005;0.0002;0.0005;61925;61165;61686;21;23;0.00119999998423737;0.0004;0.0002;0.0005;4;1;1;2;3;61165;0.0002;0.0005;61165;61686;0
"UnityEngine.TextCoreFontEngineModule.dll!UnityEngine.TextCore.LowLevel::FontEngine.GlyphIndexToMarshallingArray()";0.0005;0.0005;0.0005;61925;61925;61925;23;23;0.000499999965541065;0.0005;0.0005;0.0005;2;2;2;2;1;61925;0.0002;0.0003;61925;61925;0
"Unity.ResourceManager.dll!UnityEngine.ResourceManagement.AsyncOperations::AsyncOperationBase`1.get_PercentComplete()";0.0005;0;0.027;61991;60494;60865;11;11;1.14349995258817;0.0006602193;0.0004;0.0007;15588;9;9;9;1732;60314;0;0.0246;60314;60865;0.0006
"mscorlib.dll!System.Collections.Generic::KeyValuePair`2.get_Key()";0.0005;0.0001;0.0046;61994;60335;61871;9;9;1.07549995518639;0.0006209584;0.0004;0.0007;15588;9;9;9;1732;60314;0;0.0034;60314;61708;0.0004
"System.dll!System.Collections.Generic::LinkedListNode`1.Invalidate()";0.0005;0.0005;0.0005;62046;62046;62046;18;21;0.000499999965541065;0.0005;0.0005;0.0005;6;6;6;6;1;62046;0;0.0001;62046;62046;0
"Unity.ResourceManager.dll!UnityEngine.ResourceManagement.AsyncOperations::ProviderOperation`1.UnityEngine.ResourceManagement.AsyncOperations.ICachable.get_Key()";0.0005;0.0005;0.0005;62046;62046;62046;16;24;0.000499999965541065;0.0005;0.0005;0.0005;18;18;18;18;1;62046;0;0.0001;62046;62046;0
"UnityEngine.CoreModule.dll!UnityEngine.Events::InvokableCall.add_Delegate()";0.0005;0.0005;0.0005;62046;62046;62046;14;14;0.000499999965541065;0.0005;0.0005;0.0005;3;3;3;3;1;62046;0.0001;0.0002;62046;62046;0
"UnityEngine.UI.dll!UnityEngine.EventSystems::BaseRaycaster.OnCanvasHierarchyChanged()";0.0005;0.0005;0.0005;62046;62046;62046;9;12;0.000499999965541065;0.0005;0.0005;0.0005;3;3;3;3;1;62046;0.0001;0.0002;62046;62046;0
"UnityEngine.UI.dll!UnityEngine.EventSystems::UIBehaviour.Awake()";0.0005;0.0005;0.0005;62046;62046;62046;9;13;0.000499999965541065;0.0005;0.0005;0.0005;14;14;14;14;1;62046;0;0.0001;62046;62046;0
"UnityEngine.UI.dll!UnityEngine.UI::Image.get_layoutPriority()";0.0005;0.0005;0.0005;62046;62046;62046;20;20;0.000499999965541065;0.0005;0.0005;0.0005;8;8;8;8;1;62046;0;0.0001;62046;62046;0
"mscorlib.dll!System.Collections.Generic::List`1..ctor()";0.0004;0.0001;0.1517999;60323;61467;61925;7;54;0.966999845353712;0.0005573486;0.0003;0.0004;4217;2;1;310;1735;60314;0;0.0104;60316;61925;0.0005
"UnityEngine.ParticleSystemModule.dll!::EmissionModule.set_rateOverTimeBlittable_Injected()";0.0004;0.0002;0.0009;60331;60347;60915;14;15;0.0297999993199483;0.0004027027;0.0003;0.0005;77;1;1;2;74;60331;0.0002;0.0009;60347;60915;0
"FixedUpdate.LegacyFixedAnimationUpdate";0.0004;0;0.0185;60339;62251;61439;2;2;0.765999983319489;0.000458134;0.0003;0.0005;1696;1;1;16;1672;60314;0;0.0185;62100;61439;0.0006
"UnityEngine.UI.dll!UnityEngine.EventSystems::ExecuteEvents.get_pointerMoveHandler()";0.0004;0;0.0015;60346;60665;62032;10;16;0.0524999980261782;0.0003804348;0.0003;0.0004;415;3;1;5;138;60341;0;0.0012;60342;62130;0
"Unity.TextMeshPro.dll!TMPro::TMP_TextParsingUtilities.IsHangul()";0.0004;0.0001;0.005899999;60347;61173;60696;16;24;0.0465999993757578;0.001331429;0.0003;0.0024;623;4;4;57;35;60347;0;0.0015;60347;60696;0
"Assembly-CSharp.dll!::TowerWeapon.IsBetterTarget()";0.0004;0.0002;0.0168;60350;60327;60965;7;12;0.18079999544716;0.001069822;0.0003;0.0009;267;1;1;9;169;60327;0.0002;0.0154;60327;60965;0
"UnityEngine.CoreModule.dll!UnityEngine::ResourcesAPI.get_ActiveAPI()";0.0004;0.0002;0.0012;60350;60335;60915;13;14;0.0318999991432065;0.0004310811;0.0003;0.0005;77;1;1;2;74;60331;0.0002;0.0012;60335;60915;0
"mscorlib.dll!System.Text::StringBuilder.set_Length()";0.0004;0.0003;0.0027;60370;60330;60349;9;27;0.0179999996616971;0.0004864865;0.0003;0.0005;41;1;1;5;37;60315;0.0001;0.0027;61925;60349;0
"mscorlib.dll!System.Globalization::CultureInfo.get_UserDefaultCulture()";0.0004;0.0002;0.009399998;60371;60327;61925;12;38;0.111599995128927;0.0005214953;0.0003;0.0006;360;1;1;38;214;60314;0.0001;0.0022;60323;61385;0
"mscorlib.dll!System::Number.RoundNumber()";0.0004;0.0002;0.0016;60371;60366;61686;12;39;0.097799997383845;0.0004591549;0.0003;0.0005;305;1;1;5;213;60314;0.0001;0.0016;61059;61686;0
"UnityEngine.UIModule.dll!UnityEngine::CanvasRenderer.GetColor_Injected()";0.0004;0.0001;0.0013;60379;60428;61925;16;33;0.0319999987332267;0.0004444444;0.0002;0.0006;236;3;1;10;72;60318;0;0.0005;60318;61926;0
"UnityEngine.GridModule.dll!UnityEngine::GridLayout.get_cellGap_Injected()";0.0004;0.0003;0.0007;60386;60320;60321;7;7;0.0226999992446508;0.0003847457;0.0003;0.0004;59;1;1;1;59;60318;0.0003;0.0007;60320;60321;0
"UnityEngine.UIModule.dll!UnityEngine::Canvas.get_pixelPerfect_Injected()";0.0004;0.0002;0.0318;60399;60393;61216;17;18;0.580899978565867;0.0004475347;0.0003;0.0005;2514;2;1;8;1298;60314;0;0.0316;60318;61216;0.0003
"UnityEngine.CoreModule.dll!UnityEngine::Vector2.get_sqrMagnitude()";0.0004;0;0.0045;60406;60555;61434;6;23;0.815199964956264;0.0004076;0.0002;0.0005;11728;6;1;17;2000;60314;0;0.0025;60314;61685;0.0005
"UnityEngine.IMGUIModule.dll!UnityEngine::GUIStyle.get_fixedWidth_Injected()";0.0004;0.0002;0.0043;60489;60326;60777;12;13;0.704899976262823;0.0004069861;0.0003;0.0004;3538;2;2;6;1732;60314;0;0.0039;60317;60816;0.0005
"UnityEngine.UI.dll!UnityEngine.UI::Slider.get_value()";0.0004;0.0001;0.0131;60494;60526;61512;13;24;0.603099978499813;0.0004635665;0.0002;0.0006;2690;2;1;9;1301;60314;0.0001;0.0104;60314;61512;0.0002
"SkinnedMeshOncePerFrameUpdate";0.0004;0;0.0022;60543;62243;61861;4;9;0.779999973936356;0.00039;0.0003;0.0004;4001;2;2;3;2000;60314;0;0.0022;60316;61861;0.0007
"mscorlib.dll!System.Threading::Thread.GetExecutionContextReader()";0.0004;0.0002;0.0059;60549;60460;62198;5;5;0.884399980757735;0.0004422;0.0003;0.0004;2000;1;1;1;2000;60314;0.0002;0.0059;60460;62198;0.0004
"UnityEngine.UI.dll!UnityEngine.UI.Collections::IndexedSet`1.get_Capacity()";0.0004;0.0002;0.02009998;60558;60560;62046;13;30;0.0334999784536194;0.001196428;0.0004;0.0005;194;2;2;123;28;60347;0.0001;0.0004;60428;60581;0
"UnityEngine.ParticleSystemModule.dll!::ColorOverLifetimeModule.set_enabled()";0.0004;0.0002;0.0019;60581;60608;60466;12;13;0.0339999994903337;0.0004594595;0.0003;0.0005;77;1;1;2;74;60331;0.0002;0.0019;60524;60466;0
"UnityEngine.CoreModule.dll!UnityEngine::LineRenderer.set_endColor_Injected()";0.0004;0.0002;0.001;60612;60327;60321;7;8;0.0298999995138729;0.0004462686;0.0003;0.0005;74;1;1;2;67;60318;0;0.001;62031;60321;0
"UnityEngine.InputLegacyModule.dll!UnityEngine::Input.GetMouseButtonUp()";0.0004;0.0001;0.0036;60639;60316;61434;11;11;0.846599971780961;0.0004237237;0.0003;0.0005;5994;3;3;3;1998;60314;0;0.0026;60315;60702;0.0005
"Physics2D.TilemapColliderTileUpdate";0.0004;0.0001;0.0033;60655;60370;61799;4;4;0.728599973423115;0.0004206697;0.0003;0.0005;5196;3;3;3;1732;60314;0;0.0024;60314;61799;0.0002
"UnityEngine.ParticleSystemModule.dll!::MainModule.set_simulationSpace()";0.0004;0.0003;0.0011;60664;60347;60915;12;13;0.0340999992913567;0.0004608108;0.0003;0.0005;77;1;1;2;74;60331;0.0001;0.0011;60524;60915;0
"UnityEngine.ParticleSystemModule.dll!UnityEngine::ParticleSystem.get_main()";0.0004;0.0003;0.0013;60664;60347;60595;12;13;0.0346999991161283;0.0004689189;0.0003;0.0005;77;1;1;2;74;60331;0.0002;0.0013;60524;60595;0
"UnityEngine.CoreModule.dll!UnityEngine::Transform.get_localScale_Injected()";0.0004;0.0001;0.0131;60670;60846;61858;9;21;0.060099998539954;0.0005950495;0.0003;0.0006;366;3;1;8;101;60318;0;0.0097;60328;61858;0
"UnityEngine.CoreModule.dll!UnityEngine::LineRenderer.set_useWorldSpace_Injected()";0.0004;0.0001;0.0042;60673;60585;61513;7;18;0.556399980567221;0.0004370777;0.0003;0.0005;2424;2;1;4;1273;60314;0;0.0035;60314;61513;0.0003
"ClothScene.Update";0.0004;0.0001;0.0293;60677;60342;61308;4;4;0.880699985129468;0.00044035;0.0003;0.0005;2000;1;1;1;2000;60314;0.0001;0.0293;60342;61308;0.0002
"UnityEngine.UI.dll!UnityEngine.UI::CanvasScaler.SetScaleFactor()";0.0004;0.0003;0.0034;60686;60314;61880;9;13;0.872099981235806;0.00043605;0.0003;0.0004;2002;1;1;3;2000;60314;0.0003;0.0034;60314;61880;0.0003
"Assembly-CSharp.dll!::TowerData.get_DisplayName()";0.0004;0.0003;0.001;60696;60684;60719;8;19;0.00430000002961606;0.0004777778;0.0004;0.0005;9;1;1;1;9;60360;0.0003;0.001;60684;60719;0
"mscorlib.dll!System::Buffer.memcpy2()";0.0004;0.0003;0.02969996;60707;60370;61925;12;47;0.0341999567754101;0.002849996;0.0003;0.0005;434;5;4;381;12;60360;0;0.0003;60370;61925;0
"UnityEngine.UI.dll!UnityEngine.EventSystems::EventSystem.SetSelectedGameObject()";0.0004;0.0003;0.0768;60727;60365;60398;7;15;0.236899989657104;0.01974167;0.0003;0.0293;16;1;1;2;12;60356;0.0003;0.0768;60356;60398;0
"Sprite.GetSourceAndDestinationRect";0.0004;0.0001;0.0108;60743;60768;61366;4;4;0.657099979100167;0.0004730741;0.0003;0.0005;3822;2;1;11;1389;60314;0;0.0108;60315;61366;0.0003
"Flush DSP connections";0.0004;0.0001;0.0027;60760;60424;60887;6;6;0.840599981733249;0.0004203;0.0003;0.0005;2000;1;1;1;2000;60314;0.0001;0.0027;60424;60887;0.0006
"PostLateUpdate.DirectorLateUpdate";0.0004;0.0001;0.0026;60766;60493;61512;2;2;0.879699985605839;0.00043985;0.0003;0.0005;2000;1;1;1;2000;60314;0.0001;0.0026;60493;61512;0.0003
"Physics2D.SolveDiscreteIslandBodySleep";0.0004;0;0.009899999;60777;60700;60407;8;8;0.818599928839831;0.0005653314;0.0002;0.0007;20954;10;1;80;1448;60314;0;0.0085;60314;60407;0.0007
"SoundManager.Update";0.0004;0.0001;0.0022;60777;61585;60473;3;3;0.856099980424915;0.00042805;0.0003;0.0005;2000;1;1;1;2000;60314;0.0001;0.0022;61585;60473;0.0003
"SceneNodesInitJob";0.0004;0.0002;0.0333;60800;61180;61486;9;9;0.32259999467351;0.0004902735;0.0003;0.0005;658;1;1;1;658;60468;0.0002;0.0333;61180;61486;0
"UnityEngine.ParticleSystemModule.dll!::MainModule.set_startColorBlittable_Injected()";0.0004;0.0002;0.001;60878;60335;60435;14;15;0.0331999997288221;0.0004486486;0.0003;0.0005;77;1;1;2;74;60331;0.0002;0.001;60335;60435;0
"Profiler.FlushFileIOCounters";0.0004;0.0002;0.0021;60883;60331;61088;4;4;0.883699979516678;0.00044185;0.0003;0.0005;2000;1;1;1;2000;60314;0.0002;0.0021;60331;61088;0.0006
"UnityEngine.UI.dll!UnityEngine.UI::CanvasUpdateRegistry.get_instance()";0.0004;0;0.02199997;60918;60959;62046;9;31;0.63929994260252;0.0004883881;0.0003;0.0006;6343;4;2;415;1309;60314;0;0.0055;60314;61185;0.0002
"CullSceneDynamicObjectsCombineJob";0.0004;0.0002;0.0045;60977;61133;61079;7;7;0.443599989535869;0.0004273603;0.0003;0.0004;1038;1;1;1;1038;60314;0.0002;0.0045;61133;61079;0.0027
"UnityEngine.ParticleSystemModule.dll!::MinMaxCurve..ctor()";0.0004;0.0002;0.0012;61011;60445;61544;13;15;0.0319999982457375;0.0004324324;0.0003;0.0005;462;6;6;12;74;60331;0;0.0002;60331;60350;0
"CanvasUpdate.PostLayout";0.0004;0.0002;0.1901;61038;61459;61247;9;9;1.07839998153213;0.0005392;0.0003;0.0004;2000;1;1;1;2000;60314;0.0002;0.1901;61459;61247;0.0003
"UnityEngine.UI.dll!UnityEngine.UI::Slider.get_wholeNumbers()";0.0004;0;0.0138;61038;60609;61512;9;25;0.783299965223705;0.0004859181;0.0002;0.0006;11665;7;1;31;1612;60314;0;0.0116;60314;61682;0.0003
"UnityEngine.CoreModule.dll!UnityEngine::LineRenderer.get_startColor_Injected()";0.0004;0.0002;0.0025;61053;60423;60459;6;6;0.670599986202433;0.0004403152;0.0003;0.0005;1523;1;1;1;1523;60314;0.0002;0.0025;60423;60459;0.0004
"UnityEngine.CoreModule.dll!UnityEngine.Rendering::SupportedRenderingFeatures.get_active()";0.0004;0;0.0093;61086;62052;61155;4;4;0.883999966776173;0.000442;0.0003;0.0005;6000;3;3;3;2000;60314;0;0.0085;60314;61155;0.0004
"UnityEngine.ParticleSystemModule.dll!UnityEngine::ParticleSystem.get_emission()";0.0004;0.0003;0.0017;61110;60417;61544;12;13;0.0377999994088896;0.0005108108;0.0004;0.0005;77;1;1;2;74;60331;0.0003;0.0012;60417;61544;0
"UnityEngine.CoreModule.dll!UnityEngine.Bindings::BindingsAllocator.Free()";0.0004;0.0002;0.0029;61111;60335;61434;11;11;0.104099997304729;0.0005053398;0.0003;0.0006;303;1;1;13;206;60314;0;0.002;60381;61434;0
"UnityEngine.InputModule.dll!UnityEngineInternal.Input::NativeInputSystem.ShouldRunUpdate()";0.0004;0;0.0134;61164;60791;60764;3;4;0.959399968021899;0.0004797;0.0003;0.0006;5696;3;2;18;2000;60314;0;0.0132;60314;60764;0.0004
"UnityEngine.UI.dll!UnityEngine.EventSystems::BaseInputModule.get_eventSystem()";0.0004;0;0.0052;61176;60354;60590;6;15;0.903999960857618;0.000452;0.0003;0.0005;12140;6;2;9;2000;60314;0;0.0049;60314;60590;0.0006
"CanvasUpdate.Layout";0.0004;0.0003;0.543;61186;60314;62046;9;9;1.515999966854;0.000758;0.0003;0.0005;2000;1;1;1;2000;60314;0.0003;0.543;60314;62046;0.0004
"UnityEngine.CoreModule.dll!UnityEngine::Rect.get_y()";0.0004;0;0.0157;61195;60356;61512;13;30;0.702899968011479;0.0005386207;0.0002;0.0006;10334;8;1;35;1305;60314;0;0.0122;60314;61512;0.0003
"UnityEngine.IMGUIModule.dll!UnityEngine::GUIStyle.get_none()";0.0004;0.0001;0.0036;61198;60377;61884;7;9;0.762299968351726;0.000440127;0.0003;0.0005;8845;5;5;15;1732;60314;0;0.0033;60314;61884;0.0005
"UnityEngine.CoreModule.dll!UnityEngine::BoundsInt.get_yMin()";0.0004;0.0003;0.0013;61249;61373;60429;9;18;0.0117999997746665;0.000472;0.0004;0.0004;29;1;1;3;25;60318;0.0003;0.0005;61373;60349;0
"PreLateUpdate.LegacyAnimationUpdate";0.0004;0;0.0025;61254;62182;60958;2;2;0.897699984125211;0.00044885;0.0003;0.0005;2000;1;1;1;2000;60314;0;0.0025;62182;60958;0.0004
"UnityEngine.CoreModule.dll!UnityEngine::Display.GetSystemExtImpl()";0.0004;0.0001;0.0043;61284;60320;61875;14;14;0.945599968566967;0.0004732732;0.0003;0.0005;6172;3;3;5;1998;60314;0;0.0034;60315;60543;0.0008
"UnityEngine.CoreModule.dll!UnityEngine::Sprite.get_pixelsPerUnit_Injected()";0.0004;0.0001;0.0046;61288;60600;61570;18;24;0.624899975060544;0.0004814329;0.0003;0.0006;5016;4;2;16;1298;60314;0;0.002;60314;60875;0.0003
"mscorlib.dll!System::Object.__isinst_with_cache()";0.0004;0;0.1292009;61314;60318;61925;7;52;1.62200080985349;0.003137332;0.0001;0.0046;4954;3;1;1370;517;60315;0;0.0132;60318;62071;0.0003
"UnityEngine.CoreModule.dll!UnityEngine::Camera.get_eventMask_Injected()";0.0004;0.0001;0.0135;61320;60400;61570;6;6;0.924499972556077;0.0004840314;0.0003;0.0005;5730;3;3;3;1910;60314;0;0.012;60315;61570;0.0007
"UnityEngine.AccessibilityModule.dll!UnityEngine.Accessibility::AccessibilityManager.get_instance()";0.0004;0.0001;0.007999999;61361;60749;61835;4;4;0.929499966630829;0.00046475;0.0003;0.0005;4000;2;2;2;2000;60314;0;0.0075;60364;61835;0.0004
"UnityEngine.CoreModule.dll!UnityEngine::SpriteRenderer.set_color_Injected()";0.0004;0.0001;0.0035;61367;60445;60853;7;21;0.226399991297512;0.0004911063;0.0003;0.0006;1412;3;1;13;461;60314;0;0.0021;60314;60904;0
"Profiler.CollectGIStats";0.0004;0.0001;0.0036;61403;62047;60538;5;5;0.945599979844701;0.0004728;0.0003;0.0005;2000;1;1;1;2000;60314;0.0001;0.0036;62047;60538;0.0006
"UnityEngine.CoreModule.dll!UnityEngine::WaitForSeconds..ctor()";0.0004;0.0003;0.0023;61427;60331;60865;6;16;0.120099997380748;0.0005154506;0.0004;0.0006;259;1;1;3;233;60314;0.0001;0.0019;61586;61441;0
"UnityEngine.CoreModule.dll!UnityEngine::LineRenderer.set_endWidth_Injected()";0.0004;0.0001;0.0046;61442;60318;60346;7;24;0.257599992284668;0.0005172691;0.0003;0.0005;1324;3;1;5;498;60318;0;0.0046;60368;60346;0
"MeshRendererPrepareDispatchUpdate";0.0004;0.0002;0.0094;61455;60316;60681;4;4;0.773899988402263;0.0004845961;0.0003;0.0005;1597;1;1;1;1597;60314;0.0002;0.0094;60316;60681;0.0005
"PostLateUpdate.SortingGroupsUpdate";0.0004;0.0002;0.007;61486;60397;61092;2;2;1.00219998160901;0.0005011;0.0003;0.0005;2000;1;1;1;2000;60314;0.0002;0.007;60397;61092;0.0003
"mscorlib.dll!System::Span`1.Slice()";0.0004;0.0002;0.0089;61495;60406;61925;11;38;0.125599996841629;0.0005896714;0.0003;0.0007;337;1;1;35;213;60314;0.0001;0.0013;60370;61159;0
"UnityEngine.CoreModule.dll!UnityEngine::Renderer.set_receiveShadows_Injected()";0.0004;0.0002;0.0006;61509;60471;60990;7;7;0.00269999990996439;0.0003857143;0.0003;0.0004;7;1;1;1;7;60471;0.0002;0.0006;60471;60990;0
"UnityEngine.CoreModule.dll!UnityEngine::Vector2.get_zero()";0.0004;0;0.01699998;61519;62251;62046;5;23;1.01169994082011;0.000506103;0.0003;0.0006;7378;3;2;328;1999;60314;0;0.0026;60314;60464;0.0006
"UnityEngine.CoreModule.dll!UnityEngine::Rect.get_x()";0.0004;0;0.0286;61530;60390;61216;13;30;0.728699965162377;0.0005583908;0.0003;0.0007;10333;8;1;35;1305;60314;0;0.0281;60314;61216;0.0003
"UnityEngine.IMGUIModule.dll!UnityEngine::GUIUtility.get_guiDepth()";0.0004;0.0002;0.0038;61539;60340;60985;8;9;0.847799972441862;0.0004894919;0.0003;0.0005;3538;2;2;6;1732;60314;0;0.0034;60332;60985;0.0006
"UIEvents.CanvasmanagerEmitOnScreenGeometry";0.0004;0.0001;0.0145;61669;62101;60687;3;3;1.02279998627637;0.0005114;0.0004;0.0005;2000;1;1;1;2000;60314;0.0001;0.0145;62101;60687;0.0004
"UnityEngine.CoreModule.dll!UnityEngine::Vector4.get_sqrMagnitude()";0.0004;0.0002;0.0054;61674;60474;61570;16;16;0.661399977543624;0.0005095531;0.0003;0.0006;2507;2;1;8;1298;60314;0.0001;0.0027;60320;61074;0.0003
"UnityEngine.CoreModule.dll!UnityEngine::MonoBehaviour.IsObjectMonoBehaviour_Injected()";0.0004;0.0001;0.005599997;61677;61066;62046;7;36;0.307899985935364;0.0005765918;0.0003;0.0007;1265;2;1;69;534;60314;0;0.0021;60365;60548;0
"UnityEngine.CoreModule.dll!UnityEngine::TrailRenderer.set_emitting_Injected()";0.0004;0.0001;0.0042;61686;60471;61858;7;22;0.120599993773794;0.0005688679;0.0003;0.0007;841;3;1;16;212;60328;0;0.0022;60331;60540;0
"UnityEngine.ParticleSystemModule.dll!::EmissionModule.SetBurst_Injected()";0.0004;0.0002;0.0022;61702;60993;60476;15;16;0.0374999992054654;0.0005067568;0.0003;0.0006;77;1;1;2;74;60331;0.0002;0.0022;60993;60476;0
"EarlyUpdate.UpdateStreamingManager";0.0004;0.0001;0.0028;61747;62251;61678;2;2;1.06539998163498;0.0005327;0.0003;0.0006;2000;1;1;1;2000;60314;0.0001;0.0028;62251;61678;0.0004
"Director.ProcessFrame";0.0004;0;0.0036;61772;60510;62130;3;3;0.964799959227093;0.0004824;0.0003;0.0006;13392;7;5;37;2000;60314;0;0.0029;60314;62130;0.0006
"Physics2D.StoreBodyMoveStates";0.0004;0.0001;0.0023;61825;60718;61801;5;5;0.788899986881006;0.0005448204;0.0003;0.0007;1457;1;1;2;1448;60314;0.0001;0.0023;60622;61801;0.0011
"EarlyUpdate.UpdateTextureStreamingManager";0.0004;0.0002;0.0118;61885;60846;61849;2;2;1.11309998220531;0.00055655;0.0004;0.0006;2000;1;1;1;2000;60314;0.0002;0.0118;60846;61849;0.0006
"EarlyUpdate.AnalyticsCoreStatsUpdate";0.0004;0.0001;0.0043;61895;62277;62008;2;2;1.09329998135945;0.00054665;0.0003;0.0006;2000;1;1;1;2000;60314;0.0001;0.0043;62277;62008;0.0006
"UnityEngine.IMGUIModule.dll!UnityEngine::GUIStyle.SetDefaultFont_Injected()";0.0004;0.0002;0.0039;61914;60530;62012;10;11;0.886799969652202;0.0005120092;0.0004;0.0006;3538;2;2;6;1732;60314;0;0.0037;60339;62012;0.0006
"Assembly-CSharp.dll!::MetaProgressService.GetStageBestScore()";0.0004;0.0004;0.0004;61925;61925;61925;20;20;0.00039999998989515;0.0004;0.0004;0.0004;1;1;1;1;1;61925;0.0004;0.0004;61925;61925;0
"mscorlib.dll!::ArrayListEnumeratorSimple..ctor()";0.0004;0.0004;0.0004;61925;61925;61925;46;49;0.00039999998989515;0.0004;0.0004;0.0004;2;2;2;2;1;61925;0.0002;0.0002;61925;61925;0
"mscorlib.dll!::ArrayListEnumeratorSimple.MoveNext()";0.0004;0.0004;0.0004;61925;61925;61925;45;48;0.00039999998989515;0.0004;0.0004;0.0004;4;4;4;4;1;61925;0.0001;0.0001;61925;61925;0
"mscorlib.dll!::EmptyInternalEnumerator`1.MoveNext()";0.0004;0.0004;0.0004;61925;61925;61925;41;45;0.00039999998989515;0.0004;0.0004;0.0004;11;11;11;11;1;61925;0;0.0001;61925;61925;0
"mscorlib.dll!::UTF8Encoder.Reset()";0.0004;0.0004;0.0004;61925;61925;61925;28;29;0.00039999998989515;0.0004;0.0004;0.0004;6;6;6;6;1;61925;0;0.0001;61925;61925;0
"mscorlib.dll!System.Collections.ObjectModel::Collection`1..ctor()";0.0004;0.0004;0.0004;61925;61925;61925;39;42;0.00039999998989515;0.0004;0.0004;0.0004;4;4;4;4;1;61925;0.0001;0.0001;61925;61925;0
"mscorlib.dll!System.IO::FileStream.get_CanWrite()";0.0004;0.0004;0.0004;61925;61925;61925;25;26;0.00039999998989515;0.0004;0.0004;0.0004;6;6;6;6;1;61925;0;0.0001;61925;61925;0
"mscorlib.dll!System.Runtime.InteropServices::Marshal.GetLastWin32Error()";0.0004;0.0004;0.0004;61925;61925;61925;31;32;0.00039999998989515;0.0004;0.0004;0.0004;2;2;2;2;1;61925;0.0001;0.0003;61925;61925;0
"mscorlib.dll!System.Threading.Tasks::Task.get_CompletedTask()";0.0004;0.0004;0.0004;61925;61925;61925;24;25;0.00039999998989515;0.0004;0.0004;0.0004;6;6;6;6;1;61925;0;0.0001;61925;61925;0
"mscorlib.dll!System::DateTime.get_InternalTicks()";0.0004;0.0004;0.0004;61925;61925;61925;25;26;0.00039999998989515;0.0004;0.0004;0.0004;7;7;7;7;1;61925;0;0.0001;61925;61925;0
"mscorlib.dll!System::DateTime.get_Month()";0.0004;0.0004;0.0004;61925;61925;61925;24;24;0.00039999998989515;0.0004;0.0004;0.0004;1;1;1;1;1;61925;0.0004;0.0004;61925;61925;0
"mscorlib.dll!System::ParamsArray.GetAtSlow()";0.0004;0.0004;0.0004;61925;61925;61925;24;24;0.00039999998989515;0.0004;0.0004;0.0004;4;4;4;4;1;61925;0.0001;0.0001;61925;61925;0
"mscorlib.dll!System::String.wcslen()";0.0004;0.0004;0.0004;61925;61925;61925;39;39;0.00039999998989515;0.0004;0.0004;0.0004;1;1;1;1;1;61925;0.0004;0.0004;61925;61925;0
"Newtonsoft.Json.dll!Newtonsoft.Json.Serialization::JsonArrayContract.get_CollectionItemType()";0.0004;0.0004;0.0004;61925;61925;61925;33;37;0.00039999998989515;0.0004;0.0004;0.0004;5;5;5;5;1;61925;0;0.0001;61925;61925;0
"Newtonsoft.Json.dll!Newtonsoft.Json.Serialization::JsonContract.set_DefaultCreator()";0.0004;0.0004;0.0004;61925;61925;61925;36;39;0.00039999998989515;0.0004;0.0004;0.0004;4;4;4;4;1;61925;0.0001;0.0001;61925;61925;0
"Newtonsoft.Json.dll!Newtonsoft.Json.Serialization::JsonContract.set_InternalConverter()";0.0004;0.0004;0.0004;61925;61925;61925;36;39;0.00039999998989515;0.0004;0.0004;0.0004;4;4;4;4;1;61925;0.0001;0.0001;61925;61925;0
"Newtonsoft.Json.dll!Newtonsoft.Json.Serialization::JsonObjectContract.get_MemberSerialization()";0.0004;0.0004;0.0004;61925;61925;61925;35;38;0.00039999998989515;0.0004;0.0004;0.0004;4;4;4;4;1;61925;0.0001;0.0001;61925;61925;0
"Newtonsoft.Json.dll!Newtonsoft.Json.Utilities::JavaScriptUtils.GetCharEscapeFlags()";0.0004;0.0004;0.0004;61925;61925;61925;25;27;0.00039999998989515;0.0004;0.0004;0.0004;6;6;6;6;1;61925;0;0.0001;61925;61925;0
"Newtonsoft.Json.dll!Newtonsoft.Json::JsonWriter.set_AutoCompleteOnClose()";0.0004;0.0004;0.0004;61925;61925;61925;25;27;0.00039999998989515;0.0004;0.0004;0.0004;6;6;6;6;1;61925;0;0.0001;61925;61925;0
"Newtonsoft.Json.dll!Newtonsoft.Json::JsonWriter.set_Formatting()";0.0004;0.0004;0.0004;61925;61925;61925;23;25;0.00039999998989515;0.0004;0.0004;0.0004;6;6;6;6;1;61925;0;0.0001;61925;61925;0
"System.Core.dll!::<GetEnumerator>d__13.System.IDisposable.Dispose()";0.0004;0.0004;0.0004;61925;61925;61925;38;41;0.00039999998989515;0.0004;0.0004;0.0004;4;4;4;4;1;61925;0.0001;0.0001;61925;61925;0
"System.dll!System.ComponentModel::TypeDescriptor.get_InterfaceType()";0.0004;0.0004;0.0004;61925;61925;61925;41;48;0.00039999998989515;0.0004;0.0004;0.0004;4;4;4;4;1;61925;0.0001;0.0001;61925;61925;0
"UnityEngine.CoreModule.dll!UnityEngine::Mathf.NextPowerOfTwo()";0.0004;0;0.0006;61925;60824;62046;14;24;0.00099999996018596;0.0003333333;0;0.0004;16;7;1;8;3;60824;0;0.0001;60824;61925;0
"UnityEngine.CoreModule.dll!UnityEngine.Rendering::OnDemandRendering.GetRenderFrameInterval()";0.0004;0.0003;0.0061;61932;60316;60831;2;2;1.09529998677317;0.00054765;0.0004;0.0005;2000;1;1;1;2000;60314;0.0003;0.0061;60316;60831;0.0004
"UnityEngine.CoreModule.dll!UnityEngine::Time.get_unscaledDeltaTime()";0.0004;0.0001;0.0274;61932;62312;60827;5;25;1.03859996725078;0.0005193;0.0004;0.0006;4134;2;2;3;2000;60314;0;0.0272;60345;60827;0.0004
"UnityEngine.IMGUIModule.dll!UnityEngine::GUILayoutEntry.get_marginHorizontal()";0.0004;0.0003;0.0051;61956;60330;60829;7;8;0.9330999913509;0.0005387414;0.0004;0.0005;1769;1;1;3;1732;60314;0.0003;0.0051;60330;60829;0.0005
"UnityEngine.CoreModule.dll!UnityEngine::Camera.get_farClipPlane_Injected()";0.0004;0.0002;0.0037;61975;60333;61864;6;6;0.977399981202325;0.0005117278;0.0003;0.0006;1910;1;1;1;1910;60314;0.0002;0.0037;60333;61864;0.0007
"UnityEngine.CoreModule.dll!UnityEngine::BoundsInt.get_xMin()";0.0004;0.0004;0.0015;62031;60318;60429;9;18;0.0137999999860767;0.000552;0.0004;0.0005;29;1;1;3;25;60318;0.0004;0.001;60318;60956;0
"UnityEngine.CoreModule.dll!UnityEngine.SceneManagement::SceneManager.GetSceneAt_Injected()";0.0004;0.0004;0.0004;62045;62045;62045;21;21;0.00039999998989515;0.0004;0.0004;0.0004;1;1;1;1;1;62045;0.0004;0.0004;62045;62045;0
"UnityEngine.CoreModule.dll!UnityEngine::Time.set_timeScale()";0.0004;0.0004;0.0004;62045;62045;62045;17;17;0.00039999998989515;0.0004;0.0004;0.0004;1;1;1;1;1;62045;0.0004;0.0004;62045;62045;0
"sceneLoadStop.Invoke";0.0004;0.0004;0.0004;62046;62046;62046;7;7;0.00039999998989515;0.0004;0.0004;0.0004;1;1;1;1;1;62046;0.0004;0.0004;62046;62046;0
"System.dll!System.Collections.Generic::LinkedList`1.ValidateNewNode()";0.0004;0.0004;0.0004;62046;62046;62046;19;22;0.00039999998989515;0.0004;0.0004;0.0004;6;6;6;6;1;62046;0;0.0001;62046;62046;0
"Unity.TextMeshPro.dll!TMPro::TextMeshProUGUI.get_mesh()";0.0004;0.0004;0.0004;62046;62046;62046;11;11;0.00039999998989515;0.0004;0.0004;0.0004;5;5;5;5;1;62046;0;0.0001;62046;62046;0
"UnityEngine.UI.dll!UnityEngine.UI::LayoutGroup.GetTotalPreferredSize()";0.0004;0.0004;0.0004;62046;62046;62046;15;15;0.00039999998989515;0.0004;0.0004;0.0004;3;3;3;3;1;62046;0.0001;0.0002;62046;62046;0
"UnityEngine.UI.dll!UnityEngine.UIElements::UIToolkitInteroperabilityBridge.get_shouldTrackPanels()";0.0004;0.0004;0.0004;62046;62046;62046;7;7;0.00039999998989515;0.0004;0.0004;0.0004;1;1;1;1;1;62046;0.0004;0.0004;62046;62046;0
"UnityEngine.UIModule.dll!UnityEngine::Canvas.add_preWillRenderCanvases()";0.0004;0.0004;0.0004;62046;62046;62046;10;10;0.00039999998989515;0.0004;0.0004;0.0004;1;1;1;1;1;62046;0.0004;0.0004;62046;62046;0
"UnityEngine.UI.dll!UnityEngine.EventSystems::PointerEventData.set_pointerId()";0.0004;0.0004;0.0004;62047;62047;62047;10;11;0.00039999998989515;0.0004;0.0004;0.0004;6;6;6;6;1;62047;0;0.0001;62047;62047;0
"EarlyUpdate.UnityWebRequestUpdate";0.0004;0.0002;0.0031;62049;60329;60348;2;2;1.154099982552;0.00057705;0.0004;0.0007;2000;1;1;1;2000;60314;0.0002;0.0031;60329;60348;0.0006
"RenderTexture.ResolveAA";0.0004;0.0002;0.0041;62064;62054;62157;7;7;0.121999997427338;0.0004552239;0.0003;0.0005;268;1;1;1;268;62046;0.0002;0.0041;62054;62157;0
"CleanUp.TextRenderingGarbageCollect";0.0004;0.0002;0.0031;62079;60433;60587;5;5;1.09279998217244;0.0005464;0.0004;0.0006;2000;1;1;1;2000;60314;0.0002;0.0031;60433;60587;0.0005
"UnityEngine.InputLegacyModule.dll!UnityEngine::Input.CheckDisabled()";0.0004;0.0001;0.0077;62117;60788;61719;6;6;1.07309998168057;0.00053655;0.0003;0.0007;2000;1;1;1;2000;60314;0.0001;0.0077;60788;61719;0.0009
"UnityEngine.UI.dll!UnityEngine.UI::Image.set_overrideSprite()";0.0004;0.0003;0.003;62118;62239;62046;12;16;0.00519999969401397;0.0008666666;0.0003;0.0006;13;1;1;7;6;62046;0.0002;0.0017;62046;62046;0
"UnityEngine.InputLegacyModule.dll!UnityEngine::Input.get_mouseScrollDelta()";0.0004;0.0002;0.0035;62267;60360;61875;10;10;1.1084999833256;0.0005548048;0.0004;0.0006;1998;1;1;1;1998;60314;0.0002;0.0035;60360;61875;0.0011
"FixedBehaviourUpdate";0.0004;0.0002;0.0036;62282;60752;61255;3;3;0.94849998645077;0.0005672847;0.0004;0.0007;1696;1;1;16;1672;60314;0;0.0036;62100;61255;0.0005
"EarlyUpdate.DispatchEventQueueEvents";0.0004;0.0002;0.0101;62296;60390;60976;2;2;1.13079998422472;0.0005654;0.0004;0.0006;2000;1;1;1;2000;60314;0.0002;0.0101;60390;60976;0.0008
"mscorlib.dll!System.Text::StringBuilder.get_Capacity()";0.0003;0.0001;0.0008;60322;61441;61925;9;27;0.00839999975141836;0.0003;0.0002;0.0003;64;2;2;10;28;60315;0;0.0005;60315;60854;0
"EarlyUpdate.SpriteAtlasManagerUpdate";0.0003;0.0001;0.0035;60329;60320;60424;2;2;0.621399983705487;0.0003107;0.0002;0.0004;2000;1;1;1;2000;60314;0.0001;0.0035;60320;60424;0.0003
"UnityEngine.CoreModule.dll!UnityEngine::Vector3Int.get_x()";0.0003;0.0001;0.0008;60349;60815;60429;9;19;0.00729999973555095;0.000292;0.0002;0.0003;116;4;4;12;25;60318;0;0.0001;60318;60318;0
"UnityEngine.Physics2DModule.dll!UnityEngine::RaycastHit2D.get_point()";0.0003;0;0.0065;60363;60607;61780;7;17;0.428099985168956;0.0003368214;0.0002;0.0004;4834;4;2;8;1271;60314;0;0.0063;60314;61308;0.0002
"Unity.TextMeshPro.dll!TMPro::TMP_Text.set_textWrappingMode()";0.0003;0.0001;0.0008;60370;60719;60379;7;18;0.00269999990996439;0.0003;0.0002;0.0003;18;2;2;2;9;60360;0;0.0004;60684;60379;0
"Assembly-CSharp.dll!::<PlaySummonGatherThenClear>d__21.MoveNext()";0.0003;0.0001;0.0013;60383;61492;61373;5;11;0.00309999992168741;0.00062;0.0002;0.0012;5;1;1;1;5;60383;0.0001;0.0013;61492;61373;0
"UnityEngine.UIModule.dll!UnityEngine::CanvasRenderer.get_cullTransparentMesh_Injected()";0.0003;0.0001;0.0009;60392;60474;62046;16;16;0.0116999996243976;0.0002925;0.0002;0.0003;86;2;1;5;40;60347;0;0.0006;60379;60558;0
"Unity.TextMeshPro.dll!TMPro::TMP_Text.get_textInfo()";0.0003;0;0.0042;60430;60963;60732;16;24;0.0382999999710592;0.001094286;0.0002;0.0022;627;3;3;60;35;60347;0;0.0002;60347;60732;0
"UnityEngine.ParticleSystemModule.dll!::ShapeModule.set_radius()";0.0003;0.0002;0.0007;60430;60346;61544;12;13;0.0228999993560137;0.0003094595;0.0002;0.0004;77;1;1;2;74;60331;0.0001;0.0006;60524;60824;0
"UnityEngine.IMGUIModule.dll!UnityEngine::GUILayoutEntry.get_style()";0.0003;0;0.0034;60506;60563;61413;7;8;0.513799982662022;0.0002966513;0.0002;0.0003;7076;4;4;12;1732;60314;0;0.0033;60314;61413;0.0004
"mscorlib.dll!::NumberBuffer.get_digits()";0.0003;0;0.0025;60521;60423;61028;12;40;0.0757999969209777;0.0003558685;0.0002;0.0004;917;3;3;15;213;60314;0;0.0022;60323;61028;0
"mscorlib.dll!System::Single.IsNaN()";0.0003;0.0002;0.0009999999;60581;60356;60524;19;34;0.0201999992568744;0.000315625;0.0002;0.0003;71;1;1;4;64;60318;0.0001;0.0006;60429;61173;0
"PostLateUpdate.InputEndFrame";0.0003;0.0001;0.0021;60586;60348;61218;2;2;0.584699982995517;0.00029235;0.0002;0.0003;2000;1;1;1;2000;60314;0.0001;0.0021;60348;61218;0.0003
"UnityEngine.ParticleSystemModule.dll!::ShapeModule.set_shapeType()";0.0003;0.0002;0.0008;60595;60335;60916;12;13;0.024599999334896;0.0003324324;0.0002;0.0004;77;1;1;2;74;60331;0.0001;0.0006;60524;60331;0
"UnityEngine.IMGUIModule.dll!UnityEngine::GUIStyle.get_stretchWidth_Injected()";0.0003;0;0.0078;60613;60354;60595;12;13;0.514999981722212;0.0002973441;0.0002;0.0003;3538;2;2;6;1732;60314;0;0.0077;60314;60595;0.0002
"suspendPointHook.Invoke";0.0003;0.0001;0.0203;60630;60329;62199;6;8;0.72369998445356;0.00036185;0.0002;0.0004;2004;1;1;5;2000;60314;0;0.0203;62046;62199;0.0004
"UnityEngine.CoreModule.dll!UnityEngine::RectOffset.get_top_Injected()";0.0003;0.0001;0.0052;60672;60328;61344;11;17;0.514699981591548;0.0002969994;0.0002;0.0003;3540;2;2;6;1733;60314;0;0.0051;60322;61344;0.0004
"mscorlib.dll!System::Int32.CompareTo()";0.0003;0;0.0018;60685;62127;60681;17;52;0.0514999973529484;0.0003322581;0.0002;0.0004;862;6;2;36;155;60343;0;0.0003;60343;60681;0
"UnityEngine.InputLegacyModule.dll!UnityEngine::Input.GetMouseButton()";0.0003;0.0001;0.0352;60707;60424;61849;6;6;0.708899985256721;0.00035445;0.0002;0.0004;2000;1;1;1;2000;60314;0.0001;0.0352;60424;61849;0.0005
"UnityEngine.UIModule.dll!UnityEngine::Canvas.get_overrideSorting_Injected()";0.0003;0.0001;0.0016;60710;60346;60682;15;17;0.110399996548949;0.0003315315;0.0002;0.0004;659;2;1;12;333;60318;0;0.001;60318;62146;0
"UnityEngine.ParticleSystemModule.dll!UnityEngine::ParticleSystemRenderer.set_renderMode_Injected()";0.0003;0.0002;0.0013;60737;60343;60824;13;14;0.027399999264162;0.0003702703;0.0003;0.0004;77;1;1;2;74;60331;0.0001;0.0013;60524;60824;0
"UnityEngine.GridModule.dll!UnityEngine::GridLayout.LocalToWorld_Injected()";0.0003;0.0002;0.0009;60745;60320;60321;8;8;0.0194999994710088;0.0003305085;0.0002;0.0004;59;1;1;1;59;60318;0.0002;0.0009;60320;60321;0
"UnityEngine.CoreModule.dll!UnityEngine::LineRenderer.set_startColor_Injected()";0.0003;0.0002;0.0007;60746;60327;60614;7;8;0.0226999994920334;0.000338806;0.0002;0.0004;74;1;1;2;67;60318;0;0.0007;60471;60614;0
"UnityEngine.CoreModule.dll!UnityEngine::Camera.get_nearClipPlane_Injected()";0.0003;0.0001;0.0308;60758;60338;60345;6;6;0.673399985556898;0.0003525654;0.0002;0.0004;1910;1;1;1;1910;60314;0.0001;0.0308;60338;60345;0.0003
"Assembly-CSharp.dll!::PanelTowerDataViewer.HideSlowRangeVisual()";0.0003;0.0003;0.0004;60771;60428;60642;6;7;0.00099999996018596;0.0003333333;0.0003;0.0003;3;1;1;1;3;60428;0.0003;0.0004;60428;60642;0
"mscorlib.dll!System::UIntPtr.op_Inequality()";0.0003;0.0001;0.0005;60771;60360;60379;12;43;0.00389999983599409;0.000325;0.0002;0.0004;89;7;4;11;12;60360;0;0.0001;60360;60360;0
"UnityEngine.UI.dll!UnityEngine.EventSystems::PointerEventData.set_pointerCurrentRaycast()";0.0003;0;0.0055;60795;60363;62198;9;10;0.669699976955599;0.0003351852;0.0002;0.0004;5994;3;3;3;1998;60314;0;0.0048;60314;62198;0.0003
"UnityEngine.ParticleSystemModule.dll!::EmissionModule.set_burstCount()";0.0003;0.0002;0.0009;60824;60370;60916;14;15;0.024799999257084;0.0003351351;0.0002;0.0004;77;1;1;2;74;60331;0.0002;0.0006;60370;60371;0
"UnityEngine.UI.dll!UnityEngine.EventSystems::PointerEventData.get_scrollDelta()";0.0003;0;0.0032;60826;60950;61252;8;10;0.635899977081863;0.0003182683;0.0002;0.0003;5994;3;3;3;1998;60314;0;0.0024;60314;60402;0.0002
"UnityEngine.CoreModule.dll!UnityEngine::Camera.get_aspect_Injected()";0.0003;0.0001;0.0007;60831;60844;60854;8;14;0.00829999976122053;0.0003074074;0.0002;0.0004;27;1;1;1;27;60315;0.0001;0.0007;60844;60854;0
"UnityEngine.CoreModule.dll!UnityEngine::RectOffset.get_bottom_Injected()";0.0003;0.0001;0.003;60844;60325;61810;11;12;0.538999980977678;0.0003112009;0.0002;0.0003;3538;2;2;6;1732;60314;0;0.0028;60323;61810;0.0004
"Unity.ResourceManager.dll!UnityEngine.ResourceManagement.Profiling::ProfilerFrameData`2.get_Data()";0.0003;0;0.0026;60850;60329;61219;8;9;0.618599977431586;0.0003093;0.0002;0.0004;8000;4;4;4;2000;60314;0;0.0023;60314;61219;0.0003
"UnityEngine.CoreModule.dll!UnityEngine::Color.op_Inequality()";0.0003;0.0001;0.0042;60911;60468;61419;5;5;0.543099989190523;0.0003565988;0.0002;0.0004;1523;1;1;1;1523;60314;0.0001;0.0042;60468;61419;0.0002
"UnityEngine.ParticleSystemModule.dll!::ShapeModule.set_enabled()";0.0003;0.0002;0.0019;60914;60417;61616;12;13;0.0290999994031154;0.0003932432;0.0003;0.0004;77;1;1;2;74;60331;0.0002;0.0019;60417;61616;0
"UnityEngine.CoreModule.dll!UnityEngine::RectOffset.get_right_Injected()";0.0003;0.0001;0.003;60933;60318;61886;11;12;0.536299980929471;0.000309642;0.0002;0.0003;3538;2;2;6;1732;60314;0;0.003;60318;61886;0.0007
"mscorlib.dll!System::BitConverter.DoubleToInt64Bits()";0.0003;0;0.0028;60946;60320;61478;12;40;0.603599978028797;0.0003018;0.0002;0.0004;8314;4;4;12;2000;60314;0;0.0023;60314;61478;0.0003
"UnityEngine.CoreModule.dll!UnityEngine.Profiling::Profiler.get_enabled()";0.0003;0.0001;0.0111;60953;62054;60681;9;9;0.652999980811728;0.0003265;0.0002;0.0003;2000;1;1;1;2000;60314;0.0001;0.0111;62054;60681;0.0003
"UnityEngine.TilemapModule.dll!UnityEngine.Tilemaps::Tilemap.get_origin_Injected()";0.0003;0.0002;0.0008;60956;60318;60429;11;20;0.00829999981215224;0.000332;0.0002;0.0004;58;2;2;6;25;60318;0;0.0005;60318;60990;0
"UnityEngine.CoreModule.dll!UnityEngine::Application.get_isPlaying()";0.0003;0;0.0018;60989;60422;61605;4;4;0.709299984657264;0.00035465;0.0002;0.0004;2000;1;1;1;2000;60314;0;0.0018;60422;61605;0.0005
"UnityEngine.CoreModule.dll!UnityEngine::Renderer.set_allowOcclusionWhenDynamic_Injected()";0.0003;0.0002;0.0006;60990;61249;60471;7;7;0.00219999991531949;0.0003142857;0.0002;0.0003;7;1;1;1;7;60471;0.0002;0.0006;61249;60471;0
"mscorlib.dll!System::Object.GetHashCode()";0.0003;0;0.05680038;61010;60544;62046;14;49;0.901300313038519;0.0004508756;0.0001;0.0005;12364;4;1;1056;1999;60314;0;0.003;60314;61222;0.0002
"UnityEngine.ParticleSystemModule.dll!UnityEngine::ParticleSystem.get_shape()";0.0003;0.0002;0.001;61024;60362;60862;12;13;0.0263999992894242;0.0003567567;0.0003;0.0004;77;1;1;2;74;60331;0.0002;0.001;60362;60862;0
"Physics2D.SolveContinuousTraversal";0.0003;0.0001;0.0072;61028;60403;61060;6;6;0.520299989701016;0.0003593232;0.0002;0.0005;1457;1;1;2;1448;60314;0;0.0072;61928;61060;0.0003
"UnityEngine.CoreModule.dll!UnityEngine::Sprite.GetPadding_Injected()";0.0003;0.0001;0.0029;61056;60494;61570;17;18;0.42309998532437;0.000325963;0.0002;0.0004;2514;2;1;8;1298;60314;0;0.0014;60316;61649;0.0003
"EarlyUpdate.UpdateAsyncReadbackManager";0.0003;0.0001;0.0035;61071;60356;60380;2;2;0.696299981944321;0.00034815;0.0002;0.0004;2000;1;1;1;2000;60314;0.0001;0.0035;60356;60380;0.0003
"GUITexture.Draw";0.0003;0.0001;0.004;61127;60612;60538;4;4;0.700899982279225;0.00035045;0.0002;0.0004;2000;1;1;1;2000;60314;0.0001;0.004;60612;60538;0.0004
"PostLateUpdate.PhysicsSkinnedClothFinishUpdate";0.0003;0.0001;0.0097;61130;60531;61902;2;2;0.715999982588983;0.000358;0.0002;0.0004;2000;1;1;1;2000;60314;0.0001;0.0097;60531;61902;0.0002
"mscorlib.dll!System::Int32.System.IConvertible.ToInt64()";0.0003;0.0003;0.0003;61165;61165;61165;28;28;0.00059999997029081;0.0003;0.0003;0.0003;2;1;1;1;2;61165;0.0003;0.0003;61165;61165;0
"gameObjectChangedScene.Invoke";0.0003;0.0001;0.0011;61173;61217;61544;9;19;0.0403999988993746;0.0003960784;0.0003;0.0005;114;1;1;4;102;60315;0;0.0009;61686;60553;0
"UnityEngine.UIModule.dll!UnityEngine::Canvas.get_worldCamera_Injected()";0.0003;0.0002;0.0008;61173;60475;60392;16;16;0.0148999994707992;0.0003725;0.0003;0.0005;86;2;1;5;40;60347;0;0.0007;60558;60392;0
"TransformHandle.SetParent";0.0003;0.0001;0.0152;61183;60353;61686;10;24;0.247799991993816;0.0004497278;0.0002;0.0005;1183;2;1;18;551;60314;0;0.0081;60318;61686;0.0004
"Assembly-CSharp.dll!::EnemyHp.ReportDamagePopup()";0.0003;0;0.8935;61187;60592;60430;8;18;56.7328990420865;0.04370793;0.0002;0.0005;2651;2;1;6;1298;60314;0;0.7253;60314;61159;0.0001
"PostLateUpdate.ClearImmediateRenderers";0.0003;0.0001;0.0016;61190;60326;60681;2;2;0.654199980926933;0.0003271;0.0002;0.0004;2000;1;1;1;2000;60314;0.0001;0.0016;60326;60681;0.0006
"UnityEngine.CoreModule.dll!UnityEngine.Rendering::RenderPipelineManager.HandleRenderPipelineChange()";0.0003;0;0.0271;61195;60800;60806;3;3;0.687999979265442;0.000344;0.0002;0.0004;4000;2;2;2;2000;60314;0;0.027;60321;60806;0.0003
"UnityEngine.ParticleSystemModule.dll!::MainModule.set_loop()";0.0003;0.0002;0.0015;61207;60335;60832;12;13;0.0277999992686091;0.0003756757;0.0003;0.0004;77;1;1;2;74;60331;0.0002;0.0015;60335;60832;0
"EarlyUpdate.TilemapRendererEarlyUpdate";0.0003;0.0001;0.0024;61228;60314;61913;2;2;0.707899983455718;0.00035395;0.0002;0.0004;2000;1;1;1;2000;60314;0.0001;0.0024;60314;61913;0.0005
"UnityEngine.CoreModule.dll!UnityEngine::Vector3.op_Subtraction()";0.0003;0;0.0111;61234;60560;61435;5;23;0.642899971891893;0.0004274601;0.0002;0.0006;9022;5;1;20;1504;60314;0;0.0094;60314;61435;0.0001
"Assembly-CSharp.dll!::PathLengthSpeedScale.GetSpeedMultiplier()";0.0003;0.0002;0.0008;61249;61509;60990;7;7;0.00259999990521464;0.0003714286;0.0003;0.0003;7;1;1;1;7;60471;0.0002;0.0008;61509;60990;0
"UnityEngine.UIModule.dll!UnityEngine::Canvas.get_referencePixelsPerUnit_Injected()";0.0003;0;0.0048;61277;60368;61570;11;24;0.484799980658863;0.0003734977;0.0002;0.0005;5030;4;2;22;1298;60314;0;0.0025;60314;60526;0.0001
"Physics2D.SolveDiscreteIslandIntegratePoses";0.0003;0;0.0748;61279;60680;61728;8;8;0.758199946241803;0.0005236188;0.0002;0.0006;20954;10;1;80;1448;60314;0;0.0748;60314;61728;0.0004
"UnityEngine.CoreModule.dll!UnityEngine::Rect.get_height()";0.0003;0;0.0103;61288;60557;60538;11;28;0.523699978541117;0.0004013027;0.0002;0.0005;7845;6;1;38;1305;60314;0;0.0098;60314;60538;0.0002
"UnityEngine.UI.dll!UnityEngine.UI::ClipperRegistry.Cull()";0.0003;0.0002;0.005;61298;60314;60682;10;10;0.677799978555413;0.0003389;0.0003;0.0003;2000;1;1;1;2000;60314;0.0002;0.005;60314;60682;0.0003
"UnityEngine.CoreModule.dll!UnityEngine::Vector3Int.op_Inequality()";0.0003;0.0001;0.0038;61304;60439;60966;5;5;0.550299983311561;0.0003482911;0.0003;0.0004;1580;1;1;1;1580;60314;0.0001;0.0038;60439;60966;0.0003
"UnityEngine.CoreModule.dll!UnityEngine::Time.get_unscaledTime()";0.0003;0.0001;0.0028;61305;60398;61266;7;9;0.744999983988237;0.0003728729;0.0002;0.0004;2032;1;1;3;1998;60314;0;0.0028;60398;61266;0.0003
"ReflectionProbeAnchorPositionUpdate";0.0003;0;0.0328;61315;60740;61894;6;7;0.725999974609294;0.000363;0.0002;0.0004;4000;2;2;2;2000;60314;0;0.0327;60326;61894;0.0002
"UnityEngine.CoreModule.dll!UnityEngine::RectOffset.get_left_Injected()";0.0003;0.0001;0.0101;61370;60326;62032;11;17;0.625399980628572;0.0003608771;0.0003;0.0004;3540;2;2;6;1733;60314;0;0.0097;60314;62032;0.0004
"UnityEngine.UI.dll!UnityEngine.EventSystems::RaycastResult.get_gameObject()";0.0003;0;0.034;61374;60383;60452;8;10;0.739899973494175;0.0003703203;0.0002;0.0004;10307;5;5;6;1998;60314;0;0.0339;60314;60452;0.0004
"UnityEngine.UIModule.dll!UnityEngine::CanvasRenderer.SetSecondaryTextureCount_Injected()";0.0003;0.0002;0.0009;61403;60815;60524;14;14;0.00699999977950938;0.0003888889;0.0003;0.0004;50;2;2;7;18;60318;0;0.0005;61373;60318;0
"mscorlib.dll!System.Text::StringBuilder.get_RemainingCurrentChunk()";0.0003;0.0001;0.0012;61404;60330;60854;9;23;0.0111999996224768;0.0004;0.0002;0.0004;34;1;1;7;28;60315;0.0001;0.0012;60330;60854;0
"UnityEngine.CoreModule.dll!UnityEngine::LineRenderer.set_widthMultiplier_Injected()";0.0003;0.0001;0.0009;61408;61657;60542;15;20;0.0169999995196122;0.0003469388;0.0002;0.0004;50;1;1;2;49;60346;0.0001;0.0009;61657;60542;0
"UnityEngine.CoreModule.dll!UnityEngine::Camera.get_orthographic_Injected()";0.0003;0.0002;0.0008;61428;60815;60854;8;14;0.00999999976193067;0.0003703704;0.0003;0.0004;27;1;1;1;27;60315;0.0002;0.0008;60815;60854;0
"UnityEngine.IMGUIModule.dll!UnityEngine::GUIUtility.get_pixelsPerPoint()";0.0003;0.0001;0.0038;61430;60316;60657;6;7;0.621299978556635;0.0003587182;0.0003;0.0004;3538;2;2;6;1732;60314;0;0.0036;60316;60657;0.0011
"Assembly-CSharp.dll!::<MoveToPath>d__20.<>m__Finally1()";0.0003;0.0003;0.0004;61450;60413;60932;6;6;0.00229999990551732;0.0003285714;0.0003;0.0003;7;1;1;1;7;60413;0.0003;0.0004;60413;60932;0
"UnityEngine.IMGUIModule.dll!UnityEngine::Event.set_displayIndex_Injected()";0.0003;0.0002;0.0075;61450;60323;61217;6;7;0.739899979816983;0.00036995;0.0003;0.0004;2042;1;1;3;2000;60314;0.0001;0.0075;60374;61217;0.0003
"UnityEngine.UI.dll!UnityEngine.UI::Image.get_type()";0.0003;0;0.0035;61488;60475;61089;12;23;0.519399977943976;0.0003989247;0.0002;0.0005;5208;4;1;17;1302;60314;0;0.0032;60314;61089;0.0002
"UnityEngine.CoreModule.dll!UnityEngine::GradientColorKey..ctor()";0.0003;0;0.0121;61490;60376;61154;6;24;0.207599992085306;0.0003984645;0.0002;0.0005;2892;6;2;16;521;60328;0;0.0102;60331;61154;0
"UnityEngine.CoreModule.dll!UnityEngine::GameObject.TryGetComponentFastPath_Injected()";0.0003;0.0003;0.0009;61493;60846;60429;12;17;0.00639999980921857;0.0004266667;0.0003;0.0004;19;1;1;3;15;60318;0.0002;0.0006;60429;60380;0
"UnityEngine.CoreModule.dll!UnityEngine::Sprite.GetSecondaryTextureCount_Injected()";0.0003;0.0003;0.0007;61493;60318;60429;15;15;0.00719999975990504;0.0004;0.0003;0.0004;50;2;2;7;18;60318;0;0.0005;60524;61925;0
"UnityEngine.CoreModule.dll!UnityEngine::LineRenderer.set_loop_Injected()";0.0003;0.0003;0.0006;61509;60471;62031;7;7;0.00259999989066273;0.0003714286;0.0003;0.0004;7;1;1;1;7;60471;0.0003;0.0006;60471;62031;0
"UnityEngine.CoreModule.dll!UnityEngine::Renderer.set_sortingLayerID_Injected()";0.0003;0.0002;0.001;61515;60370;60915;13;17;0.0300999992759898;0.0004013333;0.0003;0.0005;81;1;1;3;75;60331;0.0001;0.001;61165;60915;0
"UnityEngine.ParticleSystemModule.dll!::MainModule.set_gravityModifierBlittable_Injected()";0.0003;0.0002;0.0006;61515;60335;60916;14;15;0.0254999993921956;0.0003445946;0.0003;0.0004;77;1;1;2;74;60331;0.0002;0.0006;60335;61073;0
"UnityEngine.CoreModule.dll!UnityEngine::Camera.get_clearFlags_Injected()";0.0003;0.0001;0.0149;61516;60333;60824;6;6;0.735599977822858;0.0003851309;0.0002;0.0004;4144;2;2;4;1910;60314;0;0.0144;60319;60824;0.0004
"UnityEngine.IMGUIModule.dll!UnityEngine::GUI.set_changed()";0.0003;0.0001;0.0082;61522;60383;60681;6;7;0.641999977488013;0.0003706697;0.0003;0.0004;3538;2;2;6;1732;60314;0;0.0075;60316;60681;0.0004
"ParticleSystem.DrawSystem";0.0003;0.0001;0.0034;61532;60317;61548;10;10;0.481899983133189;0.0003818542;0.0002;0.0004;2643;2;1;7;1262;60314;0;0.003;60317;61555;0.0004
"UnityEngine.CoreModule.dll!UnityEngine::GradientAlphaKey..ctor()";0.0003;0;0.0026;61535;60328;61435;6;24;0.198499992198776;0.0003809981;0.0002;0.0005;2892;6;2;16;521;60328;0;0.0019;60328;60373;0
"Assembly-CSharp.dll!::BombProjectile.Update()";0.0003;0;58.6261;61552;61636;61925;4;4;86.9610983221064;0.06333656;0.0002;0.0219;2364;1;1;4;1373;60314;0;58.6261;60325;61925;0.0002
"NavMeshManager";0.0003;0.0001;0.0016;61552;60495;61308;3;3;0.709499982738635;0.00035475;0.0002;0.0004;2000;1;1;1;2000;60314;0.0001;0.0016;60495;61308;0.0003
"UnityEngine.UI.dll!UnityEngine.EventSystems::PointerEventData.get_delta()";0.0003;0;0.0084;61555;60470;61075;10;11;0.726699969891342;0.0003637137;0.0002;0.0004;10288;5;5;6;1998;60314;0;0.0076;60314;61075;0.0003
"UnityEngine.UIModule.dll!UnityEngine::Canvas.get_renderingDisplaySize_Injected()";0.0003;0.0001;0.0038;61560;60326;60966;10;13;0.71719998158369;0.0003586;0.0002;0.0004;2001;1;1;2;2000;60314;0.0001;0.0038;60326;60966;0.0003
"UnityEngine.ParticleSystemModule.dll!::MainModule.set_maxParticles()";0.0003;0.0002;0.0031;61608;60335;60346;12;13;0.0308999994595069;0.0004175676;0.0003;0.0005;77;1;1;2;74;60331;0.0002;0.0031;60335;60346;0
"Physics2D.SolveDiscreteIslandVelocities";0.0003;0;0.0081;61614;60680;60538;8;8;0.744499936758075;0.0005141574;0.0002;0.0006;20954;10;1;80;1448;60314;0;0.0047;60314;60554;0.0007
"UnityEngine.CoreModule.dll!UnityEngine::Behaviour.get_enabled_Injected()";0.0003;0.0001;0.0027;61664;60337;60401;8;8;0.800499984819908;0.00040025;0.0002;0.0005;2000;1;1;1;2000;60314;0.0001;0.0027;60337;60401;0.0008
"UnityEngine.CoreModule.dll!UnityEngineInternal::DisplayInternal.PrimaryDisplayIndex()";0.0003;0.0001;0.0427;61684;61255;62138;12;12;0.816099982759624;0.0004084584;0.0003;0.0005;1998;1;1;1;1998;60314;0.0001;0.0427;61255;62138;0.0007
"Scripting.GetRequiredComponents";0.0003;0.0002;0.0004;61686;61165;62046;13;19;0.00089999996998813;0.0003;0.0002;0.0003;3;1;1;1;3;61165;0.0002;0.0004;61165;62046;0
"UnityEngine.CoreModule.dll!UnityEngine::Component..ctor()";0.0003;0.0002;0.0005;61686;61165;62046;17;22;0.00100000000384171;0.0003333333;0.0002;0.0003;3;1;1;1;3;61165;0.0002;0.0005;61165;62046;0
"UnityEngine.CoreModule.dll!UnityEngine::Object.set_hideFlags_Injected()";0.0003;0.0002;0.0007;61686;61165;62046;11;17;0.00119999995513353;0.0004;0.0002;0.0003;7;1;1;5;3;61165;0.0001;0.0003;62046;61686;0
"UnityEngine.CoreModule.dll!UnityEngine::Texture2D.get_isReadable_Injected()";0.0003;0.0001;0.0009999999;61686;61165;61925;18;22;0.00139999991370132;0.0004666667;0.0001;0.0003;5;1;1;3;3;61165;0.0001;0.0004;61165;61925;0
"UnityEngine.CoreModule.dll!UnityEngine::Vector3.Distance()";0.0003;0;0.0434;61691;60686;60366;5;23;0.936299926142965;0.0005990402;0.0002;0.0008;11091;5;1;24;1563;60314;0;0.0421;60314;60366;0.0004
"Physics2D.ClearIslandFlags";0.0003;0;0.0086;61692;62021;60543;6;6;0.881199987517903;0.0006085635;0.0002;0.0007;1457;1;1;2;1448;60314;0;0.0074;62021;60416;0.0003
"UnityEngine.ParticleSystemModule.dll!UnityEngine::ParticleSystem.get_colorOverLifetime()";0.0003;0.0002;0.0017;61702;60347;61676;12;13;0.0294999994221143;0.0003986486;0.0003;0.0005;77;1;1;2;74;60331;0.0002;0.0017;60347;61676;0
"UnityEngine.CoreModule.dll!UnityEngine::Rect.get_width()";0.0003;0;0.0074;61711;60577;61435;11;28;0.579099973750999;0.0004437548;0.0002;0.0005;7844;6;1;37;1305;60314;0;0.0059;60314;61435;0.0001
"UnityEngine.CoreModule.dll!UnityEngine.Pool::ObjectPool`1.Get()";0.0003;0;0.0408;61741;60596;62095;8;31;0.838999928229896;0.00052701;0.0002;0.0006;9782;4;1;417;1592;60314;0;0.0208;60314;62095;0.0005
"UnityEngine.CoreModule.dll!UnityEngine::Vector3.op_Equality()";0.0003;0;0.0059;61758;60329;60856;6;12;0.751099979679566;0.00037555;0.0002;0.0005;3998;2;1;2;2000;60314;0;0.0057;60320;60856;0.0007
"GlobalEventQueue";0.0003;0.0001;0.01;61760;60376;60976;3;3;0.80999998182233;0.000405;0.0002;0.0005;2000;1;1;1;2000;60314;0.0001;0.01;60376;60976;0.0004
"Assembly-CSharp.dll!::EnemyHpViewer.SetBossLabel()";0.0003;0.0003;0.1243;61774;60318;61925;10;22;0.141300002520438;0.003718421;0.0003;0.0004;45;1;1;4;38;60318;0.0003;0.1243;60318;61925;0
"beforeCameraRender.Invoke";0.0003;0.0001;0.0358;61793;62047;60320;4;4;0.799899975558219;0.00039995;0.0003;0.0004;2000;1;1;1;2000;60314;0.0001;0.0358;62047;60320;0.0003
"RenderForwardOpaque.Prepare";0.0003;0.0002;0.0123;61806;60317;61865;6;6;0.811799979332136;0.0004059;0.0003;0.0004;2000;1;1;1;2000;60314;0.0002;0.0123;60317;61865;0.0003
"UnityEngine.UIElementsModule.dll!UnityEngine.UIElements::UIRUtility.Destroy()";0.0003;0.0002;0.0112;61855;60333;61069;8;16;0.855699976047617;0.00042785;0.0003;0.0004;2001;1;1;2;2000;60314;0.0002;0.0112;60333;61069;0.0008
"ConstraintManager::Update";0.0003;0.0002;0.0022;61892;60318;61206;3;3;0.800599980124389;0.0004003;0.0003;0.0004;2000;1;1;1;2000;60314;0.0002;0.0022;60318;61206;0.0005
"UnityEngine.CoreModule.dll!UnityEngine::Mesh.get_subMeshCount_Injected()";0.0003;0.0002;0.0027;61924;60379;61088;21;21;0.524499981445842;0.0004040832;0.0003;0.0005;2514;2;1;8;1298;60314;0;0.002;60320;60956;0.0003
"Assembly-CSharp.dll!::EnemySpawner.StopSpawnRoutines()";0.0003;0.0003;0.0003;61925;61925;61925;19;19;0.000299999985145405;0.0003;0.0003;0.0003;1;1;1;1;1;61925;0.0003;0.0003;61925;61925;0
"FontEngine.LoadFontFace_From_Cache";0.0003;0.0003;0.0003;61925;61925;61925;26;26;0.000299999985145405;0.0003;0.0003;0.0003;2;2;2;2;1;61925;0.0001;0.0002;61925;61925;0
"mscorlib.dll!System.IO::StreamWriter.get_LeaveOpen()";0.0003;0.0003;0.0003;61925;61925;61925;23;24;0.000299999985145405;0.0003;0.0003;0.0003;6;6;6;6;1;61925;0;0.0001;61925;61925;0
"mscorlib.dll!System.Reflection::DefaultMemberAttribute..ctor()";0.0003;0.0003;0.0003;61925;61925;61925;50;50;0.000299999985145405;0.0003;0.0003;0.0003;1;1;1;1;1;61925;0.0003;0.0003;61925;61925;0
"mscorlib.dll!System.Runtime.ConstrainedExecution::CriticalFinalizerObject..ctor()";0.0003;0.0003;0.0003;61925;61925;61925;30;31;0.000299999985145405;0.0003;0.0003;0.0003;6;6;6;6;1;61925;0;0.0001;61925;61925;0
"mscorlib.dll!System.Runtime.InteropServices::SafeHandle.SetHandle()";0.0003;0.0003;0.0003;61925;61925;61925;28;29;0.000299999985145405;0.0003;0.0003;0.0003;6;6;6;6;1;61925;0;0.0001;61925;61925;0
"mscorlib.dll!System.Text::Encoding.get_UTF8()";0.0003;0.0003;0.0003;61925;61925;61925;27;27;0.000299999985145405;0.0003;0.0003;0.0003;1;1;1;1;1;61925;0.0003;0.0003;61925;61925;0
"mscorlib.dll!System::Array.GetLength()";0.0003;0.0003;0.0003;61925;61925;61925;47;50;0.000299999985145405;0.0003;0.0003;0.0003;2;2;2;2;1;61925;0.0001;0.0002;61925;61925;0
"mscorlib.dll!System::Attribute.get_TypeId()";0.0003;0.0003;0.0003;61925;61925;61925;44;47;0.000299999985145405;0.0003;0.0003;0.0003;4;4;4;4;1;61925;0;0.0001;61925;61925;0
"mscorlib.dll!System::Boolean.Equals()";0.0003;0.0003;0.0003;61925;61925;61925;22;23;0.000299999985145405;0.0003;0.0003;0.0003;3;3;3;3;1;61925;0;0.0003;61925;61925;0
"mscorlib.dll!System::DateTime.get_Day()";0.0003;0.0003;0.0003;61925;61925;61925;24;24;0.000299999985145405;0.0003;0.0003;0.0003;1;1;1;1;1;61925;0.0003;0.0003;61925;61925;0
"mscorlib.dll!System::DateTime.get_Kind()";0.0003;0.0003;0.0003;61925;61925;61925;24;24;0.000299999985145405;0.0003;0.0003;0.0003;1;1;1;1;1;61925;0.0003;0.0003;61925;61925;0
"mscorlib.dll!System::DateTimeFormat.WriteTwoDecimalDigits()";0.0003;0.0003;0.0003;61925;61925;61925;24;24;0.000299999985145405;0.0003;0.0003;0.0003;5;5;5;5;1;61925;0;0.0001;61925;61925;0
"mscorlib.dll!System::MonoTypeInfo..ctor()";0.0003;0.0003;0.0003;61925;61925;61925;41;44;0.000299999985145405;0.0003;0.0003;0.0003;4;4;4;4;1;61925;0;0.0001;61925;61925;0
"mscorlib.dll!System::Number.DigitsToInt()";0.0003;0.0003;0.0003;61925;61925;61925;39;39;0.000299999985145405;0.0003;0.0003;0.0003;1;1;1;1;1;61925;0.0003;0.0003;61925;61925;0
"mscorlib.dll!System::Number.Mul32x32To64()";0.0003;0.0003;0.0003;61925;61925;61925;40;40;0.000299999985145405;0.0003;0.0003;0.0003;3;3;3;3;1;61925;0;0.0002;61925;61925;0
"mscorlib.dll!System::RuntimeTypeHandle.IsArray()";0.0003;0.0003;0.0003;61925;61925;61925;39;39;0.000299999985145405;0.0003;0.0003;0.0003;1;1;1;1;1;61925;0.0003;0.0003;61925;61925;0
"mscorlib.dll!System::StringComparer.get_Ordinal()";0.0003;0.0003;0.0003;61925;61925;61925;37;40;0.000299999985145405;0.0003;0.0003;0.0003;4;4;4;4;1;61925;0;0.0001;61925;61925;0
"Newtonsoft.Json.dll!::<>c__DisplayClass5_0`1..ctor()";0.0003;0.0003;0.0003;61925;61925;61925;38;41;0.000299999985145405;0.0003;0.0003;0.0003;4;4;4;4;1;61925;0;0.0001;61925;61925;0
"Newtonsoft.Json.dll!Newtonsoft.Json.Converters::ExpandoObjectConverter.CanConvert()";0.0003;0.0003;0.0003;61925;61925;61925;37;40;0.000299999985145405;0.0003;0.0003;0.0003;4;4;4;4;1;61925;0;0.0001;61925;61925;0
"Newtonsoft.Json.dll!Newtonsoft.Json.Serialization::DefaultContractResolver.get_IgnoreSerializableAttribute()";0.0003;0.0003;0.0003;61925;61925;61925;35;40;0.000299999985145405;0.0003;0.0003;0.0003;4;4;4;4;1;61925;0;0.0001;61925;61925;0
"Newtonsoft.Json.dll!Newtonsoft.Json.Serialization::JsonContract.set_Converter()";0.0003;0.0003;0.0003;61925;61925;61925;36;39;0.000299999985145405;0.0003;0.0003;0.0003;4;4;4;4;1;61925;0;0.0001;61925;61925;0
"Newtonsoft.Json.dll!Newtonsoft.Json.Utilities::LateBoundReflectionDelegateFactory.get_Instance()";0.0003;0.0003;0.0003;61925;61925;61925;38;41;0.000299999985145405;0.0003;0.0003;0.0003;4;4;4;4;1;61925;0;0.0001;61925;61925;0
"Newtonsoft.Json.dll!Newtonsoft.Json::JsonWriter.set_CloseOutput()";0.0003;0.0003;0.0003;61925;61925;61925;25;27;0.000299999985145405;0.0003;0.0003;0.0003;6;6;6;6;1;61925;0;0.0001;61925;61925;0
"System.dll!::OrderedDictionaryKeyValueCollection..ctor()";0.0003;0.0003;0.0003;61925;61925;61925;45;48;0.000299999985145405;0.0003;0.0003;0.0003;2;2;2;2;1;61925;0.0001;0.0002;61925;61925;0
"System.dll!System.ComponentModel::AttributeCollection..ctor()";0.0003;0.0003;0.0003;61925;61925;61925;44;47;0.000299999985145405;0.0003;0.0003;0.0003;2;2;2;2;1;61925;0.0001;0.0002;61925;61925;0
"System.dll!System.ComponentModel::ReflectTypeDescriptionProvider.get_IntrinsicTypeConverters()";0.0003;0.0003;0.0003;61925;61925;61925;40;43;0.000299999985145405;0.0003;0.0003;0.0003;2;2;2;2;1;61925;0.0001;0.0002;61925;61925;0
"UnityEngine.CoreModule.dll!UnityEngine.Bindings::BlittableArrayWrapper..ctor()";0.0003;0.0003;0.0003;61925;61925;61925;23;23;0.000299999985145405;0.0003;0.0003;0.0003;4;4;4;4;1;61925;0;0.0001;61925;61925;0
"UnityEngine.CoreModule.dll!UnityEngine::Debug.get_unityLogger()";0.0003;0.0003;0.0003;61925;61925;61925;21;21;0.000299999985145405;0.0003;0.0003;0.0003;1;1;1;1;1;61925;0.0003;0.0003;61925;61925;0
"UnityEngine.UI.dll!UnityEngine.EventSystems::UIBehaviour.Start()";0.0003;0.0003;0.0009;61925;61925;62046;4;5;0.00119999996968545;0.0006;0.0003;0.0003;25;3;3;22;2;61925;0;0.0001;62046;61925;0
"Camera.ImageEffects";0.0003;0.0002;0.1209;61984;60322;62052;4;5;9.96149992047867;0.00498075;0.0003;0.0004;4000;2;2;2;2000;60314;0;0.1208;61483;62052;0.0004
"UnityEngine.CoreModule.dll!UnityEngine::Camera.get_cullingMask_Injected()";0.0003;0.0001;0.0028;61998;60381;60844;6;6;0.764399976367713;0.0004002094;0.0003;0.0005;3820;2;2;2;1910;60314;0;0.0026;60318;60844;0.0006
"Unity.ResourceManager.dll!UnityEngine.ResourceManagement::ResourceManager.ExecuteDeferredCallbacks()";0.0003;0.0002;0.0121;62008;60332;61570;6;6;0.876499979363871;0.00043825;0.0003;0.0004;2000;1;1;1;2000;60314;0.0002;0.0121;60332;61570;0.0003
"UnityEngine.UI.dll!UnityEngine.EventSystems::PointerEventData.get_position()";0.0003;0;0.0082;62045;62251;61513;9;12;0.800899970119644;0.0004008508;0.0003;0.0005;8009;4;4;5;1998;60314;0;0.0076;60314;61513;0.0005
"beforeRemoveScene.Invoke";0.0003;0.0003;0.0003;62046;62046;62046;9;9;0.000299999985145405;0.0003;0.0003;0.0003;1;1;1;1;1;62046;0.0003;0.0003;62046;62046;0
"mscorlib.dll!::ValueCollection.GetEnumerator()";0.0003;0.0003;0.0003;62046;62046;62046;15;15;0.000299999985145405;0.0003;0.0003;0.0003;1;1;1;1;1;62046;0.0003;0.0003;62046;62046;0
"mscorlib.dll!System::RuntimeTypeHandle.HasInstantiation()";0.0003;0.0003;0.06360041;62046;62046;61925;22;58;0.0639004060358275;0.0319502;0.0003;0.0003;663;2;2;661;2;61925;0;0.0017;61925;61925;0
"mscorlib.dll!System::RuntimeTypeHandle.IsGenericVariable()";0.0003;0.0002;0.06900055;62046;61165;61925;23;58;0.0699005495844176;0.01747514;0.0002;0.0004;842;3;2;834;4;61165;0;0.0005;61165;61925;0
"resetRandomAfterSceneLoad.Invoke";0.0003;0.0003;0.0003;62046;62046;62046;8;8;0.000299999985145405;0.0003;0.0003;0.0003;1;1;1;1;1;62046;0.0003;0.0003;62046;62046;0
"System.dll!System.Collections.Generic::LinkedList`1.ValidateNode()";0.0003;0.0003;0.0003;62046;62046;62046;17;20;0.000299999985145405;0.0003;0.0003;0.0003;6;6;6;6;1;62046;0;0.0001;62046;62046;0
"TextRendering.FlushTextMeshGenerator";0.0003;0.0003;0.0003;62046;62046;62046;9;9;0.000299999985145405;0.0003;0.0003;0.0003;1;1;1;1;1;62046;0.0003;0.0003;62046;62046;0
"Unity.ResourceManager.dll!UnityEngine.ResourceManagement.ResourceProviders::ResourceProviderBase.Release()";0.0003;0.0003;0.0003;62046;62046;62046;16;19;0.000299999985145405;0.0003;0.0003;0.0003;6;6;6;6;1;62046;0;0.0001;62046;62046;0
"UnityEngine.CoreModule.dll!UnityEngine::RectTransform.set_sendChildDimensionsChange_Injected()";0.0003;0.0003;0.0003;62046;62046;62046;11;11;0.000299999985145405;0.0003;0.0003;0.0003;1;1;1;1;1;62046;0.0003;0.0003;62046;62046;0
"UnityEngine.UI.dll!UnityEngine.EventSystems::BaseEventData..ctor()";0.0003;0.0003;0.0007;62046;62046;62047;8;11;0.00099999996018596;0.0005;0.0003;0.0003;4;1;1;3;2;62046;0.0002;0.0003;62047;62046;0
"UnityEngine.UI.dll!UnityEngine.UI::HorizontalOrVerticalLayoutGroup.get_spacing()";0.0003;0.0003;0.0003;62046;62046;62046;15;15;0.000299999985145405;0.0003;0.0003;0.0003;8;8;8;8;1;62046;0;0.0001;62046;62046;0
"UnityEngine.UI.dll!UnityEngine.UI::LayoutElement.get_minHeight()";0.0003;0.0003;0.0003;62046;62046;62046;21;21;0.000299999985145405;0.0003;0.0003;0.0003;4;4;4;4;1;62046;0;0.0001;62046;62046;0
"UnityEngine.UI.dll!UnityEngine.UI::LayoutGroup.get_childAlignment()";0.0003;0.0003;0.0003;62046;62046;62046;16;17;0.000299999985145405;0.0003;0.0003;0.0003;5;5;5;5;1;62046;0;0.0001;62046;62046;0
"UnityEngine.UI.dll!UnityEngine.EventSystems::PointerEventData.set_penStatus()";0.0003;0.0003;0.0003;62047;62047;62047;11;11;0.000299999985145405;0.0003;0.0003;0.0003;3;3;3;3;1;62047;0.0001;0.0001;62047;62047;0
"UnityEngine.UI.dll!UnityEngine.EventSystems::PointerEventData.set_tilt()";0.0003;0.0003;0.0003;62047;62047;62047;11;11;0.000299999985145405;0.0003;0.0003;0.0003;3;3;3;3;1;62047;0.0001;0.0001;62047;62047;0
"mscorlib.dll!System.Reflection::MonoMethodInfo.get_method_attributes()";0.0003;0.0003;0.0003;62095;62095;62095;18;18;0.000299999985145405;0.0003;0.0003;0.0003;1;1;1;1;1;62095;0.0003;0.0003;62095;62095;0
"UnityEngine.UIModule.dll!UnityEngine::Canvas.get_sortingLayerID_Injected()";0.0003;0.0001;0.0024;62127;62047;60355;12;12;0.117099996823526;0.0003694006;0.0002;0.0004;601;1;1;4;317;60341;0;0.0019;60345;60355;0
"mscorlib.dll!System.Threading::Thread.get_CurrentThread()";0.0003;0.0001;0.1503;62185;60315;61884;5;54;1.04589994179696;0.00052295;0.0003;0.0005;2566;1;1;245;2000;60314;0;0.1503;60360;61884;0.0003
"UnityEngine.CoreModule.dll!UnityEngine::Bounds.get_extents()";0.0002;0;0.0006;60315;60831;60854;7;13;0.00439999986701878;0.000162963;0.0001;0.0002;54;2;2;2;27;60315;0;0.0003;60322;60854;0
"UnityEngine.UI.dll!UnityEngine.UI::SetPropertyUtility.SetColor()";0.0002;0;0.0005;60318;60370;60429;8;23;0.00819999971281504;0.0001673469;0.0001;0.0002;108;2;1;8;49;60318;0;0.0002;60370;60349;0
"UnityEngine.IMGUIModule.dll!UnityEngine::GUIStyle.get_margin()";0.0002;0;0.0031;60335;60318;60775;10;11;0.292199991956295;0.0001687067;0.0001;0.0002;3538;2;2;6;1732;60314;0;0.003;60316;60775;0.0002
"UnityEngine.UI.dll!UnityEngine.EventSystems::ExecuteEvents.get_updateSelectedHandler()";0.0002;0.0001;0.0005;60358;60357;60682;7;7;0.020099999535887;0.0001732759;0.0001;0.0002;116;1;1;1;116;60357;0.0001;0.0005;60357;60682;0
"PostLateUpdate.UpdateCaptureScreenshot";0.0002;0;0.0014;60362;60385;62279;2;2;0.354599991071154;0.0001773;0.0001;0.0002;2000;1;1;1;2000;60314;0;0.0014;60385;62279;0.0004
"UnityEngine.UI.dll!UnityEngine.EventSystems::ExecuteEvents.get_pointerUpHandler()";0.0002;0.0001;0.0003;60370;60360;60472;10;10;0.00289999990491197;0.0001705882;0.0001;0.0002;17;1;1;1;17;60360;0.0001;0.0003;60360;60472;0
"Assembly-CSharp.dll!::<PlaySummonGather>d__18.MoveNext()";0.0002;0;0.0056;60383;60957;61373;5;11;0.00989999998273561;0.00198;0.0001;0.004;5;1;1;1;5;60383;0;0.0056;60957;61373;0
"UnityEngine.TilemapModule.dll!UnityEngine.Tilemaps::Tilemap.get_tileAnchor_Injected()";0.0002;0.0001;0.0028;60389;60318;60658;8;8;0.0130999996108585;0.0002220339;0.0001;0.0002;59;1;1;1;59;60318;0.0001;0.0028;60318;60658;0
"PostLateUpdate.ShaderHandleErrors";0.0002;0;0.0076;60391;60852;61074;2;2;0.361499991253368;0.00018075;0.0001;0.0002;2000;1;1;1;2000;60314;0;0.0076;60852;61074;0.0002
"UnityEngine.UI.dll!UnityEngine.UI::Slider.get_fillRect()";0.0002;0.0001;0.0012;60392;60380;60429;11;23;0.00769999974727398;0.0002026316;0.0001;0.0002;90;2;2;8;38;60318;0;0.0005;60380;60429;0
"UnityEngine.ParticleSystemModule.dll!::MainModule..ctor()";0.0002;0.0001;0.0009;60417;60346;60385;13;14;0.0139999996172264;0.0001891892;0.0001;0.0002;77;1;1;2;74;60331;0.0001;0.0009;60346;60385;0
"UnityEngine.UI.dll!UnityEngine.EventSystems::PointerEventData.get_pointerDrag()";0.0002;0;0.0013;60419;60324;62032;7;10;0.0713999975996558;0.0001767327;0.0001;0.0002;1177;3;1;5;404;60315;0;0.0005;60316;62032;0
"UnityEngine.CoreModule.dll!UnityEngine::Mesh.CheckIndicesArrayRange()";0.0002;0;0.0021;60433;60373;61570;17;19;0.242899992685125;0.0001871341;0.0001;0.0002;2523;2;1;12;1298;60314;0;0.0018;60314;60980;0
"mscorlib.dll!System::Type.op_Inequality()";0.0002;0;0.1772024;60437;60326;61925;11;56;0.223802357373643;0.0009605251;0.0001;0.0002;3634;2;2;2964;233;60315;0;0.0036;60315;61925;0.0005
"mscorlib.dll!System::Nullable`1..ctor()";0.0002;0;0.0027;60445;60328;61858;8;33;0.0348999985217233;0.000237415;0.0001;0.0002;494;2;2;36;147;60314;0;0.0005;60327;61858;0
"mscorlib.dll!System.Runtime.CompilerServices::JitHelpers.UnsafeEnumCast()";0.0002;0;0.0025;60463;60318;62046;10;33;0.0646999949167366;0.0002788793;0.0001;0.0003;1074;2;2;48;232;60314;0;0.0014;60317;61110;0
"mscorlib.dll!System.Globalization::CultureInfo.get_DefaultThreadCurrentCulture()";0.0002;0.0001;0.003;60466;60327;61925;12;38;0.0478999988044961;0.0002238318;0.0001;0.0003;360;1;1;38;214;60314;0;0.0019;60338;60699;0
"mscorlib.dll!System.Runtime.InteropServices::MemoryMarshal.GetReference()";0.0002;0;0.002099999;60493;60381;61925;12;41;0.052299997623777;0.0002206751;0.0001;0.0003;927;3;1;30;237;60314;0;0.0003;60314;61159;0
"UnityEngine.CoreModule.dll!UnityEngine::Vector2.op_Multiply()";0.0002;0;0.0019;60523;60395;61719;10;20;0.0120999995851889;0.000242;0.0001;0.0003;127;3;1;4;50;60331;0;0.0017;60331;61719;0
"UnityEngine.UI.dll!UnityEngine.EventSystems::UIBehaviour.OnDisable()";0.0002;0;0.0009;60524;60675;62046;12;29;0.0057999998316518;0.0002071428;0.0001;0.0002;117;3;3;31;28;60347;0;0.0001;60347;60347;0
"Unity.TextMeshPro.dll!TMPro::TMP_MaterialManager.OnPreRender()";0.0002;0;0.0439;60534;62090;60352;7;7;0.396899989093072;0.00019845;0.0001;0.0002;2000;1;1;1;2000;60314;0;0.0439;62090;60352;0.0003
"mscorlib.dll!System::Nullable`1.get_HasValue()";0.0002;0;0.02959996;60568;60413;61925;9;46;0.114299958317133;0.0003453171;0.0001;0.0003;1569;2;1;478;331;60314;0;0.0021;60314;61196;0
"UnityEngine.CoreModule.dll!UnityEngine::Rect..ctor()";0.0002;0;0.0322;60570;60384;60840;8;16;0.333799993401044;0.0001927252;0.0001;0.0002;3540;2;2;6;1732;60314;0;0.0321;60316;60840;0.0002
"FixedUpdate.XRFixedUpdate";0.0002;0.0001;0.0015;60582;60322;61998;2;2;0.335199992063281;0.0002004785;0.0001;0.0002;1696;1;1;16;1672;60314;0;0.0015;62100;61998;0.0002
"UnityEngine.GridModule.dll!UnityEngine::GridLayout.get_cellSize_Injected()";0.0002;0.0001;0.0019;60614;60318;60762;7;7;0.0127999997421284;0.0002169491;0.0002;0.0002;59;1;1;1;59;60318;0.0001;0.0019;60318;60762;0
"PostLateUpdate.EndGraphicsJobsAfterScriptLateUpdate";0.0002;0;0.002;60639;60675;61729;2;2;0.382999990171811;0.0001915;0.0001;0.0002;2000;1;1;1;2000;60314;0;0.002;60675;61729;0.002
"UnityEngine.UI.dll!UnityEngine.EventSystems::PointerEventData.get_azimuthAngle()";0.0002;0;0.0031;60639;60395;61766;10;10;0.36699999004486;0.0001836837;0.0001;0.0002;3996;2;2;2;1998;60314;0;0.003;60314;61766;0.0002
"mscorlib.dll!System::Char.IsSeparatorLatin1()";0.0002;0.0001;0.0003;60642;60360;61925;17;17;0.00179999994725222;0.0001636364;0.0001;0.0002;26;2;2;5;11;60360;0;0.0002;60360;60732;0
"UnityEngine.CoreModule.dll!UnityEngine::Vector4..ctor()";0.0002;0.0001;0.0005;60642;61165;62046;16;16;0.00109999995038379;0.00022;0.0001;0.0002;16;2;1;8;5;60642;0;0.0001;60642;60642;0
"UnityEngine.CoreModule.dll!UnityEngine.Events::UnityEventBase.RebuildPersistentCallsIfNeeded()";0.0002;0;0.0053;60664;60528;60524;9;36;0.432299989537569;0.000313034;0.0001;0.0003;2868;2;1;10;1381;60314;0;0.004;60314;60392;0.0001
"UnityEngine.CoreModule.dll!UnityEngine::Renderer.get_sortingOrder_Injected()";0.0002;0.0001;0.0007;60664;60370;60916;13;17;0.0184999994598911;0.0002466667;0.0002;0.0003;81;1;1;3;75;60331;0.0001;0.0006;60370;60595;0
"Assembly-CSharp.dll!::MetaProgressService.get_Crystals()";0.0002;0.0001;0.0016;60666;60314;60871;6;12;0.36039999154309;0.0002079631;0.0001;0.0002;1734;1;1;2;1733;60314;0.0001;0.0016;60314;60871;0.0001
"UnityEngine.CoreModule.dll!UnityEngine.Pool::ObjectPool`1.get_CountInactive()";0.0002;0.0002;0.0013;60680;60356;62046;11;14;0.00189999987196643;0.000475;0.0002;0.0002;8;1;1;5;4;60356;0.0002;0.0003;60356;62046;0
"UnityEngine.UI.dll!UnityEngine.EventSystems::RaycastResult.set_gameObject()";0.0002;0;0.0016;60686;60356;60681;11;11;0.0713999977742787;0.0002252366;0.0001;0.0003;601;1;1;4;317;60341;0;0.0013;60345;60671;0
"PostLateUpdate.BatchModeUpdate";0.0002;0;0.0066;60700;60377;61858;2;2;0.391399990476202;0.0001957;0.0001;0.0002;2000;1;1;1;2000;60314;0;0.0066;60377;61858;0.0003
"UnityEngine.CoreModule.dll!UnityEngine::Color.Lerp()";0.0002;0.0001;0.0013;60722;60345;60711;7;34;0.0470999986064271;0.0002631285;0.0002;0.0003;189;1;1;4;179;60318;0.0001;0.0013;60345;60711;0
"CanvasRenderer.SyncClipRect";0.0002;0;0.0039;60752;60316;60893;5;5;0.43659998154908;0.000232234;0.0001;0.0003;14392;7;2;53;1880;60314;0;0.0037;60314;60893;0.0002
"UnityEngine.CoreModule.dll!UnityEngine::Camera.FireOnPreCull()";0.0002;0;0.0225;60817;60331;60860;5;5;0.407699989766115;0.00020385;0.0001;0.0002;2000;1;1;1;2000;60314;0;0.0225;60331;60860;0.0002
"UnityEngine.IMGUIModule.dll!UnityEngine::GUIStyle.get_stretchHeight_Injected()";0.0002;0;0.0014;60874;60334;60816;12;13;0.337799989625637;0.0001950346;0.0001;0.0002;3538;2;2;6;1732;60314;0;0.0013;60316;60816;0.0002
"PostLateUpdate.XRPostLateUpdate";0.0002;0;0.0018;60888;60326;61925;2;2;0.443499988228723;0.00022175;0.0001;0.0003;2000;1;1;1;2000;60314;0;0.0018;60326;61925;0.0002
"Assembly-CSharp.dll!::<FlyShard>d__26.System.Collections.IEnumerator.get_Current()";0.0002;0;0.0055;60898;60353;60847;4;15;0.0826999972050544;0.000250606;0.0001;0.0003;1022;3;1;6;330;60314;0;0.005;60314;60847;0
"UnityEngine.IMGUIModule.dll!UnityEngine::GUILayoutGroup.get_marginLeft()";0.0002;0;0.0051;60901;60324;60853;7;9;0.350399990275037;0.0002023095;0.0001;0.0002;3538;2;2;6;1732;60314;0;0.0048;60316;60853;0.0003
"Assembly-CSharp.dll!::Projectile.CaptureVisualDefaults()";0.0002;0;0.0018;60909;60346;61536;7;19;0.0357999987536459;0.0002753846;0.0001;0.0003;263;2;1;6;130;60328;0;0.0016;60331;61536;0
"UnityEngine.CoreModule.dll!UnityEngine::Vector3.LerpUnclamped()";0.0002;0;0.0033;60932;60376;61426;6;17;0.0847999970574165;0.0002569697;0.0001;0.0003;1022;3;1;6;330;60314;0;0.0029;60314;61426;0
"UnityEngine.TilemapModule.dll!UnityEngine.Tilemaps::Tilemap.get_size_Injected()";0.0002;0.0001;0.0027;60938;60380;60990;11;20;0.00789999965491006;0.000316;0.0002;0.0002;58;2;2;6;25;60318;0;0.0024;60380;60990;0
"UnityEngine.UI.dll!UnityEngine.EventSystems::UIBehaviour.OnEnable()";0.0002;0;0.0007;60938;60318;62046;10;27;0.00389999987237388;0.0002166667;0.0001;0.0003;80;3;2;17;18;60318;0;0.0001;60318;60349;0
"mscorlib.dll!System::String.Equals()";0.0002;0.0001;0.1144005;60939;60316;61925;8;47;0.489700478574377;0.002057565;0.0001;0.0004;1032;1;1;623;238;60314;0;0.0069;60314;60379;0
"PreLateUpdate.DirectorUpdateAnimationBegin";0.0002;0.0001;0.0054;60953;60314;62033;2;2;0.442099989348208;0.00022105;0.0001;0.0002;2000;1;1;1;2000;60314;0.0001;0.0054;60314;62033;0.0001
"ClothManager.UploadSimulatedSkinData";0.0002;0;0.0096;60970;60481;61902;3;3;0.457699987971864;0.00022885;0.0001;0.0002;2000;1;1;1;2000;60314;0;0.0096;60481;61902;0.0002
"UnityEngine.UI.dll!::MouseButtonEventData.ReleasedThisFrame()";0.0002;0;0.0022;60981;60324;60314;9;9;0.408999986560957;0.0002047047;0.0001;0.0002;5994;3;3;3;1998;60314;0;0.002;60316;60314;0.0003
"Assembly-CSharp.dll!::<Move>d__34.System.Collections.IEnumerator.get_Current()";0.0002;0;0.0165;60983;60609;60847;4;19;0.407299984944984;0.0002528243;0.0001;0.0003;5917;3;1;10;1611;60314;0;0.0163;60315;60847;0.0001
"UnityEngine.CoreModule.dll!UnityEngine::Renderer.set_sortingOrder_Injected()";0.0002;0.0001;0.0009999999;60993;60347;61925;7;19;0.031499999036896;0.0002625;0.0002;0.0003;162;1;1;8;120;60315;0;0.0009;60429;61436;0
"UnityEngine.UI.dll!::MouseButtonEventData.PressedThisFrame()";0.0002;0;0.0028;61007;60320;61434;9;9;0.423899985064054;0.0002121622;0.0001;0.0003;5994;3;3;3;1998;60314;0;0.0024;60314;60341;0.0003
"UnityEngine.UI.dll!UnityEngine.EventSystems::AbstractEventData.Reset()";0.0002;0;0.0027;61007;60326;60374;8;16;0.416699985631567;0.0002084542;0.0001;0.0003;6229;3;2;5;1999;60314;0;0.0024;60314;60374;0.0003
"Render.MotionVectors";0.0002;0.0001;0.007;61014;60316;61247;5;5;0.411299989886174;0.00020565;0.0001;0.0002;2000;1;1;1;2000;60314;0.0001;0.007;60316;61247;0.0002
"mscorlib.dll!System::Nullable`1.get_Value()";0.0002;0;0.0034;61019;60637;61858;9;20;0.0455999986734241;0.0003123287;0.0002;0.0003;458;2;2;8;146;60314;0;0.0015;60331;60545;0
"PreLateUpdate.DirectorUpdateAnimationEnd";0.0002;0.0001;0.0031;61022;60314;62130;2;2;0.444499989236647;0.00022225;0.0001;0.0002;2000;1;1;1;2000;60314;0.0001;0.0031;60314;62130;0.0002
"UnityEngine.CoreModule.dll!UnityEngine.Experimental.Rendering::ScriptableRuntimeReflectionSystemWrapper.get_implementation()";0.0002;0;0.0024;61045;60350;60486;4;4;0.421399986866163;0.0002107;0.0001;0.0002;4000;2;2;2;2000;60314;0;0.0024;60315;60486;0.0002
"UnityEngine.CoreModule.dll!UnityEngine::RectOffset.get_vertical_Injected()";0.0002;0.0001;0.0037;61048;60322;60660;8;17;0.367099991141004;0.0002118292;0.0001;0.0002;1773;1;1;4;1733;60314;0.0001;0.0037;60322;60660;0.0002
"Assembly-CSharp.dll!::ChainLightning.get_IsBusy()";0.0002;0.0001;0.0003;61052;61096;61563;11;17;0.00269999992451631;0.00018;0.0001;0.0002;30;2;2;2;15;60363;0;0.0002;61096;61563;0
"UnityEngine.UI.dll!UnityEngine.EventSystems::PointerEventData.set_button()";0.0002;0;0.0022;61066;60314;60844;9;11;0.419299986198894;0.0002098598;0.0001;0.0003;5997;3;3;6;1998;60314;0;0.002;60314;60844;0.0002
"PreLateUpdate.DirectorDeferredEvaluate";0.0002;0;0.0032;61112;60424;61873;2;2;0.43439998850954;0.0002172;0.0001;0.0002;2000;1;1;1;2000;60314;0;0.0032;60424;61873;0.0001
"UnityEngine.UI.dll!UnityEngine.EventSystems::PointerEventData.set_scrollDelta()";0.0002;0;0.0036;61135;60326;61804;9;11;0.436799985014659;0.0002186186;0.0001;0.0003;5997;3;3;6;1998;60314;0;0.0035;60314;61804;0.0004
"UnityEngine.CoreModule.dll!UnityEngine::Vector2.op_Subtraction()";0.0002;0;0.0027;61158;60316;61875;6;13;0.430599984654691;0.0002153;0.0001;0.0003;5996;3;1;3;2000;60314;0;0.0021;60314;60355;0.0003
"mscorlib.dll!System::RuntimeType.op_Inequality()";0.0002;0;0.02639996;61165;62046;61925;22;56;0.026799962593941;0.00669999;0;0.0002;528;4;4;516;4;61165;0;0.0001;61165;61165;0
"UnityEngine.CoreModule.dll!UnityEngine::Texture..ctor()";0.0002;0.0002;0.0002;61165;61165;61165;18;18;0.00039999998989515;0.0002;0.0002;0.0002;2;1;1;1;2;61165;0.0002;0.0002;61165;61165;0
"UnityEngine.CoreModule.dll!UnityEngine::Vector3.get_sqrMagnitude()";0.0002;0;0.0035;61173;60583;61858;7;20;0.396499984337424;0.0002778556;0.0001;0.0003;5774;3;1;23;1427;60314;0;0.0019;60314;61582;0.0001
"UnityEngine.ParticleSystemModule.dll!::MinMaxGradientBlittable.FromMixMaxGradient()";0.0002;0;0.0009999999;61173;60608;61544;14;15;0.0193999992407043;0.0002621622;0.0002;0.0003;154;2;2;4;74;60331;0;0.0007;60347;61544;0
"PreLateUpdate.PhysicsLateUpdate";0.0002;0;0.0074;61184;60779;61069;2;2;0.448999988358992;0.0002245;0.0001;0.0003;2000;1;1;1;2000;60314;0;0.0074;60779;61069;0.0002
"mscorlib.dll!System::Span`1..ctor()";0.0002;0;0.0069;61189;60316;60681;8;39;0.466599976549332;0.0003495131;0.0001;0.0005;6331;3;1;106;1335;60314;0;0.0069;60314;60681;0.0001
"UnityEngine.UI.dll!UnityEngine.UI::GraphicRegistry.get_instance()";0.0002;0.0001;0.01339998;61190;60318;62046;11;30;0.462899972750165;0.0002315658;0.0001;0.0002;2370;1;1;241;1999;60314;0;0.0024;60318;60432;0.0002
"UnityEngine.CoreModule.dll!UnityEngine::RectOffset.get_horizontal_Injected()";0.0002;0;0.0033;61192;61568;61357;8;17;0.387699990125839;0.0002237161;0.0002;0.0002;1772;1;1;3;1733;60314;0;0.0033;61568;61357;0.0002
"EarlyUpdate.ResetFrameStatsAfterPresent";0.0002;0.0001;0.0016;61232;60317;62247;2;2;0.464999989526405;0.0002325;0.0001;0.0003;2000;1;1;1;2000;60314;0.0001;0.0016;60317;62247;0.0003
"PostLateUpdate.ProfilerSynchronizeStats";0.0002;0;0.0013;61236;62047;60756;2;2;0.444699988373031;0.00022235;0.0002;0.0002;2000;1;1;1;2000;60314;0;0.0013;62047;60756;0.0002
"UnityEngine.UIModule.dll!UnityEngine::Canvas.get_scaleFactor_Injected()";0.0002;0;0.0025;61265;60617;61570;16;20;0.31709998902079;0.0002424312;0.0001;0.0003;2604;2;1;16;1308;60314;0;0.0017;60325;60381;0.0001
"EarlyUpdate.GpuTimestamp";0.0002;0;0.0014;61344;60429;60498;2;2;0.449599988925911;0.0002248;0.0002;0.0002;2000;1;1;1;2000;60314;0;0.0014;60429;60498;0.0003
"mscorlib.dll!System::Object.virt_stelemref_sealed_class()";0.0002;0;0.06500049;61381;60368;61925;7;51;0.0847004886236391;0.001144601;0.0001;0.0004;959;1;1;853;74;60315;0;0.0012;60368;61925;0
"UnityEngine.CoreModule.dll!UnityEngine::Vector4.op_Division()";0.0002;0;0.0049;61382;60367;61513;15;15;0.366599987290101;0.0002824345;0.0001;0.0003;5014;4;2;16;1298;60314;0;0.0044;60314;61513;0.0002
"mscorlib.dll!System::ParamsArray.get_Length()";0.0002;0.0001;0.0008;61388;60815;61925;8;26;0.00709999974787934;0.0002535714;0.0002;0.0003;68;2;2;14;28;60315;0;0.0003;60330;60854;0
"UnityEngine.CoreModule.dll!UnityEngine::Display.get_renderingHeight()";0.0002;0.0001;0.0043;61408;60319;61547;13;13;0.513299987542268;0.0002569069;0.0002;0.0002;2087;1;1;2;1998;60314;0.0001;0.0043;60319;61547;0.0003
"UnityEngine.UI.dll!UnityEngine.EventSystems::PointerEventData.set_position()";0.0002;0;0.0059;61423;60321;61725;9;11;0.472199983443716;0.0002363363;0.0001;0.0003;5998;3;3;7;1998;60314;0;0.0058;60314;61725;0.0002
"UnityEngine.UIModule.dll!UnityEngine::Canvas.get_isRootCanvas_Injected()";0.0002;0.0001;0.0025;61424;60331;61045;9;12;0.481799986693659;0.0002409;0.0002;0.0003;2001;1;1;2;2000;60314;0.0001;0.0025;60331;61045;0.0003
"mscorlib.dll!System.Text::StringBuilderCache.Release()";0.0002;0.0001;0.003;61428;60831;60900;9;26;0.0111999997679959;0.0004;0.0002;0.0003;32;1;1;5;28;60315;0.0001;0.003;60831;60900;0
"UnityEngine.CoreModule.dll!UnityEngine::Camera.get_orthographicSize_Injected()";0.0002;0.0001;0.0005;61451;60883;60854;8;14;0.0072999998301384;0.0002703704;0.0002;0.0003;27;1;1;1;27;60315;0.0001;0.0005;60883;60854;0
"RenderTarget.GrabPixels";0.0002;0.0001;0.0012;61466;60341;61871;6;6;0.0316999990318436;0.0002383459;0.0002;0.0003;133;1;1;1;133;60326;0.0001;0.0012;60341;61871;0
"UnityEngine.CoreModule.dll!UnityEngine::Display.get_systemHeight()";0.0002;0.0001;0.0056;61472;60319;62308;13;13;0.518199986574473;0.0002593594;0.0002;0.0002;2087;1;1;2;1998;60314;0.0001;0.0055;60319;61867;0.0002
"FixedUpdate.DirectorFixedSampleTime";0.0002;0;0.0021;61498;60911;60399;2;2;0.446499990532175;0.0002670455;0.0002;0.0003;1696;1;1;16;1672;60314;0;0.0021;60911;60399;0.0001
"mscorlib.dll!System::IntPtr.ToPointer()";0.0002;0;0.0022;61502;60337;60564;4;5;0.464299984058016;0.00023215;0.0001;0.0003;5696;3;2;18;2000;60314;0;0.002;60314;60564;0.0002
"UnityEngine.CoreModule.dll!UnityEngine::LineRenderer.set_textureMode_Injected()";0.0002;0.0001;0.0014;61521;60477;61112;7;20;0.015399999479996;0.000275;0.0002;0.0003;57;1;1;2;56;60346;0.0001;0.0014;60477;61112;0
"UnityEngine.CoreModule.dll!UnityEngine::RectTransform.get_pivot_Injected()";0.0002;0.0001;0.0023;61550;60394;60417;12;29;0.0612999980003224;0.0002933014;0.0002;0.0004;296;1;1;13;209;60314;0;0.0022;60323;60417;0
"UnityEngine.IMGUIModule.dll!UnityEngine::GUIContent.ClearStaticCache()";0.0002;0.0001;0.0034;61586;60316;61702;5;6;0.46259998507594;0.0002670901;0.0002;0.0003;3538;2;2;6;1732;60314;0;0.0032;60316;61702;0.0004
"UnityEngine.CoreModule.dll!UnityEngine::LineRenderer.set_numCapVertices_Injected()";0.0002;0.0001;0.0008;61618;60431;60542;7;20;0.0154999994701939;0.0002767857;0.0002;0.0003;57;1;1;2;56;60346;0.0001;0.0008;60431;60542;0
"UnityEngine.CoreModule.dll!UnityEngine::LineRenderer.set_numCornerVertices_Injected()";0.0002;0.0001;0.0009;61640;61131;60542;7;20;0.0158999995692284;0.0002839286;0.0002;0.0003;57;1;1;2;56;60346;0.0001;0.0009;61131;60542;0
"mscorlib.dll!System.Collections.Generic::ArraySortHelper`1.get_Default()";0.0002;0.0001;0.0002;61686;61165;61686;26;45;0.000499999987368938;0.0001666667;0.0001;0.0002;4;1;1;2;3;61165;0.0001;0.0002;61165;61686;0
"UnityEngine.CoreModule.dll!UnityEngine.Experimental.Rendering::GraphicsFormatUtility.IsCrunchFormat()";0.0002;0.0001;0.0002;61686;61165;61686;18;21;0.000499999987368938;0.0001666667;0.0001;0.0002;3;1;1;1;3;61165;0.0001;0.0002;61165;61686;0
"UnityEngine.CoreModule.dll!UnityEngine::Texture.GetDataHeight_Injected()";0.0002;0.0002;0.0002;61686;61165;61165;21;23;0.000599999984842725;0.0002;0.0002;0.0002;4;1;1;2;3;61165;0.0001;0.0002;61925;61165;0
"UnityEngine.CoreModule.dll!UnityEngine::Vector2.Distance()";0.0002;0;0.005199999;61694;60566;60538;6;21;0.476399979706912;0.0002957169;0.0001;0.0004;6177;4;1;10;1611;60314;0;0.004;60314;60703;0.0001
"Assembly-CSharp.dll!::TowerDebugSpawner.OnGUI()";0.0002;0;0.0028;61700;60494;60906;4;5;0.437999985202623;0.0002528868;0.0002;0.0003;3538;2;2;6;1732;60314;0;0.0027;60317;60906;0.0003
"UnityEngine.CoreModule.dll!UnityEngine::Vector3.get_up()";0.0002;0;0.0023;61703;60691;60538;6;25;0.451999979413813;0.0003203402;0.0001;0.0004;4382;2;1;16;1411;60314;0;0.0014;60316;60356;0.0002
"PostLateUpdate.PlayerSendFramePostPresent";0.0002;0.0001;0.0032;61708;60322;61458;2;2;0.532199985485931;0.0002661;0.0002;0.0003;2000;1;1;1;2000;60314;0.0001;0.0032;60322;61458;0.0002
"UnityEngine.CoreModule.dll!UnityEngine::LineRenderer.set_alignment_Injected()";0.0002;0.0002;0.0009;61739;60460;60965;7;20;0.0158999995182967;0.0002839286;0.0002;0.0003;57;1;1;2;56;60346;0.0002;0.0009;60460;60965;0
"UnityEngine.IMGUIModule.dll!UnityEngine::GUIUtility.Internal_ExitGUI()";0.0002;0.0001;0.0033;61745;60326;61040;5;6;0.474099983934138;0.0002737298;0.0002;0.0003;3538;2;2;6;1732;60314;0;0.0032;60324;61220;0.0004
"EarlyUpdate.PerformanceAnalyticsUpdate";0.0002;0;0.0039;61749;60426;61262;2;2;0.54729998800758;0.00027365;0.0002;0.0003;2000;1;1;1;2000;60314;0;0.0039;60426;61262;0.0004
"UnityEngine.IMGUIModule.dll!UnityEngine::GUIStyle.get_fixedHeight_Injected()";0.0002;0;0.005;61783;60341;61065;12;13;0.458999983944523;0.0002650115;0.0002;0.0003;3538;2;2;6;1732;60314;0;0.0048;60317;61065;0.0002
"UnityEngine.UIModule.dll!UnityEngine::Canvas.get_additionalShaderChannels_Injected()";0.0002;0.0001;0.0006;61794;60431;62046;16;16;0.0108999995936756;0.0002725;0.0002;0.0003;86;2;1;5;40;60347;0;0.0004;60370;60560;0
"FrameEvents.XREndFrame";0.0002;0;0.0028;61840;62251;61444;4;4;0.53819998572726;0.0002691;0.0002;0.0003;2000;1;1;1;2000;60314;0;0.0028;62251;61444;0.0002
"Physics2D.SolveDiscreteIslandPostSolve";0.0002;0;0.007799998;61914;60728;60430;8;8;0.562399969101534;0.0003883978;0.0001;0.0005;20954;10;1;80;1448;60314;0;0.0051;60314;60430;0.0001
"UnityEngine.UI.dll!UnityEngine.EventSystems::PointerEventData.set_delta()";0.0002;0;0.0032;61924;60316;61434;9;11;0.512499982381996;0.0002565065;0.0002;0.0003;6014;3;3;6;1998;60314;0;0.0024;60314;60596;0.0003
"Assembly-CSharp.dll!::EndRunOverlay.WireTitleButton()";0.0002;0.0002;0.0002;61925;61925;61925;21;23;0.000199999994947575;0.0002;0.0002;0.0002;3;3;3;3;1;61925;0;0.0001;61925;61925;0
"mscorlib.dll!::HashtableEnumerator..ctor()";0.0002;0.0002;0.0002;61925;61925;61925;42;45;0.000199999994947575;0.0002;0.0002;0.0002;2;2;2;2;1;61925;0;0.0002;61925;61925;0
"mscorlib.dll!System.Collections.Generic::ArraySortHelper`1.Swap()";0.0002;0.0002;0.0002;61925;61925;61925;46;46;0.000199999994947575;0.0002;0.0002;0.0002;2;2;2;2;1;61925;0.0001;0.0001;61925;61925;0
"mscorlib.dll!System.Collections::DictionaryEntry.get_Value()";0.0002;0.0002;0.0002;61925;61925;61925;45;48;0.000199999994947575;0.0002;0.0002;0.0002;2;2;2;2;1;61925;0;0.0002;61925;61925;0
"mscorlib.dll!System.Reflection::MethodBase.op_Equality()";0.0002;0.0002;0.0002;61925;61925;61925;47;51;0.000199999994947575;0.0002;0.0002;0.0002;4;4;4;4;1;61925;0;0.0001;61925;61925;0
"mscorlib.dll!System.Reflection::ParameterInfo.get_ParameterType()";0.0002;0.0002;0.0002;61925;61925;61925;39;39;0.000199999994947575;0.0002;0.0002;0.0002;2;2;2;2;1;61925;0.0001;0.0001;61925;61925;0
"mscorlib.dll!System.Text::Encoder..ctor()";0.0002;0.0002;0.0002;61925;61925;61925;28;29;0.000199999994947575;0.0002;0.0002;0.0002;6;6;6;6;1;61925;0;0.0001;61925;61925;0
"mscorlib.dll!System.Text::Encoder.get_InternalHasFallbackBuffer()";0.0002;0.0002;0.0002;61925;61925;61925;27;28;0.000199999994947575;0.0002;0.0002;0.0002;6;6;6;6;1;61925;0;0.0001;61925;61925;0
"mscorlib.dll!System::DateTime.get_Hour()";0.0002;0.0002;0.0002;61925;61925;61925;24;24;0.000199999994947575;0.0002;0.0002;0.0002;1;1;1;1;1;61925;0.0002;0.0002;61925;61925;0
"mscorlib.dll!System::DateTime.get_Minute()";0.0002;0.0002;0.0002;61925;61925;61925;24;24;0.000199999994947575;0.0002;0.0002;0.0002;1;1;1;1;1;61925;0.0002;0.0002;61925;61925;0
"mscorlib.dll!System::DateTime.get_Second()";0.0002;0.0002;0.0002;61925;61925;61925;24;24;0.000199999994947575;0.0002;0.0002;0.0002;1;1;1;1;1;61925;0.0002;0.0002;61925;61925;0
"mscorlib.dll!System::DateTime.get_Ticks()";0.0002;0.0002;0.0002;61925;61925;61925;24;24;0.000199999994947575;0.0002;0.0002;0.0002;1;1;1;1;1;61925;0.0002;0.0002;61925;61925;0
"mscorlib.dll!System::String.ToString()";0.0002;0.0002;0.0002;61925;61925;61925;23;26;0.000199999994947575;0.0002;0.0002;0.0002;3;3;3;3;1;61925;0;0.0001;61925;61925;0
"Newtonsoft.Json.dll!Newtonsoft.Json.Converters::BsonObjectIdConverter.CanConvert()";0.0002;0.0002;0.0002;61925;61925;61925;37;40;0.000199999994947575;0.0002;0.0002;0.0002;4;4;4;4;1;61925;0;0.0001;61925;61925;0
"Newtonsoft.Json.dll!Newtonsoft.Json.Serialization::JsonContract.get_DefaultCreator()";0.0002;0.0002;0.0002;61925;61925;61925;35;38;0.000199999994947575;0.0002;0.0002;0.0002;2;2;2;2;1;61925;0.0001;0.0001;61925;61925;0
"Newtonsoft.Json.dll!Newtonsoft.Json.Serialization::JsonContract.set_DefaultCreatorNonPublic()";0.0002;0.0002;0.0002;61925;61925;61925;36;39;0.000199999994947575;0.0002;0.0002;0.0002;4;4;4;4;1;61925;0;0.0001;61925;61925;0
"Newtonsoft.Json.dll!Newtonsoft.Json.Serialization::JsonObjectContract.set_ExtensionDataNameResolver()";0.0002;0.0002;0.0002;61925;61925;61925;35;38;0.000199999994947575;0.0002;0.0002;0.0002;2;2;2;2;1;61925;0.0001;0.0001;61925;61925;0
"System.Core.dll!::<GetEnumerator>d__13..ctor()";0.0002;0.0002;0.0002;61925;61925;61925;40;43;0.000199999994947575;0.0002;0.0002;0.0002;4;4;4;4;1;61925;0;0.0001;61925;61925;0
"System.Core.dll!System.Linq::EmptyPartition`1.GetEnumerator()";0.0002;0.0002;0.0002;61925;61925;61925;41;44;0.000199999994947575;0.0002;0.0002;0.0002;2;2;2;2;1;61925;0.0001;0.0001;61925;61925;0
"System.Core.dll!System.Linq::EmptyPartition`1.System.IDisposable.Dispose()";0.0002;0.0002;0.0002;61925;61925;61925;41;44;0.000199999994947575;0.0002;0.0002;0.0002;2;2;2;2;1;61925;0.0001;0.0001;61925;61925;0
"System.dll!::ReflectedTypeData..ctor()";0.0002;0.0002;0.0002;61925;61925;61925;40;43;0.000199999994947575;0.0002;0.0002;0.0002;2;2;2;2;1;61925;0.0001;0.0001;61925;61925;0
"System.dll!::ReflectedTypeData.GetTypeFromName()";0.0002;0.0002;0.0002;61925;61925;61925;40;43;0.000199999994947575;0.0002;0.0002;0.0002;2;2;2;2;1;61925;0.0001;0.0001;61925;61925;0
"System.dll!System.ComponentModel::TypeConverterAttribute.get_ConverterTypeName()";0.0002;0.0002;0.0002;61925;61925;61925;40;43;0.000199999994947575;0.0002;0.0002;0.0002;2;2;2;2;1;61925;0.0001;0.0001;61925;61925;0
"Unity.TextMeshPro.dll!TMPro::TMP_TextElement.set_textAsset()";0.0002;0.0002;0.0002;61925;61925;61925;22;22;0.000199999994947575;0.0002;0.0002;0.0002;2;2;2;2;1;61925;0.0001;0.0001;61925;61925;0
"UnityEngine.TextCoreFontEngineModule.dll!UnityEngine.TextCore::FaceInfo.get_faceIndex()";0.0002;0.0002;0.0002;61925;61925;61925;22;22;0.000199999994947575;0.0002;0.0002;0.0002;2;2;2;2;1;61925;0.0001;0.0001;61925;61925;0
"UnityEngine.TextCoreFontEngineModule.dll!UnityEngine.TextCore::Glyph.set_atlasIndex()";0.0002;0.0002;0.0002;61925;61925;61925;21;21;0.000199999994947575;0.0002;0.0002;0.0002;2;2;2;2;1;61925;0.0001;0.0001;61925;61925;0
"UnityEngine.IMGUIModule.dll!UnityEngine::GUIStyle.get_padding()";0.0002;0;0.0052;61941;60355;60892;7;8;0.461999983257556;0.0002667436;0.0002;0.0003;5307;3;3;9;1732;60314;0;0.0043;60316;60892;0.0001
"mscorlib.dll!System.Collections.Generic::List`1.Sort()";0.0002;0;0.0892;61943;60406;60681;10;21;3.71219996200671;0.0018561;0.0002;0.0003;5910;3;1;6;2000;60314;0;0.0822;60314;61925;0.0002
"LowLevelPhysics2D.PhysicsWorld.WriteTransformTweens";0.0002;0.0001;0.0021;61950;60337;61875;4;4;0.552699986510561;0.00027635;0.0002;0.0003;2000;1;1;1;2000;60314;0.0001;0.0021;60337;61875;0.0005
"UnityEngine.CoreModule.dll!UnityEngine::Screen.get_fullScreen()";0.0002;0.0001;0.012;61950;60323;61869;13;13;0.577099986097892;0.0002888388;0.0002;0.0003;2087;1;1;2;1998;60314;0;0.012;62085;61869;0.0008
"UnityEngine.IMGUIModule.dll!UnityEngine::Event.get_current()";0.0002;0;0.0618;61963;60322;61800;5;7;0.538399985882279;0.0003108545;0.0002;0.0003;7076;4;4;12;1732;60314;0;0.0616;60315;61800;0.0003
"UnityEngine.Physics2DModule.dll!UnityEngine.LowLevelPhysics2D::PhysicsEvents.InvokePreSimulate()";0.0002;0;0.0015;61986;60403;61741;6;6;0.488899989555648;0.0002924043;0.0002;0.0004;1696;1;1;16;1672;60314;0;0.0015;60403;61741;0.0006
"UnityEngine.CoreModule.dll!UnityEngine::Camera.get_targetDisplay_Injected()";0.0002;0.0001;0.0032;62037;60337;61028;6;6;0.591899986269709;0.00029595;0.0002;0.0003;2000;1;1;1;2000;60314;0.0001;0.0032;60337;61028;0.0006
"Preload Single Step";0.0002;0.0001;35.6082;62043;60317;62046;6;6;36.3862000591762;0.0181931;0.0002;0.0004;2011;1;1;12;2000;60314;0.0001;27.4421;60317;62046;0.0002
"UnityEngine.CoreModule.dll!UnityEngine.SceneManagement::SceneManager.get_sceneCount()";0.0002;0.0002;0.0002;62045;62045;62045;20;20;0.000199999994947575;0.0002;0.0002;0.0002;1;1;1;1;1;62045;0.0002;0.0002;62045;62045;0
"UnityEngine.CoreModule.dll!UnityEngine.SceneManagement::SceneManagerAPI.get_overrideAPI()";0.0002;0.0002;0.0002;62045;62045;62045;22;22;0.000199999994947575;0.0002;0.0002;0.0002;1;1;1;1;1;62045;0.0002;0.0002;62045;62045;0
"EnlightenRuntimeManager.PatchLightmapsOnLightmapSettings";0.0002;0.0002;0.0002;62046;62046;62046;12;12;0.000199999994947575;0.0002;0.0002;0.0002;1;1;1;1;1;62046;0.0002;0.0002;62046;62046;0
"mscorlib.dll!System.Collections.Generic::EqualityComparer`1..ctor()";0.0002;0.0002;0.0002;62046;62046;62046;22;22;0.000199999994947575;0.0002;0.0002;0.0002;2;2;2;2;1;62046;0.0001;0.0001;62046;62046;0
"mscorlib.dll!System.Reflection::MemberInfo.Equals()";0.0002;0.0002;0.02339998;62046;62046;61925;17;46;0.0235999751457712;0.01179999;0.0002;0.0002;175;1;1;174;2;61925;0.0001;0.0003;61925;61925;0
"Scripting.GetParentTypeDisallowingMultipleInclusion";0.0002;0.0002;0.0004;62046;61165;61686;13;19;0.0007999999797903;0.0002666667;0.0002;0.0002;3;1;1;1;3;61165;0.0002;0.0004;61165;61686;0
"Unity.ResourceManager.dll!UnityEngine.ResourceManagement.AsyncOperations::GroupOperation.UnityEngine.ResourceManagement.AsyncOperations.ICachable.set_Key()";0.0002;0.0002;0.0002;62046;62046;62046;19;19;0.000199999994947575;0.0002;0.0002;0.0002;1;1;1;1;1;62046;0.0002;0.0002;62046;62046;0
"Unity.ResourceManager.dll!UnityEngine.ResourceManagement.ResourceProviders::AssetBundleRequestOptions.get_BundleName()";0.0002;0.0002;0.0002;62046;62046;62046;27;27;0.000199999994947575;0.0002;0.0002;0.0002;3;3;3;3;1;62046;0;0.0001;62046;62046;0
"Unity.TextMeshPro.dll!TMPro::TMP_Text.get_flexibleHeight()";0.0002;0.0002;0.0002;62046;62046;62046;21;21;0.000199999994947575;0.0002;0.0002;0.0002;2;2;2;2;1;62046;0.0001;0.0001;62046;62046;0
"UnityEngine.CoreModule.dll!UnityEngine.SceneManagement::SceneManager.Internal_SceneLoaded()";0.0002;0.0002;0.0002;62046;62046;62046;7;7;0.000199999994947575;0.0002;0.0002;0.0002;1;1;1;1;1;62046;0.0002;0.0002;62046;62046;0
"UnityEngine.CoreModule.dll!UnityEngine::Vector4.op_Multiply()";0.0002;0.0002;0.0002;62046;62046;62046;13;13;0.000199999994947575;0.0002;0.0002;0.0002;5;5;5;5;1;62046;0;0.0001;62046;62046;0
"UnityEngine.Physics2DModule.dll!UnityEngine.LowLevelPhysics2D::PhysicsWorldRenderer.ShutdownRendering()";0.0002;0.0002;0.0002;62046;62046;62046;10;10;0.000199999994947575;0.0002;0.0002;0.0002;1;1;1;1;1;62046;0.0002;0.0002;62046;62046;0
"UnityEngine.UI.dll!UnityEngine.UI::LayoutElement.get_layoutPriority()";0.0002;0.0002;0.0002;62046;62046;62046;20;20;0.000199999994947575;0.0002;0.0002;0.0002;8;8;8;8;1;62046;0;0.0001;62046;62046;0
"UnityEngine.UI.dll!UnityEngine.UI::LayoutElement.get_preferredHeight()";0.0002;0.0002;0.0002;62046;62046;62046;21;21;0.000199999994947575;0.0002;0.0002;0.0002;2;2;2;2;1;62046;0.0001;0.0001;62046;62046;0
"UnityEngine.UI.dll!UnityEngine.UI::LayoutGroup.GetTotalMinSize()";0.0002;0.0002;0.0002;62046;62046;62046;15;15;0.000199999994947575;0.0002;0.0002;0.0002;1;1;1;1;1;62046;0.0002;0.0002;62046;62046;0
"UnityEngine.UI.dll!UnityEngine.UI::LayoutRebuilder.Clear()";0.0002;0.0002;0.0002;62046;62046;62046;12;24;0.000199999994947575;0.0002;0.0002;0.0002;4;4;4;4;1;62046;0;0.0001;62046;62046;0
"UnityEngine.UIElementsModule.dll!UnityEngine.UIElements::UIElementsRuntimeUtility.get_activeEventSystem()";0.0002;0.0002;0.0002;62046;62046;62046;12;15;0.000199999994947575;0.0002;0.0002;0.0002;2;2;2;2;1;62046;0.0001;0.0001;62046;62046;0
"mscorlib.dll!System.Collections::HashHelpers.GetPrime()";0.0002;0.0001;0.0041;62047;61052;61925;11;55;0.00609999954031082;0.0007624999;0.0002;0.0004;60;1;1;47;8;60452;0;0.0005;61925;60537;0
"UnityEngine.UI.dll!::ButtonState..ctor()";0.0002;0.0002;0.0002;62047;62047;62047;11;11;0.000199999994947575;0.0002;0.0002;0.0002;3;3;3;3;1;62047;0;0.0001;62047;62047;0
"UnityEngine.UI.dll!::ButtonState.set_button()";0.0002;0.0002;0.0002;62047;62047;62047;11;11;0.000199999994947575;0.0002;0.0002;0.0002;3;3;3;3;1;62047;0;0.0001;62047;62047;0
"UnityEngine.UI.dll!::ButtonState.set_eventData()";0.0002;0.0002;0.0002;62047;62047;62047;11;11;0.000199999994947575;0.0002;0.0002;0.0002;3;3;3;3;1;62047;0;0.0001;62047;62047;0
"UnityEngine.UI.dll!::MouseButtonEventData..ctor()";0.0002;0.0002;0.0002;62047;62047;62047;11;11;0.000199999994947575;0.0002;0.0002;0.0002;3;3;3;3;1;62047;0;0.0001;62047;62047;0
"UnityEngine.UI.dll!UnityEngine.EventSystems::ExecuteEvents.get_pointerEnterHandler()";0.0002;0;0.0004;62047;62240;62239;10;10;0.00309999989258358;0.0001823529;0.0001;0.0003;30;2;1;3;17;60341;0;0.0003;60343;62115;0
"mscorlib.dll!::Enumerator.MoveNextRare()";0.0002;0;0.0044;62063;60323;61925;7;46;0.552299981565739;0.00027615;0.0002;0.0003;7671;4;2;53;2000;60314;0;0.0038;60314;61178;0.0003
"UnityEngine.UIModule.dll!UnityEngine::Canvas.get_sortingOrder_Injected()";0.0002;0.0001;0.0015;62074;60342;60681;12;12;0.0800999973580474;0.0002526814;0.0001;0.0003;601;1;1;4;317;60341;0;0.0014;60343;62252;0
"mscorlib.dll!System.Reflection::ConstructorInfo.op_Equality()";0.0002;0.0002;0.0013;62095;62095;61925;15;55;0.00149999976565596;0.0007499999;0.0002;0.0002;24;3;3;21;2;61925;0;0.0001;61925;61925;0
"mscorlib.dll!System.Reflection::ConstructorInfo.op_Inequality()";0.0002;0.0002;0.0023;62095;62095;61925;15;47;0.00249999981315341;0.00125;0.0002;0.0002;9;1;1;8;2;61925;0.0002;0.0004;61925;61925;0
"UnityEngine.UnityAnalyticsModule.dll!UnityEngine.Analytics::AnalyticsSessionInfo.CallSessionStateChanged()";0.0002;0.0001;0.0002;62095;62313;62095;4;4;0.000499999987368938;0.0001666667;0.0001;0.0002;3;1;1;1;3;62095;0.0001;0.0002;62313;62095;0
"UnityEngine.CoreModule.dll!UnityEngine.Pool::PooledObject`1..ctor()";0.0002;0.0001;0.0002;62096;62095;62096;9;10;0.000499999987368938;0.0001666667;0.0001;0.0002;3;1;1;1;3;62095;0.0001;0.0002;62095;62096;0
"UnityEngine.InputModule.dll!UnityEngineInternal.Input::NativeInputSystem.NotifyBeforeUpdate()";0.0002;0;0.0074;62113;60449;62032;3;4;0.558699980116216;0.00027935;0.0002;0.0003;5696;3;2;18;2000;60314;0;0.0064;60319;62032;0.0003
"UnityEngine.UI.dll!UnityEngine.EventSystems::PointerEventData.get_pointerEnter()";0.0002;0;0.0067;62166;60386;61531;8;10;0.575099980283994;0.0002878378;0.0002;0.0003;8198;4;2;12;1998;60314;0;0.0064;60314;61531;0.0002
"UnityEngine.UI.dll!UnityEngine.UI::Selectable.get_image()";0.0002;0.0001;0.0009999999;62250;62118;62046;12;16;0.00209999989601783;0.00035;0.0001;0.0003;26;2;2;14;6;62046;0;0.0003;62046;62117;0
"UnityEngine.UI.dll!UnityEngine.EventSystems::PointerEventData.set_pointerEnter()";0.0002;0;0.0111;62298;60319;60965;10;16;0.589199981208367;0.0002947474;0.0002;0.0003;5699;3;2;3;1999;60314;0;0.0103;60319;60965;0.0004
"Analytics.PauseSession";0.0002;0.0002;0.0003;62313;62313;62095;6;6;0.00049999998009298;0.00025;0.0002;0.0002;2;1;1;1;2;62095;0.0002;0.0003;62313;62095;0
"UnityEngine.CoreModule.dll!UnityEngine::Application.InvokeFocusChanged()";0.0002;0.0001;0.0005;62313;62096;62095;3;3;0.000800000016170088;0.0002666667;0.0001;0.0002;3;1;1;1;3;62095;0.0001;0.0005;62096;62095;0
"UnityEngine.UI.dll!UnityEngine.UI.CoroutineTween::ColorTween.set_ignoreTimeScale()";0.0001;0;0.0002;60318;60343;60429;17;32;0.00349999991158256;5.46875E-05;0;0.0001;71;1;1;4;64;60318;0;0.0001;60343;60318;0
"UnityEngine.CoreModule.dll!UnityEngine::Vector3Int.op_Implicit()";0.0001;0;0.0001;60329;60320;60318;7;7;0.00369999990653014;6.271186E-05;0;0.0001;59;1;1;1;59;60318;0;0.0001;60320;60318;0
"mscorlib.dll!System::Delegate.Combine()";0.0001;0;0.0005;60343;60347;62046;8;37;0.00399999986984767;6.25E-05;0;0.0001;80;1;1;10;64;60318;0;0.0001;60347;60318;0
"UnityEngine.UI.dll!UnityEngine.UI::AnimationTriggers.get_highlightedTrigger()";0.0001;0;0.0001;60343;60665;60343;15;15;0.00039999998989515;6.666667E-05;0;0.0001;6;1;1;1;6;60343;0;0.0001;60665;60343;0
"UnityEngine.UI.dll!UnityEngine.UI::Selectable.get_isPointerInside()";0.0001;0;0.0001;60343;60665;60343;11;26;0.000699999982316513;5.384615E-05;0;0.0001;16;1;1;3;13;60343;0;0.0001;60665;60343;0
"UnityEngine.UI.dll!UnityEngine.UI::SpriteState.get_highlightedSprite()";0.0001;0;0.0003;60343;60665;62117;15;15;0.000599999977566767;0.0001;0;0.0001;6;1;1;1;6;60343;0;0.0003;60665;62117;0
"Assembly-CSharp.dll!::EnemyCatalog.ClampTier()";0.0001;0;0.0001;60349;60380;60318;8;13;0.000899999977264088;6E-05;0;0.0001;15;1;1;1;15;60318;0;0.0001;60380;60318;0
"Assembly-CSharp.dll!::EnemyCatalog.MakeKey()";0.0001;0;0.0001;60349;60318;60349;8;13;0.0007999999797903;5.333333E-05;0;0.0001;15;1;1;1;15;60318;0;0.0001;60318;60349;0
"mscorlib.dll!System::Int64.GetHashCode()";0.0001;0;0.0001;60349;60318;60349;10;15;0.0007999999797903;5.333333E-05;0;0.0001;15;1;1;1;15;60318;0;0.0001;60318;60349;0
"UnityEngine.UI.dll!UnityEngine.EventSystems::ExecuteEvents.get_deselectHandler()";0.0001;0;0.0001;60356;60680;60356;11;14;0.000299999992421363;6E-05;0;0.0001;5;1;1;1;5;60356;0;0.0001;60680;60356;0
"UnityEngine.UI.dll!UnityEngine.EventSystems::PointerEventData.set_pressPosition()";0.0001;0;0.0001;60356;60365;60356;9;11;0.000999999974737875;5.555555E-05;0;0.0001;20;1;1;3;18;60356;0;0.0001;60365;60356;0
"UnityEngine.UI.dll!UnityEngine.UI::AnimationTriggers.get_pressedTrigger()";0.0001;0;0.0001;60356;60365;60356;15;15;0.000499999987368938;5.555555E-05;0;0.0001;9;1;1;1;9;60356;0;0.0001;60365;60356;0
"Assembly-CSharp.dll!::<AggregateDamagePopupRoutine>d__32.System.Collections.IEnumerator.get_Current()";0.0001;0;0.0005;60360;60367;60965;12;22;0.00329999992391095;9.166666E-05;0;0.0001;44;1;1;4;36;60336;0;0.0005;60367;60965;0
"UnityEngine.UI.dll!UnityEngine.UI::AnimationTriggers.get_selectedTrigger()";0.0001;0;0.0001;60360;60356;60360;15;19;0.0007999999797903;5.714286E-05;0;0.0001;14;1;1;1;14;60356;0;0.0001;60356;60360;0
"UnityEngine.UI.dll!UnityEngine.UI.CoroutineTween::ColorTween.get_ignoreTimeScale()";0.0001;0;0.0013;60362;60345;60685;6;25;0.00899999980902066;6.716418E-05;0;0.0001;134;1;1;1;134;60343;0;0.0013;60345;60685;0
"UnityEngine.UI.dll!UnityEngine.EventSystems::PointerEventData.set_dragging()";0.0001;0;0.0001;60365;60356;60360;9;11;0.00189999995200196;5.428571E-05;0;0.0001;37;1;1;3;35;60356;0;0.0001;60356;60360;0
"UnityEngine.UI.dll!UnityEngine.UI::Selectable.get_navigation()";0.0001;0;0.0001;60365;60680;60356;13;13;0.000599999984842725;6.666667E-05;0;0.0001;9;1;1;1;9;60356;0;0.0001;60680;60356;0
"Assembly-CSharp.dll!::EnemySpawner.TryTakeNextSpawn()";0.0001;0.0001;0.0001;60366;60366;60366;6;6;9.99999974737875E-05;0.0001;0.0001;0.0001;1;1;1;1;1;60366;0.0001;0.0001;60366;60366;0
"UnityEngine.UI.dll!::<Start>d__2..ctor()";0.0001;0;0.0002;60370;60365;60429;20;28;0.00279999992926605;6.999999E-05;0;0.0001;44;1;1;3;40;60318;0;0.0001;60365;60318;0
"UnityEngine.UI.dll!UnityEngine.UI.CoroutineTween::ColorTween.set_duration()";0.0001;0;0.0001;60370;60318;60347;17;32;0.00379999990400393;5.9375E-05;0;0.0001;71;1;1;4;64;60318;0;0.0001;60318;60347;0
"UnityEngine.UI.dll!UnityEngine.UI::SpriteState.get_selectedSprite()";0.0001;0;0.0001;60370;60384;60356;15;19;0.000999999974737875;7.142857E-05;0;0.0001;14;1;1;1;14;60356;0;0.0001;60384;60356;0
"Assembly-CSharp.dll!::TowerWeapon.get_DoubleShot()";0.0001;0;0.0005;60371;60373;61858;6;16;0.00279999996564584;7.567568E-05;0;0.0001;37;1;1;1;37;60331;0;0.0005;60373;61858;0
"Assembly-CSharp.dll!::<AttackLoop>d__0..ctor()";0.0001;0;0.0017;60372;60327;60458;12;17;0.00809999984630849;7.714285E-05;0;0.0001;108;1;1;2;105;60327;0;0.0017;60327;60458;0
"UnityEngine.UI.dll!UnityEngine.UI::ColorBlock.get_pressedColor()";0.0001;0;0.0002;60374;60704;60691;15;15;0.0007999999797903;8.888889E-05;0.0001;0.0001;9;1;1;1;9;60356;0;0.0002;60704;60691;0
"UnityEngine.UI.dll!UnityEngine.UI::SpriteState.get_pressedSprite()";0.0001;0;0.0001;60374;60727;60356;15;15;0.000699999982316513;7.777778E-05;0.0001;0.0001;9;1;1;1;9;60356;0;0.0001;60727;60356;0
"UnityEngine.UI.dll!UnityEngine.UI.CoroutineTween::ColorTween.ValidTarget()";0.0001;0;0.0004;60375;60344;60429;7;34;0.0118999996993807;6.648045E-05;0;0.0001;233;1;1;7;179;60318;0;0.0002;60318;60681;0
"mscorlib.dll!System::Delegate.get_Target()";0.0001;0;0.0015;60378;60318;60702;10;37;0.0145999997039326;8.156424E-05;0;0.0001;200;1;1;4;179;60318;0;0.0015;60318;60702;0
"UnityEngine.CoreModule.dll!UnityEngine.Events::BaseInvokableCall..ctor()";0.0001;0;0.0003;60379;60343;60524;14;36;0.00409999988914933;6.40625E-05;0;0.0001;74;1;1;4;64;60318;0;0.0001;60343;60318;0
"UnityEngine.UI.dll!UnityEngine.EventSystems::PointerEventData.get_button()";0.0001;0;0.0002;60379;60356;60360;13;13;0.00139999996463303;7.777778E-05;0;0.0001;27;1;1;2;18;60356;0;0.0001;60356;60360;0
"UnityEngine.UI.dll!UnityEngine.EventSystems::PointerEventData.get_pointerId()";0.0001;0;0.0002;60379;60360;62045;9;10;0.00219999994442333;6.470588E-05;0;0.0001;34;1;1;1;34;60356;0;0.0002;60360;62045;0
"UnityEngine.UI.dll!UnityEngine.EventSystems::PointerEventData.set_lastPress()";0.0001;0;0.0002;60379;60370;60680;10;11;0.0015999999595806;8.888889E-05;0.0001;0.0001;18;1;1;1;18;60356;0;0.0002;60370;60680;0
"UnityEngine.UI.dll!UnityEngine.UI::ColorBlock.get_colorMultiplier()";0.0001;0;0.0003;60379;60318;60524;12;26;0.00289999991946388;6.904762E-05;0;0.0001;49;1;1;3;42;60318;0;0.0001;60318;60343;0
"UnityEngine.UI.dll!UnityEngine.UI::ColorBlock.get_fadeDuration()";0.0001;0;0.0002;60384;60365;60356;16;20;0.00179999995452818;7.2E-05;0;0.0001;28;1;1;2;25;60343;0;0.0001;60365;60343;0
"UnityEngine.UI.dll!::<Start>d__2.System.Collections.IEnumerator.get_Current()";0.0001;0;0.0003;60389;60346;60681;4;23;0.00919999976031249;6.865671E-05;0;0.0001;134;1;1;1;134;60343;0;0.0003;60346;60681;0
"UnityEngine.UI.dll!UnityEngine.UI.CoroutineTween::ColorTween.set_targetColor()";0.0001;0;0.0003;60392;60318;60524;17;32;0.00419999988662312;6.5625E-05;0;0.0001;71;1;1;4;64;60318;0;0.0001;60318;60347;0
"UnityEngine.UI.dll!UnityEngine.EventSystems::PointerEventData.set_pointerPressRaycast()";0.0001;0;0.0002;60398;60428;62143;9;9;0.00129999996715924;7.647058E-05;0;0.0001;17;1;1;1;17;60356;0;0.0002;60428;62143;0
"UnityEngine.UI.dll!UnityEngine.EventSystems::ExecuteEvents.get_pointerClickHandler()";0.0001;0;0.0003;60402;60360;60696;10;10;0.00109999996493571;6.470588E-05;0;0.0001;17;1;1;1;17;60360;0;0.0003;60360;60696;0
"UnityEngine.UI.dll!UnityEngine.EventSystems::PointerEventData.get_eligibleForClick()";0.0001;0;0.0001;60402;60370;60360;10;10;0.00109999997221166;6.470588E-05;0;0.0001;17;1;1;1;17;60360;0;0.0001;60370;60360;0
"UnityEngine.CoreModule.dll!UnityEngine::YieldInstruction..ctor()";0.0001;0;0.0016;60408;60314;61441;7;30;0.0173999995313352;7.404255E-05;0;0.0001;263;1;1;3;235;60314;0;0.0016;60314;61441;0
"UnityEngine.UI.dll!UnityEngine.EventSystems::PointerEventData.set_useDragThreshold()";0.0001;0;0.0002;60428;60398;62047;9;11;0.00149999996210681;8.333333E-05;0;0.0001;20;1;1;3;18;60356;0;0.0002;60398;62143;0
"Assembly-CSharp.dll!::EnemyDeathHandler.EnsureServices()";0.0001;0;0.0002;60429;60392;61689;11;19;0.00149999996210681;6E-05;0;0.0001;26;1;1;2;25;60347;0;0.0001;60392;60347;0
"Assembly-CSharp.dll!::Enemy.GetScorePoint()";0.0001;0;0.0001;60430;60392;60347;12;20;0.00139999996463303;5.6E-05;0;0.0001;26;1;1;2;25;60347;0;0.0001;60392;60347;0
"Assembly-CSharp.dll!::SliderPositionAutoSetter.SetDistance()";0.0001;0;0.0004;60430;60318;60429;10;22;0.00279999992926605;7.368421E-05;0;0.0001;45;1;1;4;38;60318;0;0.0001;60318;60347;0
"UnityEngine.UI.dll!UnityEngine.UI::AnimationTriggers.get_normalTrigger()";0.0001;0;0.0003;60430;60398;62046;11;29;0.00219999993714737;6.470588E-05;0;0.0001;47;1;1;12;34;60347;0;0.0001;60398;60347;0
"UnityEngine.UI.dll!UnityEngine.EventSystems::PointerEventData.set_eligibleForClick()";0.0001;0;0.0002;60433;60356;60468;9;11;0.0023999999393709;6.857143E-05;0;0.0001;37;1;1;3;35;60356;0;0.0002;60356;60468;0
"Assembly-CSharp.dll!::<AttackThenSearch>d__14.System.Collections.IEnumerator.get_Current()";0.0001;0;0.0006;60436;60327;60542;9;14;0.0116999996680534;6.923077E-05;0;0.0001;192;1;1;4;169;60327;0;0.0003;60327;60542;0
"PostLateUpdate.ResetInputAxis";0.0001;0;0.0032;60467;60318;61570;2;2;0.129099996716832;6.455E-05;0;0.0001;2000;1;1;1;2000;60314;0;0.0032;60318;61570;0.0001
"Assembly-CSharp.dll!::<AnimateHop>d__33..ctor()";0.0001;0;0.0003;60474;60460;61159;7;23;0.00189999994472601;6.551724E-05;0;0.0001;29;1;1;1;29;60363;0;0.0003;60460;61159;0
"Assembly-CSharp.dll!::<AttackLoop>d__0.System.Collections.IEnumerator.get_Current()";0.0001;0;0.0018;60495;60327;60962;4;14;0.0129999997006962;8.783783E-05;0;0.0001;154;1;1;2;148;60314;0;0.0018;60327;60962;0
"mscorlib.dll!System::RuntimeType.Equals()";0.0001;0;0.02059997;60507;60315;61925;11;56;0.041899973693944;0.0001798282;0;0.0001;662;1;1;353;233;60315;0;0.0006;60315;61925;0.0001
"Assembly-CSharp.dll!::<ReleaseAfterVfx>d__24.System.Collections.IEnumerator.get_Current()";0.0001;0;0.0001;60508;60338;60323;9;12;0.00409999989642529;6.833333E-05;0;0.0001;63;1;1;2;60;60323;0;0.0001;60323;60323;0
"mscorlib.dll!System::RuntimeTypeHandle.get_Value()";0.0001;0;0.1297015;60509;60319;61925;11;60;0.151201539199974;0.0006489336;0;0.0001;2524;1;1;2193;233;60315;0;0.0015;60319;61925;0.0002
"mscorlib.dll!System::AppDomain.IsAppXModel()";0.0001;0;0.001999999;60513;60314;61925;11;37;0.0217999988235533;0.0001018692;0;0.0001;360;1;1;38;214;60314;0;0.0016;60314;60493;0
"mscorlib.dll!System::BitConverter.SingleToInt32Bits()";0.0001;0;0.0003;60518;60343;60429;20;35;0.00469999987399206;7.34375E-05;0;0.0001;71;1;1;4;64;60318;0;0.0002;60343;60738;0
"UnityEngine.UI.dll!UnityEngine.UI::Selectable.set_hasSelection()";0.0001;0;0.0007;60518;60347;62046;13;29;0.00289999991946388;8.787878E-05;0;0.0001;42;1;1;9;33;60347;0;0.0001;60347;60356;0
"UnityEngine.UI.dll!UnityEngine.UI::Selectable.set_isPointerInside()";0.0001;0;0.0005;60518;60347;62046;13;29;0.00299999990238575;7.894736E-05;0;0.0001;48;1;1;9;38;60343;0;0.0001;60347;60343;0
"UnityEngine.UI.dll!UnityEngine.UI::ColorBlock.get_disabledColor()";0.0001;0;0.0001;60524;60429;60318;18;23;0.00109999997221166;7.333333E-05;0;0.0001;19;1;1;3;15;60318;0;0.0001;60429;60318;0
"Physics2D.ClearBodyForces";0.0001;0;0.0015;60527;60323;60612;5;5;0.10359999739012;7.154696E-05;0;0.0001;1457;1;1;2;1448;60314;0;0.0015;60323;60612;0
"mscorlib.dll!System::RuntimeType.get_UnderlyingSystemType()";0.0001;0;0.08200081;60534;60326;61925;11;57;0.104200813482748;0.0004472138;0;0.0001;1819;1;1;1486;233;60315;0;0.0005;60326;61267;0.0001
"Assembly-CSharp.dll!::<HitScalePunch>d__35..ctor()";0.0001;0;0.0004;60536;60323;60965;10;20;0.0102999997252482;7.304965E-05;0;0.0001;158;1;1;3;141;60322;0;0.0004;60323;60965;0
"mscorlib.dll!System.Text::ValueStringBuilder..ctor()";0.0001;0;0.0003;60549;60317;60379;10;37;0.017999999501626;8.450704E-05;0;0.0001;305;1;1;5;213;60314;0;0.0003;60317;61159;0
"Assembly-CSharp.dll!::Enemy.ReSetSpeed()";0.0001;0;0.0004;60557;60391;60538;8;21;0.0046999998667161;9.4E-05;0.0001;0.0001;58;1;1;3;50;60321;0;0.0004;60391;60538;0
"UnityEngine.UI.dll!UnityEngine.UI.CoroutineTween::ColorTween.set_startColor()";0.0001;0;0.0016;60557;60349;60430;17;32;0.0062999998262967;9.84375E-05;0;0.0001;71;1;1;4;64;60318;0;0.0016;60349;60430;0
"mscorlib.dll!System.Globalization::CultureInfo.ConstructCurrentCulture()";0.0001;0;0.0045;60558;60317;61925;13;39;0.0245999992548604;0.0001149533;0;0.0001;360;1;1;38;214;60314;0;0.0022;60317;61925;0
"UnityEngine.UI.dll!UnityEngine.UI::Graphic.LayoutComplete()";0.0001;0;0.004999999;60558;60431;62046;13;31;0.008299998822622;0.0002964285;0;0.0001;147;2;2;82;28;60347;0;0.0004;60347;60581;0
"mscorlib.dll!System::Number.FindSection()";0.0001;0;0.0015;60560;60314;60719;12;27;0.0194999995219405;9.154929E-05;0;0.0001;286;1;1;5;213;60314;0;0.0015;60314;60719;0
"mscorlib.dll!System::UIntPtr.op_Equality()";0.0001;0;0.0002;60560;60347;60370;11;43;0.00389999990147771;8.125E-05;0;0.0001;86;2;1;4;48;60347;0;0.0001;60347;60370;0
"UnityEngine.UI.dll!UnityEngine.UI.CoroutineTween::ColorTween.set_tweenMode()";0.0001;0;0.0004;60560;60349;60524;17;32;0.00519999986863695;8.125E-05;0;0.0001;71;1;1;4;64;60318;0;0.0001;60349;60318;0
"mscorlib.dll!System.Threading::ExecutionContext.get_SynchronizationContext()";0.0001;0;0.0015;60568;60314;61811;6;6;0.126799996753107;6.34E-05;0;0.0001;2000;1;1;1;2000;60314;0;0.0015;60314;61811;0.0001
"Assembly-CSharp.dll!::PlayerService.get_IsGameOver()";0.0001;0;0.0001;60581;60347;60392;8;19;0.00219999994442333;8.461539E-05;0.0001;0.0001;27;1;1;2;26;60347;0;0.0001;60347;60392;0
"Assembly-CSharp.dll!::<AttackThenSearch>d__14..ctor()";0.0001;0;0.0008;60589;60340;60542;7;12;0.0138999996270286;8.224852E-05;0;0.0001;192;1;1;4;169;60327;0;0.0004;60340;60542;0
"Assembly-CSharp.dll!::<ApplyOverFrames>d__2..ctor()";0.0001;0;0.0004;60605;60357;61000;8;11;0.0054999998465064;9.166666E-05;0;0.0001;63;1;1;2;60;60323;0;0.0004;60323;61000;0
"Assembly-CSharp.dll!::<AggregateDamagePopupRoutine>d__32..ctor()";0.0001;0;0.0004;60606;60360;60965;10;20;0.00369999989925418;0.0001027778;0;0.0001;44;1;1;4;36;60336;0;0.0004;60360;60965;0
"Assembly-CSharp.dll!::PlayerService.get_CurrentHp()";0.0001;0;0.0014;60610;60315;60367;6;6;0.120799996890128;6.974595E-05;0;0.0001;1732;1;1;1;1732;60314;0;0.0014;60315;60367;0.0001
"mscorlib.dll!System::Array.Empty()";0.0001;0;0.02099998;60620;60314;61925;9;54;0.154499973788916;7.724998E-05;0;0.0001;2275;1;1;228;2000;60314;0;0.0012;60314;60877;0.0001
"Assembly-CSharp.dll!::<PlayRoutine>d__10..ctor()";0.0001;0;0.0012;60623;60333;61024;11;21;0.020999999367632;0.0001014493;0;0.0001;279;1;1;5;207;60314;0;0.0012;60333;61024;0
"Assembly-CSharp.dll!::<SearchTarget>d__13..ctor()";0.0001;0;0.0067;60625;60325;61491;7;7;0.0231999994139187;0.0001274725;0;0.0001;215;1;1;5;182;60325;0;0.0067;60325;61491;0
"UnityEngine.CoreModule.dll!UnityEngine::Vector3Int.op_Equality()";0.0001;0;0.0005;60627;60314;61159;6;6;0.106199997295334;6.721519E-05;0;0.0001;1580;1;1;1;1580;60314;0;0.0005;60314;61159;0
"Assembly-CSharp.dll!::<MoveToPath>d__20.System.Collections.IEnumerator.get_Current()";0.0001;0;0.0005;60634;60316;61267;4;8;0.0903999976362684;6.832955E-05;0;0.0001;1323;1;1;1;1323;60314;0;0.0005;60316;61267;0
"Assembly-CSharp.dll!::EnemyData.get_CanSplit()";0.0001;0;0.0003;60638;60474;60429;11;19;0.00279999992199009;0.000112;0.0001;0.0001;26;1;1;2;25;60347;0;0.0003;60474;60429;0
"UnityEngine.UI.dll!UnityEngine.EventSystems::PointerEventData.set_clickTime()";0.0001;0;0.0003;60642;60374;62143;9;11;0.00159999995230464;8.888889E-05;0;0.0001;31;2;1;3;18;60356;0;0.0002;60374;62143;0
"UnityEngine.UI.dll!UnityEngine.UI::ColorBlock.get_normalColor()";0.0001;0;0.0001;60642;60398;60642;11;26;0.000499999987368938;6.25E-05;0;0.0001;10;1;1;3;8;60398;0;0.0001;60398;60642;0
"UnityEngine.UI.dll!UnityEngine.UI::Image.get_useSpriteMesh()";0.0001;0;0.0001;60642;61925;60642;14;14;0.000199999994947575;6.666667E-05;0;0.0001;7;2;1;4;3;60642;0;0.0001;60642;60642;0
"UnityEngine.ParticleSystemModule.dll!::ShapeModule..ctor()";0.0001;0;0.0003;60657;60331;61544;13;14;0.00719999981083674;9.729729E-05;0.0001;0.0001;77;1;1;2;74;60331;0;0.0002;60331;60337;0
"mscorlib.dll!System.Text::ValueStringBuilder.Dispose()";0.0001;0;0.0018;60664;60326;60431;11;38;0.0232999993750127;0.0001093897;0.0001;0.0001;305;1;1;5;213;60314;0;0.0018;60323;60431;0
"Assembly-CSharp.dll!::PooledObject.get_Runtime()";0.0001;0;0.0013;60675;60319;61154;8;22;0.0398999989265576;0.0001058355;0;0.0001;612;1;1;7;377;60315;0;0.0005;60319;60681;0.0002
"UnityEngine.UI.dll!UnityEngine.UI::Selectable.set_isPointerDown()";0.0001;0;0.0009;60675;60347;62046;10;29;0.00539999987086048;9E-05;0;0.0001;79;1;1;12;60;60318;0;0.0001;60347;60318;0
"UnityEngine.CoreModule.dll!UnityEngine::Rect.set_y()";0.0001;0;0.0044;60679;60317;61705;8;17;0.130799996979476;7.547605E-05;0;0.0001;1770;1;1;3;1733;60314;0;0.0044;60317;61705;0.0001
"UnityEngine.UI.dll!UnityEngine.EventSystems::PointerEventData.get_clickTime()";0.0001;0;0.0004;60680;60365;62143;9;9;0.00199999994947575;0.0001176471;0.0001;0.0002;28;2;1;2;17;60356;0;0.0002;60356;62143;0
"UnityEngine.UI.dll!UnityEngine.EventSystems::PointerEventData.get_lastPress()";0.0001;0;0.0001;60680;60356;60374;9;9;0.00129999996715924;7.647058E-05;0.0001;0.0001;17;1;1;1;17;60356;0;0.0001;60356;60374;0
"UnityEngine.UI.dll!UnityEngine.EventSystems::PointerEventData.set_pointerClick()";0.0001;0;0.0002;60680;60360;62045;9;10;0.00289999992673984;8.529412E-05;0.0001;0.0001;34;1;1;1;34;60356;0;0.0002;60360;62045;0
"Physics2D.ClearContinuousIslandFlags";0.0001;0;0.0013;60683;60412;60471;6;6;0.129699996883573;8.957182E-05;0;0.0001;1457;1;1;2;1448;60314;0;0.0013;60412;60471;0
"mscorlib.dll!System.Text::StringBuilder.get_MaxCapacity()";0.0001;0;0.0004;60684;60336;61925;10;28;0.00299999992421363;8.108108E-05;0;0.0001;41;1;1;5;37;60315;0;0.0002;60336;60360;0
"Unity.TextMeshPro.dll!TMPro::TMP_Text.set_overflowMode()";0.0001;0;0.0002;60684;60360;60379;7;18;0.000999999974737875;0.0001111111;0.0001;0.0002;18;2;2;2;9;60360;0;0.0001;60360;60370;0
"UnityEngine.UI.dll!UnityEngine.EventSystems::PointerEventData.set_pointerDrag()";0.0001;0;0.0048;60684;60360;62143;9;10;0.00859999970271019;0.0002529412;0.0001;0.0001;34;1;1;1;34;60356;0;0.0048;60360;62143;0
"UnityEngine.UI.dll!UnityEngine.EventSystems::PointerEventData.set_rawPointerPress()";0.0001;0;0.0003;60684;60365;60680;9;10;0.00339999990683282;0.0001;0.0001;0.0001;34;1;1;1;34;60356;0;0.0003;60365;60680;0
"UnityEngine.UI.dll!UnityEngine.UI::Selectable.IsInteractable()";0.0001;0;0.0003;60684;60349;60680;5;26;0.00599999979749555;0.00012;0;0.0002;116;2;1;5;50;60318;0;0.0002;60343;60704;0
"UnityEngine.CoreModule.dll!UnityEngine::Color.op_Multiply()";0.0001;0;0.0002;60691;60318;60356;12;26;0.00369999990653014;8.809524E-05;0.0001;0.0001;49;1;1;3;42;60318;0;0.0001;60318;60343;0
"Assembly-CSharp.dll!::PooledObject.get_IsInPool()";0.0001;0;0.0011;60695;60319;61154;8;22;0.039399998888257;0.0001045093;0;0.0001;612;1;1;7;377;60315;0;0.0006;60319;60681;0.0001
"UnityEngine.UI.dll!UnityEngine.EventSystems::PointerEventData.get_pointerPress()";0.0001;0;0.0002;60696;60379;60707;10;10;0.00139999996463303;8.235294E-05;0.0001;0.0001;17;1;1;1;17;60360;0;0.0002;60379;60707;0
"UnityEngine.CoreModule.dll!UnityEngine::Rect.set_height()";0.0001;0;0.0043;60699;60314;60866;8;17;0.129099997000594;7.44951E-05;0;0.0001;1770;1;1;3;1733;60314;0;0.0043;60314;60866;0.0001
"UnityEngine.CoreModule.dll!UnityEngine::Rect.set_x()";0.0001;0;0.0032;60710;60316;61332;8;9;0.129499996852246;7.476905E-05;0;0.0001;1769;1;1;3;1732;60314;0;0.0032;60316;61332;0.0001
"System.Core.dll!::Enumerator.Dispose()";0.0001;0;0.0043;60713;60314;60905;7;15;0.148799996750313;7.44E-05;0;0.0001;2003;1;1;4;2000;60314;0;0.0043;60314;60905;0
"UnityEngine.UI.dll!UnityEngine.EventSystems::PointerEventData.set_clickCount()";0.0001;0;0.0002;60713;60365;60356;9;11;0.00189999995200196;0.0001055556;0;0.0002;31;2;1;3;18;60356;0;0.0001;60365;60356;0
"UnityEngine.UI.dll!UnityEngine.UI.CoroutineTween::ColorTween.get_duration()";0.0001;0;0.0006;60717;60318;60681;6;32;0.0190999995029415;0.0001224359;0.0001;0.0002;296;2;1;3;156;60318;0;0.0003;60318;60681;0
"UnityEngine.UI.dll!UnityEngine.EventSystems::AbstractEventData.get_used()";0.0001;0;0.0006;60720;60356;60681;7;7;0.0147999995824648;0.0001243697;0.0001;0.0002;233;2;1;2;119;60356;0;0.0003;60356;60681;0
"UnityEngine.UI.dll!UnityEngine.UI::CanvasScaler.SetReferencePixelsPerUnit()";0.0001;0;0.0042;60724;60314;62136;9;13;0.144699996424606;7.235E-05;0;0.0001;2002;1;1;3;2000;60314;0;0.0042;60314;62136;0
"UnityEngine.CoreModule.dll!UnityEngine::Vector3.get_magnitude()";0.0001;0;0.0013;60746;60320;60964;5;10;0.0769999979820568;9.884467E-05;0;0.0001;1104;1;1;5;779;60314;0;0.0012;60315;60964;0
"Assembly-CSharp.dll!::<ReleaseAfterVfx>d__24..ctor()";0.0001;0;0.0002;60747;60323;60587;7;10;0.00459999988379423;7.666666E-05;0;0.0001;63;1;1;2;60;60323;0;0.0002;60323;61071;0
"UnityEngine.UI.dll!UnityEngine.EventSystems::ExecuteEvents.get_pointerDownHandler()";0.0001;0.0001;0.0004;60750;60365;60468;9;9;0.00289999991218792;0.0001705882;0.0001;0.0002;17;1;1;1;17;60356;0.0001;0.0004;60365;60468;0
"UnityEngine.CoreModule.dll!UnityEngine::Debug.Assert()";0.0001;0;0.0021;60766;60317;60480;6;11;0.148299996559217;7.415E-05;0;0.0001;2001;1;1;2;2000;60314;0;0.0021;60317;60480;0.0001
"Terrain.UpdateSplatProperties";0.0001;0;0.0021;60771;60314;61231;6;6;0.148199996197945;7.41E-05;0;0.0001;2000;1;1;1;2000;60314;0;0.0021;60314;61231;0.0001
"Assembly-CSharp.dll!::BuildModeController.get_HasActiveMode()";0.0001;0;0.0007;60774;60318;60516;5;5;0.125099996686913;7.813866E-05;0;0.0001;1606;1;1;2;1601;60314;0;0.0007;60318;60516;0
"UnityEngine.CoreModule.dll!UnityEngine.Rendering::SupportedRenderingFeatures.get_rendersUIOverlay()";0.0001;0;0.0071;60788;60318;60695;4;4;0.15509999650385;7.755E-05;0;0.0001;2000;1;1;1;2000;60314;0;0.0071;60318;60695;0.0001
"Assembly-CSharp.dll!::GridHoverOverlay.GetModeColor()";0.0001;0;0.0022;60790;60316;61381;5;5;0.115499997118604;7.300885E-05;0;0.0001;1582;1;1;1;1582;60314;0;0.0022;60316;61381;0.0001
"System.Core.dll!::Enumerator.MoveNext()";0.0001;0;0.0038;60792;60316;60886;7;15;0.155899996352673;7.795E-05;0;0.0001;2003;1;1;4;2000;60314;0;0.0038;60316;60886;0.0001
"UnityEngine.IMGUIModule.dll!UnityEngine::GUILayoutGroup.get_marginRight()";0.0001;0;0.0016;60801;60318;62034;8;9;0.130599996758974;7.540415E-05;0;0.0001;1769;1;1;3;1732;60314;0;0.0016;60318;62034;0
"UnityEngine.CoreModule.dll!UnityEngine::Rect.get_yMax()";0.0001;0;0.0026;60812;60316;61473;6;30;0.15619999608316;8.17801E-05;0;0.0001;2203;1;1;9;1910;60314;0;0.0026;60314;61473;0.0001
"Assembly-CSharp.dll!::<PlaySummonGather>d__18.System.Collections.IEnumerator.get_Current()";0.0001;0.0001;0.0001;60815;60815;60815;10;10;0.000199999994947575;0.0001;0.0001;0.0001;2;1;1;1;2;60815;0.0001;0.0001;60815;60815;0
"Assembly-CSharp.dll!::<PlaySummonGatherThenClear>d__21.System.Collections.IEnumerator.get_Current()";0.0001;0.0001;0.0001;60815;60815;60815;10;10;0.000199999994947575;0.0001;0.0001;0.0001;2;1;1;1;2;60815;0.0001;0.0001;60815;60815;0
"Assembly-CSharp.dll!::EnemyHp.get_HasActiveShield()";0.0001;0;0.0002;60815;60349;60524;10;15;0.00119999996968545;8E-05;0;0.0001;19;1;1;3;15;60318;0;0.0001;60349;60318;0
"UnityEngine.ParticleSystemModule.dll!::EmissionModule..ctor()";0.0001;0;0.0003;60824;60435;60916;13;14;0.00819999977829866;0.0001108108;0.0001;0.0001;77;1;1;2;74;60331;0;0.0002;60435;60350;0
"mscorlib.dll!::NumberBuffer.set_sign()";0.0001;0;0.0022;60825;60317;60605;12;39;0.0254999992903322;0.0001197183;0.0001;0.0001;306;1;1;5;213;60314;0;0.0021;60317;60605;0
"mscorlib.dll!System::ParamsArray.get_Item()";0.0001;0;0.0014;60825;60349;61925;9;26;0.00379999976576073;0.0001357143;0;0.0001;36;1;1;9;28;60315;0;0.0006;60349;61925;0
"UnityEngine.ParticleSystemModule.dll!::ColorOverLifetimeModule..ctor()";0.0001;0;0.0003;60825;60476;61544;13;14;0.00839999977324624;0.0001135135;0.0001;0.0001;77;1;1;2;74;60331;0;0.0003;60476;61676;0
"mscorlib.dll!System::Int64.Equals()";0.0001;0;0.0003;60846;60318;60524;11;16;0.00129999995988328;8.666667E-05;0;0.0001;19;1;1;3;15;60318;0;0.0001;60318;60349;0
"UnityEngine.IMGUIModule.dll!UnityEngine::GUILayoutGroup.ResetCursor()";0.0001;0;0.0023;60859;60316;60506;7;8;0.139799996482907;8.071593E-05;0;0.0001;1769;1;1;3;1732;60314;0;0.0023;60316;60506;0.0001
"Assembly-CSharp.dll!::<PlayGather>d__23.System.Collections.IEnumerator.get_Current()";0.0001;0;0.0002;60867;60315;60854;4;10;0.00179999995452818;6.666667E-05;0;0.0001;27;1;1;1;27;60315;0;0.0002;60315;60854;0
"UnityEngine.CoreModule.dll!UnityEngine::Object..ctor()";0.0001;0;0.0005;60867;60322;61686;7;23;0.0121999996190425;0.0001196078;0;0.0002;197;2;1;7;102;60315;0;0.0003;60322;60854;0
"Assembly-CSharp.dll!::DamagePopupSpawner.EnsurePoolRegistered()";0.0001;0;0.0006;60875;60327;61285;9;19;0.0261999992071651;0.00012657;0.0001;0.0002;279;1;1;5;207;60314;0;0.0006;60323;61089;0
"Assembly-CSharp.dll!::<Move>d__34..ctor()";0.0001;0;0.0013;60876;60815;60318;13;20;0.00289999995584367;0.0001611111;0.0001;0.0001;22;1;1;3;18;60318;0;0.0013;60524;60318;0
"UnityEngine.UI.dll!UnityEngine.UI::AnimationTriggers.get_disabledTrigger()";0.0001;0;0.0002;60876;60907;60429;18;23;0.00149999996210681;0.0001;0.0001;0.0001;19;1;1;3;15;60318;0;0.0001;60429;60318;0
"UnityEngine.UI.dll!UnityEngine.UI::SpriteState.get_disabledSprite()";0.0001;0;0.0003;60876;60815;60524;18;23;0.00139999995735707;9.333333E-05;0.0001;0.0001;19;1;1;3;15;60318;0;0.0001;60429;60318;0
"mscorlib.dll!::Reader.get_IsNull()";0.0001;0;0.0015;60893;60325;61105;6;6;0.156699996419775;7.835E-05;0;0.0001;2000;1;1;1;2000;60314;0;0.0015;60325;61105;0.0001
"Assembly-CSharp.dll!::ObjectDetector.ResolveBuildModeState()";0.0001;0;0.0012;60894;60314;61434;5;5;0.129699996883573;8.146985E-05;0;0.0001;1592;1;1;1;1592;60314;0;0.0012;60314;61434;0.0001
"UnityEngine.CoreModule.dll!UnityEngine::Rect.set_width()";0.0001;0;0.0026;60898;60316;60650;8;9;0.143099996443198;8.262124E-05;0;0.0001;1769;1;1;3;1732;60314;0;0.0026;60316;60650;0.0001
"Assembly-CSharp.dll!::<AttackLoop>d__4..ctor()";0.0001;0;0.0003;60903;60399;60542;12;17;0.00369999989197822;7.55102E-05;0;0.0001;50;1;1;2;49;60346;0;0.0003;60399;60542;0
"UnityEngine.CoreModule.dll!UnityEngine::Rect.get_xMax()";0.0001;0;0.0055;60908;60316;61541;6;30;0.177999995736172;8.967254E-05;0;0.0001;2278;1;1;9;1985;60314;0;0.0055;60316;61541;0
"Assembly-CSharp.dll!::<FlyShard>d__26..ctor()";0.0001;0;0.003;60913;60322;61428;7;13;0.00579999995534308;0.0002148148;0.0001;0.0001;27;1;1;1;27;60315;0;0.003;60322;61428;0
"UnityEngine.UI.dll!UnityEngine.EventSystems::EventSystem.get_sendNavigationEvents()";0.0001;0;0.0013;60919;60318;60713;6;6;0.166999995708466;8.358358E-05;0;0.0001;1998;1;1;1;1998;60314;0;0.0013;60318;60713;0.0001
"UnityEngine.CoreModule.dll!UnityEngine::Ray.get_direction()";0.0001;0;0.0029;60940;60316;60315;5;11;0.179499995021615;9.397906E-05;0;0.0001;2511;1;1;5;1910;60314;0;0.0029;60316;60315;0.0001
"Assembly-CSharp.dll!::WaveSystem.get_IsRunEnded()";0.0001;0.0001;0.0005;60963;60318;61373;8;19;0.00559999991673976;0.0001435897;0.0001;0.0001;48;1;1;4;39;60318;0;0.0005;60429;61373;0
"Assembly-CSharp.dll!::<SkillLoop>d__6.System.Collections.IEnumerator.get_Current()";0.0001;0;0.0083;60972;60381;60538;4;4;0.125299996834656;9.550305E-05;0.0001;0.0001;1312;1;1;1;1312;60318;0;0.0083;60381;60538;0
"mscorlib.dll!System.Collections.Generic::Queue`1.get_Count()";0.0001;0;0.0024;60988;60324;61858;5;22;0.206999993170029;0.0001035;0;0.0001;3092;1;1;19;2000;60314;0;0.002;60314;61953;0.0001
"Assembly-CSharp.dll!::EnemySpawner.get_IsWaveInProgress()";0.0001;0;0.0252;61008;60320;61884;7;7;0.200399995861517;0.0001157044;0;0.0001;1739;1;1;2;1732;60314;0;0.0252;60320;61884;0.0001
"Terrain.Trees.OnWillRender";0.0001;0;0.0027;61010;60316;61744;8;8;0.207799994706875;0.0001039;0;0.0001;2000;1;1;1;2000;60314;0;0.0027;60316;61744;0.0002
"Unity.TextMeshPro.dll!TMPro::TMP_Text.get_color()";0.0001;0;0.0022;61011;60317;60844;15;25;0.0270999992426368;0.0001309179;0.0001;0.0001;281;1;1;5;207;60314;0;0.0022;60317;60844;0
"Assembly-CSharp.dll!::BuildModeController.get_CurrentMode()";0.0001;0;0.0458;61022;60324;61512;5;5;0.18949999690085;0.0001190327;0;0.0001;1592;1;1;1;1592;60314;0;0.0458;60324;61512;0.0001
"CombineJobResults";0.0001;0;0.0016;61023;60655;61301;7;8;0.141399996122345;0.0001121332;0;0.0002;1607;1;1;2;1261;60314;0;0.0015;60655;61301;0
"UnityEngine.UI.dll!UnityEngine.EventSystems::BaseInputModule.IsModuleSupported()";0.0001;0;0.0037;61031;60324;61897;5;5;0.186599995788129;9.33E-05;0;0.0001;2000;1;1;1;2000;60314;0;0.0037;60324;61897;0.0001
"Assembly-CSharp.dll!::<ChainRoutine>d__30..ctor()";0.0001;0;0.0001;61052;60363;61052;13;18;0.0007999999797903;5.333333E-05;0;0.0001;15;1;1;1;15;60363;0;0.0001;60363;61052;0
"EarlyUpdate.PresentBeforeUpdate";0.0001;0;0.0063;61055;60314;61435;2;2;0.205299995323003;0.00010265;0;0.0001;2000;1;1;1;2000;60314;0;0.0063;60314;61435;0.0001
"Assembly-CSharp.dll!::GridHoverOverlay.ResolveBuildModeState()";0.0001;0;0.0012;61068;60318;61951;5;5;0.153199996180774;9.623115E-05;0.0001;0.0001;1592;1;1;1;1592;60314;0;0.0012;60318;61951;0.0001
"UnityEngine.Physics2DModule.dll!UnityEngine.LowLevelPhysics2D::PhysicsEvents.InvokePostSimulate()";0.0001;0;0.0013;61096;60323;61719;6;6;0.160499996214639;9.599282E-05;0.0001;0.0001;1696;1;1;16;1672;60314;0;0.0013;60323;61719;0.0001
"UnityEngine.CoreModule.dll!UnityEngine::Vector2.get_magnitude()";0.0001;0;0.0012;61110;60344;61858;8;24;0.0096999996676459;0.000124359;0;0.0002;156;1;1;4;78;60331;0;0.0004;60331;61858;0
"UnityEngine.UI.dll!UnityEngine.UI::MaskableGraphic.get_isMaskingGraphic()";0.0001;0;0.0009;61110;60431;62046;11;28;0.00619999983609887;0.000147619;0.0001;0.0002;124;2;2;24;42;60318;0;0.0001;60318;60318;0
"mscorlib.dll!System.Buffers.Text::FormattingHelpers.CountDigits()";0.0001;0;0.0005;61111;60330;60696;9;26;0.00989999965531752;0.0001455882;0.0001;0.0002;135;1;1;8;68;60315;0;0.0003;60330;60854;0
"Physics.WriteRigidbodyPoses";0.0001;0;0.0007;61119;60316;60672;5;5;0.162899995739281;9.742823E-05;0;0.0001;1696;1;1;16;1672;60314;0;0.0007;60316;60672;0.0002
"Physics2D.RestoreBodyMoveStates";0.0001;0;0.0012;61122;60653;61875;5;5;0.156899995949061;0.0001083563;0.0001;0.0001;1457;1;1;2;1448;60314;0;0.0012;60653;61875;0.0001
"mscorlib.dll!System::Buffer.memcpy4()";0.0001;0;0.02819996;61132;60375;61925;12;47;0.0725999579663039;0.0002639999;0.0001;0.0002;899;1;1;381;275;60314;0;0.0006;60323;60497;0
"Assembly-CSharp.dll!::<AnimateHop>d__33.System.Collections.IEnumerator.get_Current()";0.0001;0;0.0006;61135;60373;61154;4;20;0.0352999991373508;8.825E-05;0;0.0001;400;1;1;1;400;60363;0;0.0006;60373;61154;0
"mscorlib.dll!System::Object.virt_stelemref_object()";0.0001;0;0.02239997;61135;60323;61925;7;55;0.202099965033995;0.0001166186;0.0001;0.0001;2068;1;1;290;1733;60314;0;0.0033;60323;60735;0.0002
"Assembly-CSharp.dll!::<ChainRoutine>d__30.System.Collections.IEnumerator.get_Current()";0.0001;0;0.0002;61146;60363;61159;4;20;0.00219999994442333;7.586207E-05;0;0.0001;29;1;1;1;29;60363;0;0.0002;60363;61159;0
"UnityEngine.CoreModule.dll!UnityEngine.Rendering::SupportedRenderingFeatures.get_enlighten()";0.0001;0;0.0036;61150;60319;61849;4;4;0.198099995141092;9.905E-05;0.0001;0.0001;2000;1;1;1;2000;60314;0;0.0036;60319;61849;0.0001
"mscorlib.dll!System::RuntimeType.IsEquivalentTo()";0.0001;0.0001;0.0002;61165;61165;61686;24;24;0.000299999992421363;0.00015;0.0001;0.0001;2;1;1;1;2;61165;0.0001;0.0002;61165;61686;0
"mscorlib.dll!System::Type.IsIntegerType()";0.0001;0.0001;0.0001;61165;61165;61165;24;24;0.000199999994947575;0.0001;0.0001;0.0001;2;1;1;1;2;61165;0.0001;0.0001;61165;61165;0
"UnityEngine.CoreModule.dll!UnityEngine::MipmapLimitDescriptor.get_useMipmapLimit()";0.0001;0.0001;0.0001;61165;61165;61165;18;18;0.000199999994947575;0.0001;0.0001;0.0001;2;1;1;1;2;61165;0.0001;0.0001;61165;61165;0
"Assembly-CSharp.dll!::<HitScalePunch>d__35.System.Collections.IEnumerator.get_Current()";0.0001;0;0.0036;61168;60315;60538;4;22;0.0836999979728716;0.0001220117;0.0001;0.0001;960;1;1;4;686;60314;0;0.0026;60315;61558;0.0001
"UnityEngine.InputLegacyModule.dll!UnityEngine::Input.get_simulateTouchEnabled()";0.0001;0;0.0012;61174;60316;61742;8;8;0.207399994760635;0.0001038038;0.0001;0.0001;1998;1;1;1;1998;60314;0;0.0012;60316;61742;0.0004
"UnityEngine.CoreModule.dll!UnityEngine.Rendering::SupportedRenderingFeatures.get_lightmapBakeTypes()";0.0001;0;0.0027;61176;60319;61873;4;4;0.203599995264085;0.0001018;0.0001;0.0001;2000;1;1;1;2000;60314;0;0.0027;60319;61873;0.0001
"mscorlib.dll!System::Number.ParseFormatSpecifier()";0.0001;0;0.0034;61192;60327;60467;11;38;0.0361999989690958;0.000169953;0.0001;0.0002;305;1;1;5;213;60314;0;0.0034;60323;60467;0
"Assembly-CSharp.dll!::TowerWeapon.GetLaserLine()";0.0001;0;0.0015;61204;60638;61119;7;18;0.0136999995957012;0.0001593023;0.0001;0.0002;175;2;1;22;86;60345;0;0.0015;60399;61119;0
"mscorlib.dll!System.Text::ValueStringBuilder.Append()";0.0001;0;0.0029;61222;60317;60696;12;40;0.0441999985778239;0.0002075117;0.0001;0.0003;527;2;1;16;213;60314;0;0.0023;60317;60696;0
"UnityEngine.UI.dll!UnityEngine.UI::Graphic.GraphicUpdateComplete()";0.0001;0;0.004999999;61231;60319;62046;9;31;0.16339999363845;0.0001248281;0;0.0002;2747;2;1;94;1309;60314;0;0.0016;60314;60385;0
"UnityEngine.UI.dll!UnityEngine.UI::Graphic.get_useLegacyMeshGeneration()";0.0001;0;0.0073;61236;60314;61434;12;12;0.168799995335576;0.0001300462;0;0.0002;2514;2;1;8;1298;60314;0;0.007;60314;61434;0
"UnityEngine.CoreModule.dll!UnityEngine.Rendering::OnDemandRendering.get_renderFrameInterval()";0.0001;0;0.0007;61238;60343;60864;3;3;0.208799995089066;0.0001044;0.0001;0.0001;2000;1;1;1;2000;60314;0;0.0007;60343;60864;0.0001
"Physics.WriteColliderPoses";0.0001;0;0.0061;61242;60315;61154;5;5;0.174999995804683;0.0001046651;0.0001;0.0001;1696;1;1;16;1672;60314;0;0.0061;60315;61154;0.0001
"UnityEngine.Physics2DModule.dll!UnityEngine::Physics2D.get_defaultPhysicsScene()";0.0001;0;0.0026;61251;60326;61183;6;18;0.171399994382227;0.0001334891;0;0.0002;2515;2;1;5;1284;60314;0;0.0024;60314;61183;0.0001
"UnityEngine.CoreModule.dll!UnityEngine::Vector4.Dot()";0.0001;0;0.0017;61282;60314;61570;17;17;0.15809999526391;0.0001218028;0;0.0002;2507;2;1;8;1298;60314;0;0.0015;60314;60356;0
"UnityEngine.CoreModule.dll!UnityEngine::LayerMask.op_Implicit()";0.0001;0;0.0025;61293;60344;61427;7;19;0.167399995072628;0.0001303738;0.0001;0.0002;2544;2;1;6;1284;60314;0;0.0025;60314;61427;0.0001
"UnityEngine.CoreModule.dll!UnityEngine::DrivenRectTransformTracker.Clear()";0.0001;0;0.0013;61299;60322;61468;12;27;0.168999994457408;0.0001298003;0;0.0002;2717;2;1;10;1302;60314;0;0.0012;60314;61468;0.0001
"UnityEngine.CoreModule.dll!UnityEngine::DrivenRectTransformTracker.Add()";0.0001;0;0.0087;61305;60362;61615;12;23;0.177199994839611;0.0001360983;0;0.0002;2694;2;1;9;1302;60314;0;0.0086;60314;61615;0
"Assembly-CSharp.dll!::TowerWeapon.get_SpawnPoint()";0.0001;0;0.002;61312;60317;60337;6;17;0.170799994695699;0.0001317901;0;0.0002;2570;2;1;6;1296;60314;0;0.002;60314;60337;0.0001
"Assembly-CSharp.dll!::<AttackLoop>d__4.System.Collections.IEnumerator.get_Current()";0.0001;0;0.0022;61314;60314;61548;4;14;0.167399995007145;0.0001316038;0.0001;0.0002;2418;2;1;4;1272;60314;0;0.0021;60314;61548;0.0001
"Assembly-CSharp.dll!::PlayerService.get_Gold()";0.0001;0;0.0015;61314;60315;60360;6;21;0.224199993841466;0.0001294457;0.0001;0.0002;1774;1;1;3;1732;60314;0;0.0014;60315;60360;0.0001
"Assembly-CSharp.dll!::Enemy.SetUp()";0.0001;0.0001;0.0004;61373;60318;60429;9;14;0.00209999993967358;0.00014;0.0001;0.0001;19;1;1;3;15;60318;0.0001;0.0002;60318;60349;0
"UnityEngine.CoreModule.dll!UnityEngine::Vector2.get_one()";0.0001;0;0.007;61379;60340;61070;12;23;0.181599994502903;0.0001395849;0.0001;0.0002;2690;2;1;9;1301;60314;0;0.0067;60314;61070;0.0001
"Assembly-CSharp.dll!::EnemyHp.SetUp()";0.0001;0.0001;0.0003;61403;60318;60429;9;14;0.00209999993239762;0.00014;0.0001;0.0001;19;1;1;3;15;60318;0.0001;0.0002;60318;60349;0
"mscorlib.dll!System.Text::StringBuilder.get_Length()";0.0001;0;0.009599991;61404;60370;61925;9;43;0.0140999910072424;0.0003810808;0.0001;0.0002;225;2;2;153;37;60315;0;0.0003;60315;60854;0
"mscorlib.dll!System::ParamsArray..ctor()";0.0001;0.0001;0.0009999999;61414;60315;61925;7;24;0.00529999980062712;0.0001892857;0.0001;0.0002;32;1;1;5;28;60315;0.0001;0.0006;60315;60854;0
"UnityEngine.UI.dll!UnityEngine.UI::Slider.get_axis()";0.0001;0;0.0024;61439;60353;60326;12;23;0.191399994277162;0.0001471176;0.0001;0.0002;2690;2;1;9;1301;60314;0;0.0021;60314;60326;0.0001
"TrailRenderer.RenderGeometryJob";0.0001;0.0001;0.0003;61444;61156;61117;5;5;0.000699999975040555;0.000175;0.0001;0.0002;4;1;1;1;4;61117;0.0001;0.0003;61156;61117;0
"mscorlib.dll!System.Globalization::NumberFormatInfo.get_NumberDecimalSeparator()";0.0001;0.0001;0.0007;61467;60331;61594;12;40;0.0138999996488565;0.0001782051;0.0001;0.0002;102;1;1;5;78;60331;0;0.0007;60360;61594;0
"Physics.CalculateChangedBodyTransforms";0.0001;0;0.0017;61474;60345;61154;5;5;0.224899994151201;0.0001345096;0.0001;0.0001;1696;1;1;16;1672;60314;0;0.0017;60345;61154;0.0001
"UnityEngine.CoreModule.dll!UnityEngine::BoundsInt..ctor()";0.0001;0;0.0005;61493;60956;60429;10;19;0.0039999998480198;0.00016;0.0001;0.0002;58;2;2;6;25;60318;0;0.0002;60318;60349;0
"mscorlib.dll!System.Collections.Generic::Queue`1.MoveNext()";0.0001;0;0.0015;61500;60318;60581;9;23;0.0947999972704565;0.0001723636;0.0001;0.0002;1158;2;1;15;550;60314;0;0.0013;60314;60581;0.0001
"UnityEngine.AIModule.dll!UnityEngine.AI::NavMesh.Internal_CallOnNavMeshPreUpdate()";0.0001;0;0.0054;61505;60326;61760;3;3;0.298899993213126;0.00014945;0.0001;0.0002;2000;1;1;1;2000;60314;0;0.0054;60326;61760;0.0001
"UnityEngine.CoreModule.dll!UnityEngine.Events::InvokableCallList.PrepareInvoke()";0.0001;0;0.0118;61555;60359;60429;9;36;0.515299984028388;0.0003731354;0.0001;0.0002;2868;2;1;10;1381;60314;0;0.0081;60314;60696;0.0001
"Assembly-CSharp.dll!::PooledObject.get_Owner()";0.0001;0;0.0081;61569;60326;60871;8;22;0.0872999976927531;0.000231565;0.0001;0.0003;1170;3;1;17;377;60315;0;0.008;60326;60871;0.0001
"Unity.ResourceManager.dll!::DelegateList`1.Invoke()";0.0001;0;0.3604;61585;60319;62046;6;18;0.668399954047345;0.0003342;0.0001;0.0002;2006;1;1;7;2000;60314;0;0.339;60319;62046;0
"Assembly-CSharp.dll!::ScoreService.get_CurrentScore()";0.0001;0;0.0005;61616;60524;61925;13;21;0.00359999988722848;0.000144;0.0001;0.0002;56;2;2;6;25;60347;0;0.0002;60347;61925;0
"UnityEngine.CoreModule.dll!UnityEngine::ResourcesAPI.get_overrideAPI()";0.0001;0;0.0004;61616;60993;61544;14;15;0.0119999996459228;0.0001621622;0.0001;0.0002;77;1;1;2;74;60331;0;0.0004;60993;61676;0
"Physics2D.JointBreakLimits";0.0001;0;0.0011;61627;60317;61232;4;4;0.232299993891502;0.0001604282;0.0001;0.0002;1457;1;1;2;1448;60314;0;0.0011;60317;61232;0.0001
"UnityEngine.CoreModule.dll!UnityEngine::Camera.FireOnPostRender()";0.0001;0;0.0026;61628;60338;60819;5;5;0.265399993688334;0.0001327;0.0001;0.0002;2000;1;1;1;2000;60314;0;0.0026;60338;60819;0.0001
"mscorlib.dll!::Reader..ctor()";0.0001;0;0.0018;61631;60405;60842;6;6;0.288299993117107;0.00014415;0.0001;0.0002;2000;1;1;1;2000;60314;0;0.0018;60405;60842;0.0001
"UnityEngine.CoreModule.dll!UnityEngine::Vector2.set_Item()";0.0001;0;0.0022;61631;60316;60350;12;23;0.201999993754725;0.0001551459;0.0001;0.0002;2702;2;1;12;1302;60314;0;0.0019;60314;60350;0
"PreUpdate.CheckTexFieldInput";0.0001;0;0.0019;61658;60318;61875;2;2;0.319399992833496;0.0001597;0.0001;0.0002;2000;1;1;1;2000;60314;0;0.0019;60318;61875;0.0004
"SortingGroupManager.Update";0.0001;0;0.0038;61668;60334;61155;3;3;0.315299992529617;0.00015765;0.0001;0.0002;2000;1;1;1;2000;60314;0;0.0038;60334;61155;0.0001
"System.Core.dll!::Enumerator..ctor()";0.0001;0;0.008;61670;60347;60560;8;16;0.304799993304187;0.0001524;0.0001;0.0002;2003;1;1;4;2000;60314;0;0.008;60347;60560;0.0002
"ScheduleCullingGroups";0.0001;0;0.0112;61676;60317;61575;5;5;0.305699992648442;0.00015285;0.0001;0.0002;2000;1;1;1;2000;60314;0;0.0112;60317;61575;0.0001
"FrameEvents.XRPostPresent";0.0001;0;0.003;61682;60573;61458;3;3;0.271999993259669;0.000136;0.0001;0.0002;2000;1;1;1;2000;60314;0;0.003;60573;61458;0.0001
"PostLateUpdate.XRPreEndFrame";0.0001;0;0.0013;61683;60376;60715;2;2;0.302199992249371;0.0001511;0.0001;0.0002;2000;1;1;1;2000;60314;0;0.0013;60376;60715;0.0002
"TextureStreamingManager.Update";0.0001;0;0.0013;61685;60320;62256;3;3;0.290599992433272;0.0001453;0.0001;0.0002;2000;1;1;1;2000;60314;0;0.0013;60320;62256;0.0002
"mscorlib.dll!System.Collections.Generic::Comparer`1.get_Default()";0.0001;0;0.0004;61686;61165;61925;27;41;0.000499999987368938;0.0001666667;0;0.0001;4;1;1;2;3;61165;0;0.0002;61165;61925;0
"mscorlib.dll!System.Globalization::CultureInfo.get_InvariantCulture()";0.0001;0.0001;0.0009;61686;61165;61925;23;35;0.00109999997948762;0.0003666666;0.0001;0.0001;15;1;1;13;3;61165;0;0.0002;61925;61925;0
"mscorlib.dll!System::Span`1.GetPinnableReference()";0.0001;0;0.0006;61686;61165;61925;19;25;0.000699999967764597;0.0002333333;0;0.0001;12;1;1;10;3;61165;0;0.0001;61165;61686;0
"UnityEngine.CoreModule.dll!UnityEngine.Bindings::BindingsAllocator.GetNativeOwnedDataPointer()";0.0001;0;0.0026;61705;60326;60923;10;20;0.212499993685924;0.0001670597;0.0001;0.0002;2418;2;1;4;1272;60314;0;0.0026;60314;60923;0
"UnityEngine.UI.dll!UnityEngine.UI::Slider.get_reverseValue()";0.0001;0;0.0016;61708;60314;61570;12;23;0.207799993338995;0.0001597233;0.0001;0.0002;2690;2;1;9;1301;60314;0;0.0012;60314;61110;0.0001
"UnityEngine.IMGUIModule.dll!UnityEngine::GUIUtility.set_guiIsExiting()";0.0001;0;0.0035;61714;60330;61716;6;7;0.251499993355537;0.0001452078;0.0001;0.0002;3538;2;2;6;1732;60314;0;0.0034;60314;60990;0.0001
"Assembly-CSharp.dll!::<AttackLoop>d__3.System.Collections.IEnumerator.get_Current()";0.0001;0;0.0029;61716;60557;60538;4;14;0.182599993087933;0.0001940489;0.0001;0.0003;2540;1;1;8;941;60314;0;0.0015;60314;60666;0.0001
"Assembly-CSharp.dll!::PooledObject.set_IsInPool()";0.0001;0;0.0025;61716;60344;60335;8;22;0.108299996252754;0.0001969091;0.0001;0.0002;1158;2;1;15;550;60314;0;0.0025;60314;60335;0.0001
"UnityEngine.IMGUIModule.dll!UnityEngine::GUI.get_scrollViewStates()";0.0001;0;0.0013;61717;60318;61743;6;7;0.241199993288319;0.000139261;0.0001;0.0002;3538;2;2;6;1732;60314;0;0.0013;60315;61743;0.0002
"UnityEngine.UI.dll!UnityEngine.EventSystems::PointerEventData.set_altitudeAngle()";0.0001;0;0.0028;61721;60321;61925;10;11;0.278199992782902;0.0001392392;0.0001;0.0002;3999;2;2;5;1998;60314;0;0.0027;60314;61925;0.0001
"UnityEngine.UI.dll!UnityEngine.EventSystems::PointerEventData.get_tangentialPressure()";0.0001;0;0.0014;61726;60318;61967;10;10;0.27959999225277;0.0001399399;0.0001;0.0002;3996;2;2;2;1998;60314;0;0.0013;60316;61967;0.0001
"UnityEngine.Physics2DModule.dll!UnityEngine::ContactFilter2D.SetLayerMask()";0.0001;0;0.0247;61738;60325;60420;8;19;0.237699992641865;0.0001851246;0.0001;0.0002;2515;2;1;5;1284;60314;0;0.0246;60316;60420;0.0001
"UnityEngine.UI.dll!UnityEngine.EventSystems::PointerEventData.get_pressure()";0.0001;0;0.003;61744;60324;61838;10;10;0.281099992607778;0.0001406907;0.0001;0.0002;3996;2;2;2;1998;60314;0;0.0029;60314;61838;0.0001
"UnityEngine.UI.dll!UnityEngine.EventSystems::PointerEventData.set_twist()";0.0001;0;0.0055;61746;60314;61597;10;11;0.285899992035411;0.0001430931;0.0001;0.0002;3999;2;2;5;1998;60314;0;0.0055;60314;61597;0
"UnityEngine.UI.dll!UnityEngine.EventSystems::PointerEventData.get_altitudeAngle()";0.0001;0;0.0067;61750;60318;61425;10;10;0.290199992501584;0.0001452452;0.0001;0.0002;3996;2;2;2;1998;60314;0;0.0064;60316;61425;0.0002
"UnityEngine.UI.dll!UnityEngine.EventSystems::PointerEventData.get_twist()";0.0001;0;0.0049;61754;60340;60940;10;10;0.284299992592423;0.0001422923;0.0001;0.0002;3996;2;2;2;1998;60314;0;0.0048;60314;60940;0.0002
"UnityEngine.UI.dll!UnityEngine.EventSystems::PointerEventData.set_pressure()";0.0001;0;0.0071;61762;60323;61866;10;11;0.282399992924184;0.0001413413;0.0001;0.0002;3999;2;2;5;1998;60314;0;0.0068;60315;61866;0.0002
"Assembly-CSharp.dll!::Pathfinder.get_CurrentLineColor()";0.0001;0;0.0002;61770;60471;60730;6;7;0.000899999977264088;0.0001125;0.0001;0.0001;15;2;1;2;8;60471;0;0.0001;60471;60730;0
"mscorlib.dll!::NumberBuffer.get_sign()";0.0001;0;0.0052;61779;60314;61000;12;39;0.040599998748803;0.0001906103;0.0001;0.0002;592;2;2;10;213;60314;0;0.0049;60314;61000;0
"UnityEngine.UI.dll!UnityEngine.EventSystems::PointerEventData.set_tangentialPressure()";0.0001;0;0.0162;61779;60319;61248;10;11;0.294799993258493;0.0001475475;0.0001;0.0002;3999;2;2;5;1998;60314;0;0.0161;60314;61248;0.0002
"Assembly-CSharp.dll!::TowerWeapon.get_LineRenderer()";0.0001;0;0.0025;61781;60331;61504;6;16;0.222499993775273;0.0001749214;0.0001;0.0002;2418;2;1;4;1272;60314;0;0.0024;60314;61504;0.0001
"ParticleSystem.GeometryJob";0.0001;0;0.0026;61781;60487;61163;5;5;0.230399993313767;0.000179021;0.0001;0.0002;1312;1;1;2;1287;60314;0;0.0026;60487;61163;0.0001
"UnityEngine.UI.dll!UnityEngine.EventSystems::PointerEventData.get_radiusVariance()";0.0001;0;0.0029;61791;60316;61557;10;10;0.286499992325844;0.0001433934;0.0001;0.0002;3996;2;2;2;1998;60314;0;0.0028;60314;61557;0.0002
"UnityEngine.UI.dll!UnityEngine.EventSystems::PointerEventData.get_radius()";0.0001;0;0.0026;61801;60314;61470;10;10;0.287099992427102;0.0001436937;0.0001;0.0002;3996;2;2;2;1998;60314;0;0.0026;60314;61470;0.0001
"Sprite.GetSpriteTileVertexAndIndexCount";0.0001;0;0.0019;61807;60329;60481;4;4;0.24959999184648;0.0001796976;0.0001;0.0002;3822;2;1;11;1389;60314;0;0.0017;60314;60481;0.0001
"UnityEngine.UIElementsModule.dll!UnityEngine.UIElements.Layout::LayoutManager.get_IsSharedManagerCreated()";0.0001;0;0.0016;61844;60343;61135;5;5;0.31589999217249;0.00015795;0.0001;0.0002;2000;1;1;1;2000;60314;0;0.0016;60343;61135;0.0002
"UnityEngine.IMGUIModule.dll!UnityEngine::GUISkin.get_font()";0.0001;0;0.0036;61895;60323;60820;9;10;0.265199993184069;0.0001531178;0.0001;0.0002;3538;2;2;6;1732;60314;0;0.0035;60314;60820;0.0001
"UnityEngine.UI.dll!UnityEngine.EventSystems::EventSystem.get_isFocused()";0.0001;0;0.0965;61901;60315;61617;6;7;0.408099993801443;0.00020405;0.0001;0.0002;4002;2;2;3;2000;60314;0;0.0964;60314;61617;0.0001
"Physics2D.FindMinimumContinuousContact";0.0001;0;0.0011;61906;60321;61875;7;7;0.252899993109168;0.0001746547;0.0001;0.0002;1457;1;1;2;1448;60314;0;0.0011;60321;61875;0
"Assembly-CSharp.dll!::StageBestScoreEntry..ctor()";0.0001;0.0001;0.0001;61925;61925;61925;21;21;9.99999974737875E-05;0.0001;0.0001;0.0001;1;1;1;1;1;61925;0.0001;0.0001;61925;61925;0
"mscorlib.dll!::AttributeInfo.get_Usage()";0.0001;0.0001;0.0001;61925;61925;61925;41;50;9.99999974737875E-05;0.0001;0.0001;0.0001;2;2;2;2;1;61925;0;0.0001;61925;61925;0
"mscorlib.dll!System.Collections.Generic::Comparer`1..ctor()";0.0001;0.0001;0.0001;61925;61925;61925;43;46;9.99999974737875E-05;0.0001;0.0001;0.0001;2;2;2;2;1;61925;0;0.0001;61925;61925;0
"mscorlib.dll!System::Array.Reverse()";0.0001;0.0001;0.0001;61925;61925;61925;42;42;9.99999974737875E-05;0.0001;0.0001;0.0001;1;1;1;1;1;61925;0.0001;0.0001;61925;61925;0
"mscorlib.dll!System::DateTime..ctor()";0.0001;0.0001;0.0001;61925;61925;61925;21;21;9.99999974737875E-05;0.0001;0.0001;0.0001;1;1;1;1;1;61925;0.0001;0.0001;61925;61925;0
"mscorlib.dll!System::DateTime.get_InternalKind()";0.0001;0.0001;0.0001;61925;61925;61925;25;25;9.99999974737875E-05;0.0001;0.0001;0.0001;1;1;1;1;1;61925;0.0001;0.0001;61925;61925;0
"mscorlib.dll!System::DateTimeFormat.WriteDigits()";0.0001;0.0001;0.0001;61925;61925;61925;24;24;9.99999974737875E-05;0.0001;0.0001;0.0001;1;1;1;1;1;61925;0.0001;0.0001;61925;61925;0
"mscorlib.dll!System::DateTimeFormat.WriteFourDecimalDigits()";0.0001;0.0001;0.0001;61925;61925;61925;24;24;9.99999974737875E-05;0.0001;0.0001;0.0001;1;1;1;1;1;61925;0.0001;0.0001;61925;61925;0
"mscorlib.dll!System::Number.abs()";0.0001;0.0001;0.0001;61925;61925;61925;39;39;9.99999974737875E-05;0.0001;0.0001;0.0001;1;1;1;1;1;61925;0.0001;0.0001;61925;61925;0
"mscorlib.dll!System::RuntimeType.IsGenericCOMObjectImpl()";0.0001;0.0001;0.0001;61925;61925;61925;47;50;9.99999974737875E-05;0.0001;0.0001;0.0001;2;2;2;2;1;61925;0;0.0001;61925;61925;0
"mscorlib.dll!System::SpanHelpers.IndexOf()";0.0001;0.0001;0.0001;61925;61925;61925;38;38;9.99999974737875E-05;0.0001;0.0001;0.0001;1;1;1;1;1;61925;0.0001;0.0001;61925;61925;0
"Newtonsoft.Json.dll!Newtonsoft.Json.Serialization::DefaultContractResolver.GetNameTable()";0.0001;0.0001;0.0001;61925;61925;61925;36;39;9.99999974737875E-05;0.0001;0.0001;0.0001;2;2;2;2;1;61925;0;0.0001;61925;61925;0
"Newtonsoft.Json.dll!Newtonsoft.Json.Serialization::JsonArrayContract.get_IsArray()";0.0001;0.0001;0.0001;61925;61925;61925;37;37;9.99999974737875E-05;0.0001;0.0001;0.0001;1;1;1;1;1;61925;0.0001;0.0001;61925;61925;0
"Newtonsoft.Json.dll!Newtonsoft.Json.Serialization::JsonArrayContract.set_CanDeserialize()";0.0001;0.0001;0.0001;61925;61925;61925;37;37;9.99999974737875E-05;0.0001;0.0001;0.0001;1;1;1;1;1;61925;0.0001;0.0001;61925;61925;0
"Newtonsoft.Json.dll!Newtonsoft.Json.Serialization::JsonContract.get_DefaultCreatorNonPublic()";0.0001;0.0001;0.0001;61925;61925;61925;35;38;9.99999974737875E-05;0.0001;0.0001;0.0001;2;2;2;2;1;61925;0;0.0001;61925;61925;0
"Newtonsoft.Json.dll!Newtonsoft.Json.Serialization::JsonObjectContract.set_MemberSerialization()";0.0001;0.0001;0.0001;61925;61925;61925;35;38;9.99999974737875E-05;0.0001;0.0001;0.0001;2;2;2;2;1;61925;0;0.0001;61925;61925;0
"Newtonsoft.Json.dll!Newtonsoft.Json.Utilities::ReflectionUtils.RemoveFlag()";0.0001;0.0001;0.0001;61925;61925;61925;40;43;9.99999974737875E-05;0.0001;0.0001;0.0001;2;2;2;2;1;61925;0;0.0001;61925;61925;0
"Newtonsoft.Json.dll!Newtonsoft.Json::JsonTextWriter.get_QuoteChar()";0.0001;0.0001;0.0001;61925;61925;61925;34;34;9.99999974737875E-05;0.0001;0.0001;0.0001;1;1;1;1;1;61925;0.0001;0.0001;61925;61925;0
"System.Core.dll!System.Linq::EmptyPartition`1.MoveNext()";0.0001;0.0001;0.0001;61925;61925;61925;41;44;9.99999974737875E-05;0.0001;0.0001;0.0001;2;2;2;2;1;61925;0;0.0001;61925;61925;0
"System.Core.dll!System.Linq::EnumerableSorter`1..ctor()";0.0001;0.0001;0.0001;61925;61925;61925;42;45;9.99999974737875E-05;0.0001;0.0001;0.0001;2;2;2;2;1;61925;0;0.0001;61925;61925;0
"System.Core.dll!System.Linq::OrderedEnumerable`1..ctor()";0.0001;0.0001;0.0001;61925;61925;61925;38;41;9.99999974737875E-05;0.0001;0.0001;0.0001;2;2;2;2;1;61925;0;0.0001;61925;61925;0
"System.dll!System.ComponentModel::TypeConverter..ctor()";0.0001;0.0001;0.0001;61925;61925;61925;53;56;9.99999974737875E-05;0.0001;0.0001;0.0001;2;2;2;2;1;61925;0;0.0001;61925;61925;0
"Unity.TextMeshPro.dll!TMPro::TMP_TextElement..ctor()";0.0001;0.0001;0.0004;61925;61925;62046;11;22;0.000499999987368938;0.00025;0.0001;0.0001;7;2;2;5;2;61925;0;0.0001;61925;61925;0
"Unity.TextMeshPro.dll!TMPro::TMP_TextElement.set_glyph()";0.0001;0.0001;0.0001;61925;61925;61925;22;22;9.99999974737875E-05;0.0001;0.0001;0.0001;2;2;2;2;1;61925;0;0.0001;61925;61925;0
"Unity.TextMeshPro.dll!TMPro::TMP_TextElement.set_unicode()";0.0001;0.0001;0.0001;61925;61925;61925;22;22;9.99999974737875E-05;0.0001;0.0001;0.0001;2;2;2;2;1;61925;0;0.0001;61925;61925;0
"UnityEngine.CoreModule.dll!UnityEngine::Logger.get_logEnabled()";0.0001;0.0001;0.0001;61925;61925;61925;23;23;9.99999974737875E-05;0.0001;0.0001;0.0001;1;1;1;1;1;61925;0.0001;0.0001;61925;61925;0
"UnityEngine.CoreModule.dll!UnityEngine::Logger.get_logHandler()";0.0001;0.0001;0.0001;61925;61925;61925;22;22;9.99999974737875E-05;0.0001;0.0001;0.0001;1;1;1;1;1;61925;0.0001;0.0001;61925;61925;0
"UnityEngine.CoreModule.dll!UnityEngine::Vector3.Scale()";0.0001;0.0001;0.0001;61925;61925;61925;20;20;9.99999974737875E-05;0.0001;0.0001;0.0001;1;1;1;1;1;61925;0.0001;0.0001;61925;61925;0
"UnityEngine.TextCoreFontEngineModule.dll!UnityEngine.TextCore::Glyph..ctor()";0.0001;0.0001;0.0001;61925;61925;61925;22;22;9.99999974737875E-05;0.0001;0.0001;0.0001;2;2;2;2;1;61925;0;0.0001;61925;61925;0
"UnityEngine.UI.dll!UnityEngine.EventSystems::UIBehaviour.OnRectTransformDimensionsChange()";0.0001;0.0001;0.0002;61925;61925;62046;9;22;0.000299999992421363;0.00015;0.0001;0.0001;8;1;1;7;2;61925;0;0.0001;62046;61925;0
"UnityEngine.UI.dll!UnityEngine.UI::Graphic.SetRaycastDirty()";0.0001;0;0.0004;61925;60938;60429;13;28;0.0031999999191612;0.0001777778;0.0001;0.0002;50;2;2;7;18;60318;0;0.0001;60318;60318;0
"UnityEngine.UI.dll!UnityEngine.UI::Selectable.get_targetGraphic()";0.0001;0.0001;0.0001;61925;61925;61925;21;21;9.99999974737875E-05;0.0001;0.0001;0.0001;1;1;1;1;1;61925;0.0001;0.0001;61925;61925;0
"UnityEngine.InputLegacyModule.dll!UnityEngine::Input.get_mouseScrollDelta_Injected()";0.0001;0;0.0021;61937;60323;60777;11;11;0.360699991382717;0.0001805305;0.0001;0.0002;1998;1;1;1;1998;60314;0;0.0021;60323;60777;0.0002
"UnityEngine.CoreModule.dll!UnityEngine::Display.get_main()";0.0001;0;0.0037;61944;60367;60729;13;13;0.329899991447746;0.0001651151;0.0001;0.0002;1998;1;1;1;1998;60314;0;0.0037;60367;60729;0.0003
"UnityEngine.UI.dll!UnityEngine.EventSystems::EventSystem.get_currentSelectedGameObject()";0.0001;0;0.0056;61945;60324;61248;7;25;0.299599991631112;0.0001498749;0.0001;0.0002;4154;2;2;5;1999;60314;0;0.0055;60315;61248;0.0001
"UnityEngine.CoreModule.dll!UnityEngine::Camera.FireOnPreRender()";0.0001;0;0.0024;61954;60394;60987;4;4;0.341099991208466;0.00017055;0.0001;0.0002;2000;1;1;1;2000;60314;0;0.0024;60394;60987;0.0002
"UnityEngine.UI.dll!UnityEngine.UI::ClipperRegistry.get_instance()";0.0001;0.0001;0.0021;61983;60314;61179;10;10;0.325099991969182;0.00016255;0.0001;0.0002;2000;1;1;1;2000;60314;0.0001;0.0021;60314;61179;0.0001
"UnityEngine.CoreModule.dll!UnityEngine::Vector3Int.get_y()";0.0001;0;0.0005;62031;60399;60524;9;19;0.00439999986701878;0.000176;0.0001;0.0002;116;4;4;12;25;60318;0;0.0001;60349;60318;0
"UnityEngine.UIElementsModule.dll!UnityEngine.UIElements::UIElementsRuntimeUtility.GetSortedPlayerPanels()";0.0001;0;0.0026;62040;60872;60840;5;7;0.335699992094305;0.00016785;0.0001;0.0002;2001;1;1;2;2000;60314;0;0.0026;60872;60840;0.0002
"UnityEngine.CoreModule.dll!UnityEngine.SceneManagement::LoadSceneParameters..ctor()";0.0001;0.0001;0.0001;62045;62045;62045;19;19;9.99999974737875E-05;0.0001;0.0001;0.0001;1;1;1;1;1;62045;0.0001;0.0001;62045;62045;0
"Assembly-CSharp.dll!::PlaySessionStatsService.get_IsRunActive()";0.0001;0.0001;0.0002;62046;62046;61925;11;19;0.000299999992421363;0.00015;0.0001;0.0001;3;1;1;2;2;61925;0.0001;0.0001;61925;61925;0
"EnlightenRuntimeManager.UpdateSystems";0.0001;0.0001;0.0001;62046;62046;62046;12;12;9.99999974737875E-05;0.0001;0.0001;0.0001;1;1;1;1;1;62046;0.0001;0.0001;62046;62046;0
"mscorlib.dll!System::RuntimeType.op_Equality()";0.0001;0.0001;0.0512003;62046;61165;61925;22;59;0.0516002967196982;0.01290007;0.0001;0.0002;867;5;2;855;4;61165;0;0.0015;61165;61925;0
"NavMeshManager.UnloadData";0.0001;0.0001;0.0001;62046;62046;62046;10;10;9.99999974737875E-05;0.0001;0.0001;0.0001;1;1;1;1;1;62046;0.0001;0.0001;62046;62046;0
"Unity.ResourceManager.dll!::<>c__DisplayClass12_0..ctor()";0.0001;0.0001;0.0001;62046;62046;62046;25;25;9.99999974737875E-05;0.0001;0.0001;0.0001;3;3;3;3;1;62046;0;0.0001;62046;62046;0
"Unity.TextMeshPro.dll!TMPro::TextMeshProUGUI.CalculateLayoutInputHorizontal()";0.0001;0.0001;0.0001;62046;62046;62046;14;14;9.99999974737875E-05;0.0001;0.0001;0.0001;1;1;1;1;1;62046;0.0001;0.0001;62046;62046;0
"Unity.TextMeshPro.dll!TMPro::TMP_Text.get_minHeight()";0.0001;0.0001;0.0001;62046;62046;62046;21;21;9.99999974737875E-05;0.0001;0.0001;0.0001;4;4;4;4;1;62046;0;0.0001;62046;62046;0
"Unity.TextMeshPro.dll!TMPro::TMP_TextElement.get_scale()";0.0001;0.0001;0.0001;62046;62046;62046;24;24;9.99999974737875E-05;0.0001;0.0001;0.0001;2;2;2;2;1;62046;0;0.0001;62046;62046;0
"Unity.VisualScripting.Core.dll!::<>c.<Initialize>b__3_0()";0.0001;0.0001;0.0001;62046;62046;62046;12;12;9.99999974737875E-05;0.0001;0.0001;0.0001;1;1;1;1;1;62046;0.0001;0.0001;62046;62046;0
"UnityEngine.CoreModule.dll!UnityEngine.SceneManagement::SceneManager.Internal_ActiveSceneChanged()";0.0001;0.0001;0.0001;62046;62046;62046;8;8;9.99999974737875E-05;0.0001;0.0001;0.0001;1;1;1;1;1;62046;0.0001;0.0001;62046;62046;0
"UnityEngine.UI.dll!UnityEngine.EventSystems::BaseInputModule.ActivateModule()";0.0001;0.0001;0.0001;62046;62046;62046;7;7;9.99999974737875E-05;0.0001;0.0001;0.0001;1;1;1;1;1;62046;0.0001;0.0001;62046;62046;0
"UnityEngine.UI.dll!UnityEngine.UI::Image.CalculateLayoutInputHorizontal()";0.0001;0.0001;0.0001;62046;62046;62046;14;14;9.99999974737875E-05;0.0001;0.0001;0.0001;1;1;1;1;1;62046;0.0001;0.0001;62046;62046;0
"UnityEngine.UI.dll!UnityEngine.UI::Image.CalculateLayoutInputVertical()";0.0001;0.0001;0.0001;62046;62046;62046;14;14;9.99999974737875E-05;0.0001;0.0001;0.0001;1;1;1;1;1;62046;0.0001;0.0001;62046;62046;0
"UnityEngine.UI.dll!UnityEngine.UI::Image.get_flexibleHeight()";0.0001;0.0001;0.0001;62046;62046;62046;21;21;9.99999974737875E-05;0.0001;0.0001;0.0001;2;2;2;2;1;62046;0;0.0001;62046;62046;0
"UnityEngine.UI.dll!UnityEngine.UI::Image.get_minHeight()";0.0001;0.0001;0.0001;62046;62046;62046;21;21;9.99999974737875E-05;0.0001;0.0001;0.0001;4;4;4;4;1;62046;0;0.0001;62046;62046;0
"UnityEngine.UI.dll!UnityEngine.UI::LayoutElement.get_flexibleHeight()";0.0001;0.0001;0.0001;62046;62046;62046;21;21;9.99999974737875E-05;0.0001;0.0001;0.0001;2;2;2;2;1;62046;0;0.0001;62046;62046;0
"UnityEngine.UI.dll!UnityEngine.UI::LayoutElement.get_ignoreLayout()";0.0001;0.0001;0.0001;62046;62046;62046;15;15;9.99999974737875E-05;0.0001;0.0001;0.0001;1;1;1;1;1;62046;0.0001;0.0001;62046;62046;0
"UnityEngine.UI.dll!UnityEngine.UI::LayoutGroup.GetTotalFlexibleSize()";0.0001;0.0001;0.0001;62046;62046;62046;15;15;9.99999974737875E-05;0.0001;0.0001;0.0001;1;1;1;1;1;62046;0.0001;0.0001;62046;62046;0
"UnityEngine.UI.dll!UnityEngine.UIElements::UIToolkitInteroperabilityBridge.get_createDefaultPanelComponents()";0.0001;0.0001;0.0001;62046;62046;62046;8;8;9.99999974737875E-05;0.0001;0.0001;0.0001;1;1;1;1;1;62046;0.0001;0.0001;62046;62046;0
"UnityEngine.UI.dll!UnityEngine.UIElements::UIToolkitInteroperabilityBridge.get_overrideUIToolkitEvents()";0.0001;0.0001;0.0001;62046;62046;62046;8;8;9.99999974737875E-05;0.0001;0.0001;0.0001;1;1;1;1;1;62046;0.0001;0.0001;62046;62046;0
"UnityEngine.UIElementsModule.dll!UnityEngine.UIElements::PanelInputConfiguration.get_current()";0.0001;0.0001;0.0001;62046;62046;62046;11;11;9.99999974737875E-05;0.0001;0.0001;0.0001;1;1;1;1;1;62046;0.0001;0.0001;62046;62046;0
"UnityEngine.UIElementsModule.dll!UnityEngine.UIElements::UIElementsRuntimeUtility.set_activeEventSystem()";0.0001;0.0001;0.0001;62046;62046;62046;12;15;9.99999974737875E-05;0.0001;0.0001;0.0001;2;2;2;2;1;62046;0;0.0001;62046;62046;0
"UnityEngine.UI.dll!UnityEngine.EventSystems::PointerEventData.set_displayIndex()";0.0001;0.0001;0.0001;62047;62047;62047;11;11;9.99999974737875E-05;0.0001;0.0001;0.0001;3;3;3;3;1;62047;0;0.0001;62047;62047;0
"UnityEngine.UI.dll!UnityEngine.EventSystems::PointerEventData.set_radiusVariance()";0.0001;0;0.0073;62064;60329;61867;10;11;0.320999992261932;0.0001606607;0.0001;0.0002;3999;2;2;5;1998;60314;0;0.0071;60316;61867;0.0002
"mscorlib.dll!::KeyCollection..ctor()";0.0001;0.0001;0.0001;62095;62095;62095;8;8;9.99999974737875E-05;0.0001;0.0001;0.0001;1;1;1;1;1;62095;0.0001;0.0001;62095;62095;0
"mscorlib.dll!System::Type.GetType()";0.0001;0.0001;0.0002;62095;62095;61925;13;52;0.000299999992421363;0.00015;0.0001;0.0001;3;1;1;2;2;61925;0.0001;0.0001;61925;61925;0
"UnityEngine.CoreModule.dll!UnityEngine.Pool::ObjectPool`1.set_CountAll()";0.0001;0.0001;0.0001;62095;62095;62095;10;10;9.99999974737875E-05;0.0001;0.0001;0.0001;1;1;1;1;1;62095;0.0001;0.0001;62095;62095;0
"mscorlib.dll!System.Collections.Generic::Dictionary`2.get_Keys()";0.0001;0;0.0011;62096;62313;62095;7;8;0.00119999999151332;0.0004;0;0.0001;3;1;1;1;3;62095;0;0.0011;62313;62095;0
"UnityEngine.UI.dll!UnityEngine.EventSystems::StandaloneInputModule.ShouldIgnoreEventsOnNoFocus()";0.0001;0.0001;0.0001;62096;62095;62095;6;7;0.000299999992421363;0.0001;0.0001;0.0001;4;1;1;2;3;62095;0;0.0001;62096;62095;0
"UnityEngine.UI.dll!UnityEngine.EventSystems::RaycasterManager.GetRaycasters()";0.0001;0;0.0031;62116;60347;60584;10;10;0.355899991627666;0.0001781281;0.0001;0.0002;1998;1;1;1;1998;60314;0;0.0031;60347;60584;0.0002
"UnityEngine.UI.dll!UnityEngine.EventSystems::ExecuteEvents.get_pointerExitHandler()";0.0001;0;0.0002;62117;62073;60739;10;16;0.0015999999595806;0.0001142857;0.0001;0.0002;30;2;1;4;14;60384;0;0.0001;60384;60384;0
"UnityEngine.UI.dll!UnityEngine.EventSystems::PointerEventData.set_azimuthAngle()";0.0001;0;0.0024;62117;60314;61252;10;11;0.312299992147018;0.0001563063;0.0001;0.0002;3999;2;2;5;1998;60314;0;0.0019;60314;61108;0.0002
"UnityEngine.UI.dll!UnityEngine.EventSystems::PointerEventData.set_reentered()";0.0001;0;0.0002;62117;60343;60665;10;10;0.00189999995200196;0.0001;0.0001;0.0001;32;2;1;3;19;60341;0;0.0001;60341;60341;0
"UnityEngine.UI.dll!UnityEngine.UI::SetPropertyUtility.SetClass()";0.0001;0;0.0003;62118;62250;62046;13;17;0.000799999972514343;0.0001333333;0.0001;0.0001;13;1;1;7;6;62046;0;0.0001;62046;62046;0
"UnityEngine.CoreModule.dll!UnityEngine::Ray.get_origin()";0.0001;0;0.0009;62129;60341;60681;11;11;0.0400999988196418;0.0001264984;0;0.0002;601;1;1;4;317;60341;0;0.0007;60341;62123;0
"UnityEngine.CoreModule.dll!UnityEngine::Vector3.op_UnaryNegation()";0.0001;0;0.0009;62129;60353;60681;11;11;0.0383999987752759;0.0001211356;0;0.0002;601;1;1;4;317;60341;0;0.0005;60343;62032;0
"UnityEngine.UI.dll!UnityEngine.UI::GraphicRaycaster.get_ignoreReversedGraphics()";0.0001;0;0.0009;62132;60361;60681;11;11;0.037599998890073;0.000118612;0;0.0002;601;1;1;4;317;60341;0;0.0007;60343;62198;0
"UnityEngine.UI.dll!UnityEngine.EventSystems::PointerEventData.get_reentered()";0.0001;0;0.0002;62136;60665;60341;10;10;0.00219999994442333;0.0001157895;0;0.0002;32;2;1;3;19;60341;0;0.0002;60343;62070;0
"UnityEngine.UI.dll!UnityEngine.EventSystems::PointerEventData.get_pointerClick()";0.0001;0;0.0003;62148;60472;60433;10;10;0.00249999992229277;0.0001470588;0.0001;0.0002;34;2;2;2;17;60360;0;0.0003;60370;60433;0
"UnityEngine.CoreModule.dll!UnityEngine::Vector3.Dot()";0.0001;0;0.0103;62166;60353;60682;11;11;0.0551999988165335;0.0001741325;0.0001;0.0002;601;1;1;4;317;60341;0;0.0096;60343;60682;0
"UnityEngine.UI.dll!UnityEngine.EventSystems::PointerEventData.get_displayIndex()";0.0001;0;0.0014;62175;60546;61866;12;12;0.354099990807299;0.0001772272;0.0001;0.0002;1998;1;1;1;1998;60314;0;0.0014;60546;61866;0.0004
"UnityEngine.UI.dll!UnityEngine.EventSystems::PointerEventData.set_radius()";0.0001;0;0.0018;62188;60314;61434;10;11;0.31159999173542;0.0001559559;0.0001;0.0002;3999;2;2;5;1998;60314;0;0.0014;60314;60505;0.0002
"UnityEngine.UI.dll!UnityEngine.UI::MaskableGraphic.get_maskable()";0.0001;0;0.0036;62192;60357;62046;12;29;0.0646999989039614;0.0001822535;0.0001;0.0002;812;2;1;54;355;60318;0;0.0023;60318;61373;0
"mscorlib.dll!System.Collections.Generic::IntrospectiveSortUtilities.FloorLog2PlusOne()";0.0001;0;0.0007;62234;60348;60681;13;47;0.0220999993543955;0.0001425806;0.0001;0.0002;310;2;2;2;155;60343;0;0.0004;60345;60681;0
"UnityEngine.UI.dll!UnityEngine.UI::Image.get_alphaHitTestMinimumThreshold()";0.0001;0;0.008099999;62246;60342;60379;15;15;0.0816999967719312;0.0002577287;0.0001;0.0003;835;1;1;5;317;60341;0;0.0078;60342;60379;0
"UnityEngine.CoreModule.dll!UnityEngine::Mathf.RoundToInt()";0;0;0.0005;60524;60346;62046;14;16;0.000599999963014852;9.999999E-05;0;0;17;1;1;8;6;60346;0;0.0001;60346;60642;0
"UnityEngine.CoreModule.dll!UnityEngine::Vector3Int..ctor()";0;0;0;60662;60334;60334;6;6;0;0;0;0;3;1;1;1;3;60334;0;0;60334;60334;0
"UnityEngine.UI.dll!UnityEngine.EventSystems::ExecuteEvents.get_selectHandler()";0;0;0.0001;60680;60356;62041;11;14;9.99999974737875E-05;2E-05;0;0;5;1;1;1;5;60356;0;0.0001;60356;62041;0
"Assembly-CSharp.dll!::AttackBehaviorBase.OnUpgraded()";0;0;0.0001;60696;60360;60370;18;18;0.000199999994947575;2.5E-05;0;0;8;1;1;1;8;60360;0;0.0001;60360;60370;0
"UnityEngine.UI.dll!UnityEngine.EventSystems::PointerEventData.get_clickCount()";0;0;0.0001;60713;60365;60374;9;9;0.000299999992421363;5E-05;0;0.0001;6;1;1;1;6;60365;0;0.0001;60365;60374;0
"UnityEngine.UI.dll!UnityEngine.UI::Navigation.get_mode()";0;0;0.0001;60727;60365;60356;13;13;0.000299999992421363;3.333333E-05;0;0.0001;9;1;1;1;9;60356;0;0.0001;60365;60356;0
"UnityEngine.UI.dll!UnityEngine.UI::ColorBlock.get_selectedColor()";0;0;0.0001;60732;60356;60379;15;19;0.000699999982316513;5E-05;0;0.0001;14;1;1;1;14;60356;0;0.0001;60356;60379;0
"Object.Unregister";0;0;0;60797;60314;60314;5;15;0;0;0;0;4968;4;3;4516;113;60314;0;0;60314;60314;0
"Assembly-CSharp.dll!::<PlayGather>d__23..ctor()";0;0;0;60815;60815;60815;13;13;0;0;0;0;2;1;1;1;2;60815;0;0;60815;60815;0
"Assembly-CSharp.dll!::<PlaySummonGather>d__18..ctor()";0;0;0.0001;60815;60815;61373;13;13;9.99999974737875E-05;5E-05;0;0;2;1;1;1;2;60815;0;0.0001;60815;61373;0
"Object.Register";0;0;0;60867;60315;60315;4;21;0;0;0;0;661;5;1;162;112;60315;0;0;60315;60315;0
"Object.SetName";0;0;0;60867;60315;60315;4;18;0;0;0;0;363;2;1;165;112;60315;0;0;60315;60315;0
"Component.SetGameObject";0;0;0;60909;60314;60314;8;26;0;0;0;0;5478;9;2;881;403;60314;0;0;60314;60314;0
"UnityEngine.CoreModule.dll!UnityEngine::Bounds.get_max()";0;0;0;60956;60399;60399;7;7;0;0;0;0;3;1;1;1;3;60399;0;0;60399;60399;0
"GfxResource.Register";0;0;0;61155;60314;60314;4;21;0;0;0;0;11550;6;1;33;1405;60314;0;0;60314;60314;0
"mscorlib.dll!System::UInt64.CompareTo()";0;0;0.0004;61165;61165;61686;29;29;0.00039999998989515;0.0002;0;0;8;4;4;4;2;61165;0;0.0001;61165;61686;0
"UnityEngine.CoreModule.dll!UnityEngine::MipmapLimitDescriptor.get_groupName()";0;0;0.0001;61165;61165;61686;18;18;9.99999974737875E-05;5E-05;0;0;2;1;1;1;2;61165;0;0.0001;61165;61686;0
"UnityEngine.CoreModule.dll!UnityEngine::Texture.GetTextureColorSpace()";0;0;0.0001;61165;61165;61686;18;18;9.99999974737875E-05;5E-05;0;0;2;1;1;1;2;61165;0;0.0001;61165;61686;0
"ScheduleAllocJob";0;0;0;61179;60314;60314;4;6;0;0;0;0;4760;3;2;3;1732;60314;0;0;60314;60314;0
"Assembly-CSharp.dll!::PlayerService.set_Gold()";0;0;0.0001;61249;60360;60347;13;21;0.0015999999595806;4.848485E-05;0;0.0001;34;1;1;2;33;60347;0;0.0001;60360;60347;0
"Active Constraints";0;0;0;61313;60314;60314;4;5;0;0;0;0;3672;2;1;2;2000;60314;0;0;60314;60314;0
"Active Dynamic Bodies";0;0;0;61313;60314;60314;4;5;0;0;0;0;3672;2;1;2;2000;60314;0;0;60314;60314;0
"Active Kinematic Bodies";0;0;0;61313;60314;60314;4;5;0;0;0;0;3672;2;1;2;2000;60314;0;0;60314;60314;0
"Added Contacts";0;0;0;61313;60314;60314;5;5;0;0;0;0;2000;1;1;1;2000;60314;0;0;60314;60314;0
"AnimationClip Count";0;0;0;61313;60314;60314;5;5;0;0;0;0;2000;1;1;1;2000;60314;0;0;60314;60314;0
"AnimationClip Memory";0;0;0;61313;60314;60314;5;5;0;0;0;0;2000;1;1;1;2000;60314;0;0;60314;60314;0
"App Committed Memory";0;0;0;61313;60314;60314;5;5;0;0;0;0;2000;1;1;1;2000;60314;0;0;60314;60314;0
"App Resident Memory";0;0;0;61313;60314;60314;5;5;0;0;0;0;2000;1;1;1;2000;60314;0;0;60314;60314;0
"Articulation Bodies";0;0;0;61313;60314;60314;4;5;0;0;0;0;3672;2;1;2;2000;60314;0;0;60314;60314;0
"Asleep Bodies";0;0;0;61313;60314;60314;5;5;0;0;0;0;2000;1;1;1;2000;60314;0;0;60314;60314;0
"Asleep Shapes";0;0;0;61313;60314;60314;5;5;0;0;0;0;2000;1;1;1;2000;60314;0;0;60314;60314;0
"Asset Bundles";0;0;0;61313;60314;60314;5;5;0;0;0;0;2000;1;1;1;2000;60314;0;0;60314;60314;0
"Asset Count";0;0;0;61313;60314;60314;5;5;0;0;0;0;2000;1;1;1;2000;60314;0;0;60314;60314;0
"Assets";0;0;0;61313;60314;60314;5;5;0;0;0;0;2000;1;1;1;2000;60314;0;0;60314;60314;0
"Atlases";0;0;0;61313;60314;60314;5;5;0;0;0;0;2000;1;1;1;2000;60314;0;0;60314;60314;0
"Audio Reads";0;0;0;61313;60314;60314;5;5;0;0;0;0;2000;1;1;1;2000;60314;0;0;60314;60314;0
"Audio Reserved Memory";0;0;0;61313;60314;60314;5;5;0;0;0;0;2000;1;1;1;2000;60314;0;0;60314;60314;0
"Audio Used Memory";0;0;0;61313;60314;60314;5;5;0;0;0;0;2000;1;1;1;2000;60314;0;0;60314;60314;0
"AudioClip Count";0;0;0;61313;60314;60314;5;5;0;0;0;0;2000;1;1;1;2000;60314;0;0;60314;60314;0
"AudioClip Memory";0;0;0;61313;60314;60314;5;5;0;0;0;0;2000;1;1;1;2000;60314;0;0;60314;60314;0
"Awake Bodies";0;0;0;61313;60314;60314;5;5;0;0;0;0;2000;1;1;1;2000;60314;0;0;60314;60314;0
"Awake Shapes";0;0;0;61313;60314;60314;5;5;0;0;0;0;2000;1;1;1;2000;60314;0;0;60314;60314;0
"BeginJob";0;0;0;61313;60314;60314;4;25;0;0;0;0;37894;20;1;41;2000;60314;0;0;60314;60314;0
"Broadphase Adds";0;0;0;61313;60314;60314;4;5;0;0;0;0;3672;2;1;2;2000;60314;0;0;60314;60314;0
"Broadphase Adds/Removes";0;0;0;61313;60314;60314;4;5;0;0;0;0;3672;2;1;2;2000;60314;0;0;60314;60314;0
"Broadphase Pairs";0;0;0;61313;60314;60314;5;5;0;0;0;0;2000;1;1;1;2000;60314;0;0;60314;60314;0
"Broadphase Removes";0;0;0;61313;60314;60314;4;5;0;0;0;0;3672;2;1;2;2000;60314;0;0;60314;60314;0
"Broadphase Updates";0;0;0;61313;60314;60314;5;5;0;0;0;0;2000;1;1;1;2000;60314;0;0;60314;60314;0
"Catalogs";0;0;0;61313;60314;60314;5;5;0;0;0;0;2000;1;1;1;2000;60314;0;0;60314;60314;0
"Colliders Synced";0;0;0;61313;60314;60314;4;5;0;0;0;0;3672;2;1;2;2000;60314;0;0;60314;60314;0
"Collision Enter";0;0;0;61313;60314;60314;5;5;0;0;0;0;2000;1;1;1;2000;60314;0;0;60314;60314;0
"Collision Exit";0;0;0;61313;60314;60314;5;5;0;0;0;0;2000;1;1;1;2000;60314;0;0;60314;60314;0
"Collision Stay";0;0;0;61313;60314;60314;5;5;0;0;0;0;2000;1;1;1;2000;60314;0;0;60314;60314;0
"Continuous Bodies";0;0;0;61313;60314;60314;5;5;0;0;0;0;2000;1;1;1;2000;60314;0;0;60314;60314;0
"Continuous Overlaps";0;0;0;61313;60314;60314;4;5;0;0;0;0;3672;2;1;2;2000;60314;0;0;60314;60314;0
"CPU Main Thread Frame Time";0;0;0;61313;60314;60314;5;5;0;0;0;0;2000;1;1;1;2000;60314;0;0;60314;60314;0
"CPU Render Thread Frame Time";0;0;0;61313;60314;60314;5;5;0;0;0;0;2000;1;1;1;2000;60314;0;0;60314;60314;0
"CPU Total Frame Time";0;0;0;61313;60314;60314;5;5;0;0;0;0;2000;1;1;1;2000;60314;0;0;60314;60314;0
"Discreet Overlaps";0;0;0;61313;60314;60314;4;5;0;0;0;0;3672;2;1;2;2000;60314;0;0;60314;60314;0
"Discrete Bodies";0;0;0;61313;60314;60314;5;5;0;0;0;0;2000;1;1;1;2000;60314;0;0;60314;60314;0
"Dynamic Bodies";0;0;0;61313;60314;60314;4;5;0;0;0;0;5672;3;2;3;2000;60314;0;0;60314;60314;0
"Dynamic Shapes";0;0;0;61313;60314;60314;5;5;0;0;0;0;2000;1;1;1;2000;60314;0;0;60314;60314;0
"EndJob";0;0;0;61313;60314;60314;4;25;0;0;0;0;37894;20;1;41;2000;60314;0;0;60314;60314;0
"Entities Reads";0;0;0;61313;60314;60314;5;5;0;0;0;0;2000;1;1;1;2000;60314;0;0;60314;60314;0
"Game Object Count";0;0;0;61313;60314;60314;5;5;0;0;0;0;2000;1;1;1;2000;60314;0;0;60314;60314;0
"GC Allocated In Frame";0;0;0;61313;60314;60314;5;5;0;0;0;0;2000;1;1;1;2000;60314;0;0;60314;60314;0
"GC Allocation In Frame Count";0;0;0;61313;60314;60314;5;5;0;0;0;0;2000;1;1;1;2000;60314;0;0;60314;60314;0
"GC Reserved Memory";0;0;0;61313;60314;60314;5;5;0;0;0;0;2000;1;1;1;2000;60314;0;0;60314;60314;0
"GC Used Memory";0;0;0;61313;60314;60314;5;5;0;0;0;0;2000;1;1;1;2000;60314;0;0;60314;60314;0
"GetContacts Queries";0;0;0;61313;60314;60314;5;5;0;0;0;0;2000;1;1;1;2000;60314;0;0;60314;60314;0
"Gfx Reserved Memory";0;0;0;61313;60314;60314;5;5;0;0;0;0;2000;1;1;1;2000;60314;0;0;60314;60314;0
"Gfx Used Memory";0;0;0;61313;60314;60314;5;5;0;0;0;0;2000;1;1;1;2000;60314;0;0;60314;60314;0
"Global Illumination Support";0;0;0;61313;60314;60314;5;5;0;0;0;0;2000;1;1;1;2000;60314;0;0;60314;60314;0
"GPU Frame Time";0;0;0;61313;60314;60314;5;5;0;0;0;0;2000;1;1;1;2000;60314;0;0;60314;60314;0
"IsTouching Queries";0;0;0;61313;60314;60314;5;5;0;0;0;0;2000;1;1;1;2000;60314;0;0;60314;60314;0
"KickJobs";0;0;0;61313;60314;60314;4;11;0;0;0;0;7805;4;2;5;2000;60314;0;0;60314;60314;0
"Kinematic Bodies";0;0;0;61313;60314;60314;5;5;0;0;0;0;2000;1;1;1;2000;60314;0;0;60314;60314;0
"Kinematic Shapes";0;0;0;61313;60314;60314;5;5;0;0;0;0;2000;1;1;1;2000;60314;0;0;60314;60314;0
"Material Count";0;0;0;61313;60314;60314;5;5;0;0;0;0;2000;1;1;1;2000;60314;0;0;60314;60314;0
"Material Memory";0;0;0;61313;60314;60314;5;5;0;0;0;0;2000;1;1;1;2000;60314;0;0;60314;60314;0
"Max Cache Demand";0;0;0;61313;60314;60314;5;5;0;0;0;0;2000;1;1;1;2000;60314;0;0;60314;60314;0
"Max Cache Mip Bias";0;0;0;61313;60314;60314;5;5;0;0;0;0;2000;1;1;1;2000;60314;0;0;60314;60314;0
"Mesh Count";0;0;0;61313;60314;60314;5;5;0;0;0;0;2000;1;1;1;2000;60314;0;0;60314;60314;0
"Mesh Memory";0;0;0;61313;60314;60314;5;5;0;0;0;0;2000;1;1;1;2000;60314;0;0;60314;60314;0
"Mesh Reads";0;0;0;61313;60314;60314;5;5;0;0;0;0;2000;1;1;1;2000;60314;0;0;60314;60314;0
"Missing Disk Data";0;0;0;61313;60314;60314;5;5;0;0;0;0;2000;1;1;1;2000;60314;0;0;60314;60314;0
"Missing Streaming Tiles";0;0;0;61313;60314;60314;5;5;0;0;0;0;2000;1;1;1;2000;60314;0;0;60314;60314;0
"Modified Overlaps";0;0;0;61313;60314;60314;4;5;0;0;0;0;3672;2;1;2;2000;60314;0;0;60314;60314;0
"Narrowphase Lost Touches";0;0;0;61313;60314;60314;4;5;0;0;0;0;3672;2;1;2;2000;60314;0;0;60314;60314;0
"Narrowphase New Touches";0;0;0;61313;60314;60314;4;5;0;0;0;0;3672;2;1;2;2000;60314;0;0;60314;60314;0
"Narrowphase Touches";0;0;0;61313;60314;60314;4;5;0;0;0;0;3672;2;1;2;2000;60314;0;0;60314;60314;0
"Object Count";0;0;0;61313;60314;60314;5;5;0;0;0;0;2000;1;1;1;2000;60314;0;0;60314;60314;0
"Other Reads";0;0;0;61313;60314;60314;5;5;0;0;0;0;2000;1;1;1;2000;60314;0;0;60314;60314;0
"Overlap Queries";0;0;0;61313;60314;60314;5;5;0;0;0;0;2000;1;1;1;2000;60314;0;0;60314;60314;0
"Overlaps";0;0;0;61313;60314;60314;4;5;0;0;0;0;3672;2;1;2;2000;60314;0;0;60314;60314;0
"Particle Queries";0;0;0;61313;60314;60314;5;5;0;0;0;0;2000;1;1;1;2000;60314;0;0;60314;60314;0
"Physics Queries";0;0;0;61313;60314;60314;4;5;0;0;0;0;3672;2;1;2;2000;60314;0;0;60314;60314;0
"Physics Used Memory";0;0;0;61313;60314;60314;4;5;0;0;0;0;3672;2;1;2;2000;60314;0;0;60314;60314;0
"Physics Used Memory (2D)";0;0;0;61313;60314;60314;5;5;0;0;0;0;2000;1;1;1;2000;60314;0;0;60314;60314;0
"Profiler Reserved Memory";0;0;0;61313;60314;60314;5;5;0;0;0;0;2000;1;1;1;2000;60314;0;0;60314;60314;0
"Profiler Used Memory";0;0;0;61313;60314;60314;5;5;0;0;0;0;2000;1;1;1;2000;60314;0;0;60314;60314;0
"Raycast Queries";0;0;0;61313;60314;60314;5;5;0;0;0;0;2000;1;1;1;2000;60314;0;0;60314;60314;0
"Read From Disk";0;0;0;61313;60314;60314;5;5;0;0;0;0;2000;1;1;1;2000;60314;0;0;60314;60314;0
"Removed Contacts";0;0;0;61313;60314;60314;5;5;0;0;0;0;2000;1;1;1;2000;60314;0;0;60314;60314;0
"Render Textures Bytes";0;0;0;61313;60314;60314;5;5;0;0;0;0;2000;1;1;1;2000;60314;0;0;60314;60314;0
"Render Textures Count";0;0;0;61313;60314;60314;5;5;0;0;0;0;2000;1;1;1;2000;60314;0;0;60314;60314;0
"Required Tiles";0;0;0;61313;60314;60314;5;5;0;0;0;0;2000;1;1;1;2000;60314;0;0;60314;60314;0
"Rigidbodies Synced";0;0;0;61313;60314;60314;4;5;0;0;0;0;3672;2;1;2;2000;60314;0;0;60314;60314;0
"Scene Object Count";0;0;0;61313;60314;60314;5;5;0;0;0;0;2000;1;1;1;2000;60314;0;0;60314;60314;0
"Scenes";0;0;0;61313;60314;60314;5;5;0;0;0;0;2000;1;1;1;2000;60314;0;0;60314;60314;0
"ScheduleJob";0;0;0;61313;60314;60314;4;24;0;0;0;0;52217;28;6;46;2000;60314;0;0;60314;60314;0
"Scripting Reads";0;0;0;61313;60314;60314;5;5;0;0;0;0;2000;1;1;1;2000;60314;0;0;60314;60314;0
"Shapecast Queries";0;0;0;61313;60314;60314;5;5;0;0;0;0;2000;1;1;1;2000;60314;0;0;60314;60314;0
"Solver Continuous Islands";0;0;0;61313;60314;60314;5;5;0;0;0;0;2000;1;1;1;2000;60314;0;0;60314;60314;0
"Solver Discrete Islands";0;0;0;61313;60314;60314;5;5;0;0;0;0;2000;1;1;1;2000;60314;0;0;60314;60314;0
"Solver Simulation Count";0;0;0;61313;60314;60314;5;5;0;0;0;0;2000;1;1;1;2000;60314;0;0;60314;60314;0
"Solver World Count";0;0;0;61313;60314;60314;5;5;0;0;0;0;2000;1;1;1;2000;60314;0;0;60314;60314;0
"Static Bodies";0;0;0;61313;60314;60314;5;5;0;0;0;0;2000;1;1;1;2000;60314;0;0;60314;60314;0
"Static Colliders";0;0;0;61313;60314;60314;4;5;0;0;0;0;3672;2;1;2;2000;60314;0;0;60314;60314;0
"Static Shapes";0;0;0;61313;60314;60314;5;5;0;0;0;0;2000;1;1;1;2000;60314;0;0;60314;60314;0
"System Total Used Memory";0;0;0;61313;60314;60314;5;5;0;0;0;0;2000;1;1;1;2000;60314;0;0;60314;60314;0
"System Used Memory";0;0;0;61313;60314;60314;5;5;0;0;0;0;2000;1;1;1;2000;60314;0;0;60314;60314;0
"Texture Count";0;0;0;61313;60314;60314;5;5;0;0;0;0;2000;1;1;1;2000;60314;0;0;60314;60314;0
"Texture Memory";0;0;0;61313;60314;60314;5;5;0;0;0;0;2000;1;1;1;2000;60314;0;0;60314;60314;0
"Texture Reads";0;0;0;61313;60314;60314;5;5;0;0;0;0;2000;1;1;1;2000;60314;0;0;60314;60314;0
"Total Bodies";0;0;0;61313;60314;60314;5;5;0;0;0;0;2000;1;1;1;2000;60314;0;0;60314;60314;0
"Total Callbacks";0;0;0;61313;60314;60314;5;5;0;0;0;0;2000;1;1;1;2000;60314;0;0;60314;60314;0
"Total Contacts";0;0;0;61313;60314;60314;5;5;0;0;0;0;2000;1;1;1;2000;60314;0;0;60314;60314;0
"Total CPU Cache Size";0;0;0;61313;60314;60314;5;5;0;0;0;0;2000;1;1;1;2000;60314;0;0;60314;60314;0
"Total GPU Cache Size";0;0;0;61313;60314;60314;5;5;0;0;0;0;2000;1;1;1;2000;60314;0;0;60314;60314;0
"Total Joints";0;0;0;61313;60314;60314;5;5;0;0;0;0;2000;1;1;1;2000;60314;0;0;60314;60314;0
"Total Queries";0;0;0;61313;60314;60314;5;5;0;0;0;0;2000;1;1;1;2000;60314;0;0;60314;60314;0
"Total Reserved Memory";0;0;0;61313;60314;60314;5;5;0;0;0;0;2000;1;1;1;2000;60314;0;0;60314;60314;0
"Total Shapes";0;0;0;61313;60314;60314;5;5;0;0;0;0;2000;1;1;1;2000;60314;0;0;60314;60314;0
"Total Transform Sync Calls";0;0;0;61313;60314;60314;5;5;0;0;0;0;2000;1;1;1;2000;60314;0;0;60314;60314;0
"Total Used Memory";0;0;0;61313;60314;60314;5;5;0;0;0;0;2000;1;1;1;2000;60314;0;0;60314;60314;0
"Transform Parent Sync Bodies";0;0;0;61313;60314;60314;5;5;0;0;0;0;2000;1;1;1;2000;60314;0;0;60314;60314;0
"Transform Parent Sync Colliders";0;0;0;61313;60314;60314;5;5;0;0;0;0;2000;1;1;1;2000;60314;0;0;60314;60314;0
"Transform Sync Bodies";0;0;0;61313;60314;60314;5;5;0;0;0;0;2000;1;1;1;2000;60314;0;0;60314;60314;0
"Transform Sync Colliders";0;0;0;61313;60314;60314;5;5;0;0;0;0;2000;1;1;1;2000;60314;0;0;60314;60314;0
"Trigger Enter";0;0;0;61313;60314;60314;5;5;0;0;0;0;2000;1;1;1;2000;60314;0;0;60314;60314;0
"Trigger Exit";0;0;0;61313;60314;60314;5;5;0;0;0;0;2000;1;1;1;2000;60314;0;0;60314;60314;0
"Trigger Overlaps";0;0;0;61313;60314;60314;4;5;0;0;0;0;5344;3;1;3;2000;60314;0;0;60314;60314;0
"Trigger Stay";0;0;0;61313;60314;60314;5;5;0;0;0;0;2000;1;1;1;2000;60314;0;0;60314;60314;0
"Video Reserved Memory";0;0;0;61313;60314;60314;5;5;0;0;0;0;2000;1;1;1;2000;60314;0;0;60314;60314;0
"Video Used Memory";0;0;0;61313;60314;60314;5;5;0;0;0;0;2000;1;1;1;2000;60314;0;0;60314;60314;0
"Virtual Texture Reads";0;0;0;61313;60314;60314;5;5;0;0;0;0;2000;1;1;1;2000;60314;0;0;60314;60314;0
"WaitForCompleted";0;0;0;61313;60314;60314;3;24;0;0;0;0;57845;30;8;60;2000;60314;0;0;60314;60314;0
"Assembly-CSharp.dll!::<PlaySummonGatherThenClear>d__21..ctor()";0;0;0.0001;61373;61373;60815;8;8;9.99999974737875E-05;5E-05;0;0;2;1;1;1;2;60815;0;0.0001;61373;60815;0
"TextureStreamingManager.RemoveRenderer";0;0;0.003900001;61491;60315;62046;4;24;0.0296999998026877;5.625E-05;0;0.0001;1419;2;1;204;528;60315;0;0.0003;60315;60338;0
"Assembly-CSharp.dll!::EnemyData.get_HasShield()";0;0;0.0002;61493;60349;60429;9;14;0.0007999999797903;5.333333E-05;0;0.0001;19;1;1;3;15;60318;0;0.0001;60349;60318;0
"Assembly-CSharp.dll!::Enemy.GetGold()";0;0;0.0002;61616;60429;61689;12;20;0.00129999996715924;5.2E-05;0;0.0001;26;1;1;2;25;60347;0;0.0001;60429;60347;0
"Physics2D.EffectorFixedUpdate";0;0;0.0035;61659;60316;60613;4;4;0.065499998308951;4.523481E-05;0;0.0001;1457;1;1;2;1448;60314;0;0.0035;60316;60613;0
"TextureStreamingManager.RemoveTexture";0;0;0.0014;61686;61165;62046;10;21;0.00139999983366579;0.0004666666;0;0;40;2;2;36;3;61165;0;0.0002;61165;62046;0
"FixedUpdate.ClearLines";0;0;0.0003;61693;60314;61253;2;2;0.0491999987352756;2.942584E-05;0;0.0001;1696;1;1;16;1672;60314;0;0.0003;60314;61253;0
"Assembly-CSharp.dll!::<AttackLoop>d__3..ctor()";0;0;0.0002;61751;60350;60526;12;17;0.0015999999595806;5.16129E-05;0;0.0001;34;1;1;3;31;60331;0;0.0001;60350;60331;0
"EarlyUpdate.ClearLines";0;0;0.0004;61754;60315;60606;2;2;0.0646999983218848;3.235E-05;0;0.0001;2000;1;1;1;2000;60314;0;0.0004;60315;60606;0
"Assembly-CSharp.dll!::ScoreService.set_CurrentScore()";0;0;0.0002;61925;60347;61689;13;21;0.00129999996715924;5.2E-05;0;0.0001;26;1;1;2;25;60347;0;0.0001;60347;60392;0
"mscorlib.dll!::ArrayListEnumeratorSimple.get_Current()";0;0;0;61925;61925;61925;45;48;0;0;0;0;2;2;2;2;1;61925;0;0;61925;61925;0
"mscorlib.dll!System.Collections::ArrayList.get_Count()";0;0;0;61925;61925;61925;45;48;0;0;0;0;2;2;2;2;1;61925;0;0;61925;61925;0
"mscorlib.dll!System.Runtime.InteropServices::MemoryMarshal.GetNonNullPinnableReference()";0;0;0;61925;61925;61925;31;31;0;0;0;0;1;1;1;1;1;61925;0;0;61925;61925;0
"mscorlib.dll!System::IntPtr.get_Size()";0;0;0;61925;61925;61925;40;40;0;0;0;0;1;1;1;1;1;61925;0;0;61925;61925;0
"mscorlib.dll!System::TimeSpan.op_Equality()";0;0;0;61925;61925;61925;24;24;0;0;0;0;1;1;1;1;1;61925;0;0;61925;61925;0
"Newtonsoft.Json.dll!::<>c__DisplayClass24_0..ctor()";0;0;0;61925;61925;61925;38;38;0;0;0;0;1;1;1;1;1;61925;0;0;61925;61925;0
"Newtonsoft.Json.dll!Newtonsoft.Json.Serialization::DefaultContractResolver.get_IgnoreSerializableInterface()";0;0;0;61925;61925;61925;34;37;0;0;0;0;2;2;2;2;1;61925;0;0;61925;61925;0
"Newtonsoft.Json.dll!Newtonsoft.Json.Serialization::JsonPrimitiveContract.set_TypeCode()";0;0;0;61925;61925;61925;37;37;0;0;0;0;1;1;1;1;1;61925;0;0;61925;61925;0
"Newtonsoft.Json.dll!Newtonsoft.Json::JsonWriter.get_FloatFormatHandling()";0;0;0;61925;61925;61925;34;34;0;0;0;0;1;1;1;1;1;61925;0;0;61925;61925;0
"Unity.TextMeshPro.dll!TMPro::TMP_FontAsset.get_atlasPopulationMode()";0;0;0;61925;61925;61925;19;19;0;0;0;0;2;2;2;2;1;61925;0;0;61925;61925;0
"Unity.TextMeshPro.dll!TMPro::TMP_TextElement.set_glyphIndex()";0;0;0;61925;61925;61925;22;22;0;0;0;0;2;2;2;2;1;61925;0;0;61925;61925;0
"Unity.TextMeshPro.dll!TMPro::TMP_TextElement.set_scale()";0;0;0;61925;61925;61925;11;22;0;0;0;0;7;2;2;5;2;61925;0;0;61925;61925;0
"UnityEngine.CoreModule.dll!UnityEngine::Logger.get_filterLogType()";0;0;0;61925;61925;61925;23;23;0;0;0;0;2;2;2;2;1;61925;0;0;61925;61925;0
"UnityEngine.CoreModule.dll!UnityEngine::Vector2.Equals()";0;0;0;61925;61925;61925;19;19;0;0;0;0;1;1;1;1;1;61925;0;0;61925;61925;0
"UnityEngine.TextCoreFontEngineModule.dll!UnityEngine.TextCore::FaceInfo.get_unitsPerEM()";0;0;0;61925;61925;61925;18;18;0;0;0;0;2;2;2;2;1;61925;0;0;61925;61925;0
"UnityEngine.TextCoreFontEngineModule.dll!UnityEngine.TextCore::Glyph.get_index()";0;0;0;61925;61925;61925;22;22;0;0;0;0;2;2;2;2;1;61925;0;0;61925;61925;0
"UnityEngine.UI.dll!UnityEngine.UI::Graphic.set_raycastTarget()";0;0;0;61925;61925;61925;20;20;0;0;0;0;1;1;1;1;1;61925;0;0;61925;61925;0
"Assembly-CSharp.dll!::<MoveToPath>d__20..ctor()";0;0;0.0001;62031;60471;61249;6;6;0.000299999992421363;4.285714E-05;0;0.0001;7;1;1;1;7;60471;0;0.0001;60471;61249;0
"GfxResource.Unregister";0;0;0;62046;62046;62046;10;10;0;0;0;0;36;36;36;36;1;62046;0;0;62046;62046;0
"mscorlib.dll!::ValueCollection..ctor()";0;0;0;62046;62046;62046;16;16;0;0;0;0;1;1;1;1;1;62046;0;0;62046;62046;0
"RadiosityDataManager.PurgeProbeSets";0;0;0;62046;62046;62046;12;12;0;0;0;0;1;1;1;1;1;62046;0;0;62046;62046;0
"Unity.ResourceManager.dll!UnityEngine.ResourceManagement.AsyncOperations::AsyncOperationBase`1.Destroy()";0;0;0;62046;62046;62046;19;19;0;0;0;0;1;1;1;1;1;62046;0;0;62046;62046;0
"Unity.ResourceManager.dll!UnityEngine.ResourceManagement.AsyncOperations::GroupOperation.UnityEngine.ResourceManagement.AsyncOperations.ICachable.get_Key()";0;0;0;62046;62046;62046;19;19;0;0;0;0;2;2;2;2;1;62046;0;0;62046;62046;0
"Unity.ResourceManager.dll!UnityEngine.ResourceManagement.Util::DependenciesCacheKey.GetHashCode()";0;0;0;62046;62046;62046;21;23;0;0;0;0;2;2;2;2;1;62046;0;0;62046;62046;0
"Unity.TextMeshPro.dll!TMPro::TextMeshProUGUI.CalculateLayoutInputVertical()";0;0;0;62046;62046;62046;14;14;0;0;0;0;1;1;1;1;1;62046;0;0;62046;62046;0
"UnityEngine.UI.dll!UnityEngine.EventSystems::BaseInputModule.DeactivateModule()";0;0;0;62046;62046;62046;14;14;0;0;0;0;1;1;1;1;1;62046;0;0;62046;62046;0
"UnityEngine.UI.dll!UnityEngine.EventSystems::EventSystem.get_firstSelectedGameObject()";0;0;0;62046;62046;62046;7;7;0;0;0;0;1;1;1;1;1;62046;0;0;62046;62046;0
"UnityEngine.UI.dll!UnityEngine.UI::LayoutElement.CalculateLayoutInputHorizontal()";0;0;0;62046;62046;62046;14;14;0;0;0;0;1;1;1;1;1;62046;0;0;62046;62046;0
"UnityEngine.UI.dll!UnityEngine.UI::LayoutElement.CalculateLayoutInputVertical()";0;0;0;62046;62046;62046;14;14;0;0;0;0;1;1;1;1;1;62046;0;0;62046;62046;0
"UnityEngine.UI.dll!UnityEngine.EventSystems::AbstractEventData..ctor()";0;0;0.0001;62047;62047;62046;9;12;9.99999974737875E-05;5E-05;0;0;4;1;1;3;2;62046;0;0.0001;62047;62046;0
"UnityEngine.CoreModule.dll!UnityEngine.Pool::ObjectPool`1.get_CountAll()";0;0;0;62095;62095;62095;10;10;0;0;0;0;1;1;1;1;1;62095;0;0;62095;62095;0
"UIEvents.AlignCanvasRectTransformWithCamera";0;0;0.006;62127;60314;61266;3;3;0.129699997283751;6.485E-05;0;0.0001;2000;1;1;1;2000;60314;0;0.006;60314;61266;0.0001
"CullingGroupSendEvents";0;0;0.0045;62218;60316;61934;5;5;0.126399996530381;6.32E-05;0;0.0001;2000;1;1;1;2000;60314;0;0.0045;60316;61934;0.0001
"ConstraintManager::Update::JobSetup";0;0;0.001;62239;60316;62255;4;4;0.122899996866181;6.144999E-05;0;0.0001;2000;1;1;1;2000;60314;0;0.001;60316;62255;0
"UnityEngine.UI.dll!UnityEngine.UI::ColorBlock.get_highlightedColor()";0;0;0.0001;62239;60665;60343;15;15;0.000199999994947575;3.333333E-05;0;0;6;1;1;1;6;60343;0;0.0001;60665;60343;0
"UnityEngine.UI.dll!UnityEngine.UI::Selectable.get_hasSelection()";0;0;0.0003;62239;60356;62046;11;26;0.00139999995735707;5.185185E-05;0;0.0001;30;1;1;3;27;60343;0;0.0001;60356;60343;0
"UnityEngine.UI.dll!UnityEngine.EventSystems::PointerEventData.set_fullyExited()";0;0;0.0003;62250;60738;60384;10;16;0.00119999996240949;8.571428E-05;0;0.0001;30;2;1;4;14;60384;0;0.0001;60384;60384;0
"RenderTarget.SetActive";0;0;0.0043;62275;60326;62240;4;8;0.028799999410694;7.519582E-05;0;0.0001;669;2;1;3;383;60326;0;0.0043;60326;62240;0
"UnityEngine.UI.dll!UnityEngine.UI::Selectable.get_isPointerDown()";0;0;0.0003;62313;60356;62046;5;26;0.00209999993967358;6E-05;0;0.0001;45;1;1;3;35;60343;0;0.0001;60356;60343;0
