Name; Median Time; Min Time; Max Time; Median Frame Index; Min Frame Index; Max Frame Index; Min Depth; Max Depth; Total Time; Mean Time; Time Lower Quartile; Time Upper Quartile; Count Total; Count Median; Count Min; Count Max; Number of frames containing Marker; First Frame Index; Time Min Individual; Time Max Individual; Min Individual Frame; Max Individual Frame; Time at Median Frame
"Application.WaitForAsyncOperationToComplete";281.7239;281.7239;281.7239;79669;79669;79669;6;6;281.723907470703;281.7239;281.7239;281.7239;1;1;1;1;1;79669;281.7239;281.7239;79669;79669;0
"Application.LoadLevelAsync Integrate";258.6056;258.6056;258.6056;79669;79669;79669;8;8;258.605590820313;258.6056;258.6056;258.6056;1;1;1;1;1;79669;258.6056;258.6056;79669;79669;0
"GC.Collect";229.4269;229.4269;229.4269;79669;79669;79669;9;9;229.426895141602;229.4269;229.4269;229.4269;1;1;1;1;1;79669;229.4269;229.4269;79669;79669;0
"GarbageCollectAssetsProfile";22.5272;22.5272;22.5272;79669;79669;79669;8;8;22.5272006988525;22.5272;22.5272;22.5272;1;1;1;1;1;79669;22.5272;22.5272;79669;79669;0
"GC.MarkDependencies";16.3638;16.3638;16.3638;79669;79669;79669;9;9;16.3638000488281;16.3638;16.3638;16.3638;1;1;1;1;1;79669;16.3638;16.3638;79669;79669;0
"UnloadScene";11.8969;11.8969;11.8969;79669;79669;79669;9;9;11.896900177002;11.8969;11.8969;11.8969;1;1;1;1;1;79669;11.8969;11.8969;79669;79669;0
"Mono.JIT";5.5442;0.2407;6.0156;79669;79668;79112;6;14;11.8004996776581;3.9335;0.2407;5.5442;103;46;2;55;3;79112;0.0238;0.5247;79112;79669;0
"GC.DeleteUnusedAssets";3.9505;3.9505;3.9505;79669;79669;79669;9;9;3.95050001144409;3.9505;3.9505;3.9505;1;1;1;1;1;79669;3.9505;3.9505;79669;79669;0
"BatchDeleteObjects";3.8397;3.8397;3.8397;79669;79669;79669;10;10;3.8396999835968;3.8397;3.8397;3.8397;1;1;1;1;1;79669;3.8397;3.8397;79669;79669;0
"Assembly-CSharp.dll!::TowerBasePrefabLoader.OnDestroy() [Invoke]";3.5386;3.5386;3.5386;79669;79669;79669;11;11;3.53859996795654;3.5386;3.5386;3.5386;1;1;1;1;1;79669;3.5386;3.5386;79669;79669;0
"EditorLoop";2.2411;1.7667;316.2001;80337;80382;81029;1;1;5330.56855964661;2.665284;2.013;2.8401;8000;4;4;4;2000;79030;0.0158;297.8887;79676;81029;2.594
"LoadSceneOperation.CompleteAwakeSequence";2.0846;2.0846;2.0846;79669;79669;79669;9;9;2.08459997177124;2.0846;2.0846;2.0846;1;1;1;1;1;79669;2.0846;2.0846;79669;79669;0
"Loading.AwakeFromLoad";1.6639;1.6639;1.6639;79669;79669;79669;8;10;1.66389977931976;1.6639;1.6639;1.6639;154;154;154;154;1;79669;0;0.2754;79669;79669;0
"GC.BuildLiveObjectMaps";0.9432;0.9432;0.9432;79669;79669;79669;9;9;0.943199992179871;0.9432;0.9432;0.9432;1;1;1;1;1;79669;0.9432;0.9432;79669;79669;0
"Unity.TextMeshPro.dll!TMPro::TextMeshProUGUI.OnDestroy() [Invoke]";0.8916;0.8916;0.8916;79669;79669;79669;11;11;0.891599953174591;0.8916;0.8916;0.8916;17;17;17;17;1;79669;0.0473;0.08;79669;79669;0
"Assembly-CSharp.dll!::TargetProjectile.OnTriggerEnter2D() [Invoke]";0.8884;0.8884;0.8884;79034;79034;79034;8;8;0.888400018215179;0.8884;0.8884;0.8884;1;1;1;1;1;79034;0.8884;0.8884;79034;79034;0
"GC.FindLiveObjects";0.8338;0.8338;0.8338;79669;79669;79669;9;9;0.83380001783371;0.8338;0.8338;0.8338;1;1;1;1;1;79669;0.8338;0.8338;79669;79669;0
"PlayerLoop";0.7258;0.4612;284.3501;80769;80939;79669;1;1;2605.86378121376;1.302932;0.6009;1.5652;6001;3;3;4;2000;79030;0.0001;284.0329;79927;79669;0.8365
"Assembly-CSharp.dll!::BuildModeController.OnDestroy() [Invoke]";0.6745;0.6745;0.6745;79669;79669;79669;11;11;0.674499988555908;0.6745;0.6745;0.6745;1;1;1;1;1;79669;0.6745;0.6745;79669;79669;0
"Assembly-CSharp.dll!::Player.OnDestroy() [Invoke]";0.6105;0.6105;0.6105;79669;79669;79669;11;11;0.610499978065491;0.6105;0.6105;0.6105;1;1;1;1;1;79669;0.6105;0.6105;79669;79669;0
"Assembly-CSharp.dll!::BossIntroFx.OnDisable() [Invoke]";0.5222;0.5222;0.5222;79669;79669;79669;13;13;0.522199988365173;0.5222;0.5222;0.5222;1;1;1;1;1;79669;0.5222;0.5222;79669;79669;0
"UpdateScene";0.4858;0.2924;284.0328;80957;80468;79669;2;2;1779.04100194573;0.8895205;0.3994;0.8583;2000;1;1;1;2000;79030;0.2924;284.0328;80468;79669;0.3507
"Unity.TextMeshPro.dll!TMPro::TextMeshProUGUI.Awake() [Invoke]";0.4259;0.4259;0.4259;79669;79669;79669;11;11;0.425900012254715;0.4259;0.4259;0.4259;5;5;5;5;1;79669;0.0771;0.1118;79669;79669;0
"UnityEngine.TilemapModule.dll!UnityEngine.Tilemaps::TilemapRenderer.UnregisterSpriteAtlasRegistered() [Invoke]";0.4044;0.4044;0.4044;79669;79669;79669;13;13;0.404399991035461;0.4044;0.4044;0.4044;3;3;3;3;1;79669;0.0057;0.389;79669;79669;0
"UnityEngine.IMGUIModule.dll!UnityEngine::GUIUtility.DestroyGUI() [Invoke]";0.3941;0.3941;0.3941;79669;79669;79669;11;11;0.39410001039505;0.3941;0.3941;0.3941;1;1;1;1;1;79669;0.3941;0.3941;79669;79669;0
"didDestroyWorld.Invoke";0.3746;0.3746;0.3746;79669;79669;79669;10;10;0.374599993228912;0.3746;0.3746;0.3746;1;1;1;1;1;79669;0.3746;0.3746;79669;79669;0
"Assembly-CSharp.dll!::DamagePopupSpawner.OnDestroy() [Invoke]";0.3379;0.3379;0.3379;79669;79669;79669;11;11;0.337900012731552;0.3379;0.3379;0.3379;1;1;1;1;1;79669;0.3379;0.3379;79669;79669;0
"GC.MarkSceneRootsAndReduceLiveObjects";0.3033;0.3033;0.3033;79669;79669;79669;9;9;0.303299993276596;0.3033;0.3033;0.3033;1;1;1;1;1;79669;0.3033;0.3033;79669;79669;0
"UnityEngine.CoreModule.dll!UnityEngine.Events::UnityEventBase.UnityEngine.ISerializationCallbackReceiver.OnBeforeSerialize() [Invoke]";0.3029;0.3029;0.3029;79669;79669;79669;9;9;0.302900016307831;0.3029;0.3029;0.3029;46;46;46;46;1;79669;0.0054;0.0142;79669;79669;0
"Profiler.FlushCounters";0.2919;0.2028;2.1286;79982;79994;79133;1;1;773.857798218727;0.3869289;0.2427;0.4484;2000;1;1;1;2000;79030;0.2028;2.1286;79994;79133;0.4353
"sceneLoadedBeforeAwake.Invoke";0.2915;0.2915;0.2915;79669;79669;79669;10;10;0.291500002145767;0.2915;0.2915;0.2915;1;1;1;1;1;79669;0.2915;0.2915;79669;79669;0
"Physics.RecreateDefaultPhysicsSceneOnSceneLoad";0.2859;0.2859;0.2859;79669;79669;79669;11;11;0.285899996757507;0.2859;0.2859;0.2859;1;1;1;1;1;79669;0.2859;0.2859;79669;79669;0
"Profiler.FlushMemoryCounters";0.2708;0.1889;1.9724;79691;79994;79161;2;2;733.894398152828;0.3669472;0.2253;0.4306;2000;1;1;1;2000;79030;0.1889;1.9724;79994;79161;0.3972
"UnityEngine.UI.dll!UnityEngine.UI::Image.OnCanvasHierarchyChanged() [Invoke]";0.2522999;0.2522999;0.2522999;79669;79669;79669;11;13;0.252299904823303;0.2522999;0.2522999;0.2522999;130;130;130;130;1;79669;0.0007;0.0318;79669;79669;0
"LogStringToConsole";0.2331;0.2331;0.2331;79112;79112;79112;9;9;0.23309999704361;0.2331;0.2331;0.2331;1;1;1;1;1;79112;0.2331;0.2331;79112;79112;0
"RenderPlayModeViewCameras";0.2291;0.15;8.5836;80315;80636;79939;2;2;825.493997424841;0.412747;0.186;0.6405;2001;1;1;2;2000;79030;0.15;8.5836;80636;79939;0.4845
"Physics2D.Step";0.2238;0.0035;0.6526;79302;79753;79086;5;5;40.6241998944897;0.2115844;0.1991;0.249;194;1;1;3;192;79031;0.0035;0.6526;79753;79086;0
"Physics2D.FindNewContacts";0.1986;0.0003;0.5452;79230;79753;79086;6;7;35.6801998429873;0.1858344;0.1852;0.2139;386;2;2;4;192;79031;0;0.5451;79031;79086;0
"RenderForward.RenderLoopJob";0.1817;0.0147;0.7934;79461;79705;79058;7;7;131.088499463163;0.1936315;0.159;0.2136;677;1;1;1;677;79030;0.0147;0.7934;79705;79058;0
"UnityEditor.CoreModule.dll!UnityEditor.Build::BuildPipelineInterfaces.OnSceneProcess() [Invoke]";0.1703;0.1703;0.1703;79669;79669;79669;9;9;0.170300006866455;0.1703;0.1703;0.1703;1;1;1;1;1;79669;0.1703;0.1703;79669;79669;0
"TMP Layout Text";0.1639;0.0569;0.8553;79122;79230;79126;7;7;35.2299997583032;0.1638605;0.1122;0.184;884;5;1;7;215;79030;0.0185;0.3938;79057;79126;0
"Assembly-CSharp.dll!::TowerWeapon.OnDisable() [Invoke]";0.1608;0.1608;0.1608;79669;79669;79669;13;13;0.160799980163574;0.1608;0.1608;0.1608;77;77;77;77;1;79669;0.0003;0.0351;79669;79669;0
"UnityEditor.CoreModule.dll!UnityEditor::MaterialEditor.ApplyMaterialPropertyDrawersFromNative() [Invoke]";0.154;0.154;0.1593;79034;79034;79076;9;9;0.313299998641014;0.15665;0.154;0.154;2;1;1;1;2;79034;0.154;0.1593;79034;79076;0
"UnityEditor.CoreModule.dll!UnityEditor::EditorApplication.BuildMainWindowTitle() [Invoke]";0.152;0.152;0.152;79669;79669;79669;8;8;0.151999995112419;0.152;0.152;0.152;1;1;1;1;1;79669;0.152;0.152;79669;79669;0
"Camera.Render";0.1493;0.1005;1.6693;80115;80726;79184;3;3;589.274598486722;0.2946373;0.1233;0.4772;2001;1;1;2;2000;79030;0.1005;1.6693;80726;79184;0.323
"UnityEngine.CoreModule.dll!UnityEngine::StackTraceUtility.ExtractStackTrace() [Invoke]";0.1341;0.1341;0.1341;79112;79112;79112;10;10;0.134100005030632;0.1341;0.1341;0.1341;1;1;1;1;1;79112;0.1341;0.1341;79112;79112;0
"CollectGameObjects";0.1244;0.1244;0.1244;79669;79669;79669;10;10;0.12440000474453;0.1244;0.1244;0.1244;3;3;3;3;1;79669;0.009;0.1036;79669;79669;0
"TMP.GenerateText";0.115;0.0571;0.3665;79034;79031;79112;9;9;0.894500002264977;0.223625;0.0571;0.3559;13;2;1;5;4;79031;0.0339;0.1502;79112;79669;0
"Update.ScriptRunBehaviourUpdate";0.1091;0.0412;1.406;80848;81025;79324;3;3;378.979199122638;0.1894896;0.0695;0.3213;2000;1;1;1;2000;79030;0.0412;1.406;81025;79324;0.0598
"BehaviourUpdate";0.1086;0.0409;1.4043;80775;81025;79324;4;4;377.709199026227;0.1888546;0.0691;0.3207;2000;1;1;1;2000;79030;0.0409;1.4043;81025;79324;0.0596
"BatchRenderer.Flush";0.1084;0.0036;0.4784001;79071;79705;79058;8;8;77.7628044257872;0.1148638;0.09839999;0.1231;17216;24;1;45;677;79030;0.0001;0.1478;79030;79344;0
"Assembly-CSharp.dll!::TowerWeapon.AttackLoop() [Coroutine: MoveNext] [Invoke]";0.0987;0.0027;0.4469;79084;79331;79061;5;7;9.96349997469224;0.1107056;0.0925;0.1176;176;2;1;3;90;79030;0.0017;0.4048;79082;79075;0
"Unity.TextMeshPro.dll!TMPro::TextMeshProUGUI.OnCanvasHierarchyChanged() [Invoke]";0.09569999;0.09569999;0.09569999;79669;79669;79669;11;13;0.0956999883055687;0.09569999;0.09569999;0.09569999;56;56;56;56;1;79669;0.0007;0.0053;79669;79669;0
"UnityEngine.UI.dll!UnityEngine.UI::Slider.OnDisable() [Invoke]";0.0955;0.0941;0.106;79112;79034;79031;11;11;0.29559999704361;0.09853333;0.0941;0.0955;3;1;1;1;3;79031;0.0941;0.106;79034;79031;0
"Assembly-CSharp.dll!::Tower.Update() [Invoke]";0.09030001;0.05830001;0.4133002;79095;79379;79165;5;5;63.6750037707388;0.09964789;0.08510002;0.0979;49203;77;77;77;639;79030;0.0005;0.1756;79197;79144;0
"GameObject.AddComponent";0.0901;0.0718;0.1093;79076;79034;79669;6;10;0.271199986338615;0.0904;0.0718;0.0901;115;3;3;109;3;79034;0;0.0872;79669;79669;0
"UnityEngine.UI.dll!UnityEngine.UI::Graphic.OnDestroy() [Invoke]";0.08530003;0.08530003;0.08530003;79669;79669;79669;11;11;0.0853000283241272;0.08530003;0.08530003;0.08530003;56;56;56;56;1;79669;0.0009;0.0055;79669;79669;0
"UnityEngine.IMGUIModule.dll!UnityEngine::GUIUtility.BeginGUI() [Invoke]";0.0838;0.0596;0.446;79065;79190;79498;4;5;59.7898996397853;0.09356792;0.0718;0.1017;1282;2;2;4;639;79030;0.0092;0.3898;79650;79498;0
"Assembly-CSharp.dll!::WaveSystem.OnDestroy() [Invoke]";0.0798;0.0798;0.0798;79669;79669;79669;11;11;0.0798000022768974;0.0798;0.0798;0.0798;1;1;1;1;1;79669;0.0798;0.0798;79669;79669;0
"UnityEngine.UI.dll!UnityEngine.UI::Selectable.OnDisable() [Invoke]";0.0798;0.0798;0.0798;79669;79669;79669;13;13;0.0798000022768974;0.0798;0.0798;0.0798;9;9;9;9;1;79669;0.0003;0.0642;79669;79669;0
"Assembly-CSharp.dll!::TitleFlow.Awake() [Invoke]";0.0713;0.0713;0.0713;79669;79669;79669;11;11;0.0712999999523163;0.0713;0.0713;0.0713;1;1;1;1;1;79669;0.0713;0.0713;79669;79669;0
"GC.Alloc";0.07;0.0196;23.01274;79299;79800;79112;5;15;77.1579175144434;0.1199968;0.0615;0.07910001;11458;6;1;6371;643;79030;0.0028;1.4239;79112;79669;0
"ExecuteRenderQueueJob";0.0691;0.0037;0.3224;79186;79705;79480;8;8;49.2211999164429;0.07503232;0.0583;0.082;656;1;1;1;656;79030;0.0037;0.3224;79705;79480;0
"PreLateUpdate.ScriptRunBehaviourLateUpdate";0.069;0.0438;0.3776;80259;81029;79538;3;3;153.310799565166;0.0766554;0.0603;0.08;2000;1;1;1;2000;79030;0.0438;0.3776;81029;79538;0.0575
"LateBehaviourUpdate";0.0687;0.0437;0.376;79251;81029;79538;4;4;152.548099294305;0.07627405;0.0599;0.0796;2000;1;1;1;2000;79030;0.0437;0.376;81029;79538;0.0573
"Physics2D.Collider2D.DestroyShapes";0.06840005;0.0009;0.2503999;79213;79725;79106;7;14;13.5243025227683;0.07043908;0.05899999;0.08700005;17509;100;1;123;192;79031;0;0.1055;79669;79669;0
"Idle";0.0674;0.0003;0.4215;79162;79457;79066;5;8;47.9162998035026;0.07617854;0.0509;0.0876;1016;2;1;5;629;79030;0.0002;0.3982;79331;79538;0
"Profiler.Callstack";0.0665;0.0191;22.06137;79360;79800;79112;6;16;73.8870714940131;0.1149099;0.0586;0.0758;11458;6;1;6371;643;79030;0.0026;1.4231;79112;79669;0
"Assembly-CSharp.dll!::Pathfinder.ShowPath() [Invoke]";0.0662;0.0662;0.0662;79483;79483;79483;5;5;0.066200003027916;0.0662;0.0662;0.0662;1;1;1;1;1;79483;0.0662;0.0662;79483;79483;0
"Physics2D.Collider2D.CreateShapes";0.06580001;0.0024;0.1703999;79193;79695;79106;7;7;12.4344021794386;0.06476251;0.06030001;0.07180003;17355;100;1;117;192;79031;0.0004;0.0328;79031;79344;0
"UnityEngine.UI.dll!UnityEngine.EventSystems::EventSystem.Update() [Invoke]";0.0645;0.0158;0.6405;79241;81025;79668;5;5;138.020199470222;0.0690101;0.0404;0.0845;2000;1;1;1;2000;79030;0.0158;0.6405;81025;79668;0.0352
"SpriteRenderer.PrepareNode";0.0638;0.0031;0.3037;79541;79705;79480;7;9;46.0220997554716;0.06962496;0.0535;0.0769;2266;3;1;18;661;79030;0.0001;0.2698;79060;79480;0
"Loading.CheckConsistency [Editor Only]";0.0618;0.0618;0.0618;79669;79669;79669;9;10;0.0617999956011772;0.0618;0.0618;0.0618;154;154;154;154;1;79669;0;0.0058;79669;79669;0
"TMP GenerateText - Phase I";0.0602;0.0208;0.3184;79093;79230;79126;8;10;13.2381000649184;0.0612875;0.0417;0.067;897;5;1;10;216;79030;0.0051;0.1691;79057;79126;0
"Assembly-CSharp.dll!::TowerWeapon.OnDestroy() [Invoke]";0.0563;0.0563;0.0563;79669;79669;79669;11;11;0.0562999956309795;0.0563;0.0563;0.0563;77;77;77;77;1;79669;0.0001;0.0064;79669;79669;0
"Culling";0.0553;0.0321;0.5751;80756;80392;79238;4;4;127.14509960264;0.06357255;0.0436;0.0717;2001;1;1;2;2000;79030;0.0321;0.5751;80392;79238;0.1189
"TMP Parse Text";0.0542;0.0193;0.4633;79102;79237;79669;7;9;12.7886999174953;0.05920694;0.0373;0.0649;898;5;1;10;216;79030;0.0061;0.1211;79057;79669;0
"EnlightenRuntimeManager.SyncRuntimeData";0.0485;0.0485;0.0485;79669;79669;79669;12;13;0.0485000014305115;0.0485;0.0485;0.0485;2;2;2;2;1;79669;0.0231;0.0254;79669;79669;0
"GameObject.Activate";0.0482;0.008;0.0884;79034;79031;79112;7;9;0.308899992145598;0.05148333;0.0269;0.0522;8;1;1;2;6;79031;0.001;0.0884;79034;79112;0
"FindObjectsOfType";0.0458;0.0458;0.0458;79669;79669;79669;9;11;0.0458000004291534;0.0458;0.0458;0.0458;10;10;10;10;1;79669;0.0002;0.0169;79669;79669;0
"PostLateUpdate.PlayerUpdateCanvases";0.0418;0.0213;1.5585;79877;79615;79669;3;3;153.534699322656;0.07676735;0.0366;0.0524;2000;1;1;1;2000;79030;0.0213;1.5585;79615;79669;0.0365
"UIEvents.WillRenderCanvases";0.0401;0.0194;1.5516;79833;79615;79669;4;4;149.288199525326;0.0746441;0.0351;0.0504;2000;1;1;1;2000;79030;0.0194;1.5516;79615;79669;0.0348
"UGUI.Rendering.UpdateBatches";0.0399;0.0192;1.5514;80665;79615;79669;5;5;148.944599168375;0.0744723;0.0349;0.0502;2000;1;1;1;2000;79030;0.0192;1.5514;79615;79669;0.0346
"Assembly-CSharp.dll!::Projectile.ReleaseMiss() [Invoke]";0.0399;0.0248;0.1163;79387;79119;79181;5;5;0.273599995300174;0.0684;0.0248;0.0926;9;2;1;4;4;79119;0.0184;0.0744;79350;79181;0
"UnityEngine.UI.dll!UnityEngine.EventSystems::EventSystem.OnDisable() [Invoke]";0.0396;0.0396;0.0396;79669;79669;79669;13;13;0.0395999997854233;0.0396;0.0396;0.0396;1;1;1;1;1;79669;0.0396;0.0396;79669;79669;0
"TMP GenerateText - Phase II";0.0371;0.014;0.2594;79125;79238;79126;8;10;8.50039994437248;0.0393537;0.026;0.0436;897;5;1;10;216;79030;0.004;0.1445;79170;79126;0
"UnityBuildPostprocessor.OnProcessScene";0.0369;0.0369;0.0369;79669;79669;79669;10;10;0.0368999987840652;0.0369;0.0369;0.0369;1;1;1;1;1;79669;0.0369;0.0369;79669;79669;0
"TMP.SetArraySizes";0.0358;0.0134;0.2677;79086;79237;79669;8;10;8.38480004761368;0.03881852;0.0255;0.0424;898;5;1;10;216;79030;0.0037;0.0772;79061;79669;0
"SceneCulling";0.0356;0.0207;0.5146;80479;80392;79238;5;5;86.047899575904;0.04302395;0.0274;0.0527;2001;1;1;2;2000;79030;0.0207;0.5146;80392;79238;0.0637
"UnityEngine.Physics2DModule.dll!UnityEngine.LowLevelPhysics2D::PhysicsWorldRenderer.InitializeRendering() [Invoke]";0.0353;0.0353;0.0353;79669;79669;79669;11;11;0.035300001502037;0.0353;0.0353;0.0353;1;1;1;1;1;79669;0.0353;0.0353;79669;79669;0
"TimelineAnalyticsProcess.OnProcessScene";0.0348;0.0348;0.0348;79669;79669;79669;10;10;0.0348000004887581;0.0348;0.0348;0.0348;1;1;1;1;1;79669;0.0348;0.0348;79669;79669;0
"Unity.2D.Animation.Runtime.dll!UnityEngine.U2D.Animation::DeformationManagerUpdater.LateUpdate() [Invoke]";0.0348;0.0286;0.2113;80825;79429;80059;5;5;78.488199647516;0.0392441;0.0329;0.039;2000;1;1;1;2000;79030;0.0286;0.2113;79429;80059;0.0348
"StaticBatching.Combine";0.0335;0.0335;0.0335;79669;79669;79669;11;11;0.033500000834465;0.0335;0.0335;0.0335;1;1;1;1;1;79669;0.0335;0.0335;79669;79669;0
"Assembly-CSharp.dll!::PanelPlayerTMP.Update() [Invoke]";0.0333;0.0169;0.1745;79652;79650;79405;5;5;23.6803998686373;0.03705853;0.0302;0.0382;639;1;1;1;639;79030;0.0169;0.1745;79650;79405;0
"LowLevelPhysics2D.PhysicsWorld.Create";0.0331;0.0331;0.0331;79669;79669;79669;11;11;0.033100001513958;0.0331;0.0331;0.0331;1;1;1;1;1;79669;0.0331;0.0331;79669;79669;0
"DeformationManager.LateUpdate";0.0325;0.0268;0.2012;79289;79429;80059;6;6;73.1953995861113;0.0365977;0.0307;0.0363;2000;1;1;1;2000;79030;0.0268;0.2012;79429;80059;0.0328
"Drawing";0.0318;0.0215;1.1205;80139;80668;79058;4;4;241.565299134701;0.1207827;0.0266;0.2401;2001;1;1;2;2000;79030;0.0215;1.1205;80668;79058;0.0768
"Unity.TextMeshPro.dll!TMPro::TextMeshProUGUI.OnEnable() [Invoke]";0.0315;0.0315;0.5388;79112;79112;79669;11;11;0.570300001651049;0.28515;0.0315;0.0315;6;1;1;5;2;79112;0.0315;0.1612;79112;79669;0
"UI.RenderOverlays";0.0313;0.0229;7.7899;80249;79223;79939;3;3;80.7249995395541;0.0403625;0.0295;0.0356;2001;1;1;2;2000;79030;0.0229;7.7899;79223;79939;0.0832
"UnityEngine.UI.dll!UnityEngine.EventSystems::EventSystem.Start() [Invoke]";0.0306;0.0306;0.0306;79669;79669;79669;5;5;0.0306000001728535;0.0306;0.0306;0.0306;1;1;1;1;1;79669;0.0306;0.0306;79669;79669;0
"Canvas.RenderOverlays";0.0303;0.0221;7.6628;81022;79223;79939;4;4;78.3594995886087;0.03917975;0.0286;0.0344;2001;1;1;2;2000;79030;0.0221;7.6628;79223;79939;0.0811
"sceneLoadedAfterAwake.Invoke";0.0301;0.0301;0.0301;79669;79669;79669;10;10;0.0300999991595745;0.0301;0.0301;0.0301;1;1;1;1;1;79669;0.0301;0.0301;79669;79669;0
"Unity.TextMeshPro.dll!TMPro::TextMeshProUGUI.OnRectTransformDimensionsChange() [Invoke]";0.0301;0.0301;0.0301;79669;79669;79669;9;9;0.0300999991595745;0.0301;0.0301;0.0301;3;3;3;3;1;79669;0.0068;0.0145;79669;79669;0
"UnityEngine.Physics2DModule.dll!UnityEngine.LowLevelPhysics2D::PhysicsWorldRenderer.ShutdownRendering() [Invoke]";0.0296;0.0296;0.0296;79669;79669;79669;11;11;0.0296000000089407;0.0296;0.0296;0.0296;1;1;1;1;1;79669;0.0296;0.0296;79669;79669;0
"Assembly-CSharp.dll!::TowerWeapon.AttackThenSearch() [Coroutine: MoveNext] [Invoke]";0.0293;0.0079;0.1486;79331;79033;79031;5;7;0.611400000751019;0.04703077;0.0262;0.0401;16;1;1;3;13;79031;0.0044;0.1402;79031;79061;0
"Assembly-CSharp.dll!::Enemy.OnTriggerEnter2D() [Invoke]";0.0287;0.0007;56.7726;79052;79034;79112;8;8;57.1359982762951;11.4272;0.0112;0.3228;5;1;1;1;5;79031;0.0007;56.7726;79034;79112;0
"Physics2D.SendContactCallbacks";0.0287;0.0038;56.8291;79201;79446;79112;6;15;64.378001538571;0.3832024;0.0157;0.0416;234;1;1;33;168;79031;0;56.8291;79076;79112;0
"GameObject.Deactivate";0.0286;0.0061;2.653499;79063;79122;79669;6;14;3.75429863249883;0.1632304;0.0144;0.0586;120;1;1;68;23;79031;0;0.7192;79034;79669;0
"GameObject.ActivateAwakeRecursively";0.0284;0.0059;2.6374;79063;79122;79669;7;12;4.02959984308109;0.161184;0.0264;0.0588;68;1;1;15;25;79031;0.0008;0.7189;79034;79669;0
"Physics2D.SendTriggerContactCallbacks";0.0281;0.0037;56.8279;79251;79446;79112;7;16;64.2686999810394;0.3825518;0.0155;0.0404;3200;19;3;110;168;79031;0.0002;56.7773;79031;79112;0
"SpriteRenderer.RenderMultiple";0.0273;0.0215;0.1696;79388;79632;79058;9;9;20.4467999301851;0.03199812;0.025;0.0319;8947;14;13;16;639;79030;0.0006;0.0572;79302;79550;0
"TMP Save Processing States";0.02680001;0.0043;0.0372;79112;79034;79669;11;11;0.0683000087738037;0.02276667;0.0043;0.02680001;84;39;4;41;3;79034;0.0001;0.0021;79112;79669;0
"PostLoadSceneStaticLightmapSettings";0.0268;0.0268;0.0268;79669;79669;79669;11;11;0.0267999991774559;0.0268;0.0268;0.0268;1;1;1;1;1;79669;0.0268;0.0268;79669;79669;0
"TMP GenerateText - Phase III";0.0261;0.0095;0.1348;79140;79227;79126;8;10;5.97949991561472;0.02768287;0.0196;0.0325;897;5;1;10;216;79030;0.0041;0.0515;79057;79126;0
"Physics2D.CompileContactCallbacks";0.026;0;56.8346;79276;79671;79112;5;14;64.8961023956945;0.3380005;0.0143;0.0425;337;1;1;104;192;79031;0;56.8329;79669;79112;0
"Assembly-CSharp.dll!::Pathfinder.OnTriggerEnter2D() [Invoke]";0.0259;0.0092;0.0299;79281;79031;79185;8;8;0.0650000004097819;0.02166667;0.0092;0.0259;3;1;1;1;3;79031;0.0092;0.0299;79031;79185;0
"Profiler.CollectEditorStats";0.0254;0.0155;0.1391;79164;80499;80069;1;1;56.7956996895373;0.02839785;0.0215;0.0304;2000;1;1;1;2000;79030;0.0155;0.1391;80499;80069;0.0304
"EarlyUpdate.PollPlayerConnection";0.0252;0.0116;0.1414;80729;79522;79144;3;3;52.5773996971548;0.0262887;0.0222;0.0281;2000;1;1;1;2000;79030;0.0116;0.1414;79522;79144;0.0251
"PlayerConnection.Poll";0.0249;0.0114;0.1411;80729;79522;79144;4;4;51.9682997008786;0.02598415;0.0219;0.0278;2000;1;1;1;2000;79030;0.0114;0.1411;79522;79144;0.0248
"CullSendEvents";0.0248;0.0118;0.1567;80049;79752;80377;6;6;55.2707997085527;0.0276354;0.019;0.0334;2001;1;1;2;2000;79030;0.0118;0.1567;79752;80377;0.0339
"WaitForJobGroupID";0.0242;0.0128;0.8851;80055;80848;79238;4;8;218.304099913687;0.109152;0.0181;0.2412;10620;3;1;16;2000;79030;0.0004;0.461;80567;79538;0.0232
"Profiler.CollectUIStats";0.0239;0.0147;0.1378;80716;80499;80069;2;2;53.946099714376;0.02697305;0.0203;0.0289;2000;1;1;1;2000;79030;0.0147;0.1378;80499;80069;0.0292
"Graphics.Blit";0.0235;0.0165;0.1262;79546;79705;80731;5;7;38.6433998588473;0.02752379;0.0215;0.0281;2990;2;2;4;1404;79036;0.0051;0.0578;80326;80415;0.06
"Unity.TextMeshPro.dll!TMPro::TextMeshProUGUI.OnDisable() [Invoke]";0.0234;0.0234;0.1239;79034;79034;79669;11;13;0.147299995645881;0.07365;0.0234;0.0234;14;1;1;13;2;79034;0.0057;0.0367;79669;79669;0
"Material.SetPassFast";0.0223;0.0176;7.3718;80043;80190;79939;5;5;60.8496995046735;0.03042485;0.0208;0.0291;11373;5;5;10;2000;79030;0.0007;7.1778;79222;79939;0.0477
"didChangeActiveScene.Invoke";0.0223;0.0223;0.0223;79669;79669;79669;8;8;0.022299999371171;0.0223;0.0223;0.0223;1;1;1;1;1;79669;0.0223;0.0223;79669;79669;0
"Assembly-CSharp.dll!::DamagePopup.PlayRoutine() [Coroutine: MoveNext] [Invoke]";0.0221;0.0099;0.1136;79135;79234;79075;5;9;5.53689990565181;0.0256338;0.0165;0.027;892;5;1;7;216;79030;0.0018;0.0839;79046;79208;0
"Destroy";0.0218;0.0204;11.3856;79037;79185;79669;5;12;11.5278991367668;1.921317;0.0209;0.0346;57;1;1;49;6;79034;0;5.8602;79669;79669;0
"didUnloadScene.Invoke";0.0217;0.0217;0.0217;79669;79669;79669;10;10;0.0217000003904104;0.0217;0.0217;0.0217;1;1;1;1;1;79669;0.0217;0.0217;79669;79669;0
"UnityEngine.UI.dll!UnityEngine.UI::Image.OnDisable() [Invoke]";0.0216;0.0174;0.0992;79112;79034;79669;11;13;0.161400003358722;0.04035;0.0174;0.0232;23;2;2;17;4;79031;0.0044;0.0166;79669;79031;0
"GetComponentNullErrorMessage";0.0204;0.0204;0.0218;79112;79112;79031;9;9;0.0421999990940094;0.0211;0.0204;0.0204;4;2;2;2;2;79031;0.0078;0.0132;79112;79031;0
"UnityEngine.IMGUIModule.dll!UnityEngine::GUIUtility.SetSkin() [Invoke]";0.0202;0.013;0.2504;80501;79242;80532;3;3;48.9192997468635;0.02445965;0.0162;0.0273;2000;1;1;1;2000;79030;0.013;0.2504;79242;80532;0.0153
"PreUpdate.SendMouseEvents";0.0192;0.0078;0.578;79903;80159;79144;3;3;47.9202997619286;0.02396015;0.0115;0.033;2000;1;1;1;2000;79030;0.0078;0.578;80159;79144;0.009
"Monobehaviour.OnMouse_";0.019;0.0077;0.5769;80849;80159;79144;4;4;47.6191996801645;0.0238096;0.0114;0.0329;2000;1;1;1;2000;79030;0.0077;0.5769;80159;79144;0.0089
"UnityEngine.InputLegacyModule.dll!UnityEngine::SendMouseEvents.DoSendMouseEvents() [Invoke]";0.0185;0.0074;0.573;80654;80159;79144;5;5;46.1472997418605;0.02307365;0.0107;0.0322;2000;1;1;1;2000;79030;0.0074;0.573;80159;79144;0.0085
"TilemapRenderer.CameraBoundsCheck";0.018;0.0135;0.0605;79310;79213;79143;4;4;13.1266999440268;0.02054257;0.0161;0.0226;1917;3;3;3;639;79030;0.0023;0.0463;79119;79143;0
"Unity.ResourceManager.dll!::MonoBehaviourCallbackHooks.LateUpdate() [Invoke]";0.018;0.0019;0.1146;79145;81029;80511;5;5;40.9621956720948;0.0204811;0.0167;0.0217;35999;18;17;18;2000;79030;0;0.1118;79031;80511;0.0145
"Unity.TextMeshPro.dll!TMPro::TextMeshPro.OnEnable() [Invoke]";0.0178;0.0162;0.0373;79056;79034;79076;11;11;0.0712999980896711;0.02376667;0.0162;0.0178;3;1;1;1;3;79034;0.0162;0.0373;79034;79076;0
"Texture.AwakeFromLoad";0.0169;0.0169;0.0169;79669;79669;79669;9;9;0.0168999992311001;0.0169;0.0169;0.0169;3;3;3;3;1;79669;0.0012;0.0129;79669;79669;0
"TMP Handle Horizontal Line Breaking";0.0165;0.0165;0.0165;79112;79112;79112;12;12;0.016499999910593;0.0165;0.0165;0.0165;3;3;3;3;1;79112;0.0026;0.009;79112;79112;0
"UnityEngine.UI.dll!UnityEngine.UI::Image.OnEnable() [Invoke]";0.0162;0.0162;0.1443;79112;79112;79669;11;11;0.160499999299645;0.08025;0.0162;0.0162;8;1;1;7;2;79112;0.01;0.0298;79669;79669;0
"EditorResources.Load";0.0147;0.0066;0.2266;79982;80103;80532;4;6;41.3517998130992;0.0206759;0.0095;0.0279;3282;1;1;5;2000;79030;0.0049;0.2266;79190;80532;0.0076
"FixedUpdate.Physics2DFixedUpdate";0.0143;0.0066;57.4365;80184;80597;79112;3;3;161.895000445191;0.3958313;0.0085;0.5337;411;1;1;3;409;79031;0.0066;57.4365;80597;79112;0.0075
"SceneManager.LoadSceneAsyncInto";0.014;0.014;0.014;79668;79668;79668;6;6;0.0139999995008111;0.014;0.014;0.014;1;1;1;1;1;79668;0.014;0.014;79668;79668;0
"Profiler.RequestScreenshot";0.014;0.0095;0.086;80941;79891;79456;5;5;2.49099999014288;0.01872932;0.0102;0.0196;133;1;1;1;133;79036;0.0095;0.086;79891;79456;0
"UnityEngine.UIModule.dll!UnityEngine::Canvas.SendWillRenderCanvases() [Invoke]";0.0139;0.009;1.4369;80082;79740;79669;6;6;95.7601996744052;0.0478801;0.0121;0.0166;2000;1;1;1;2000;79030;0.009;1.4369;79740;79669;0.0112
"TilemapRenderer.CheckDirtyChunks";0.0138;0.0101;0.0691;79073;79586;79509;4;4;10.3476999504492;0.01619358;0.0116;0.018;1917;3;3;3;639;79030;0.0015;0.0542;79151;79509;0
"Physics2D.CircleColliderPrepareShapes";0.01369999;0.0006;0.04450003;79615;79731;79344;8;8;2.64309788768878;0.01376614;0.01229999;0.01599999;17355;100;1;117;192;79031;0;0.0319;79034;79344;0
"Camera.ImageEffects";0.0132;0.0002;0.083;80376;79050;80048;4;5;22.5379995192052;0.011269;0.0004;0.015;4002;2;2;4;2000;79030;0.0001;0.0821;79030;80048;0.038
"UnityEngine.UI.dll!UnityEngine.UI::Graphic.OnRectTransformDimensionsChange() [Invoke]";0.0129;0.0079;0.064;79067;79080;79109;6;11;1.27699999790639;0.01538554;0.0114;0.0155;95;1;1;8;83;79030;0.001;0.064;79669;79109;0
"Assembly-CSharp.dll!::Projectile.Update() [Invoke]";0.0129;0.0072;0.1048;79778;79619;79075;5;5;12.5975999608636;0.01644595;0.0096;0.019;5601;3;1;20;766;79030;0.0004;0.0637;79046;79795;0
"PostLateUpdate.UpdateAudio";0.0129;0.0075;0.3678;80715;80355;80059;3;3;29.570799884852;0.0147854;0.0113;0.0153;2000;1;1;1;2000;79030;0.0075;0.3678;80355;80059;0.0106
"UpdateScreenManagerAndInput";0.0125;0.0017;0.2411;79589;81024;80995;3;3;30.6393998588901;0.0153197;0.01;0.0158;2000;1;1;1;2000;79030;0.0017;0.2411;81024;80995;0.0091
"EditorConnection.CheckForIncomingConnections";0.0123;0.0059;0.055;79950;79669;79683;5;5;25.6280998727307;0.01281405;0.0105;0.014;2000;1;1;1;2000;79030;0.0059;0.055;79669;79683;0.0137
"UnityEngine.CoreModule.dll!UnityEngine::Camera.FireOnPostRender() [Invoke]";0.012;0.0081;0.0712;80923;80174;79034;5;5;27.3433998674154;0.0136717;0.0107;0.014;2001;1;1;2;2000;79030;0.0081;0.0712;80174;79034;0.0342
"PrepareSceneNodesCombineJob";0.0119;0.0004;0.0573;79533;80455;79221;9;9;4.05679997839616;0.01175884;0.0109;0.0129;345;1;1;1;345;79031;0.0004;0.0573;80455;79221;0
"AudioManager.Update";0.0118;0.0065;0.3625;80975;80355;80059;4;4;27.0820998959243;0.01354105;0.0103;0.014;2000;1;1;1;2000;79030;0.0065;0.3625;80355;80059;0.01
"Physics2D.RaycastAll";0.0117;0.007;0.0718;79107;79096;79061;6;8;1.16919999476522;0.01425854;0.0104;0.0132;82;1;1;1;82;79030;0.007;0.0718;79096;79061;0
"Assembly-CSharp.dll!::GridHoverOverlay.LateUpdate() [Invoke]";0.0115;0.0034;0.0552;79063;79601;79208;5;5;7.57829995942302;0.01185962;0.0102;0.0132;639;1;1;1;639;79030;0.0034;0.0552;79601;79208;0
"Unity.TextMeshPro.dll!TMPro::TextMeshPro.OnDisable() [Invoke]";0.0109;0.0097;0.0118;79063;79245;79084;8;8;0.0869999993592501;0.010875;0.0106;0.0111;8;1;1;1;8;79063;0.0097;0.0118;79245;79084;0
"EditorConnection.PollAllCustomMessages";0.0109;0.0045;0.1276;80956;80722;79144;5;5;23.5067998934537;0.0117534;0.0096;0.0125;2000;1;1;1;2000;79030;0.0045;0.1276;80722;79144;0.0099
"Mesh.AwakeFromLoad";0.0104;0.0104;0.0104;79669;79669;79669;12;12;0.0104000009596348;0.0104;0.0104;0.0104;5;5;5;5;1;79669;0.0014;0.0044;79669;79669;0
"TMP.InsertNewLine";0.0104;0.0104;0.0104;79112;79112;79112;13;14;0.0104000000283122;0.0104;0.0104;0.0104;3;3;3;3;1;79112;0.0011;0.0077;79112;79112;0
"UnityEngine.UI.dll!UnityEngine.UI::CanvasScaler.OnDisable() [Invoke]";0.0104;0.0104;0.0104;79669;79669;79669;13;13;0.0104000000283122;0.0104;0.0104;0.0104;1;1;1;1;1;79669;0.0104;0.0104;79669;79669;0
"UnityEngine.UI.dll!UnityEngine.UI::CanvasScaler.OnEnable() [Invoke]";0.0104;0.0104;0.0104;79669;79669;79669;11;11;0.0104000000283122;0.0104;0.0104;0.0104;1;1;1;1;1;79669;0.0104;0.0104;79669;79669;0
"UnityEngine.UI.dll!UnityEngine.EventSystems::EventSystem.OnEnable() [Invoke]";0.0103;0.0103;0.0103;79669;79669;79669;11;11;0.0103000001981854;0.0103;0.0103;0.0103;1;1;1;1;1;79669;0.0103;0.0103;79669;79669;0
"UnityEngine.UI.dll!UnityEngine.UI::Image.OnValidate() [Invoke]";0.01;0.01;0.01;79669;79669;79669;11;11;0.00999999977648258;0.01;0.01;0.01;14;14;14;14;1;79669;0.0005;0.0022;79669;79669;0
"TransformChangeSystem";0.01;0.0052;0.1404;80122;79443;79072;4;10;30.6409995784052;0.0153205;0.008799999;0.0133;27020;12;11;31;2000;79030;0;0.0557;79030;79072;0.0092
"MeshRendererFinalizeUpdate";0.0099;0.0005;0.304;79128;79088;79126;5;5;2.39459997811355;0.01113767;0.0067;0.0117;215;1;1;1;215;79030;0.0005;0.304;79088;79126;0
"Canvas.BuildBatch";0.0098;0.0071;0.0613;80606;79740;79126;6;6;17.4693999029696;0.01137331;0.0086;0.0125;1536;1;1;1;1536;79030;0.0071;0.0613;79740;79126;0.0082
"UnityEngine.UI.dll!UnityEngine.EventSystems::UIBehaviour.OnCanvasHierarchyChanged() [Invoke]";0.009799993;0.009799993;0.009799993;79669;79669;79669;11;13;0.00979999266564846;0.009799993;0.009799993;0.009799993;76;76;76;76;1;79669;0;0.0012;79669;79669;0
"Assembly-CSharp.dll!::BossIntroFx.FlyShard() [Coroutine: MoveNext] [Invoke]";0.0097;0.004;0.0109;79030;79034;79033;5;5;0.0433000000193715;0.00866;0.0089;0.0098;10;2;2;2;5;79030;0.0011;0.0071;79034;79033;0
"AssetDatabase.GetGUIDFromAssetPathV2";0.0095;0.0041;0.0768;80537;80103;79295;5;12;26.3763998411596;0.0131882;0.0061;0.0175;6571;2;2;11;2000;79030;0.0009;0.0733;79033;80368;0.005
"TilemapRenderer.Render";0.0094;0.0074;0.0429;79228;79597;79572;9;9;6.87039998313412;0.0107518;0.0088;0.0107;1278;2;2;2;639;79030;0.0035;0.0215;79597;79572;0
"Physics2D.ContactsCollide";0.0094;0.0001;0.0613;79541;79669;79086;6;6;2.19599998457124;0.0114375;0.0065;0.0151;194;1;1;3;192;79031;0.0001;0.0613;79669;79086;0
"UnityEngine.UI.dll!UnityEngine.EventSystems::BaseInputModule.OnEnable() [Invoke]";0.009;0.009;0.009;79669;79669;79669;11;11;0.00899999961256981;0.009;0.009;0.009;1;1;1;1;1;79669;0.009;0.009;79669;79669;0
"TMP Handle Visible Character";0.008900001;0.0031;0.0496;79096;79219;79126;9;11;1.98569997539744;0.009193055;0.0061;0.01;1875;8;3;55;216;79030;0.0003;0.0247;79046;79126;0
"CullSceneDynamicObjects";0.0087;0.0006;0.0213;79326;79739;79281;8;8;1.13469999370864;0.007368182;0.0016;0.0094;154;1;1;1;154;79030;0.0006;0.0213;79739;79281;0
"ParticleSystem.ScheduleGeometryJobs";0.0086;0.0016;0.0149;79063;79067;79100;4;4;0.672699998947792;0.00840875;0.0077;0.01;80;1;1;1;80;79030;0.0016;0.0149;79067;79100;0
"Profiler.CollectLegacyStats";0.0086;0.0058;0.3256;80224;80303;79133;2;2;19.503199886065;0.0097516;0.0078;0.0098;2000;1;1;1;2000;79030;0.0058;0.3256;80303;79133;0.0155
"TMP Handle Vertical Line Breaking";0.0085;0.0085;0.0085;79112;79112;79112;12;13;0.00849999953061342;0.0085;0.0085;0.0085;6;6;6;6;1;79112;0;0.0083;79112;79112;0
"Physics2D.GetRayIntersectionAll";0.0085;0.0013;0.0575;79163;79731;79538;7;7;6.82739995722659;0.008913055;0.0054;0.0113;766;1;1;1;766;79030;0.0013;0.0575;79731;79538;0
"SpriteRenderer.AwakeFromLoad";0.0082;0.0082;0.0088;79033;79033;79669;9;11;0.0169999999925494;0.0085;0.0082;0.0082;3;1;1;2;2;79033;0.0018;0.0088;79033;79669;0
"Assembly-CSharp.dll!::RotateObject.Update() [Invoke]";0.008;0.002;0.0781;80945;79703;79165;5;5;22.4576000664383;0.0112288;0.0065;0.0161;11029;2;2;13;2000;79030;0.0005;0.0457;79154;80511;0.0064
"UnityEngine.UI.dll!UnityEngine.UI::Selectable.OnEnable() [Invoke]";0.0079;0.0079;0.0132;79112;79112;79669;11;11;0.0210999995470047;0.01055;0.0079;0.0079;4;1;1;3;2;79112;0.0031;0.0079;79669;79112;0
"Image.AllocateImageData";0.0079;0.0058;0.0117;79711;79741;79816;6;6;0.0847999989055097;0.00848;0.0076;0.0081;10;1;1;1;10;79681;0.0058;0.0117;79741;79816;0
"Physics2D.GetRayIntersection";0.0078;0.0001;0.0607;79066;79855;79053;6;6;7.42859995461913;0.00768211;0.0023;0.0111;967;1;1;1;967;79030;0.0001;0.0607;79855;79053;0
"Assembly-CSharp.dll!::Slow.OnTriggerStay2D() [Invoke]";0.0077;0.0013;0.0334;79541;79483;79144;8;8;1.24789999134373;0.009108759;0.0068;0.0096;509;3;1;15;137;79031;0.0004;0.0248;79099;79106;0
"UnityEngine.IMGUIModule.dll!UnityEngine::GUIUtility.EndGUI() [Invoke]";0.0076;0.0049;0.1168;79275;79248;79133;4;5;5.44689996354282;0.0085241;0.0062;0.0094;1282;2;2;4;639;79030;0.0005;0.1157;79354;79133;0
"Profiler.FlushCountersWithFlushOnEndOfFrame";0.0076;0.0063;0.2733;80254;79954;80760;2;2;18.5749998958781;0.0092875;0.0071;0.0093;2000;1;1;1;2000;79030;0.0063;0.2733;79954;80760;0.0211
"CullResults.CreateSharedRendererScene";0.0076;0.004;0.4824;80576;80445;79480;4;4;80.915999751538;0.040458;0.0061;0.0789;2001;1;1;2;2000;79030;0.004;0.4824;80445;79480;0.0176
"GUI.ProcessEvents";0.0075;0.0068;0.0947;80146;80103;79668;4;4;0.186299998313189;0.046575;0.0068;0.0773;5;1;1;2;4;79650;0.0028;0.0947;80103;79668;0
"Physics2D.Rigidbody2D.RecalculateContacts";0.0074;0.0013;0.02;79222;79753;79147;7;7;1.4080999775324;0.007333854;0.0058;0.0088;782;4;1;7;192;79031;0.0002;0.0164;79247;79147;0
"Scripting.GetRequiredComponents";0.007299997;0.007299997;0.007299997;79669;79669;79669;7;11;0.00729999737814069;0.007299997;0.007299997;0.007299997;51;51;51;51;1;79669;0;0.0006;79669;79669;0
"ScheduleUpdateRendererBoundingVolumes";0.0069;0.002;0.0563;79341;79695;79072;4;4;6.36859996011481;0.008314099;0.0055;0.0089;766;1;1;1;766;79030;0.002;0.0563;79695;79072;0
"AssetDatabase.GetPathFromAssetGuidV2";0.0066;0.0066;0.0066;79669;79669;79669;9;9;0.0066000004298985;0.0066;0.0066;0.0066;3;3;3;3;1;79669;0.0013;0.0038;79669;79669;0
"Assembly-CSharp.dll!::Player.HitAnimation() [Coroutine: MoveNext] [Invoke]";0.0066;0.0008;0.0291;79158;79094;79139;5;9;0.911999996460509;0.0076;0.0059;0.008;120;1;1;1;120;79031;0.0008;0.0291;79094;79139;0
"Mesh.CreateMesh";0.0065;0.0024;0.0263;79110;79225;79058;7;13;1.50909998011775;0.006986574;0.0048;0.0083;889;5;1;7;216;79030;0.0003;0.0134;79057;79184;0
"Audio.FMODSystemUpdate";0.0065;0.0032;0.3325;79589;80355;80059;5;5;14.7854999515694;0.00739275;0.0057;0.0075;2000;1;1;1;2000;79030;0.0032;0.3325;80355;80059;0.0056
"LowLevelPhysics2D.PhysicsWorld.WriteDefinition";0.0065;0.0065;0.0065;79669;79669;79669;11;12;0.00650000013411045;0.0065;0.0065;0.0065;2;2;2;2;1;79669;0.0028;0.0037;79669;79669;0
"UnityEngine.UI.dll!UnityEngine.UI::LayoutGroup.OnEnable() [Invoke]";0.0064;0.0064;0.0064;79669;79669;79669;11;11;0.0063999998383224;0.0064;0.0064;0.0064;1;1;1;1;1;79669;0.0064;0.0064;79669;79669;0
"PreLateUpdate.UIElementsUpdatePanels";0.0063;0.0043;0.0424;80189;80393;80511;3;3;14.1684999410063;0.00708425;0.0056;0.0073;2000;1;1;1;2000;79030;0.0043;0.0424;80393;80511;0.0053
"Render.OpaqueGeometry";0.0063;0.0046;0.0406;80571;79993;79987;5;5;14.781799911987;0.0073909;0.0059;0.0073;2001;1;1;2;2000;79030;0.0046;0.0406;79993;79987;0.018
"Assembly-CSharp.dll!::OrbitSatellitePivot.Update() [Invoke]";0.0059;0.0039;0.0263;79463;79193;79165;5;5;4.21410000091419;0.006594836;0.0056;0.0065;3199;5;5;6;639;79030;0.0006;0.013;79193;79580;0
"Assembly-CSharp.dll!::TargetProjectile.Update() [Invoke]";0.0059;0.0056;0.0065;79032;79031;79030;5;5;0.0244999998249114;0.006125;0.0056;0.0065;4;1;1;1;4;79030;0.0056;0.0065;79031;79030;0
"PrepareSceneNodes";0.0059;0.0031;0.0427;80127;79164;79939;6;6;13.5484999255277;0.00677425;0.0042;0.0073;2001;1;1;2;2000;79030;0.0031;0.0427;79164;79939;0.0234
"UnsafeUtility.Free";0.0058;0.0043;0.1026;79332;79379;80059;7;7;13.0367993139662;0.0065184;0.005399999;0.0065;24000;12;12;12;2000;79030;0.0001;0.0795;79032;80059;0.009300001
"UnityEngine.UIElementsModule.dll!UnityEngine.UIElements::UIElementsRuntimeUtilityNative.UpdatePanels() [Invoke]";0.0057;0.0038;0.0366;79622;80647;80511;4;4;12.6903999499045;0.0063452;0.0051;0.0065;2000;1;1;1;2000;79030;0.0038;0.0366;80647;80511;0.0048
"Assembly-CSharp.dll!::ProjectileVfx.Update() [Invoke]";0.0057;0.002;0.0538;79386;79669;79075;5;5;5.86839989665896;0.007671111;0.004;0.0097;5595;3;1;21;765;79030;0.0004;0.0327;79046;79059;0
"PlayerEndOfFrame";0.0056;0.0014;0.1028;80695;79672;79456;3;3;17.0666999275563;0.00853335;0.0045;0.0075;2001;1;1;2;2000;79030;0.0014;0.1028;79672;79456;0.0171
"Physics2D.LinecastAll";0.0055;0.0009;0.0523;79265;79731;79538;8;8;4.81769997416995;0.006289426;0.0034;0.0083;766;1;1;1;766;79030;0.0009;0.0523;79731;79538;0
"Profiler.CollectPhysicsStats";0.0054;0.004;0.0201;79066;80099;79701;4;4;2.29919998720288;0.005621516;0.0046;0.0059;409;1;1;1;409;79031;0.004;0.0201;80099;79701;0.0043
"FixedUpdate.PhysicsFixedUpdate";0.0054;0.0042;0.0355;79332;79158;79940;3;3;2.38059998583049;0.005820538;0.0049;0.0061;411;1;1;3;409;79031;0.0022;0.0355;79113;79940;0.0046
"UnityEngine.UI.dll!UnityEngine.UI::Image.Start() [Coroutine: MoveNext] [Invoke]";0.0054;0.0046;0.0265;79549;79661;79538;5;6;0.28279999922961;0.007442105;0.0052;0.0059;38;1;1;1;38;79533;0.0046;0.0265;79661;79538;0
"Physics2D.SolveDiscrete";0.0053;0.0019;0.0579;79606;79695;79113;6;6;1.40699999220669;0.007328125;0.0037;0.0093;194;1;1;3;192;79031;0.0019;0.0381;79695;79113;0
"UnityEngine.UIModule.dll!UnityEngine::Canvas.SendPreWillRenderCanvases() [Invoke]";0.0053;0.004;0.0293;80257;80160;79123;6;6;12.0433999281377;0.0060217;0.0049;0.0061;2000;1;1;1;2000;79030;0.004;0.0293;80160;79123;0.0043
"TMP Save Glyph Vertex Data";0.005299999;0.0018;0.0295;79098;79219;79126;10;12;1.17419996787794;0.005436111;0.0036;0.006;1872;8;3;52;216;79030;0.0002;0.0157;79031;79126;0
"TrailRenderer.ScheduleGeometryJobs";0.0052;0.0023;0.0403;79381;79596;79066;4;4;4.3387999762781;0.006789984;0.0036;0.0089;639;1;1;1;639;79030;0.0023;0.0403;79596;79066;0
"Physics2D.FlagContactsForRecreation";0.005099999;0.0001;0.02379998;79628;79675;79043;8;8;1.04989953029872;0.005468227;0.0033;0.006799996;17355;100;1;117;192;79031;0;0.003;79031;79162;0
"Physics2D.OverlapPointAll";0.0049;0.0005;0.05;79357;79731;79061;7;9;4.73749998310814;0.006184726;0.0026;0.0086;848;1;1;2;766;79030;0.0005;0.0499;79731;79538;0
"Assembly-CSharp.dll!::ScrollImage.Update() [Invoke]";0.0048;0.0033;0.0251;79638;79034;79324;5;5;3.4948999742046;0.005469327;0.0045;0.0055;639;1;1;1;639;79030;0.0033;0.0251;79034;79324;0
"Assembly-CSharp.dll!::TowerChargeGaugeView.LateUpdate() [Invoke]";0.0047;0.0035;0.0156;79052;79096;79050;5;5;0.445199996465817;0.005565;0.0044;0.0056;80;1;1;1;80;79030;0.0035;0.0156;79096;79050;0
"PreLateUpdate.ParticleSystemBeginUpdateAll";0.0047;0.0032;0.1115;79309;80943;80059;3;3;11.4390999691095;0.00571955;0.0042;0.0055;2000;1;1;1;2000;79030;0.0032;0.1115;80943;80059;0.0038
"Gfx.EndAsyncJobFrame";0.0047;0.0016;0.0493;79943;79772;79939;3;11;10.2971999424044;0.0051486;0.0042;0.0054;6010;3;3;12;2000;79030;0.0003;0.046;79408;79939;0.0052
"Assembly-CSharp.dll!::TowerWeapon.SearchTarget() [Coroutine: MoveNext] [Invoke]";0.0046;0.0006;0.3024;79474;79032;79109;5;6;7.21209971827921;0.02388112;0.0038;0.0134;4038;2;1;60;302;79030;0.0002;0.1166;79250;79031;0
"Physics2D.Collider2D.RecalculateContacts";0.0046;0.0002;0.0139;79636;79737;79106;8;8;0.893599992516101;0.004654167;0.0038;0.005799999;782;4;1;7;192;79031;0;0.0055;79636;79076;0
"Unity.ResourceManager.dll!::MonoBehaviourCallbackHooks.Update() [Invoke]";0.004599999;0.002099999;0.07960003;79881;81029;80547;5;5;10.3317990717478;0.0051659;0.0042;0.005099998;35999;18;17;18;2000;79030;0;0.0779;79030;80547;0.003700001
"TMP Lookup Character & Glyph Data";0.0045;0.0014;0.01909999;79093;79221;79112;9;11;1.0031999865314;0.004644444;0.0032;0.0052;1883;8;3;60;216;79030;0.0002;0.0141;79034;79091;0
"ParticleSystem.Update";0.0045;0.0031;0.1097;79244;79759;80059;4;4;10.9574999553151;0.00547875;0.004;0.0052;2000;1;1;1;2000;79030;0.0031;0.1097;79759;80059;0.0037
"Physics2D.TriggerContactsFinalUpdate";0.0045;0;0.0267;79576;79669;79113;6;6;1.09769999838318;0.005717188;0.0023;0.0077;194;1;1;3;192;79031;0;0.0265;79669;79106;0
"CullObjectsWithoutUmbra";0.0045;0.0002;0.0089;79615;79705;79100;9;9;0.562299996527145;0.003651299;0.0006;0.0049;154;1;1;1;154;79030;0.0002;0.0089;79705;79100;0
"UnityEngine.CoreModule.dll!UnityEngine.SceneManagement::SceneManager.Internal_SceneUnloaded() [Invoke]";0.0045;0.0045;0.0045;79669;79669;79669;11;11;0.0044999998062849;0.0045;0.0045;0.0045;1;1;1;1;1;79669;0.0045;0.0045;79669;79669;0
"WaitForRenderJobs";0.0045;0.0014;0.049;80199;79772;79939;4;12;9.83089993800968;0.00491545;0.004;0.0052;6010;3;3;12;2000;79030;0.0002;0.0458;80180;79939;0.0051
"LowLevelPhysics2D.PhysicsWorld.Simulate";0.0045;0.0035;0.0324;80295;80597;80197;5;5;2.11389999743551;0.00516846;0.0041;0.0053;411;1;1;3;409;79031;0.0014;0.0324;79113;80197;0.004
"TMP.RegisterTextElementForGraphicRebuild";0.0044;0.0024;0.0241;79147;79231;79208;6;12;1.08889997797087;0.005041203;0.0037;0.005299999;901;5;1;10;216;79030;0.0001;0.0227;79056;79208;0
"Physics2D.SolveDiscreteTraversal";0.0044;0.0015;0.0267;79370;79679;79113;7;7;1.14959999616258;0.0059875;0.003;0.0079;194;1;1;3;192;79031;0.0015;0.0216;79679;79086;0
"RenderForwardOpaque.Render";0.0044;0.0031;0.0375;80122;79993;79987;6;6;10.3224999669474;0.00516125;0.004;0.0051;2001;1;1;2;2000;79030;0.0031;0.0375;79993;79987;0.0131
"UnityEngine.UI.dll!UnityEngine.UI::Slider.OnRectTransformDimensionsChange() [Invoke]";0.0043;0.0043;0.0043;79034;79034;79034;9;9;0.00430000014603138;0.0043;0.0043;0.0043;1;1;1;1;1;79034;0.0043;0.0043;79034;79034;0
"Physics2D.WriteTransforms";0.0043;0.0012;0.0256;79319;79771;79086;5;5;0.963999994331971;0.005020833;0.0028;0.0062;194;1;1;3;192;79031;0.0012;0.0256;79771;79086;0
"UnityEngine.UI.dll!UnityEngine.EventSystems::BaseInputModule.OnDisable() [Invoke]";0.0043;0.0043;0.0043;79669;79669;79669;13;13;0.00430000014603138;0.0043;0.0043;0.0043;1;1;1;1;1;79669;0.0043;0.0043;79669;79669;0
"TimeUpdate.WaitForLastPresentationAndUpdateTime";0.0043;0.0024;0.0508;80623;80095;80440;3;3;9.48419996071607;0.0047421;0.0037;0.0051;2000;1;1;1;2000;79030;0.0024;0.0508;80095;80440;0.0048
"UnityEngine.UI.dll!UnityEngine.EventSystems::UIBehaviour.OnDestroy() [Invoke]";0.0043;0.0043;0.0043;79669;79669;79669;11;11;0.00429999968037009;0.0043;0.0043;0.0043;33;33;33;33;1;79669;0;0.0003;79669;79669;0
"Assembly-CSharp.dll!::BuildModeController.Update() [Invoke]";0.0042;0.0035;0.0219;79471;79123;79398;5;5;3.06079999590293;0.004789984;0.0039;0.0048;639;1;1;1;639;79030;0.0035;0.0219;79123;79398;0
"Layout";0.0039;0.0029;0.2611;79336;80577;79669;7;7;8.988299962366;0.00449415;0.0036;0.0044;2000;1;1;1;2000;79030;0.0029;0.2611;80577;79669;0.0031
"Assembly-CSharp.dll!::Pathfinder.MoveToPath() [Coroutine: MoveNext] [Invoke]";0.0039;0.0024;0.0219;79557;79193;79271;5;6;2.00989998993464;0.00453702;0.0035;0.0049;443;1;1;1;443;79030;0.0024;0.0219;79193;79271;0
"UnityEngine.UI.dll!UnityEngine.UI::LayoutElement.OnEnable() [Invoke]";0.0038;0.0038;0.0038;79669;79669;79669;11;11;0.00380000006407499;0.0038;0.0038;0.0038;1;1;1;1;1;79669;0.0038;0.0038;79669;79669;0
"UnsafeUtility.Malloc";0.0038;0.0026;0.1495;80900;79601;80288;7;7;8.18549932166934;0.00409275;0.0034;0.0042;24000;12;12;12;2000;79030;0.0001;0.0892;79031;80288;0.003599999
"Physics2D.SolveDiscreteIsland";0.0037;0.0013;0.02189999;79387;79712;79113;8;8;0.948199937585741;0.004938541;0.0025;0.006399999;1761;7;1;51;192;79031;0.0003;0.0074;79031;79701;0
"ScriptableObject.OnDestroy";0.0037;0.0037;0.0037;79669;79669;79669;10;10;0.00370000000111759;0.0037;0.0037;0.0037;1;1;1;1;1;79669;0.0037;0.0037;79669;79669;0
"EarlyUpdate.ProcessRemoteInput";0.0037;0.0017;0.0635;79702;79955;80578;3;3;8.37509995908476;0.00418755;0.003;0.0047;2000;1;1;1;2000;79030;0.0017;0.0635;79955;80578;0.0039
"GUI.Repaint";0.0037;0.0023;0.5536;80638;80222;79498;3;3;81.1090998502914;0.04055455;0.003;0.0899;2001;1;1;2;2000;79030;0.0023;0.5536;80222;79498;0.0094
"EndGraphicsJobs";0.0036;0.0009;0.0245;80770;79772;79538;3;4;7.97159994626418;0.0039858;0.0033;0.0042;6000;3;3;3;2000;79030;0;0.0239;79030;79538;0.003
"DelayedCallManager.CancelCallDelayed";0.0036;0.0018;0.068;79181;79795;79669;6;14;0.154200003482401;0.007342857;0.0025;0.0061;178;1;1;138;21;79031;0;0.0048;79669;79669;0
"Assembly-CSharp.dll!::ProjectileVfx.OnDisable() [Invoke]";0.0036;0.0019;0.0076;79669;79234;79350;8;11;0.0367999998852611;0.004088889;0.0023;0.0057;21;2;1;5;9;79034;0.0011;0.0029;79076;79181;0
"ProcessRemoteInput";0.0036;0.0016;0.0634;80274;80468;80578;4;4;8.24319996964186;0.0041216;0.0029;0.0046;2000;1;1;1;2000;79030;0.0016;0.0634;80468;80578;0.0038
"PreLateUpdate.EndGraphicsJobsAfterScriptUpdate";0.0036;0.0011;0.0243;80639;79772;79538;3;3;7.96659997152165;0.0039833;0.0033;0.0041;2000;1;1;1;2000;79030;0.0011;0.0243;79772;79538;0.0032
"UnityEngine.UI.dll!UnityEngine.EventSystems::UIBehaviour.Awake() [Invoke]";0.0036;0.0036;0.0036;79669;79669;79669;7;11;0.00359999970532954;0.0036;0.0036;0.0036;14;14;14;14;1;79669;0.0001;0.0005;79669;79669;0
"CheckAllowDestructionRecursive [Editor Only]";0.0035;0.0001;0.0037;79034;79076;79669;9;16;0.00729999987379415;0.002433333;0.0001;0.0035;36;8;1;27;3;79034;0;0.0017;79034;79034;0
"EarlyUpdate.UpdatePreloading";0.0035;0.0011;281.7259;79869;80202;79669;3;3;288.734591087443;0.1443673;0.0022;0.004;2000;1;1;1;2000;79030;0.0011;281.7259;80202;79669;0.0022
"PrepareSceneCullingParameters";0.0035;0.0023;0.0371;80204;80392;80823;5;5;8.31059996387921;0.0041553;0.0032;0.004;2001;1;1;2;2000;79030;0.0023;0.0371;80392;80823;0.0107
"Profiler.ScreenshotUpdate";0.0034;0.0002;0.094;79388;79669;80807;4;4;12.0422999484726;0.00602115;0.0029;0.0042;2001;1;1;2;2000;79030;0;0.094;81029;80807;0.0084
"Loading.UpdatePreloading";0.0034;0.0009;281.7256;79497;80468;79669;4;4;288.44858591666;0.1442243;0.0021;0.0039;2000;1;1;1;2000;79030;0.0009;281.7256;80468;79669;0.002
"UnityEngine.CoreModule.dll!UnityEngine.SceneManagement::SceneManager.Internal_SceneLoaded() [Invoke]";0.0034;0.0034;0.0034;79669;79669;79669;8;8;0.00340000004507601;0.0034;0.0034;0.0034;1;1;1;1;1;79669;0.0034;0.0034;79669;79669;0
"FrameEvents.NewInputBeforeRenderUpdate";0.0034;0.0019;0.0306;79743;80467;79135;3;3;8.13769995979965;0.00406885;0.0026;0.0044;2001;1;1;2;2000;79030;0.0019;0.0306;80467;79135;0.0066
"TMP.RegisterTextObjectForUpdate";0.0033;0.0027;0.0055;79056;79112;79669;12;12;0.0192999998107553;0.00386;0.0028;0.005;9;1;1;5;5;79034;0.0008;0.005;79669;79076;0
"UnityEngine.CoreModule.dll!UnityEngine::RectTransform.SendReapplyDrivenProperties() [Invoke]";0.0033;0.0027;0.09240001;79063;79080;79669;8;13;0.212700005155057;0.01519286;0.0028;0.012;57;1;1;31;14;79031;0.0016;0.0233;79669;79669;0
"Assembly-CSharp.dll!::Projectile.OnTriggerEnter2D() [Invoke]";0.0033;0.0012;0.7379;79082;79197;79076;8;8;0.999299960094504;0.01491493;0.0017;0.0063;136;2;1;7;67;79031;0.0005;0.7334;79099;79076;0
"Profiler.CollectAudioStats";0.0033;0.0018;0.3011;79364;80994;79133;3;3;7.65849998651538;0.00382925;0.0028;0.0038;4000;2;2;2;2000;79030;0.0005;0.2933;80094;79133;0.0068
"UnityEngine.CoreModule.dll!UnityEngine.SceneManagement::SceneManager.Internal_ActiveSceneChanged() [Invoke]";0.0033;0.0033;0.0033;79669;79669;79669;9;9;0.00329999998211861;0.0033;0.0033;0.0033;1;1;1;1;1;79669;0.0033;0.0033;79669;79669;0
"UnityEngine.CoreModule.dll!UnityEngine::ReflectionProbe.CallSetDefaultReflection() [Invoke]";0.0032;0.0032;0.0032;79669;79669;79669;9;9;0.0031999999191612;0.0032;0.0032;0.0032;1;1;1;1;1;79669;0.0032;0.0032;79669;79669;0
"Update.ScriptRunDelayedTasks";0.0032;0.0019;0.0272;80003;80515;79783;3;3;7.27869997592643;0.00363935;0.0028;0.0038;2000;1;1;1;2000;79030;0.0019;0.0272;80515;79783;0.0023
"RenderForwardAlpha.Sort";0.0031;0.0008;0.0504;79173;79698;79109;6;9;8.8427999583655;0.01306174;0.0023;0.0257;986;1;1;2;677;79030;0.0001;0.0462;79705;79109;0
"UpdatePreloading";0.0031;0.0007;281.7251;79240;80468;79669;5;5;287.680197634676;0.1438401;0.0017;0.0035;2000;1;1;1;2000;79030;0.0007;281.7251;80468;79669;0.0017
"Physics.PrepareSimulationStage";0.0031;0.0022;0.0126;80153;79096;79701;4;4;1.35669999546371;0.003317115;0.0027;0.0035;411;1;1;3;409;79031;0.0014;0.0126;79113;79701;0.0027
"PostLateUpdate.UpdateCustomRenderTextures";0.0031;0.0015;0.1001;80579;80048;80059;3;3;7.25779997557402;0.0036289;0.0025;0.0042;2000;1;1;1;2000;79030;0.0015;0.1001;80048;80059;0.0021
"Physics2D.BeginContact";0.0031;0.0005;0.0246;79307;79438;79106;7;7;0.616099946259055;0.003689221;0.0012;0.0047;3595;22;1;67;167;79031;0;0.0061;79031;79086;0
"TMP Compute Text Metrics";0.003;0.0009999999;0.0129;79035;79230;79126;9;11;0.682299958658405;0.003158796;0.0022;0.0036;1883;8;3;60;216;79030;0;0.0089;79112;79126;0
"ScheduleGeometryJobs";0.003;0.0019;0.0054;79040;79042;79094;5;5;0.208199999760836;0.003017391;0.0026;0.0034;69;1;1;1;69;79030;0.0019;0.0054;79042;79094;0
"Assembly-CSharp.dll!::Slow.OnTriggerExit2D() [Invoke]";0.0029;0.0008;0.0064;79076;79213;79640;8;17;0.0485999991069548;0.003471429;0.0019;0.0045;19;1;1;2;14;79059;0.0006;0.0064;79059;79640;0
"TMP.UnregisterTextElementForGraphicRebuild";0.0029;0.0024;0.0034;79080;79245;79084;9;9;0.0235000001266599;0.0029375;0.0027;0.0031;8;1;1;1;8;79063;0.0024;0.0034;79245;79084;0
"Assembly-CSharp.dll!::SliderPositionAutoSetter.LateUpdate() [Invoke]";0.0029;0.0025;0.009099999;79086;79057;79030;5;5;0.296099997125566;0.003610976;0.0027;0.004;87;1;1;3;82;79030;0.0015;0.0084;79032;79103;0
"UnityEngine.CoreModule.dll!UnityEngine.Experimental.Rendering::ScriptableRuntimeReflectionSystemWrapper.Internal_ScriptableRuntimeReflectionSystemWrapper_TickRealtimeProbes() [Invoke]";0.0029;0.0017;0.0191;79367;80053;80899;3;3;6.42079996760003;0.0032104;0.0025;0.0033;2000;1;1;1;2000;79030;0.0017;0.0191;80053;80899;0.0021
"EarlyUpdate.UpdateInputManager";0.0029;0.0017;0.0325;80242;80053;79202;3;3;6.44889997551218;0.00322445;0.0024;0.0034;2000;1;1;1;2000;79030;0.0017;0.0325;80053;79202;0.0018
"Camera.FindStacks";0.0029;0.0018;0.0379;80427;80010;79961;3;3;6.81349988025613;0.00340675;0.0026;0.0034;4001;2;2;3;2000;79030;0;0.0377;80189;79961;0.0053
"PostLateUpdate.UpdateAllRenderers";0.0029;0.0011;0.5059;80915;80089;79538;3;3;86.9178998803254;0.04345895;0.002;0.102;2000;1;1;1;2000;79030;0.0011;0.5059;80089;79538;0.0014
"Application.Integrate Assets in Background";0.0028;0.0005;0.029;79126;80468;80334;6;6;5.26799996942282;0.002635318;0.0014;0.0032;1999;1;1;1;1999;79030;0.0005;0.029;80468;80334;0.001
"FixedUpdate.NewInputFixedUpdate";0.0028;0.0017;0.0138;79353;80253;79748;3;3;1.30279999307822;0.00318533;0.0024;0.0035;411;1;1;3;409;79031;0.0012;0.0138;79113;79748;0.0022
"UnityEngine.CoreModule.dll!UnityEngine::UnitySynchronizationContext.ExecuteTasks() [Invoke]";0.0028;0.0016;0.0267;80137;80011;79783;4;4;6.36899996327702;0.0031845;0.0025;0.0033;2000;1;1;1;2000;79030;0.0016;0.0267;80011;79783;0.0021
"UnityEngine.UI.dll!UnityEngine.EventSystems::BaseRaycaster.OnDisable() [Invoke]";0.0027;0.0027;0.0027;79669;79669;79669;13;13;0.00270000007003546;0.0027;0.0027;0.0027;1;1;1;1;1;79669;0.0027;0.0027;79669;79669;0
"Physics.Raycast";0.0027;0.0017;0.0167;79745;79731;80838;6;6;2.93389998411294;0.003034023;0.0025;0.0031;967;1;1;1;967;79030;0.0017;0.0167;79731;80838;0
"DestroyCullResults";0.0027;0.0016;0.1428;79843;79866;79128;4;4;16.5373999509029;0.0082687;0.0021;0.0142;2001;1;1;2;2000;79030;0.0016;0.1428;79866;79128;0.007
"PostLateUpdate.MemoryFrameMaintenance";0.0027;0.0016;0.0686;80509;80089;79669;3;3;6.17529996822122;0.00308765;0.0024;0.0032;2000;1;1;1;2000;79030;0.0016;0.0686;80089;79669;0.0023
"CustomRenderTextures.Update";0.0027;0.0013;0.0988;80700;80048;80059;4;4;6.45349997724406;0.00322675;0.0022;0.0038;2000;1;1;1;2000;79030;0.0013;0.0988;80048;80059;0.0018
"EarlyUpdate.UpdateCanvasRectTransform";0.0026;0.0011;0.0349;79357;80431;79783;3;3;5.88109997787979;0.00294055;0.002;0.0033;2000;1;1;1;2000;79030;0.0011;0.0349;80431;79783;0.0016
"Physics.SyncTransforms";0.0026;0.0019;0.0109;79490;79158;79701;5;5;1.13119999482296;0.00276577;0.0023;0.003;411;1;1;3;409;79031;0.0012;0.0109;79113;79701;0.0024
"PreUpdate.NewInputUpdate";0.0026;0.0008;0.0389;79885;79992;80242;3;3;5.65909996646224;0.00282955;0.0022;0.0032;2000;1;1;1;2000;79030;0.0008;0.0389;79992;80242;0.0009
"Audibility computation";0.0026;0.001;0.3107;80796;79496;80059;6;6;6.13439996948;0.0030672;0.0023;0.0031;2000;1;1;1;2000;79030;0.001;0.3107;79496;80059;0.0023
"TMP Handle GPOS Features";0.0025;0.0009999999;0.0167;79153;79219;79126;9;11;0.628999977954663;0.002912037;0.0021;0.0031;1872;8;3;55;216;79030;0;0.0077;79031;79126;0
"Prefabs.MergePrefabs";0.0025;0.0025;0.0025;79669;79669;79669;10;10;0.00249999994412065;0.0025;0.0025;0.0025;1;1;1;1;1;79669;0.0025;0.0025;79669;79669;0
"SpriteRenderer.OnChangeSprite";0.0025;0.0018;0.0029;79669;79234;79795;6;6;0.00719999987632036;0.0024;0.0018;0.0025;4;1;1;2;3;79234;0.0004;0.0029;79669;79795;0
"PreUpdate.Physics2DUpdate";0.0025;0.0009;0.0277;80798;79759;80659;3;3;5.24439996422734;0.0026222;0.0022;0.0029;2000;1;1;1;2000;79030;0.0009;0.0277;79759;80659;0.0011
"Tilemap.Update()";0.0024;0.0017;0.0168;79533;79483;79144;5;5;1.76219997543376;0.002757746;0.0022;0.0028;2556;4;4;4;639;79030;0;0.0088;79032;79144;0
"ParticleSystem.Update2";0.0024;0.0014;0.0246;79094;79091;79059;5;5;0.248000000254251;0.00302439;0.002;0.0031;106;1;1;2;82;79030;0.0003;0.0246;79044;79059;0
"LowLevelPhysics2D.PhysicsWorld.RenderWorlds";0.0024;0.0012;0.0142;79290;79739;79550;6;6;5.33069997571874;0.00266535;0.002;0.0028;2001;1;1;2;2000;79030;0.0012;0.0142;79739;79550;0.0085
"UnityEngine.UI.dll!UnityEngine.UI::Selectable.OnValidate() [Invoke]";0.0024;0.0024;0.0024;79669;79669;79669;11;11;0.00239999988116324;0.0024;0.0024;0.0024;5;5;5;5;1;79669;0.0002;0.0013;79669;79669;0
"PostUpdateScreenManagerAndInput";0.0024;0.0013;0.0292;79788;81023;80455;3;3;6.49719997751527;0.0032486;0.0019;0.0042;2000;1;1;1;2000;79030;0.0013;0.0292;81023;80455;0.0015
"Physics2D.Simulate";0.0024;0.001;57.4281;80068;79818;79112;4;4;158.561000323156;0.3876797;0.0014;0.5243;411;1;1;3;409;79031;0.001;57.4281;79818;79112;0.0012
"EarlyUpdate.Physics2DEarlyUpdate";0.0024;0.0013;0.0351;80132;80197;80299;3;3;5.30179997661617;0.0026509;0.0021;0.0028;2000;1;1;1;2000;79030;0.0013;0.0351;80197;80299;0.0015
"afterCullingOutputReady.Invoke";0.0024;0.0014;0.0286;80531;80052;79171;7;7;5.85999997321051;0.00293;0.002;0.003;2001;1;1;2;2000;79030;0.0014;0.0286;80052;79171;0.0102
"TMP Calculate Vertices Position";0.0023;0.0007;0.0193;79075;79221;79126;9;11;0.523399963625707;0.002423148;0.0017;0.0027;1883;8;3;60;216;79030;0.0001;0.0098;79030;79126;0
"TMP Save Text Extent";0.0021;0.0007;0.0088;79068;79219;79126;9;11;0.45999996230239;0.002129629;0.0015;0.0025;1879;8;3;57;216;79030;0;0.0061;79034;79126;0
"EarlyUpdate.PlayerCleanupCachedData";0.0021;0.0009;0.0677;79091;80170;80583;3;3;4.59379997896031;0.0022969;0.0017;0.0024;2000;1;1;1;2000;79030;0.0009;0.0677;80170;80583;0.0015
"TMP Handle Line Termination";0.0021;0.0007;0.0168;79202;79230;79126;9;11;0.503099985711742;0.002329167;0.0015;0.0026;898;5;1;10;216;79030;0.0002;0.0146;79031;79126;0
"Assembly-CSharp.dll!::ObjectDetector.Update() [Invoke]";0.0021;0.0012;0.0517;79531;79577;79413;5;5;1.55549999792129;0.002434272;0.0019;0.0024;639;1;1;1;639;79030;0.0012;0.0517;79577;79413;0
"UnityEditor.CoreModule.dll!UnityEditor.Build::BuildPipelineInterfaces.InitializeBuildCallbacks() [Invoke]";0.0021;0.0021;0.0021;79669;79669;79669;9;9;0.00209999992512167;0.0021;0.0021;0.0021;1;1;1;1;1;79669;0.0021;0.0021;79669;79669;0
"TilemapRenderer.CameraBoundsJob";0.002;0.0006;0.0106;79091;79057;79556;7;7;1.46699998213444;0.002306604;0.0015;0.0026;1328;2;1;3;636;79030;0.0002;0.0085;79085;79465;0
"PostLateUpdate.RenderAs2DUpdate";0.002;0.0011;0.0127;79202;80149;79594;3;3;4.26259998383466;0.0021313;0.0017;0.0023;2000;1;1;1;2000;79030;0.0011;0.0127;80149;79594;0.0016
"Cleanup Unused Cached Data";0.002;0.0008;0.0676;79761;80170;80583;4;4;4.47999998059822;0.00224;0.0017;0.0024;2000;1;1;1;2000;79030;0.0008;0.0676;80170;80583;0.0014
"Preload Single Step";0.002;0.0001;281.7124;80252;79856;79669;7;7;285.345502318887;0.1426727;0.0006;0.0024;2002;1;1;3;2000;79030;0.0001;259.0621;79856;79669;0.0003
"Assembly-CSharp.dll!::EnemyHpViewer.Update() [Invoke]";0.0019;0.001;0.0079;79046;79056;79075;5;5;0.172100000316277;0.002098781;0.0017;0.0021;87;1;1;3;82;79030;0.0004;0.0079;79030;79075;0
"UGUIBuildAnalytics.OnProcessScene";0.0019;0.0019;0.0019;79669;79669;79669;10;10;0.0019000000320375;0.0019;0.0019;0.0019;1;1;1;1;1;79669;0.0019;0.0019;79669;79669;0
"FrameEvents.OnBeforeRenderCallback";0.0019;0.0011;0.0341;79681;79993;79987;3;3;4.48249998339452;0.00224125;0.0016;0.0022;2001;1;1;2;2000;79030;0.0011;0.0341;79993;79987;0.0033
"PlayerCleanupCachedData";0.0019;0.0008;0.0675;79796;80170;80583;5;5;4.27589998190524;0.00213795;0.0016;0.0022;2000;1;1;1;2000;79030;0.0008;0.0675;80170;80583;0.0014
"PreUpdate.PhysicsUpdate";0.0019;0.0004;0.0189;80413;79850;80551;3;3;3.9485999935132;0.0019743;0.0016;0.0023;2000;1;1;1;2000;79030;0.0004;0.0189;79850;80551;0.0005
"LowLevelPhysics2D.PhysicsWorld.PreSimulate";0.0019;0.0013;0.0281;80881;80772;80197;6;6;0.917699997778982;0.002243765;0.0017;0.0024;411;1;1;3;409;79031;0.0004;0.0281;79113;80197;0.0017
"PrepareUpdateRendererBoundingVolumes";0.0018;0.0009;0.0459;80782;79979;79346;4;9;4.64609984977869;0.00232305;0.0014;0.0028;10004;5;5;8;2000;79030;0;0.0417;79032;79346;0.0032
"Assembly-CSharp.dll!::BossOrbitCrownUpright.LateUpdate() [Invoke]";0.0018;0.0016;0.0025;79031;79032;79030;5;5;0.00789999996777624;0.001975;0.0016;0.002;4;1;1;1;4;79030;0.0016;0.0025;79032;79030;0
"Assembly-CSharp.dll!::Enemy.Move() [Coroutine: MoveNext] [Invoke]";0.0018;0.0015;0.0067;79045;79062;79109;5;5;0.175499999662861;0.002140244;0.0017;0.0021;83;1;1;2;82;79030;0.0015;0.0067;79062;79109;0
"Assembly-CSharp.dll!::Enemy.Update() [Invoke]";0.0018;0.0013;0.008;79065;79056;79075;5;5;0.169399999896996;0.002065854;0.0017;0.002;87;1;1;3;82;79030;0.0007;0.008;79030;79075;0
"CopyChannels";0.0018;0.0018;0.0084;79112;79112;79669;11;11;0.0101999996695668;0.0051;0.0018;0.0018;30;5;5;25;2;79112;0.0001;0.001;79669;79669;0
"Initialization.DirectorSampleTime";0.0018;0.0009;0.022;79219;80016;79202;3;3;3.85419998608995;0.0019271;0.0015;0.0021;2000;1;1;1;2000;79030;0.0009;0.022;80016;79202;0.0014
"Assembly-CSharp.dll!::OrbitSatelliteBody.OnTriggerStay2D() [Invoke]";0.0018;0.0012;0.201;79225;79217;79056;8;8;0.28030000498984;0.009343334;0.0015;0.0041;33;1;1;2;30;79056;0.0008;0.201;79072;79056;0
"PreLateUpdate.Physics2DLateUpdate";0.0018;0.0009;0.0225;79357;79822;79061;3;3;4.12269997491967;0.00206135;0.0015;0.0022;2000;1;1;1;2000;79030;0.0009;0.0225;79822;79061;0.0012
"PreUpdate.InputForUIUpdate";0.0018;0.0009;0.0376;79710;81004;79050;3;3;4.00789997878019;0.00200395;0.0015;0.0021;2000;1;1;1;2000;79030;0.0009;0.0376;81004;79050;0.0011
"Render";0.0018;0.0012;1.1706;79946;80160;79669;7;7;16.9963000551797;0.00849815;0.0016;0.0021;2000;1;1;1;2000;79030;0.0012;1.1706;80160;79669;0.0017
"PreUpdate.AIUpdate";0.0018;0.0011;0.0411;79980;79995;79413;3;3;4.18499998818152;0.0020925;0.0016;0.0021;2000;1;1;1;2000;79030;0.0011;0.0411;79995;79413;0.0014
"TilemapRenderer.PrepareChunkMode";0.0017;0.0007999999;0.0087;79282;79660;79619;9;9;1.09709998761537;0.00194177;0.0014;0.0021;1695;3;3;3;565;79030;0.0002;0.0058;79177;79143;0
"ParticleSystem.Draw";0.0017;0.0009;0.0088;79078;79071;79034;9;9;0.152199998963624;0.0019025;0.0014;0.0021;103;1;1;2;80;79030;0.0005;0.0053;79036;79034;0
"Assembly-CSharp.dll!::EnemyShieldVisual.LateUpdate() [Invoke]";0.0017;0.0013;0.0044;79090;79099;79111;5;5;0.162099999841303;0.001976829;0.0015;0.002;87;1;1;3;82;79030;0.0004;0.0044;79030;79111;0
"TMP.UnregisterTextObjectForUpdate";0.0017;0.0015;0.031;79171;79219;79669;9;14;0.0501999957486987;0.00502;0.0017;0.0018;39;1;1;30;10;79034;0.0004;0.0093;79669;79669;0
"PreLateUpdate.AccessibilityUpdate";0.0017;0.0009;0.0286;79277;81004;80476;3;3;3.85109997971449;0.00192555;0.0015;0.002;2000;1;1;1;2000;79030;0.0009;0.0286;81004;80476;0.0012
"Physics2D.EndContact";0.0017;0.0002;0.0106;79648;79430;79106;7;14;0.342799980644486;0.002040476;0.0007;0.003;3650;21;1;76;168;79031;0;0.0015;79031;79490;0
"UnityEngine.InputModule.dll!UnityEngineInternal.Input::NativeInputSystem.ShouldRunUpdate() [Invoke]";0.0017;0.0009;0.013;79840;80148;80576;4;4;3.80009992723353;0.00190005;0.0014;0.0021;4412;2;2;5;2000;79030;0.0001;0.0124;79831;80576;0.0018
"UnityEngine.CoreModule.dll!UnityEngine.Rendering::RenderPipelineManager.HandleRenderPipelineChange() [Invoke]";0.0016;0.0006;0.0323;79632;80057;80152;3;3;3.59129995870171;0.00179565;0.0012;0.0021;4001;2;2;3;2000;79030;0.0002;0.0315;79107;80152;0.0017
"UnityEngine.UI.dll!UnityEngine.EventSystems::BaseInput..ctor() [Invoke]";0.0016;0.0016;0.0016;79669;79669;79669;7;7;0.0015999999595806;0.0016;0.0016;0.0016;1;1;1;1;1;79669;0.0016;0.0016;79669;79669;0
"Profiler.SerializeStats";0.0016;0.0012;0.01;79938;79526;80270;3;3;3.7641999728512;0.0018821;0.0014;0.002;2000;1;1;1;2000;79030;0.0012;0.01;79526;80270;0.0028
"UnityEngine.UI.dll!UnityEngine.EventSystems::UIBehaviour.OnValidate() [Invoke]";0.0016;0.0016;0.0016;79669;79669;79669;7;11;0.00159999984316528;0.0016;0.0016;0.0016;4;4;4;4;1;79669;0.0001;0.0009;79669;79669;0
"EngineJob";0.0016;0.0001;0.3565;80359;79915;79480;5;9;72.0767995739661;0.03625594;0.0009999999;0.0813;13492;7;1;31;1988;79030;0;0.3229;79041;79480;0.0014
"Assembly-CSharp.dll!::EnemyHp.HitScalePunch() [Coroutine: MoveNext] [Invoke]";0.0015;0.001;0.0029;79042;79046;79034;5;9;0.0289000000339001;0.00180625;0.0014;0.0019;17;1;1;2;16;79031;0.0009;0.0029;79034;79041;0
"LineRenderer.ScheduleGeometryJobs";0.0015;0.0008;0.0093;79106;79312;79483;4;4;0.861299994227011;0.001712326;0.0012;0.0017;503;1;1;1;503;79030;0.0008;0.0093;79312;79483;0
"PreUpdate.WindUpdate";0.0015;0.0007;0.0295;79414;79980;79137;3;3;3.28929997846717;0.00164465;0.0013;0.0018;2000;1;1;1;2000;79030;0.0007;0.0295;79980;79137;0.0009
"UnityEngine.CoreModule.dll!UnityEngine::AsyncOperation.InvokeCompletionEvent() [Invoke]";0.0015;0.0015;0.0015;79669;79669;79669;8;8;0.00150000001303852;0.0015;0.0015;0.0015;1;1;1;1;1;79669;0.0015;0.0015;79669;79669;0
"CoroutinesDelayedCalls";0.0015;0.0004;1.0663;80122;80613;79109;4;9;39.7023003291979;0.01985115;0.0009999999;0.0096;8413;4;4;7;2000;79030;0;1.0604;79290;79109;0.0032
"FixedUpdate.AudioFixedUpdate";0.0015;0.0009;0.0059;80639;80197;79701;3;3;0.676199994515628;0.001653301;0.0013;0.0018;411;1;1;3;409;79031;0.0003;0.0059;79113;79701;0.0011
"Director.SampleTime";0.0015;0.0008;0.0211;80889;79980;79202;4;4;3.40769998158794;0.00170385;0.0013;0.0019;2000;1;1;1;2000;79030;0.0008;0.0211;79980;79202;0.0011
"Physics.Simulate";0.0014;0.001;0.0308;79315;79950;79940;5;5;0.627999991062097;0.001535452;0.0012;0.0016;411;1;1;3;409;79031;0.0005;0.0308;79113;79940;0.0011
"ReflectionProbes.Update";0.0014;0.0007;0.012;79556;80053;80899;4;4;3.1069999752217;0.0015535;0.0012;0.0017;2000;1;1;1;2000;79030;0.0007;0.012;80053;80899;0.0009
"UnityEngine.CoreModule.dll!UnityEngine::Application.InvokeOnBeforeRender() [Invoke]";0.0014;0.0007;0.0332;79625;80094;79987;4;4;3.27269997331314;0.00163635;0.0012;0.0017;2001;1;1;2;2000;79030;0.0007;0.0332;80094;79987;0.0023
"UnityEngine.UI.dll!UnityEngine.UI::LayoutGroup.OnValidate() [Invoke]";0.0014;0.0014;0.0014;79669;79669;79669;11;11;0.00139999995008111;0.0014;0.0014;0.0014;4;4;4;4;1;79669;0.0002;0.0006;79669;79669;0
"UnityEngine.IMGUIModule.dll!UnityEngine::Event.Internal_MakeMasterEventCurrent() [Invoke]";0.0014;0.0009;0.0107;80369;79372;79128;4;5;3.2838999821106;0.00164195;0.0012;0.0017;2006;1;1;3;2000;79030;0.0004;0.0107;80103;79128;0.0043
"RenderTexture.GarbageCollectTemporary";0.0014;0.0006;0.06919999;80376;80531;80583;3;9;3.24959995754762;0.0016248;0.0011;0.0017;4001;2;2;3;2000;79030;0.0002;0.0658;79248;80583;0.0009999999
"Physics.RunSimulationStage";0.0014;0.0011;0.0309;80623;79201;79940;4;4;0.661799992551096;0.001618093;0.0013;0.0016;411;1;1;3;409;79031;0.0006;0.0309;79113;79940;0.0012
"Render.TransparentGeometry";0.0014;0.0011;0.9697;80902;79840;79058;5;5;171.043499457883;0.08552175;0.0013;0.2058;2001;1;1;2;2000;79030;0.0011;0.9697;79840;79058;0.0021
"TMP Compute Character Advance";0.0014;0.0004;0.0141;79218;79226;79126;9;11;0.333299971825909;0.001543055;0.0009999999;0.0017;1880;8;3;57;216;79030;0;0.0078;79033;79126;0
"Unity.TextMeshPro.dll!TMPro::TextMeshProUGUI.OnValidate() [Invoke]";0.0014;0.0014;0.0014;79669;79669;79669;11;11;0.00139999983366579;0.0014;0.0014;0.0014;10;10;10;10;1;79669;0.0001;0.0005;79669;79669;0
"Unity.TextMeshPro.dll!TMPro::TextMeshPro.OnBecameVisible() [Invoke]";0.0013;0.001;0.0033;79056;79076;79034;8;8;0.00560000003315508;0.001866667;0.001;0.0013;3;1;1;1;3;79034;0.001;0.0033;79076;79034;0
"gameObjectChangedScene.Invoke";0.0013;0.0011;0.0029;79076;79034;79669;10;10;0.00529999996069819;0.001766667;0.0011;0.0013;6;1;1;4;3;79034;0.0001;0.0014;79669;79669;0
"Batch.DrawDynamic";0.0013;0.001;0.0081;79083;79152;79034;9;9;0.284699996933341;0.001506349;0.0012;0.0017;189;1;1;1;189;79030;0.001;0.0081;79152;79034;0
"SpeedTreeWindManager.Update";0.0013;0.0006;0.0292;79176;79819;79137;4;4;2.8143999769236;0.0014072;0.0011;0.0015;2000;1;1;1;2000;79030;0.0006;0.0292;79819;79137;0.0007
"UIEvents.UpdateCanvasRectTransform";0.0013;0.0009;0.1065;79833;79734;80331;4;4;3.09529998968355;0.00154765;0.0011;0.0016;2000;1;1;1;2000;79030;0.0009;0.1065;79734;80331;0.001
"Physics2D.SyncTransformChanges";0.0013;0.0004;0.9787;79944;79968;79106;5;5;51.725899796962;0.1264692;0.0006;0.2648;411;1;1;3;409;79031;0.0003;0.9787;79113;79106;0.0004
"UnityEngine.CoreModule.dll!UnityEngine.Rendering::SupportedRenderingFeatures.IsLightmapBakeTypeSupportedByRef() [Invoke]";0.0013;0.0007;0.0078;80097;80010;79238;5;5;2.97839997551637;0.0014892;0.0011;0.0016;2001;1;1;2;2000;79030;0.0007;0.0078;80010;79238;0.0022
"EarlyUpdate.RendererNotifyInvisible";0.0013;0.0005;0.0298;80137;80011;79209;3;3;2.94559997844044;0.0014728;0.001;0.0017;2000;1;1;1;2000;79030;0.0005;0.0298;80011;79209;0.0008
"PostLateUpdate.AccessibilityLateUpdate";0.0013;0.0007;0.0258;80251;79601;80405;3;3;3.08359998982633;0.0015418;0.0011;0.0018;2000;1;1;1;2000;79030;0.0007;0.0258;79601;80405;0.001
"UnityEngine.UI.dll!UnityEngine.UI::LayoutGroup.OnChildRectTransformDimensionsChange() [Invoke]";0.0013;0.0013;0.0013;79669;79669;79669;9;9;0.0012999998871237;0.0013;0.0013;0.0013;6;6;6;6;1;79669;0.0002;0.0003;79669;79669;0
"Loading.IsObjectAvailable";0.0012;0.0012;0.0034;79034;79034;79669;6;14;0.00459999975282699;0.0023;0.0012;0.0012;13;4;4;9;2;79034;0;0.0011;79034;79669;0
"Render.Mesh";0.0012;0.001;0.0029;79243;79220;79242;9;9;0.0364999998128042;0.001403846;0.0011;0.0016;26;1;1;1;26;79219;0.001;0.0029;79220;79242;0
"UIElements.CollectLayoutNodes";0.0012;0.0005;0.0074;79386;79495;80542;5;5;2.52559997321805;0.0012628;0.001;0.0014;2000;1;1;1;2000;79030;0.0005;0.0074;79495;80542;0.001
"Renderers.OncePerFrameUpdate";0.0012;0.0005;0.0065;79520;79372;79055;4;9;2.67289996653562;0.00133645;0.0009;0.0015;4002;2;2;3;2000;79030;0.0001;0.0059;79372;79055;0.0016
"LowLevelPhysics2D.DrawWorld.CompileDrawResults";0.0012;0.0006;0.0086;79613;79739;80259;7;7;2.73249998048414;0.00136625;0.001;0.0014;2001;1;1;2;2000;79030;0.0006;0.0086;79739;80259;0.0045
"Unity.ResourceManager.dll!UnityEngine.ResourceManagement.Util::DelayedActionManager.LateUpdate() [Invoke]";0.0012;0.0007;0.0072;79834;80010;79591;5;5;2.74619998194976;0.001373787;0.0011;0.0014;1999;1;1;1;1999;79030;0.0007;0.0072;80010;79591;0.0009
"TimeManager.Update";0.0012;0.0006;0.0241;79909;80160;80284;4;4;2.61699998041149;0.0013085;0.001;0.0014;2000;1;1;1;2000;79030;0.0006;0.0241;80160;80284;0.001
"UnityEngine.InputForUIModule.dll!UnityEngine.InputForUI::EventProvider.NotifyUpdate() [Invoke]";0.0012;0.0005;0.0368;80272;81004;79050;4;4;2.75169997883495;0.00137585;0.001;0.0014;2000;1;1;1;2000;79030;0.0005;0.0368;81004;79050;0.0008
"FindMainCamera";0.0012;0.0004;0.0115;80757;80190;79233;3;6;3.10409984833677;0.00155205;0.0009;0.0019;20973;7;7;30;2000;79030;0;0.0101;79030;79233;0.0009
"Assembly-CSharp.dll!::TowerDebugSpawner.OnGUI() [Invoke]";0.0011;0.0005;0.0131;79064;79280;79456;4;5;0.808799987251405;0.001265728;0.0009;0.0014;1282;2;2;4;639;79030;0.0001;0.0098;79056;79456;0
"AudioManager.FixedUpdate";0.0011;0.0007;0.0052;79549;79358;79701;4;4;0.484299996693153;0.001184108;0.0009;0.0013;411;1;1;3;409;79031;0.0001;0.0052;79113;79701;0.0007
"UnityEngine.UI.dll!UnityEngine.UI::Selectable.Awake() [Invoke]";0.0011;0.0011;0.0011;79669;79669;79669;11;11;0.00109999999403954;0.0011;0.0011;0.0011;3;3;3;3;1;79669;0.0003;0.0004;79669;79669;0
"UnityEngine.AccessibilityModule.dll!UnityEngine.Accessibility::AccessibilityManager.Internal_Update() [Invoke]";0.0011;0.0005;0.0258;79976;81004;80542;4;4;2.51519998535514;0.0012576;0.001;0.0013;2000;1;1;1;2000;79030;0.0005;0.0258;81004;80542;0.0007
"UnityEngine.UI.dll!UnityEngine.EventSystems::UIBehaviour.OnRectTransformDimensionsChange() [Invoke]";0.0011;0.0011;0.0011;79669;79669;79669;9;11;0.00109999987762421;0.0011;0.0011;0.0011;7;7;7;7;1;79669;0.0001;0.0003;79669;79669;0
"PxScene.simulate";0.001;0.0007;0.0041;79126;79387;79701;6;6;0.42769999691518;0.001045721;0.0009;0.0011;411;1;1;3;409;79031;0.0004;0.0041;79113;79701;0.0009
"Clear";0.001;0.0005;0.0082;79534;79669;79556;7;7;2.38169998652302;0.00119085;0.0009;0.0012;2001;1;1;2;2000;79030;0.0005;0.0082;79669;79556;0.0026
"UnityEngine.UI.dll!UnityEngine.EventSystems::BaseRaycaster.OnEnable() [Invoke]";0.001;0.001;0.001;79669;79669;79669;11;11;0.00100000004749745;0.001;0.001;0.001;1;1;1;1;1;79669;0.001;0.001;79669;79669;0
"AudioProfiler.CaptureFrame";0.001;0.0005;0.0323;80311;79739;79058;4;4;2.31949997978518;0.00115975;0.0008;0.0012;2000;1;1;1;2000;79030;0.0005;0.0323;79739;79058;0.0025
"Render.LineOrTrail";0.0009999999;0.0001;0.0118;79311;79535;79034;9;9;0.778899929537147;0.001218936;0.0003;0.0017;4549;10;1;20;639;79030;0;0.0031;79030;79243;0
"UnityEngine.UI.dll!UnityEngine.UI::ContentSizeFitter.OnValidate() [Invoke]";0.0009999999;0.0009999999;0.0009999999;79669;79669;79669;11;11;0.000999999931082129;0.0009999999;0.0009999999;0.0009999999;2;2;2;2;1;79669;0.0002;0.0008;79669;79669;0
"RenderLoop.CleanupNodeQueue";0.0009999999;0.0003;0.1319;79794;79725;79128;4;5;12.8223999069887;0.0064112;0.0007;0.0125;12006;6;6;12;2000;79030;0;0.1299;79030;79128;0.0017
"UnityEngine.UI.dll!UnityEngine.EventSystems::BaseRaycaster.OnCanvasHierarchyChanged() [Invoke]";0.0009;0.0009;0.0009;79669;79669;79669;11;13;0.000899999984540045;0.0009;0.0009;0.0009;3;3;3;3;1;79669;0.0001;0.0004;79669;79669;0
"UnityEngine.UI.dll!UnityEngine.UI::ScrollRect.OnValidate() [Invoke]";0.0009;0.0009;0.0009;79669;79669;79669;11;11;0.000899999984540045;0.0009;0.0009;0.0009;1;1;1;1;1;79669;0.0009;0.0009;79669;79669;0
"UnityEngine.CoreModule.dll!UnityEngine.Rendering::OnDemandRendering.GetRenderFrameInterval() [Invoke]";0.0009;0.0004;0.019;79700;79270;80187;3;3;1.97129999104072;0.00098565;0.0006;0.0011;2000;1;1;1;2000;79030;0.0004;0.019;79270;80187;0.0007
"beforeCameraRender.Invoke";0.0009;0.0005;0.01;79844;80354;80924;4;4;1.99559997720644;0.0009978;0.0008;0.001;2001;1;1;2;2000;79030;0.0005;0.01;80354;80924;0.0013
"LowLevelPhysics2D.PhysicsWorld.PostSimulate";0.0009;0.0007;0.0088;79974;79099;79684;6;6;0.427299994975328;0.001044743;0.0008;0.0011;411;1;1;3;409;79031;0.0003;0.0088;79113;79684;0.0008
"ReflectionProbeAnchorManagerUpdate";0.0009;0.0004;0.007900001;80263;80429;79066;5;6;2.25489997272962;0.00112745;0.0008;0.0012;4002;2;2;4;2000;79030;0.0001;0.0062;79126;79066;0.0037
"EarlyUpdate.ExecuteMainThreadJobs";0.0009;0.0003;0.0124;80472;80185;79641;3;3;2.22309997334378;0.00111155;0.0007;0.0014;2000;1;1;1;2000;79030;0.0003;0.0124;80185;79641;0.0006
"UnityEngine.InputModule.dll!UnityEngineInternal.Input::NativeInputSystem.NotifyUpdate() [Invoke]";0.0009;0.0004;0.0048;80541;79439;79678;4;4;2.17429995530983;0.00108715;0.0007;0.0012;4412;2;2;5;2000;79030;0.0001;0.0043;79804;79355;0.0014
"Profiler.FrameMetadata";0.0009;0.0003;0.079;80712;81029;80807;5;6;4.38149988444638;0.00219075;0.0008;0.0011;10232;5;1;7;2000;79030;0;0.0777;79437;80807;0.0009
"PostLateUpdate.PhysicsSkinnedClothBeginUpdate";0.0009;0.0006;0.0277;80717;79193;79147;3;3;2.13119998085313;0.0010656;0.0008;0.0011;2000;1;1;1;2000;79030;0.0006;0.0277;79193;79147;0.0007
"Physics2D.CollectProfileInfo";0.0009;0.0004;0.0164;80753;79797;79061;4;4;2.27899998059729;0.0011395;0.0008;0.0013;2000;1;1;1;2000;79030;0.0004;0.0164;79797;79061;0.0007
"Find dependency chain";0.0008;0.0002;0.0124;80698;79812;80674;5;9;2.49069984807284;0.00124535;0.0006;0.0017;10620;3;1;16;2000;79030;0;0.0121;79161;80674;0.002
"Assembly-CSharp.dll!::TowerWeapon.AttackLoop() [Coroutine: System.Collections.IEnumerator.get_Current] [Invoke]";0.0008;0.0003;0.0021;79060;79032;79109;5;7;0.0678999982483219;0.0008280487;0.0006;0.0009;162;2;1;2;82;79030;0.0002;0.0012;79046;79109;0
"TMP Handle White Space & Control Character";0.0008;0.0008;0.0011;79112;79112;79669;11;11;0.00189999997382984;0.00095;0.0008;0.0008;8;3;3;5;2;79112;0;0.0008;79112;79669;0
"Unity.TextMeshPro.dll!TMPro::TextMeshPro.OnBecameInvisible() [Invoke]";0.0008;0.0007;0.001;79171;79148;79080;8;8;0.00669999996898696;0.0008375;0.0007;0.0009;8;1;1;1;8;79063;0.0007;0.001;79148;79080;0
"Physics2D.SolveDiscreteIslandVelocityConstraints";0.0008;0.0004;0.0035;79230;79193;79086;9;9;0.171399991580984;0.0008927083;0.0006;0.0011;1761;7;1;51;192;79031;0;0.0025;79031;79665;0
"EarlyUpdate.ScriptRunDelayedStartupFrame";0.0008;0.0002;0.0538;79633;80052;79669;3;3;2.00569997748244;0.00100285;0.0006;0.0011;2000;1;1;1;2000;79030;0.0002;0.0538;80052;79669;0.0004
"EarlyUpdate.ClearLines";0.0008;0.0004;0.0058;80004;79782;79730;3;3;1.79599997313926;0.000898;0.0007;0.001;2000;1;1;1;2000;79030;0.0004;0.0058;79782;79730;0.0007
"UnityEngine.CoreModule.dll!UnityEngine.Rendering::SupportedRenderingFeatures.IsUIOverlayRenderedBySRP() [Invoke]";0.0008;0.0005;0.0065;80282;79979;79459;3;3;1.88179997052066;0.0009409;0.0007;0.001;2001;1;1;2;2000;79030;0.0005;0.0065;79979;79459;0.0015
"TerrainManager.CullAllTerrains";0.0008;0.0004;0.0061;80310;79994;79492;5;5;1.98349997130572;0.00099175;0.0007;0.001;2001;1;1;2;2000;79030;0.0004;0.0061;79994;79492;0.0022
"EarlyUpdate.UpdateContentLoading";0.0008;0.0004;0.0432;80455;80095;80056;3;3;1.99209997494472;0.00099605;0.0007;0.001;2000;1;1;1;2000;79030;0.0004;0.0432;80095;80056;0.0008
"UnityEngine.CoreModule.dll!UnityEngine::Camera.FireOnPreRender() [Invoke]";0.0008;0.0004;0.0082;80585;79989;80762;4;4;1.99369997417671;0.00099685;0.0007;0.001;2001;1;1;2;2000;79030;0.0004;0.0082;79989;80762;0.0024
"UnityEngine.Physics2DModule.dll!UnityEngine.LowLevelPhysics2D::PhysicsEvents.InvokePreSimulate() [Invoke]";0.0008;0.0005;0.0041;80950;79082;79144;7;7;0.377099995093886;0.0009220049;0.0007;0.001;411;1;1;3;409;79031;0.0002;0.0041;79113;79144;0.0006
"UnityEngine.UI.dll!UnityEngine.EventSystems::UIBehaviour.Start() [Invoke]";0.0007;0.0007;0.0024;79112;79112;79669;5;5;0.00309999968158081;0.00155;0.0007;0.0007;24;3;3;21;2;79112;0;0.0006;79669;79669;0
"UGUI.Rendering.EmitWorldScreenspaceCameraGeometry";0.0007;0.0003;0.0046;79561;79959;80233;3;4;1.7314999580849;0.00086575;0.0006;0.0009999999;4001;2;2;3;2000;79030;0.0001;0.0043;79409;80233;0.0007
"UnityEngine.UI.dll!UnityEngine.UI::LayoutElement.OnValidate() [Invoke]";0.0007;0.0007;0.0007;79669;79669;79669;11;11;0.000700000033248216;0.0007;0.0007;0.0007;2;2;2;2;1;79669;0.0002;0.0005;79669;79669;0
"PreUpdate.UpdateVideo";0.0007;0.0003;0.0048;79083;80057;79144;3;3;1.46899998027948;0.0007345;0.0005;0.0008;2000;1;1;1;2000;79030;0.0003;0.0048;80057;79144;0.0003
"Assembly-CSharp.dll!::DamagePopup.PlayRoutine() [Coroutine: System.Collections.IEnumerator.get_Current] [Invoke]";0.0007;0.0003;0.0041;79100;79221;79075;5;9;0.164699993067188;0.0007660465;0.0005;0.0009;884;5;1;7;215;79030;0;0.0021;79030;79075;0
"Assembly-CSharp.dll!::MapDirector.Update() [Invoke]";0.0007;0.0004;0.0032;79102;79373;79324;5;5;0.483299987128703;0.000756338;0.0006;0.0008;639;1;1;1;639;79030;0.0004;0.0032;79373;79324;0
"TMP Save Page Info";0.0007;0.0001;0.0034;79115;79194;79112;9;11;0.15979999085539;0.0007398148;0.0005;0.0009;1880;8;3;57;216;79030;0;0.001;79031;79126;0
"SpeedTreeWindManager.UpdateGlobalAndLocalWinds";0.0007;0.0003;0.0284;79494;79695;79137;5;5;1.56849997618701;0.00078425;0.0006;0.0008;2000;1;1;1;2000;79030;0.0003;0.0284;79695;79137;0.0004
"UnityEngine.AIModule.dll!UnityEngine.AI::NavMesh.Internal_CallOnNavMeshPreUpdate() [Invoke]";0.0007;0.0004;0.0392;79521;79425;79413;4;4;1.65709997722297;0.00082855;0.0006;0.0008;2000;1;1;1;2000;79030;0.0004;0.0392;79425;79413;0.0005
"cleanupAfterLoad.Invoke";0.0007;0.0007;0.0007;79669;79669;79669;9;9;0.000699999975040555;0.0007;0.0007;0.0007;1;1;1;1;1;79669;0.0007;0.0007;79669;79669;0
"UnityEngine.UI.dll!UnityEngine.UI::Mask.OnValidate() [Invoke]";0.0007;0.0007;0.0007;79669;79669;79669;11;11;0.000699999975040555;0.0007;0.0007;0.0007;1;1;1;1;1;79669;0.0007;0.0007;79669;79669;0
"CanvasRenderer.SyncTransform";0.0007;0.0003;0.0062;79678;80716;79050;6;6;1.17939997848589;0.000816759;0.0005;0.0009;2931;2;2;30;1444;79030;0;0.0049;79727;79050;0.0005
"FixedUpdate.ScriptRunBehaviourFixedUpdate";0.0007;0.0005;0.0024;79684;79062;80511;3;3;0.304499992984347;0.0007444987;0.0006;0.0008;411;1;1;3;409;79031;0.0002;0.0024;79113;80511;0.0005
"UnityEngine.InputModule.dll!UnityEngineInternal.Input::NativeInputSystem.NotifyBeforeUpdate() [Invoke]";0.0007;0.0003;0.021;79702;79386;79135;4;4;1.60449995310046;0.00080225;0.0005;0.0009;4412;2;2;5;2000;79030;0.0001;0.0203;79201;79135;0.0007
"updateScene.Invoke";0.0007;0.0003;0.0041;79711;79891;79037;3;3;1.58459997631144;0.0007923;0.0006;0.0009;2000;1;1;1;2000;79030;0.0003;0.0041;79891;79037;0.0004
"RenderForwardAlpha.Render";0.0007;0.0005;0.8559;79789;79707;79058;6;6;154.978199546109;0.0774891;0.0006;0.1891;2001;1;1;2;2000;79030;0.0005;0.8559;79707;79058;0.0007
"Initialization.XREarlyUpdate";0.0007;0.0003;0.011;79837;79867;80271;3;3;1.55899997672532;0.0007795;0.0006;0.0009;2000;1;1;1;2000;79030;0.0003;0.011;79867;80271;0.0011
"Physics2D.SyncRigidbodyTransformChanges";0.0007;0.0002;0.0657;79855;79826;79344;6;6;5.34299997083144;0.01306357;0.0003;0.0257;411;1;1;3;409;79031;0.0001;0.0657;79113;79344;0.0002
"GarbageCollector.CollectIncremental";0.0007;0.0003;0.0109;79873;79249;79231;4;4;1.57009998042486;0.00078505;0.0005;0.0009;2000;1;1;1;2000;79030;0.0003;0.0109;79249;79231;0.0016
"ApplyPass.PrepareKeywords";0.0007;0.0002;0.0216;80086;79842;79034;6;8;3.65639972024655;0.0018282;0.0005;0.0031;28589;5;5;55;2000;79030;0;0.0074;79030;79085;0.0012
"FixedUpdate.DirectorFixedUpdate";0.0007;0.0003;0.0032;80105;79615;80511;3;3;0.320099996286444;0.0007826406;0.0006;0.0009;411;1;1;3;409;79031;0.0001;0.0032;79113;80511;0.0004
"UnityEngine.AccessibilityModule.dll!UnityEngine.Accessibility::AccessibilityManager.Internal_LateUpdate() [Invoke]";0.0007;0.0004;0.0239;80298;79248;80405;4;4;1.63129997899523;0.00081565;0.0006;0.0009;2000;1;1;1;2000;79030;0.0004;0.0239;79248;80405;0.0006
"LowLevelPhysics2D.DrawWorld.UpdateLifetimes";0.0007;0.0004;0.0076;80309;79601;80660;4;4;1.60579997312743;0.0008029;0.0006;0.0009;2000;1;1;1;2000;79030;0.0004;0.0076;79601;80660;0.0006
"PreLateUpdate.ConstraintManagerUpdate";0.0007;0.0005;0.0049;80424;79488;79687;3;3;1.68089996179333;0.00084045;0.0006;0.0009;2000;1;1;1;2000;79030;0.0005;0.0049;79488;79687;0.0009
"LowLevelPhysics2D.PhysicsWorld.Transform.WriteTweens";0.0007;0.0003;0.0047;80542;81004;79945;4;4;1.59669997083256;0.00079835;0.0006;0.0009;2000;1;1;1;2000;79030;0.0003;0.0047;81004;79945;0.0005
"Initialization.AsyncUploadTimeSlicedUpdate";0.0007;0.0002;0.0366;80623;80191;80627;3;3;1.84039998255321;0.0009202;0.0005;0.001;2000;1;1;1;2000;79030;0.0002;0.0366;80191;80627;0.0006
"ClothManager.LateUpdate";0.0007;0.0005;0.0275;80900;79056;79147;4;4;1.71709996816935;0.00085855;0.0006;0.0009;2000;1;1;1;2000;79030;0.0005;0.0275;79056;79147;0.0006
"LOD.ComputeLOD";0.0006;0.0003;0.0169;80967;79979;79869;6;7;1.64499998287647;0.0008225;0.0006;0.0008;4002;2;2;4;2000;79030;0;0.0168;79063;79869;0.0025
"SortingGroup.UpdateRenderer";0.0006;0.0004;0.0007;79034;79031;79033;9;11;0.00279999992926605;0.00056;0.0005;0.0006;16;4;2;4;5;79031;0;0.0005;79031;79033;0
"UnityEngine.Physics2DModule.dll!UnityEngine.LowLevelPhysics2D::PhysicsEvents.InvokePostSimulate() [Invoke]";0.0006;0.0004;0.0083;79129;79062;79684;7;7;0.270699999353383;0.0006618582;0.0005;0.0007;411;1;1;3;409;79031;0.0002;0.0083;79113;79684;0.0006
"FrameEvents.XRBeginFrame";0.0006;0.0001;0.0366;79399;80052;80578;3;3;1.47449998217053;0.00073725;0.0004;0.0008;2001;1;1;2;2000;79030;0.0001;0.0366;80052;80578;0.0009
"Profiler.CollectVideoStats";0.0006;0.0002;0.0039;79596;80430;80478;3;3;1.34799998613016;0.000674;0.0005;0.0007;2000;1;1;1;2000;79030;0.0002;0.0039;80430;80478;0.0011
"EnlightenRuntimeManager.PatchLightmapsOnLightmapSettings";0.0006;0.0006;0.0006;79669;79669;79669;14;14;0.00059999997029081;0.0006;0.0006;0.0006;1;1;1;1;1;79669;0.0006;0.0006;79669;79669;0
"PostLateUpdate.UpdateRectTransform";0.0006;0.0004;0.055;79702;79277;79103;3;3;5.43079997197492;0.0027154;0.0005;0.0007;2000;1;1;1;2000;79030;0.0004;0.055;79277;79103;0.0005
"PostLateUpdate.ProfilerEndFrame";0.0006;0.0003;0.0111;79770;79879;79538;3;3;1.48069998441497;0.00074035;0.0005;0.0008;2000;1;1;1;2000;79030;0.0003;0.0111;79879;79538;0.0004
"CanvasUpdate.Prelayout";0.0006;0.0004;0.0035;79954;79816;79126;8;8;1.32049998408183;0.00066025;0.0005;0.0007;2000;1;1;1;2000;79030;0.0004;0.0035;79816;79126;0.0005
"PostLateUpdate.UpdateAllSkinnedMeshes";0.0006;0.0002;0.0056;80051;80360;79157;3;3;1.38669998603291;0.00069335;0.0005;0.0008;2000;1;1;1;2000;79030;0.0002;0.0056;80360;79157;0.0004
"Update.DirectorUpdate";0.0006;0.0002;0.0055;80537;79082;79641;3;3;1.42459997610422;0.0007123;0.0005;0.0008;2000;1;1;1;2000;79030;0.0002;0.0055;79082;79641;0.0003
"Physics2D.SyncColliderTransformChanges";0.0006;0.0001;0.9185;80700;79804;79106;6;6;46.3488998127432;0.1133225;0.0002;0.2382;411;1;1;3;409;79031;0.0001;0.9185;79113;79106;0.0001
"BeginRenderQueueExtraction";0.0006;0.0003;0.0452;80748;79806;79171;5;5;3.78959998505889;0.0018948;0.0005;0.0033;2001;1;1;2;2000;79030;0.0003;0.0452;79806;79171;0.0011
"Update Lights";0.0006;0.0003;0.0149;80867;79685;79533;4;9;1.45739995595068;0.0007287;0.0006;0.0008;4002;2;2;3;2000;79030;0.0001;0.0145;79685;79533;0.0008
"UIEvents.CanvasManagerEmitOffScreenGeometry";0.0005;0.0002;0.0028;79031;79959;79538;3;3;1.04539998879773;0.0005227;0.0004;0.0006;2000;1;1;1;2000;79030;0.0002;0.0028;79959;79538;0.0003
"PostLateUpdate.VFXUpdate";0.0005;0.0003;0.0276;79113;79055;79413;3;3;1.07219998980872;0.0005361;0.0004;0.0006;2000;1;1;1;2000;79030;0.0003;0.0276;79055;79413;0.0004
"MeshRendererPrepareDispatchUpdate";0.0005;0.0002;0.0037;79135;79076;79126;5;5;0.127399998440524;0.0005925581;0.0004;0.0006;215;1;1;1;215;79030;0.0002;0.0037;79076;79126;0
"RenderForwardOpaque.Prepare";0.0005;0.0002;0.0049;79212;80128;80526;6;6;1.02579999303271;0.0005129;0.0004;0.0005;2001;1;1;2;2000;79030;0.0002;0.0049;80128;80526;0.0007
"Physics2D.SynchronizeFixtures";0.0005;0.0001;0.0074;79260;79669;79113;7;7;0.109999997417617;0.0005729166;0.0003;0.0007;194;1;1;3;192;79031;0.0001;0.0059;79669;79113;0
"PostLateUpdate.ShaderHandleErrors";0.0005;0.0001;0.0025;79328;79949;80909;3;3;1.06119998689974;0.0005306;0.0004;0.0006;2000;1;1;1;2000;79030;0.0001;0.0025;79949;80909;0.0003
"Physics.Interpolation";0.0005;0.0001;0.0096;79496;80741;79851;4;4;1.12619998367882;0.0005631;0.0004;0.0006;2409;1;1;2;2000;79030;0;0.0096;79177;79851;0.0004
"PostLateUpdate.UpdateResolution";0.0005;0.0002;0.0104;79518;80016;79554;3;3;1.09989999403479;0.00054995;0.0004;0.0006;2000;1;1;1;2000;79030;0.0002;0.0104;80016;79554;0.0008
"Assembly-CSharp.dll!::TowerDebugSpawner.Update() [Invoke]";0.0005;0.0004;0.004;79585;79033;79075;5;5;0.404399999417365;0.0006328638;0.0005;0.0006;639;1;1;1;639;79030;0.0004;0.004;79033;79075;0
"BuildHook.OnProcessScene";0.0005;0.0005;0.0005;79669;79669;79669;10;10;0.000500000023748726;0.0005;0.0005;0.0005;1;1;1;1;1;79669;0.0005;0.0005;79669;79669;0
"EarlyUpdate.InsightsUpdate";0.0005;0.0001;0.0095;79823;80170;79670;3;3;1.11959999331884;0.0005598;0.0004;0.0006;2000;1;1;1;2000;79030;0.0001;0.0095;80170;79670;0.0003
"Physics.CalculateChangedColliderTransforms";0.0005;0.0002;0.0027;80024;79593;79701;6;6;0.23129999692901;0.0005655257;0.0004;0.0006;411;1;1;3;409;79031;0.0002;0.0027;79113;79701;0.0003
"UnityEngine.UI.dll!UnityEngine.UI::HorizontalOrVerticalLayoutGroup.Update() [Invoke]";0.0005;0.0003;0.003;80228;79838;79701;5;5;0.769999998155981;0.0005657605;0.0004;0.0006;1361;1;1;1;1361;79669;0.0003;0.003;79838;79701;0.0005
"UIR.Free";0.0005;0.0003;0.0061;80658;79125;80511;5;5;1.29319999006111;0.0006466;0.0004;0.0007;2000;1;1;1;2000;79030;0.0003;0.0061;79125;80511;0.0004
"PreUpdate.IMGUISendQueuedEvents";0.0005;0.0003;0.0959;80699;79036;79668;3;3;1.41179999083397;0.0007059;0.0004;0.0007;2000;1;1;1;2000;79030;0.0003;0.0959;79036;79668;0.0006
"UnityEngine.CoreModule.dll!UnityEngine::Camera.FireOnPreCull() [Invoke]";0.0005;0.0003;0.0045;80931;80010;79492;5;5;1.29819998820312;0.0006491;0.0005;0.0007;2001;1;1;2;2000;79030;0.0003;0.0045;80010;79492;0.0014
"Render.Prepare";0.0005;0.0003;0.1039;80985;79900;79565;5;5;8.84249996690778;0.00442125;0.0004;0.0073;2001;1;1;2;2000;79030;0.0003;0.1039;79900;79565;0.0012
"CanvasRenderer.SyncWorldRect";0.0005;0.0002;0.0034;80117;79122;79955;6;6;0.835499975961284;0.0005577437;0.0004;0.0006;3053;2;1;30;1498;79030;0;0.0032;79031;79955;0.0004
"Assembly-CSharp.dll!::TowerWeapon.AttackThenSearch() [Coroutine: System.Collections.IEnumerator.get_Current] [Invoke]";0.0004;0.0004;0.0004;79031;79031;79031;6;7;0.0007999999797903;0.0004;0.0004;0.0004;2;1;1;1;2;79031;0.0004;0.0004;79031;79031;0
"Assembly-CSharp.dll!::BossIntroFx.FlyShard() [Coroutine: System.Collections.IEnumerator.get_Current] [Invoke]";0.0004;0.0003;0.0006;79032;79031;79030;5;5;0.00169999999343418;0.000425;0.0003;0.0004;8;2;2;2;4;79030;0.0001;0.0005;79030;79030;0
"PostLateUpdate.TriggerEndOfFrameCallbacks";0.0004;0.0001;0.0028;79032;80273;80474;3;3;0.796799981835647;0.0003984;0.0003;0.0004;2000;1;1;1;2000;79030;0.0001;0.0028;80273;80474;0.0002
"Physics2D.SolveDiscreteIslandPositionConstraints";0.0004;0.0001;0.0016;79046;79276;79113;9;9;0.0827999957982684;0.00043125;0.0002;0.0006;1761;7;1;51;192;79031;0;0.0011;79031;79665;0
"Assembly-CSharp.dll!::Player.HitAnimation() [Coroutine: System.Collections.IEnumerator.get_Current] [Invoke]";0.0004;0.0002;0.0022;79081;79048;79139;5;9;0.050699998930213;0.000429661;0.0003;0.0004;118;1;1;1;118;79031;0.0002;0.0022;79048;79139;0
"UnityEngine.UI.dll!UnityEngine.UI::Slider.Update() [Invoke]";0.0004;0.0003;0.0018;79082;79047;79109;5;5;0.0395999994070735;0.0004829268;0.0004;0.0005;87;1;1;3;82;79030;0.0002;0.0018;79030;79109;0
"TransformHandle.SetParent";0.0004;0.0003;0.0009;79084;79063;79076;6;9;0.00899999972898513;0.00045;0.0003;0.0005;38;1;1;5;20;79031;0;0.0007;79076;79112;0
"suspendPointHook.Invoke";0.0004;0.0001;0.0036;79096;79994;79765;7;9;0.825099980342202;0.00041255;0.0003;0.0004;2005;1;1;6;2000;79030;0.0001;0.0036;79669;79765;0.0003
"Physics2D.SolveDiscreteIslandWritePoses";0.0004;0;0.0026;79479;79675;79106;9;9;0.101099993131356;0.0005265624;0.0002;0.0007;1761;7;1;51;192;79031;0;0.0013;79031;79106;0
"EarlyUpdate.AnalyticsCoreStatsUpdate";0.0004;0.0001;0.0052;79492;79573;79950;3;3;0.84669998260506;0.00042335;0.0003;0.0004;2000;1;1;1;2000;79030;0.0001;0.0052;79573;79950;0.0005
"Initialization.SynchronizeInputs";0.0004;0.0002;0.01;79495;79204;79777;3;3;0.839799982160912;0.0004199;0.0003;0.0004;2000;1;1;1;2000;79030;0.0002;0.01;79204;79777;0.0004
"EarlyUpdate.ClearIntermediateRenderers";0.0004;0.0001;0.0121;79565;80431;79852;3;3;0.916699982626596;0.00045835;0.0003;0.0005;2000;1;1;1;2000;79030;0.0001;0.0121;80431;79852;0.0002
"Assembly-CSharp.dll!::TowerWeapon.SearchTarget() [Coroutine: System.Collections.IEnumerator.get_Current] [Invoke]";0.0004;0.0002;0.01869999;79583;79032;79146;5;6;0.496599870952195;0.00164437;0.0003;0.0009;4036;2;1;60;302;79030;0;0.0023;79030;79276;0
"sceneLoadStop.Invoke";0.0004;0.0004;0.0004;79669;79669;79669;8;8;0.00039999998989515;0.0004;0.0004;0.0004;1;1;1;1;1;79669;0.0004;0.0004;79669;79669;0
"TextureStreamingManager.RemoveTexture";0.0004;0.0004;0.0004;79669;79669;79669;11;11;0.00039999998989515;0.0004;0.0004;0.0004;8;8;8;8;1;79669;0;0.0002;79669;79669;0
"UnityEngine.UI.dll!UnityEngine.EventSystems::UIBehaviour.OnEnable() [Invoke]";0.0004;0.0004;0.0004;79669;79669;79669;7;7;0.00039999998989515;0.0004;0.0004;0.0004;1;1;1;1;1;79669;0.0004;0.0004;79669;79669;0
"UnityEngine.UI.dll!UnityEngine.UI::CanvasScaler.OnValidate() [Invoke]";0.0004;0.0004;0.0004;79669;79669;79669;11;11;0.00039999998989515;0.0004;0.0004;0.0004;1;1;1;1;1;79669;0.0004;0.0004;79669;79669;0
"PostLateUpdate.ParticleSystemEndUpdateAll";0.0004;0.0001;0.026;79670;79995;79059;3;3;1.19169998369034;0.00059585;0.0003;0.0005;2000;1;1;1;2000;79030;0.0001;0.026;79995;79059;0.0003
"EarlyUpdate.UnityWebRequestUpdate";0.0004;0.0002;0.019;79788;79065;80583;3;3;0.934899982530624;0.00046745;0.0003;0.0005;2000;1;1;1;2000;79030;0.0002;0.019;79065;80583;0.0003
"EarlyUpdate.DispatchEventQueueEvents";0.0004;0.0001;0.0116;79966;79949;79376;3;3;0.911299984596553;0.00045565;0.0003;0.0005;2000;1;1;1;2000;79030;0.0001;0.0116;79949;79376;0.0003
"PostLateUpdate.SortingGroupsUpdate";0.0004;0.0001;0.0092;80287;80473;79255;3;3;0.951599985877692;0.0004758;0.0004;0.0005;2000;1;1;1;2000;79030;0.0001;0.0092;80473;79255;0.0002
"GeneralConnection.Poll";0.0004;0.0002;0.0185;80315;79055;79997;5;5;0.953799987066304;0.0004769;0.0003;0.0005;2000;1;1;1;2000;79030;0.0002;0.0185;79055;79997;0.0004
"ParticleSystem.EndUpdateAll";0.0004;0.0001;0.0261;80342;79739;79059;4;9;1.2759999635673;0.000638;0.0003;0.0005;8002;4;4;5;2000;79030;0;0.0258;79030;79059;0.0004
"FixedUpdate.PhysicsClothFixedUpdate";0.0004;0.0002;0.0022;80370;79804;79144;3;3;0.193699996554642;0.0004735941;0.0003;0.0005;411;1;1;3;409;79031;0.0002;0.0022;79113;79144;0.0004
"PostLateUpdate.UpdateVideoTextures";0.0004;0.0002;0.0024;80410;79738;79641;3;3;0.946899988368386;0.00047345;0.0003;0.0005;2000;1;1;1;2000;79030;0.0002;0.0024;79738;79641;0.0004
"SkinnedMeshOncePerFrameUpdate";0.0004;0;0.0042;80543;79197;80836;5;10;0.957199966687767;0.0004786;0.0003;0.0006;4002;2;2;3;2000;79030;0;0.0039;79057;80836;0.0007
"ReflectionProbeAnchorPositionUpdate";0.0004;0.0001;0.0049;80987;79298;80415;6;7;1.12439996680041;0.0005622;0.0004;0.0006;4002;2;2;4;2000;79030;0;0.0041;79074;80415;0.0018
"ClipperRegistry.Cull";0.0004;0.0002;0.0048;81011;79181;79955;8;8;1.01989999062789;0.00050995;0.0004;0.0005;2000;1;1;1;2000;79030;0.0002;0.0048;79181;79955;0.0004
"Assembly-CSharp.dll!::EnemyHp.HitScalePunch() [Coroutine: System.Collections.IEnumerator.get_Current] [Invoke]";0.0003;0.0002;0.0005;79039;79031;79043;5;9;0.00489999985438772;0.0003266667;0.0003;0.0004;16;1;1;2;15;79031;0.0001;0.0005;79034;79043;0
"Physics2D.StoreBodyMoveStates";0.0003;0.0001;0.0013;79040;79238;79086;6;6;0.052699998333992;0.0002744792;0.0002;0.0003;194;1;1;3;192;79031;0.0001;0.0013;79113;79086;0
"Sprite.GetSourceAndDestinationRect";0.0003;0.0001;0.0023;79041;79056;79085;4;4;0.0270999995409511;0.00033875;0.0002;0.0004;81;1;1;2;80;79030;0.0001;0.0023;79056;79085;0
"FixedUpdate.DirectorFixedUpdatePostPhysics";0.0003;0.0001;0.0033;79056;79787;79049;3;3;0.115799996608985;0.0002831296;0.0002;0.0003;411;1;1;3;409;79031;0.0001;0.0033;79113;79049;0.0001
"Assembly-CSharp.dll!::Enemy.Move() [Coroutine: System.Collections.IEnumerator.get_Current] [Invoke]";0.0003;0.0001;0.0012;79069;79032;79061;5;5;0.0262999991027755;0.0003207317;0.0002;0.0003;83;1;1;2;82;79030;0.0001;0.0012;79032;79061;0
"ParticleSystem.DrawSystem";0.0003;0.0002;0.0015;79104;79038;79034;10;10;0.0261999992944766;0.0003797101;0.0003;0.0004;83;1;1;2;69;79030;0;0.0011;79035;79034;0
"GetComponentNullErrorWrapper";0.0003;0.0003;0.7649997;79112;79031;79669;9;9;0.765599747246597;0.2551999;0.0003;0.0003;146;2;2;142;3;79031;0;0.0156;79112;79669;0
"Physics2D.TilemapColliderTileUpdate";0.0003;0;0.0021;79128;79046;79055;5;5;0.187499993313395;0.0002934272;0.0002;0.0003;1917;3;3;3;639;79030;0;0.002;79031;79055;0
"PostLateUpdate.ScriptRunDelayedDynamicFrameRate";0.0003;0.0001;0.0031;79225;79772;79126;3;3;0.583999983071408;0.000292;0.0002;0.0003;2000;1;1;1;2000;79030;0.0001;0.0031;79772;79126;0.0002
"Assembly-CSharp.dll!::Pathfinder.MoveToPath() [Coroutine: System.Collections.IEnumerator.get_Current] [Invoke]";0.0003;0.0002;0.0017;79261;79032;79538;5;6;0.147399995068554;0.0003334841;0.0003;0.0003;442;1;1;1;442;79030;0.0002;0.0017;79032;79538;0
"PreLateUpdate.LegacyAnimationUpdate";0.0003;0;0.0048;79327;79992;80001;3;3;0.579099981419859;0.00028955;0.0002;0.0003;2000;1;1;1;2000;79030;0;0.0048;79992;80001;0.0001
"Tilemap.UpdateTileAnimation()";0.0003;0.0001;0.0028;79473;79033;79433;6;6;0.239599991335126;0.0003749609;0.0002;0.0004;1917;3;3;3;639;79030;0;0.0016;79031;79433;0
"GlobalEventQueue";0.0003;0.0001;0.002;79492;79080;80114;4;4;0.625299981897115;0.00031265;0.0002;0.0003;2000;1;1;1;2000;79030;0.0001;0.002;79080;80114;0.0001
"EarlyUpdate.UpdateAsyncInstantiate";0.0003;0.0001;0.0341;79539;80095;79999;3;3;0.662099979628692;0.00033105;0.0002;0.0003;2000;1;1;1;2000;79030;0.0001;0.0341;80095;79999;0.0002
"Physics2D.SolveContinuous";0.0003;0.0002;0.0027;79576;79158;79665;6;6;0.0732999981555622;0.0003817708;0.0003;0.0004;194;1;1;3;192;79031;0.0002;0.0027;79113;79665;0
"UnityEngine.UI.dll!UnityEngine.UI::Image.Start() [Coroutine: System.Collections.IEnumerator.get_Current] [Invoke]";0.0003;0.0002;0.0011;79653;79535;79538;5;6;0.0132999995548744;0.0003594595;0.0003;0.0003;37;1;1;1;37;79533;0.0002;0.0011;79535;79538;0
"sceneLoadStart.Invoke";0.0003;0.0003;0.0003;79668;79668;79668;7;7;0.000299999985145405;0.0003;0.0003;0.0003;1;1;1;1;1;79668;0.0003;0.0003;79668;79668;0
"CompareHashes";0.0003;0.0003;0.0003;79669;79669;79669;14;15;0.000299999985145405;0.0003;0.0003;0.0003;6;6;6;6;1;79669;0;0.0002;79669;79669;0
"EnlightenRuntimeManager.LoadSystemsData";0.0003;0.0003;0.0003;79669;79669;79669;14;14;0.000299999985145405;0.0003;0.0003;0.0003;1;1;1;1;1;79669;0.0003;0.0003;79669;79669;0
"Scripting.GetParentTypeDisallowingMultipleInclusion";0.0003;0.0003;0.0003;79669;79669;79669;7;7;0.000299999985145405;0.0003;0.0003;0.0003;1;1;1;1;1;79669;0.0003;0.0003;79669;79669;0
"LowLevelPhysics2D.PhysicsWorld.WriteTransformTweens";0.0003;0.0001;0.0016;79720;79695;79901;5;5;0.609599980198254;0.0003048;0.0002;0.0003;2000;1;1;1;2000;79030;0.0001;0.0016;79695;79901;0.0002
"CullSceneDynamicObjectsCombineJob";0.0003;0.0002;0.0021;79734;79030;79090;7;7;0.0639999983395683;0.0004155844;0.0003;0.0004;154;1;1;1;154;79030;0.0002;0.0021;79030;79090;0
"EarlyUpdate.UpdateTextureStreamingManager";0.0003;0.0001;0.0025;79844;79098;80530;3;3;0.654099980049068;0.00032705;0.0002;0.0003;2000;1;1;1;2000;79030;0.0001;0.0025;79098;80530;0.0003
"PostLateUpdate.DirectorLateUpdate";0.0003;0.0002;0.0031;79845;79038;80583;3;3;0.672799980195123;0.0003364;0.0002;0.0003;2000;1;1;1;2000;79030;0.0002;0.0031;79038;80583;0.0003
"FixedUpdate.LegacyFixedAnimationUpdate";0.0003;0.0002;0.0015;79914;79046;80604;3;3;0.139799995537032;0.0003418093;0.0003;0.0004;411;1;1;3;409;79031;0;0.0015;79113;80604;0.0002
"Initialization.UpdateCameraMotionVectors";0.0003;0.0001;0.0199;79932;79178;80535;3;3;0.674199979170226;0.0003371;0.0002;0.0003;2000;1;1;1;2000;79030;0.0001;0.0199;79178;80535;0.0002
"FixedBehaviourUpdate";0.0003;0.0002;0.0017;80024;79037;79366;4;4;0.139799996512011;0.0003418093;0.0002;0.0004;411;1;1;3;409;79031;0;0.0017;79113;79366;0.0002
"CleanUp.TextRenderingGarbageCollect";0.0003;0.0001;0.0023;80066;79032;79689;6;6;0.681599981726322;0.0003408;0.0002;0.0004;2000;1;1;1;2000;79030;0.0001;0.0023;79032;79689;0.0001
"PostLateUpdate.UpdateVideo";0.0003;0.0001;0.0021;80088;79754;79706;3;3;0.706299980032782;0.00035315;0.0003;0.0004;2000;1;1;1;2000;79030;0.0001;0.0021;79754;79706;0.0002
"PostLateUpdate.GUIClearEvents";0.0003;0.0001;0.0043;80131;79060;79538;3;3;0.936699982637947;0.00046835;0.0002;0.0007;2000;1;1;1;2000;79030;0.0001;0.0043;79060;79538;0.0006
"RenderTarget.GrabPixels";0.0003;0.0002;0.0106;80146;79681;79156;6;6;0.053099998694961;0.0003992481;0.0002;0.0004;133;1;1;1;133;79036;0.0002;0.0106;79681;79156;0
"Profiler.FlushFileIOCounters";0.0003;0.0001;0.0562;80201;79193;79343;2;2;0.781399981504364;0.0003907;0.0003;0.0004;2000;1;1;1;2000;79030;0.0001;0.0562;79193;79343;0.0008
"Director.PrepareFrame";0.0003;0;0.0084;80249;79710;79324;4;4;0.726499972035526;0.00036325;0.0002;0.0004;10822;5;5;11;2000;79030;0;0.0073;79030;79324;0.0003
"EarlyUpdate.UpdateStreamingManager";0.0003;0.0001;0.0021;80422;79044;80595;3;3;0.727299981452234;0.00036365;0.0003;0.0004;2000;1;1;1;2000;79030;0.0001;0.0021;79044;80595;0.0001
"SceneNodesInitJob";0.0003;0.0002;0.0036;80430;79183;80383;9;9;0.134399995673448;0.0003895652;0.0003;0.0004;345;1;1;1;345;79035;0.0002;0.0036;79183;80383;0
"PostLateUpdate.DirectorRenderImage";0.0003;0.0001;0.0034;80516;80048;80583;3;3;0.711899984322372;0.00035595;0.0002;0.0004;2000;1;1;1;2000;79030;0.0001;0.0034;80048;80583;0.0002
"Flush DSP connections";0.0003;0.0001;0.0054;80601;79221;80028;7;7;0.769199982329155;0.0003846;0.0003;0.0004;2000;1;1;1;2000;79030;0.0001;0.0054;79221;80028;0.0002
"FinalizeUpdateRendererBoundingVolumes";0.0003;0.0002;0.3047;80630;79272;79126;4;5;3.13959998120845;0.0015698;0.0003;0.0004;2766;1;1;2;2000;79030;0;0.3044;79272;79126;0.0002
"Profiler.CollectGIStats";0.0003;0.0002;0.0024;80658;79040;79214;3;3;0.783399979409296;0.0003917;0.0003;0.0004;2000;1;1;1;2000;79030;0.0002;0.0024;79040;79214;0.0003
"Update.ScriptRunDelayedDynamicFrameRate";0.0003;0.0001;1.0621;80721;80995;79109;3;3;36.5973998521513;0.0182987;0.0003;0.0079;2000;1;1;1;2000;79030;0.0001;1.0621;80995;79109;0.0002
"RenderTexture.ResolveAA";0.0003;0.0002;0.0034;80751;79753;80048;4;7;0.514999985229224;0.0003783982;0.0003;0.0004;1364;1;1;3;1361;79669;0.0002;0.0034;79753;80048;0.001
"FixedUpdate.ScriptRunDelayedFixedFrameRate";0.0003;0.0001;0.0357;80836;79831;79034;3;3;0.231999998097308;0.0005672371;0.0002;0.0005;411;1;1;3;409;79031;0.0001;0.0357;79831;79034;0.0002
"ContentLoadFrontend.IntegrateUpdate";0.0003;0.0001;0.0427;80980;80168;80056;4;4;0.917699979625468;0.00045885;0.0003;0.0004;2000;1;1;1;2000;79030;0.0001;0.0427;80168;80056;0.0003
"EarlyUpdate.XRUpdate";0.0003;0.0001;0.0027;81015;79259;80208;3;3;0.811199984840641;0.0004056;0.0003;0.0005;2000;1;1;1;2000;79030;0.0001;0.0027;79259;80208;0.0001
"ParticleSystem.GeometryJob";0.0002;0.0001;0.0015;79095;79032;79047;5;5;0.0198999993299367;0.00024875;0.0002;0.0003;91;1;1;2;80;79030;0;0.0015;79065;79047;0
"Render.MotionVectors";0.0002;0;0.0012;79134;79590;80383;5;5;0.353999991115415;0.000177;0.0001;0.0002;2001;1;1;2;2000;79030;0;0.0012;79590;80383;0.0008
"Physics2D.SolveContinuousTraversal";0.0002;0.0001;0.0011;79141;79034;79665;7;7;0.0350999990623677;0.0001828125;0.0001;0.0002;194;1;1;3;192;79031;0.0001;0.0011;79034;79665;0
"FrameEvents.XREndFrame";0.0002;0.0001;0.0035;79390;79030;79406;4;4;0.396899990024394;0.00019845;0.0001;0.0002;2001;1;1;2;2000;79030;0.0001;0.0035;79030;79406;0.0006
"PostLateUpdate.XRPostLateUpdate";0.0002;0;0.0017;79407;79249;80669;3;3;0.375599991421041;0.0001878;0.0001;0.0002;2000;1;1;1;2000;79030;0;0.0017;79249;80669;0.0002
"Physics2D.SolveDiscreteIslandBodySleep";0.0002;0;0.002;79483;79409;79170;9;9;0.0520999977306928;0.0002713542;0.0001;0.0003;1761;7;1;51;192;79031;0;0.0016;79031;79170;0
"TrailRenderer.RenderGeometryJob";0.0002;0.0002;0.0002;79483;79483;79483;5;5;0.000199999994947575;0.0002;0.0002;0.0002;1;1;1;1;1;79483;0.0002;0.0002;79483;79483;0
"QueuePrepareIntegrateMainThreadObjects";0.0002;0;0.0839;79496;79679;79058;6;6;3.69209997284634;0.005453619;0.0001;0.0084;677;1;1;1;677;79030;0;0.0839;79679;79058;0
"Physics2D.SolveDiscreteIslandIntegratePoses";0.0002;0;0.0025;79528;79272;79056;9;9;0.0534999982701265;0.0002786458;0.0001;0.0004;1761;7;1;51;192;79031;0;0.0019;79031;79056;0
"EarlyUpdate.ResetFrameStatsAfterPresent";0.0002;0;0.0071;79536;79767;79763;3;3;0.401199992076727;0.0002006;0.0001;0.0002;2000;1;1;1;2000;79030;0;0.0071;79767;79763;0.0002
"Physics2D.SolveDiscreteIslandVelocities";0.0002;0;0.0016;79552;79366;79113;9;9;0.0537999974985723;0.0002802083;0.0001;0.0004;1761;7;1;51;192;79031;0;0.0004;79031;79665;0
"NavMeshManager";0.0002;0;0.034;79559;79341;80542;4;4;0.448699988584849;0.00022435;0.0001;0.0002;2000;1;1;1;2000;79030;0;0.034;79341;80542;0.0002
"Physics2D.ClearIslandFlags";0.0002;0;0.0014;79661;79450;79066;7;7;0.0591999989846954;0.0003083333;0.0001;0.0004;194;1;1;3;192;79031;0;0.0014;79450;79066;0
"beforeRemoveScene.Invoke";0.0002;0.0002;0.0002;79669;79669;79669;10;10;0.000199999994947575;0.0002;0.0002;0.0002;1;1;1;1;1;79669;0.0002;0.0002;79669;79669;0
"RadiosityDataManager.PurgeSystems";0.0002;0.0002;0.0002;79669;79669;79669;14;14;0.000199999994947575;0.0002;0.0002;0.0002;1;1;1;1;1;79669;0.0002;0.0002;79669;79669;0
"resetRandomAfterSceneLoad.Invoke";0.0002;0.0002;0.0002;79669;79669;79669;9;9;0.000199999994947575;0.0002;0.0002;0.0002;1;1;1;1;1;79669;0.0002;0.0002;79669;79669;0
"TextRendering.FlushTextMeshGenerator";0.0002;0.0002;0.0002;79669;79669;79669;10;10;0.000199999994947575;0.0002;0.0002;0.0002;1;1;1;1;1;79669;0.0002;0.0002;79669;79669;0
"UnityEngine.UI.dll!UnityEngine.EventSystems::UIBehaviour.OnDisable() [Invoke]";0.0002;0.0002;0.0002;79669;79669;79669;13;13;0.000199999994947575;0.0002;0.0002;0.0002;1;1;1;1;1;79669;0.0002;0.0002;79669;79669;0
"FixedUpdate.ClearLines";0.0002;0;0.0015;79707;79185;80511;3;3;0.0856999974566861;0.0002095354;0.0001;0.0002;411;1;1;3;409;79031;0;0.0015;79185;80511;0.0001
"FixedUpdate.DirectorFixedSampleTime";0.0002;0.0001;0.0012;79831;79046;80604;3;3;0.0874999975640094;0.0002139364;0.0002;0.0002;411;1;1;3;409;79031;0.0001;0.0012;79046;80604;0.0002
"EarlyUpdate.SpriteAtlasManagerUpdate";0.0002;0;0.004;79839;79960;79388;3;3;0.429599989962298;0.0002148;0.0001;0.0002;2000;1;1;1;2000;79030;0;0.004;79960;79388;0.0002
"SoundManager.Update";0.0002;0;0.0038;79981;79220;80899;4;4;0.470299988228362;0.00023515;0.0001;0.0003;2000;1;1;1;2000;79030;0;0.0038;79220;80899;0.0002
"EarlyUpdate.UpdateMainGameViewRect";0.0002;0.0001;0.1059;79987;79039;79960;3;3;0.531999985541916;0.000266;0.0002;0.0002;2000;1;1;1;2000;79030;0.0001;0.1059;79039;79960;0.0001
"PrepareSceneNodesSetUp";0.0002;0;0.0152;80160;79032;79683;9;9;0.872399983105424;0.0004945578;0.0001;0.0005;6123;3;1;7;1764;79031;0;0.0152;79031;79683;0.0003
"PostLateUpdate.InputEndFrame";0.0002;0.0001;0.0019;80187;79155;79478;3;3;0.457199987351487;0.0002286;0.0002;0.0002;2000;1;1;1;2000;79030;0.0001;0.0019;79155;79478;0.0002
"EarlyUpdate.TilemapRendererEarlyUpdate";0.0002;0;0.0029;80195;79148;79433;3;3;0.466199988004519;0.0002331;0.0002;0.0003;2000;1;1;1;2000;79030;0;0.0029;79148;79433;0.0002
"EarlyUpdate.PerformanceAnalyticsUpdate";0.0002;0.0001;0.0018;80224;79035;80843;3;3;0.486999987573654;0.0002435;0.0002;0.0003;2000;1;1;1;2000;79030;0.0001;0.0018;79035;80843;0.0002
"ClothScene.Update";0.0002;0.0001;0.0027;80334;79084;79934;5;5;0.495699986371619;0.00024785;0.0002;0.0003;2000;1;1;1;2000;79030;0.0001;0.0027;79084;79934;0.0002
"PreLateUpdate.DirectorDeferredEvaluate";0.0002;0.0001;0.0042;80468;79034;80110;3;3;0.522799986494647;0.0002614;0.0002;0.0003;2000;1;1;1;2000;79030;0.0001;0.0042;79034;80110;0.0002
"EarlyUpdate.UpdateAsyncReadbackManager";0.0002;0.0001;0.0121;80548;79119;79714;3;3;0.53259998565045;0.0002663;0.0002;0.0003;2000;1;1;1;2000;79030;0.0001;0.0121;79119;79714;0.0002
"Application.FlushRenderStats";0.0002;0.0001;0.0025;80578;79105;79340;2;2;0.513299984842888;0.00025665;0.0002;0.0003;2000;1;1;1;2000;79030;0.0001;0.0025;79105;79340;0.0007
"CanvasUpdate.PreRender";0.0002;0.0001;1.1641;80603;79480;79669;8;8;13.1032000181876;0.0065516;0.0002;0.0003;2000;1;1;1;2000;79030;0.0001;1.1641;79480;79669;0.0002
"RenderForwardAlpha.Prepare";0.0002;0.0001;0.2753;80664;79713;79184;6;6;11.5527999466067;0.0057764;0.0001;0.0115;2001;1;1;2;2000;79030;0.0001;0.2753;79713;79184;0.0001
"PreLateUpdate.AIUpdatePostScript";0.0002;0.0001;0.0341;80690;79296;80542;3;3;0.593299986008788;0.00029665;0.0002;0.0003;2000;1;1;1;2000;79030;0.0001;0.0341;79296;80542;0.0002
"UpdateRendererBoundingVolumes";0.0002;0;0.1095;80854;80035;79406;5;8;5.42049998937;0.00271025;0.0002;0.0021;4195;1;1;20;2000;79030;0;0.1058;79032;79406;0.0002
"ConstraintManager::Update";0.0002;0.0001;0.0035;81000;79331;80489;4;4;0.609299983749224;0.00030465;0.0002;0.0003;2000;1;1;1;2000;79030;0.0001;0.0035;79331;80489;0.0005
"JobDebuggerFrameMaintenance";0.0002;0.0001;0.0097;81000;79801;79732;4;4;0.997199986093619;0.0004986;0.0002;0.0008;2000;1;1;1;2000;79030;0.0001;0.0097;79801;79732;0.0002
"Physics2D.ClearBodyForces";0.0001;0;0.0002;79034;79031;79679;6;6;0.00979999975243118;5.104166E-05;0;0.0001;194;1;1;3;192;79031;0;0.0002;79031;79679;0
"Physics2D.JointBreakLimits";0.0001;0;0.0004;79049;79031;79387;5;5;0.0115999996851315;6.041666E-05;0;0.0001;194;1;1;3;192;79031;0;0.0004;79031;79387;0
"Sprite.GetSpriteTileVertexAndIndexCount";0.0001;0;0.0004;79062;79038;79066;4;4;0.00789999977860134;9.875E-05;0;0.0001;81;1;1;2;80;79030;0;0.0004;79038;79066;0
"CanvasRenderer.SyncClipRect";0.0001;0;0.0012;79094;79034;80054;6;6;0.102199997505522;7.077562E-05;0;0.0001;2931;2;2;30;1444;79030;0;0.0012;79030;80054;0.0001
"TextureStreamingManager.RemoveRenderer";0.0001;0;0.0033;79112;79057;79669;5;13;0.00590000011288794;0.0002458333;0;0.0001;258;1;1;195;24;79031;0;0.0001;79031;79031;0
"PreUpdate.CheckTexFieldInput";0.0001;0;0.0011;79232;79030;80188;3;3;0.119799996900838;5.99E-05;0;0.0001;2000;1;1;1;2000;79030;0;0.0011;79030;80188;0.0001
"Terrain.UpdateSplatProperties";0.0001;0;0.0004;79239;79032;79492;6;6;0.115099997048674;5.755E-05;0;0.0001;2001;1;1;2;2000;79030;0;0.0004;79032;79492;0.0001
"Physics2D.RestoreBodyMoveStates";0.0001;0;0.0002;79242;79112;79040;6;6;0.0149999996210681;7.8125E-05;0;0.0001;194;1;1;3;192;79031;0;0.0002;79112;79040;0
"ParticleSystem.WaitForPreviousRenderingToFinish";0.0001;0;0.0013;79276;79067;79061;5;9;0.147599996860663;7.38E-05;0;0.0001;2011;1;1;5;2000;79030;0;0.0013;79034;79061;0.0001
"Terrain.Trees.OnWillRender";0.0001;0;0.0014;79276;79030;79769;8;8;0.150499996176222;7.525E-05;0;0.0001;2001;1;1;2;2000;79030;0;0.0014;79030;79769;0.0002
"Physics2D.FindMinimumContinuousContact";0.0001;0;0.0006;79344;79046;79665;8;8;0.0186999995494261;9.739583E-05;0.0001;0.0001;194;1;1;3;192;79031;0;0.0006;79046;79665;0
"CombineJobResults";0.0001;0;0.001;79427;79030;79267;7;8;0.0447999989410164;0.0001220708;0;0.0002;411;1;1;2;367;79030;0;0.001;79030;79267;0
"TextureStreamingManager.Update";0.0001;0;0.0014;79488;79032;80416;4;4;0.157399996132881;7.87E-05;0;0.0001;2000;1;1;1;2000;79030;0;0.0014;79032;80416;0
"PreLateUpdate.PhysicsLateUpdate";0.0001;0;0.0007;79531;79032;80208;3;3;0.144799996305665;7.24E-05;0;0.0001;2000;1;1;1;2000;79030;0;0.0007;79032;80208;0
"Send messages";0.0001;0;0.0012;79614;79032;79668;5;5;0.166299995864392;8.315E-05;0;0.0001;2000;1;1;1;2000;79030;0;0.0012;79032;79668;0
"Physics2D.SolveDiscreteIslandPostSolve";0.0001;0;0.0009999999;79652;79103;79040;9;9;0.0367999984518974;0.0001916667;0;0.0003;1761;7;1;51;192;79031;0;0.0003;79031;79138;0
"EnlightenRuntimeManager.LoadProbeSetsData";0.0001;0.0001;0.0001;79669;79669;79669;14;14;9.99999974737875E-05;0.0001;0.0001;0.0001;1;1;1;1;1;79669;0.0001;0.0001;79669;79669;0
"EnlightenRuntimeManager.UpdateSystems";0.0001;0.0001;0.0001;79669;79669;79669;14;14;9.99999974737875E-05;0.0001;0.0001;0.0001;1;1;1;1;1;79669;0.0001;0.0001;79669;79669;0
"NavMeshManager.UnloadData";0.0001;0.0001;0.0001;79669;79669;79669;11;11;9.99999974737875E-05;0.0001;0.0001;0.0001;1;1;1;1;1;79669;0.0001;0.0001;79669;79669;0
"RadiosityDataManager.PurgeProbeSets";0.0001;0.0001;0.0001;79669;79669;79669;14;14;9.99999974737875E-05;0.0001;0.0001;0.0001;1;1;1;1;1;79669;0.0001;0.0001;79669;79669;0
"StaticBatching.FilterObjects";0.0001;0.0001;0.0001;79669;79669;79669;12;12;9.99999974737875E-05;0.0001;0.0001;0.0001;1;1;1;1;1;79669;0.0001;0.0001;79669;79669;0
"StaticBatching.KickOffBatching";0.0001;0.0001;0.0001;79669;79669;79669;12;12;9.99999974737875E-05;0.0001;0.0001;0.0001;1;1;1;1;1;79669;0.0001;0.0001;79669;79669;0
"ClothManager.UploadSimulatedSkinData";0.0001;0;0.0014;79751;79102;79050;4;4;0.191899995268614;9.595E-05;0;0.0001;2000;1;1;1;2000;79030;0;0.0014;79102;79050;0
"Semaphore.WaitForSignal";0.0001;0;1.2677;79876;79030;79345;3;11;1.72969994848245;0.0008648499;0;0.0001;2552;1;1;5;2000;79030;0;1.2677;79030;79345;0
"EndRenderQueueExtraction";0.0001;0;0.4324;79891;79707;79480;5;5;63.2797997226808;0.0316399;0;0.0697;2001;1;1;2;2000;79030;0;0.4324;79707;79480;0.0001
"Profiler.CollectUICanvasStats";0.0001;0;0.0014;79925;79033;79133;3;3;0.208899994831881;0.00010445;0.0001;0.0001;2000;1;1;1;2000;79030;0;0.0014;79033;79133;0.0003
"PostLateUpdate.EndGraphicsJobsAfterScriptLateUpdate";0.0001;0;0.0007;80015;79069;79538;3;3;0.210399994612089;0.0001052;0.0001;0.0001;2000;1;1;1;2000;79030;0;0.0007;79069;79538;0.0001
"CanvasUpdate.PostLayout";0.0001;0;0.0013;80135;79166;79696;8;8;0.21929999441636;0.00010965;0.0001;0.0001;2000;1;1;1;2000;79030;0;0.0013;79166;79696;0
"EditorConnection.RefreshObservablePlayerList";0.0001;0;0.0007;80247;79055;79750;5;5;0.244499993816135;0.00012225;0.0001;0.0002;2000;1;1;1;2000;79030;0;0.0007;79055;79750;0.0001
"Physics.CalculateChangedBodyTransforms";0.0001;0;0.0015;80266;79201;81004;6;6;0.0550999986080569;0.0001347188;0.0001;0.0002;411;1;1;3;409;79031;0;0.0015;79201;81004;0.0002
"SortingGroupManager.Update";0.0001;0;0.0016;80288;79050;79274;4;4;0.271899993138504;0.00013595;0.0001;0.0001;2000;1;1;1;2000;79030;0;0.0016;79050;79274;0.0001
"CanvasUpdate.LatePreRender";0.0001;0;0.0036;80368;79182;79126;8;8;0.364199993455259;0.0001821;0.0001;0.0001;2000;1;1;1;2000;79030;0;0.0036;79182;79126;0.0001
"CanvasUpdate.Layout";0.0001;0;0.2473;80398;79183;79669;8;8;0.506999992256169;0.0002535;0.0001;0.0002;2000;1;1;1;2000;79030;0;0.2473;79183;79669;0.0001
"TextRendering.CollectGarbage";0.0001;0;0.0019;80432;79058;79037;4;4;0.311599992790434;0.0001558;0.0001;0.0002;2000;1;1;1;2000;79030;0;0.0019;79058;79037;0
"EarlyUpdate.PhysicsResetInterpolatedTransformPosition";0.0001;0;0.023;80448;79032;79701;3;3;2.81109998472675;0.00140555;0.0001;0.0002;2000;1;1;1;2000;79030;0;0.023;79032;79701;0.0049
"Initialization.SynchronizeState";0.0001;0;0.0059;80481;79267;79689;3;3;0.291199992658221;0.0001456;0.0001;0.0002;2000;1;1;1;2000;79030;0;0.0059;79267;79689;0.0001
"PostLateUpdate.BatchModeUpdate";0.0001;0;0.0021;80498;79032;79964;3;3;0.294599993205338;0.0001473;0.0001;0.0002;2000;1;1;1;2000;79030;0;0.0021;79032;79964;0
"PreLateUpdate.DirectorUpdateAnimationEnd";0.0001;0.0001;0.0074;80507;79031;79324;3;3;0.301799993176246;0.0001509;0.0001;0.0002;2000;1;1;1;2000;79030;0.0001;0.0074;79031;79324;0.0001
"PreLateUpdate.DirectorUpdateAnimationBegin";0.0001;0.0001;0.0038;80553;79030;79347;3;3;0.285199993013521;0.0001426;0.0001;0.0002;2000;1;1;1;2000;79030;0.0001;0.0038;79030;79347;0.0002
"EarlyUpdate.GpuTimestamp";0.0001;0;0.0017;80570;79047;80621;3;3;0.293199992724112;0.0001466;0.0001;0.0002;2000;1;1;1;2000;79030;0;0.0017;79047;80621;0.0001
"ScheduleCullingGroups";0.0001;0;0.0371;80594;79177;79924;5;5;0.355799991069944;0.0001779;0.0001;0.0002;2001;1;1;2;2000;79030;0;0.0371;79177;79924;0.0006
"FixedUpdate.XRFixedUpdate";0.0001;0.0001;0.0013;80627;79031;80409;3;3;0.0617999984679045;0.0001511002;0.0001;0.0002;411;1;1;3;409;79031;0;0.0013;79113;80409;0.0001
"LowLevelPhysics2D.PhysicsWorld.SimulateBatch";0.0001;0;0.034;80677;79035;80197;4;4;2.60759994358523;0.0013038;0.0001;0.0002;2411;1;1;4;2000;79030;0;0.0339;79035;80197;0.0044
"PostLateUpdate.PhysicsSkinnedClothFinishUpdate";0.0001;0;0.0018;80728;79714;80583;3;3;0.328699991667236;0.00016435;0.0001;0.0002;2000;1;1;1;2000;79030;0;0.0018;79714;80583;0.0001
"Director.ProcessFrame";0.0001;0;0.0025;80801;79032;79302;4;4;0.354999988128839;0.0001775;0.0001;0.0002;10822;5;5;11;2000;79030;0;0.0025;79030;79307;0
"PostLateUpdate.XRPreEndFrame";0.0001;0.0001;0.0015;81022;79036;79364;3;3;0.348899992066436;0.00017445;0.0001;0.0002;2000;1;1;1;2000;79030;0.0001;0.0015;79036;79364;0.0001
"Component.SetGameObject";0;0;0;79056;79031;79031;7;11;0;0;0;0;1024;7;2;985;7;79031;0;0;79031;79031;0
"Object.Unregister";0;0;0;79122;79034;79034;6;13;0;0;0;0;4079;4;4;4038;6;79034;0;0;79034;79034;0
"PlayerLoop.SceneRepaintDirty";0;0;0.0001;79122;79034;79138;6;11;0.000199999994947575;3.333333E-05;0;0;6;1;1;1;6;79034;0;0.0001;79034;79138;0
"ScheduleAllocJob";0;0;0;79412;79030;79030;5;6;0;0;0;0;1524;2;1;3;765;79030;0;0;79030;79030;0
"Physics2D.EffectorFixedUpdate";0;0;0.0003;79479;79031;79597;5;5;0.0054999998465064;2.864583E-05;0;0.0001;194;1;1;3;192;79031;0;0.0003;79031;79597;0
"GfxResource.Unregister";0;0;0;79669;79669;79669;11;11;0;0;0;0;8;8;8;8;1;79669;0;0;79669;79669;0
"StaticBatching.CollectBatches";0;0;0;79669;79669;79669;12;12;0;0;0;0;1;1;1;1;1;79669;0;0;79669;79669;0
"StaticBatching.Finish";0;0;0;79669;79669;79669;12;12;0;0;0;0;1;1;1;1;1;79669;0;0;79669;79669;0
"Object.Register";0;0;0;79726;79034;79034;4;12;0;0;0;0;184;1;1;162;14;79034;0;0;79034;79034;0
"Object.SetName";0;0;0;79726;79034;79034;4;12;0;0;0;0;197;1;1;181;14;79034;0;0;79034;79034;0
"Physics2D.ClearContinuousIslandFlags";0;0;0.0003;79753;79034;79113;7;7;0.00899999976536492;4.6875E-05;0;0.0001;194;1;1;3;192;79031;0;0.0001;79034;79031;0
"BeginJob";0;0;0;80027;79030;79030;5;9;0;0;0;0;16072;7;1;38;1990;79030;0;0;79030;79030;0
"EndJob";0;0;0;80027;79030;79030;5;9;0;0;0;0;16072;7;1;38;1990;79030;0;0;79030;79030;0
"Active Constraints";0;0;0;80029;79030;79030;3;5;0;0;0;0;2409;1;1;2;2000;79030;0;0;79030;79030;0
"Active Dynamic Bodies";0;0;0;80029;79030;79030;3;5;0;0;0;0;2409;1;1;2;2000;79030;0;0;79030;79030;0
"Active Kinematic Bodies";0;0;0;80029;79030;79030;3;5;0;0;0;0;2409;1;1;2;2000;79030;0;0;79030;79030;0
"Added Contacts";0;0;0;80029;79030;79030;3;3;0;0;0;0;2000;1;1;1;2000;79030;0;0;79030;79030;0
"AnimationClip Count";0;0;0;80029;79030;79030;3;3;0;0;0;0;2000;1;1;1;2000;79030;0;0;79030;79030;0
"AnimationClip Memory";0;0;0;80029;79030;79030;3;3;0;0;0;0;2000;1;1;1;2000;79030;0;0;79030;79030;0
"App Committed Memory";0;0;0;80029;79030;79030;3;3;0;0;0;0;2000;1;1;1;2000;79030;0;0;79030;79030;0
"App Resident Memory";0;0;0;80029;79030;79030;3;3;0;0;0;0;2000;1;1;1;2000;79030;0;0;79030;79030;0
"Articulation Bodies";0;0;0;80029;79030;79030;3;5;0;0;0;0;2409;1;1;2;2000;79030;0;0;79030;79030;0
"Asleep Bodies";0;0;0;80029;79030;79030;3;3;0;0;0;0;2000;1;1;1;2000;79030;0;0;79030;79030;0
"Asleep Shapes";0;0;0;80029;79030;79030;3;3;0;0;0;0;2000;1;1;1;2000;79030;0;0;79030;79030;0
"Asset Bundles";0;0;0;80029;79030;79030;3;3;0;0;0;0;2000;1;1;1;2000;79030;0;0;79030;79030;0
"Asset Count";0;0;0;80029;79030;79030;3;3;0;0;0;0;2000;1;1;1;2000;79030;0;0;79030;79030;0
"Assets";0;0;0;80029;79030;79030;3;3;0;0;0;0;2000;1;1;1;2000;79030;0;0;79030;79030;0
"Atlases";0;0;0;80029;79030;79030;3;3;0;0;0;0;2000;1;1;1;2000;79030;0;0;79030;79030;0
"Audio Reads";0;0;0;80029;79030;79030;3;3;0;0;0;0;2000;1;1;1;2000;79030;0;0;79030;79030;0
"Audio Reserved Memory";0;0;0;80029;79030;79030;3;3;0;0;0;0;2000;1;1;1;2000;79030;0;0;79030;79030;0
"Audio Used Memory";0;0;0;80029;79030;79030;3;3;0;0;0;0;2000;1;1;1;2000;79030;0;0;79030;79030;0
"AudioClip Count";0;0;0;80029;79030;79030;3;3;0;0;0;0;2000;1;1;1;2000;79030;0;0;79030;79030;0
"AudioClip Memory";0;0;0;80029;79030;79030;3;3;0;0;0;0;2000;1;1;1;2000;79030;0;0;79030;79030;0
"Awake Bodies";0;0;0;80029;79030;79030;3;3;0;0;0;0;2000;1;1;1;2000;79030;0;0;79030;79030;0
"Awake Shapes";0;0;0;80029;79030;79030;3;3;0;0;0;0;2000;1;1;1;2000;79030;0;0;79030;79030;0
"Broadphase Adds";0;0;0;80029;79030;79030;3;5;0;0;0;0;2409;1;1;2;2000;79030;0;0;79030;79030;0
"Broadphase Adds/Removes";0;0;0;80029;79030;79030;3;5;0;0;0;0;2409;1;1;2;2000;79030;0;0;79030;79030;0
"Broadphase Pairs";0;0;0;80029;79030;79030;3;3;0;0;0;0;2000;1;1;1;2000;79030;0;0;79030;79030;0
"Broadphase Removes";0;0;0;80029;79030;79030;3;5;0;0;0;0;2409;1;1;2;2000;79030;0;0;79030;79030;0
"Broadphase Updates";0;0;0;80029;79030;79030;3;3;0;0;0;0;2000;1;1;1;2000;79030;0;0;79030;79030;0
"Catalogs";0;0;0;80029;79030;79030;3;3;0;0;0;0;2000;1;1;1;2000;79030;0;0;79030;79030;0
"Colliders Synced";0;0;0;80029;79030;79030;3;5;0;0;0;0;2409;1;1;2;2000;79030;0;0;79030;79030;0
"Collision Enter";0;0;0;80029;79030;79030;3;3;0;0;0;0;2000;1;1;1;2000;79030;0;0;79030;79030;0
"Collision Exit";0;0;0;80029;79030;79030;3;3;0;0;0;0;2000;1;1;1;2000;79030;0;0;79030;79030;0
"Collision Stay";0;0;0;80029;79030;79030;3;3;0;0;0;0;2000;1;1;1;2000;79030;0;0;79030;79030;0
"Continuous Bodies";0;0;0;80029;79030;79030;3;3;0;0;0;0;2000;1;1;1;2000;79030;0;0;79030;79030;0
"Continuous Overlaps";0;0;0;80029;79030;79030;3;5;0;0;0;0;2409;1;1;2;2000;79030;0;0;79030;79030;0
"CPU Main Thread Frame Time";0;0;0;80029;79030;79030;3;3;0;0;0;0;2000;1;1;1;2000;79030;0;0;79030;79030;0
"CPU Render Thread Frame Time";0;0;0;80029;79030;79030;3;3;0;0;0;0;2000;1;1;1;2000;79030;0;0;79030;79030;0
"CPU Total Frame Time";0;0;0;80029;79030;79030;3;3;0;0;0;0;2000;1;1;1;2000;79030;0;0;79030;79030;0
"Discreet Overlaps";0;0;0;80029;79030;79030;3;5;0;0;0;0;2409;1;1;2;2000;79030;0;0;79030;79030;0
"Discrete Bodies";0;0;0;80029;79030;79030;3;3;0;0;0;0;2000;1;1;1;2000;79030;0;0;79030;79030;0
"Dynamic Bodies";0;0;0;80029;79030;79030;3;5;0;0;0;0;4409;2;2;3;2000;79030;0;0;79030;79030;0
"Dynamic Shapes";0;0;0;80029;79030;79030;3;3;0;0;0;0;2000;1;1;1;2000;79030;0;0;79030;79030;0
"Entities Reads";0;0;0;80029;79030;79030;3;3;0;0;0;0;2000;1;1;1;2000;79030;0;0;79030;79030;0
"File Bytes Read";0;0;0;80029;79030;79030;3;3;0;0;0;0;2000;1;1;1;2000;79030;0;0;79030;79030;0
"File Bytes Written";0;0;0;80029;79030;79030;3;3;0;0;0;0;2000;1;1;1;2000;79030;0;0;79030;79030;0
"File Handles Open";0;0;0;80029;79030;79030;3;3;0;0;0;0;2000;1;1;1;2000;79030;0;0;79030;79030;0
"File Reads Finished";0;0;0;80029;79030;79030;3;3;0;0;0;0;2000;1;1;1;2000;79030;0;0;79030;79030;0
"File Reads Started";0;0;0;80029;79030;79030;3;3;0;0;0;0;2000;1;1;1;2000;79030;0;0;79030;79030;0
"File Seeks";0;0;0;80029;79030;79030;3;3;0;0;0;0;2000;1;1;1;2000;79030;0;0;79030;79030;0
"Files Closed";0;0;0;80029;79030;79030;3;3;0;0;0;0;2000;1;1;1;2000;79030;0;0;79030;79030;0
"Files Opened";0;0;0;80029;79030;79030;3;3;0;0;0;0;2000;1;1;1;2000;79030;0;0;79030;79030;0
"Game Object Count";0;0;0;80029;79030;79030;3;3;0;0;0;0;2000;1;1;1;2000;79030;0;0;79030;79030;0
"GC Allocated In Frame";0;0;0;80029;79030;79030;3;3;0;0;0;0;2000;1;1;1;2000;79030;0;0;79030;79030;0
"GC Allocation In Frame Count";0;0;0;80029;79030;79030;3;3;0;0;0;0;2000;1;1;1;2000;79030;0;0;79030;79030;0
"GC Reserved Memory";0;0;0;80029;79030;79030;3;3;0;0;0;0;2000;1;1;1;2000;79030;0;0;79030;79030;0
"GC Used Memory";0;0;0;80029;79030;79030;3;3;0;0;0;0;2000;1;1;1;2000;79030;0;0;79030;79030;0
"GetContacts Queries";0;0;0;80029;79030;79030;3;3;0;0;0;0;2000;1;1;1;2000;79030;0;0;79030;79030;0
"Gfx Reserved Memory";0;0;0;80029;79030;79030;3;3;0;0;0;0;2000;1;1;1;2000;79030;0;0;79030;79030;0
"Gfx Used Memory";0;0;0;80029;79030;79030;3;3;0;0;0;0;2000;1;1;1;2000;79030;0;0;79030;79030;0
"Global Illumination Support";0;0;0;80029;79030;79030;3;3;0;0;0;0;2000;1;1;1;2000;79030;0;0;79030;79030;0
"GPU Frame Time";0;0;0;80029;79030;79030;3;3;0;0;0;0;2000;1;1;1;2000;79030;0;0;79030;79030;0
"IsTouching Queries";0;0;0;80029;79030;79030;3;3;0;0;0;0;2000;1;1;1;2000;79030;0;0;79030;79030;0
"KickJobs";0;0;0;80029;79030;79030;5;6;0;0;0;0;5442;2;2;4;2000;79030;0;0;79030;79030;0
"Kinematic Bodies";0;0;0;80029;79030;79030;3;3;0;0;0;0;2000;1;1;1;2000;79030;0;0;79030;79030;0
"Kinematic Shapes";0;0;0;80029;79030;79030;3;3;0;0;0;0;2000;1;1;1;2000;79030;0;0;79030;79030;0
"Material Count";0;0;0;80029;79030;79030;3;3;0;0;0;0;2000;1;1;1;2000;79030;0;0;79030;79030;0
"Material Memory";0;0;0;80029;79030;79030;3;3;0;0;0;0;2000;1;1;1;2000;79030;0;0;79030;79030;0
"Max Cache Demand";0;0;0;80029;79030;79030;3;3;0;0;0;0;2000;1;1;1;2000;79030;0;0;79030;79030;0
"Max Cache Mip Bias";0;0;0;80029;79030;79030;3;3;0;0;0;0;2000;1;1;1;2000;79030;0;0;79030;79030;0
"Mesh Count";0;0;0;80029;79030;79030;3;3;0;0;0;0;2000;1;1;1;2000;79030;0;0;79030;79030;0
"Mesh Memory";0;0;0;80029;79030;79030;3;3;0;0;0;0;2000;1;1;1;2000;79030;0;0;79030;79030;0
"Mesh Reads";0;0;0;80029;79030;79030;3;3;0;0;0;0;2000;1;1;1;2000;79030;0;0;79030;79030;0
"Missing Disk Data";0;0;0;80029;79030;79030;3;3;0;0;0;0;2000;1;1;1;2000;79030;0;0;79030;79030;0
"Missing Streaming Tiles";0;0;0;80029;79030;79030;3;3;0;0;0;0;2000;1;1;1;2000;79030;0;0;79030;79030;0
"Modified Overlaps";0;0;0;80029;79030;79030;3;5;0;0;0;0;2409;1;1;2;2000;79030;0;0;79030;79030;0
"Narrowphase Lost Touches";0;0;0;80029;79030;79030;3;5;0;0;0;0;2409;1;1;2;2000;79030;0;0;79030;79030;0
"Narrowphase New Touches";0;0;0;80029;79030;79030;3;5;0;0;0;0;2409;1;1;2;2000;79030;0;0;79030;79030;0
"Narrowphase Touches";0;0;0;80029;79030;79030;3;5;0;0;0;0;2409;1;1;2;2000;79030;0;0;79030;79030;0
"Object Count";0;0;0;80029;79030;79030;3;3;0;0;0;0;2000;1;1;1;2000;79030;0;0;79030;79030;0
"Other Reads";0;0;0;80029;79030;79030;3;3;0;0;0;0;2000;1;1;1;2000;79030;0;0;79030;79030;0
"Overlap Queries";0;0;0;80029;79030;79030;3;3;0;0;0;0;2000;1;1;1;2000;79030;0;0;79030;79030;0
"Overlaps";0;0;0;80029;79030;79030;3;5;0;0;0;0;2409;1;1;2;2000;79030;0;0;79030;79030;0
"Particle Queries";0;0;0;80029;79030;79030;3;3;0;0;0;0;2000;1;1;1;2000;79030;0;0;79030;79030;0
"Physics Queries";0;0;0;80029;79030;79030;3;5;0;0;0;0;2409;1;1;2;2000;79030;0;0;79030;79030;0
"Physics Used Memory";0;0;0;80029;79030;79030;3;5;0;0;0;0;2409;1;1;2;2000;79030;0;0;79030;79030;0
"Physics Used Memory (2D)";0;0;0;80029;79030;79030;3;3;0;0;0;0;2000;1;1;1;2000;79030;0;0;79030;79030;0
"Profiler Reserved Memory";0;0;0;80029;79030;79030;3;3;0;0;0;0;2000;1;1;1;2000;79030;0;0;79030;79030;0
"Profiler Used Memory";0;0;0;80029;79030;79030;3;3;0;0;0;0;2000;1;1;1;2000;79030;0;0;79030;79030;0
"Raycast Queries";0;0;0;80029;79030;79030;3;3;0;0;0;0;2000;1;1;1;2000;79030;0;0;79030;79030;0
"Read From Disk";0;0;0;80029;79030;79030;3;3;0;0;0;0;2000;1;1;1;2000;79030;0;0;79030;79030;0
"Reads in Flight";0;0;0;80029;79030;79030;3;3;0;0;0;0;2000;1;1;1;2000;79030;0;0;79030;79030;0
"Removed Contacts";0;0;0;80029;79030;79030;3;3;0;0;0;0;2000;1;1;1;2000;79030;0;0;79030;79030;0
"Render Textures Bytes";0;0;0;80029;79030;79030;3;3;0;0;0;0;2000;1;1;1;2000;79030;0;0;79030;79030;0
"Render Textures Count";0;0;0;80029;79030;79030;3;3;0;0;0;0;2000;1;1;1;2000;79030;0;0;79030;79030;0
"Required Tiles";0;0;0;80029;79030;79030;3;3;0;0;0;0;2000;1;1;1;2000;79030;0;0;79030;79030;0
"Rigidbodies Synced";0;0;0;80029;79030;79030;3;5;0;0;0;0;2409;1;1;2;2000;79030;0;0;79030;79030;0
"Scene Object Count";0;0;0;80029;79030;79030;3;3;0;0;0;0;2000;1;1;1;2000;79030;0;0;79030;79030;0
"Scenes";0;0;0;80029;79030;79030;3;3;0;0;0;0;2000;1;1;1;2000;79030;0;0;79030;79030;0
"ScheduleJob";0;0;0;80029;79030;79030;4;10;0;0;0;0;19307;7;6;31;2000;79030;0;0;79030;79030;0
"Scripting Reads";0;0;0;80029;79030;79030;3;3;0;0;0;0;2000;1;1;1;2000;79030;0;0;79030;79030;0
"Shapecast Queries";0;0;0;80029;79030;79030;3;3;0;0;0;0;2000;1;1;1;2000;79030;0;0;79030;79030;0
"Solver Continuous Islands";0;0;0;80029;79030;79030;3;3;0;0;0;0;2000;1;1;1;2000;79030;0;0;79030;79030;0
"Solver Discrete Islands";0;0;0;80029;79030;79030;3;3;0;0;0;0;2000;1;1;1;2000;79030;0;0;79030;79030;0
"Solver Simulation Count";0;0;0;80029;79030;79030;3;3;0;0;0;0;2000;1;1;1;2000;79030;0;0;79030;79030;0
"Solver World Count";0;0;0;80029;79030;79030;3;3;0;0;0;0;2000;1;1;1;2000;79030;0;0;79030;79030;0
"Static Bodies";0;0;0;80029;79030;79030;3;3;0;0;0;0;2000;1;1;1;2000;79030;0;0;79030;79030;0
"Static Colliders";0;0;0;80029;79030;79030;3;5;0;0;0;0;2409;1;1;2;2000;79030;0;0;79030;79030;0
"Static Shapes";0;0;0;80029;79030;79030;3;3;0;0;0;0;2000;1;1;1;2000;79030;0;0;79030;79030;0
"System Total Used Memory";0;0;0;80029;79030;79030;3;3;0;0;0;0;2000;1;1;1;2000;79030;0;0;79030;79030;0
"System Used Memory";0;0;0;80029;79030;79030;3;3;0;0;0;0;2000;1;1;1;2000;79030;0;0;79030;79030;0
"Texture Count";0;0;0;80029;79030;79030;3;3;0;0;0;0;2000;1;1;1;2000;79030;0;0;79030;79030;0
"Texture Memory";0;0;0;80029;79030;79030;3;3;0;0;0;0;2000;1;1;1;2000;79030;0;0;79030;79030;0
"Texture Reads";0;0;0;80029;79030;79030;3;3;0;0;0;0;2000;1;1;1;2000;79030;0;0;79030;79030;0
"Total Bodies";0;0;0;80029;79030;79030;3;3;0;0;0;0;2000;1;1;1;2000;79030;0;0;79030;79030;0
"Total Callbacks";0;0;0;80029;79030;79030;3;3;0;0;0;0;2000;1;1;1;2000;79030;0;0;79030;79030;0
"Total Contacts";0;0;0;80029;79030;79030;3;3;0;0;0;0;2000;1;1;1;2000;79030;0;0;79030;79030;0
"Total CPU Cache Size";0;0;0;80029;79030;79030;3;3;0;0;0;0;2000;1;1;1;2000;79030;0;0;79030;79030;0
"Total GPU Cache Size";0;0;0;80029;79030;79030;3;3;0;0;0;0;2000;1;1;1;2000;79030;0;0;79030;79030;0
"Total Joints";0;0;0;80029;79030;79030;3;3;0;0;0;0;2000;1;1;1;2000;79030;0;0;79030;79030;0
"Total Queries";0;0;0;80029;79030;79030;3;3;0;0;0;0;2000;1;1;1;2000;79030;0;0;79030;79030;0
"Total Reserved Memory";0;0;0;80029;79030;79030;3;3;0;0;0;0;2000;1;1;1;2000;79030;0;0;79030;79030;0
"Total Shapes";0;0;0;80029;79030;79030;3;3;0;0;0;0;2000;1;1;1;2000;79030;0;0;79030;79030;0
"Total Transform Sync Calls";0;0;0;80029;79030;79030;3;3;0;0;0;0;2000;1;1;1;2000;79030;0;0;79030;79030;0
"Total Used Memory";0;0;0;80029;79030;79030;3;3;0;0;0;0;2000;1;1;1;2000;79030;0;0;79030;79030;0
"Transform Parent Sync Bodies";0;0;0;80029;79030;79030;3;3;0;0;0;0;2000;1;1;1;2000;79030;0;0;79030;79030;0
"Transform Parent Sync Colliders";0;0;0;80029;79030;79030;3;3;0;0;0;0;2000;1;1;1;2000;79030;0;0;79030;79030;0
"Transform Sync Bodies";0;0;0;80029;79030;79030;3;3;0;0;0;0;2000;1;1;1;2000;79030;0;0;79030;79030;0
"Transform Sync Colliders";0;0;0;80029;79030;79030;3;3;0;0;0;0;2000;1;1;1;2000;79030;0;0;79030;79030;0
"Trigger Enter";0;0;0;80029;79030;79030;3;3;0;0;0;0;2000;1;1;1;2000;79030;0;0;79030;79030;0
"Trigger Exit";0;0;0;80029;79030;79030;3;3;0;0;0;0;2000;1;1;1;2000;79030;0;0;79030;79030;0
"Trigger Overlaps";0;0;0;80029;79030;79030;3;5;0;0;0;0;2818;1;1;3;2000;79030;0;0;79030;79030;0
"Trigger Stay";0;0;0;80029;79030;79030;3;3;0;0;0;0;2000;1;1;1;2000;79030;0;0;79030;79030;0
"Video Reserved Memory";0;0;0;80029;79030;79030;3;3;0;0;0;0;2000;1;1;1;2000;79030;0;0;79030;79030;0
"Video Used Memory";0;0;0;80029;79030;79030;3;3;0;0;0;0;2000;1;1;1;2000;79030;0;0;79030;79030;0
"Virtual Texture Reads";0;0;0;80029;79030;79030;3;3;0;0;0;0;2000;1;1;1;2000;79030;0;0;79030;79030;0
"WaitForCompleted";0;0;0;80029;79030;79030;3;13;0;0;0;0;26676;9;9;39;2000;79030;0;0;79030;79030;0
"GfxResource.Register";0;0;0;80258;79030;79030;4;8;0;0;0;0;3369;2;1;9;1543;79030;0;0;79030;79030;0
"CullingGroupSendEvents";0;0;0.0015;80343;79030;80988;5;5;0.0470999988610856;2.355E-05;0;0;2001;1;1;2;2000;79030;0;0.0015;79030;80988;0
"PostLateUpdate.UpdateCaptureScreenshot";0;0;0.0011;80368;79030;79069;3;3;0.0499999987587216;2.5E-05;0;0;2000;1;1;1;2000;79030;0;0.0011;79030;79069;0
"Physics.WriteRigidbodyPoses";0;0;0.0005;80383;79031;79247;6;6;0.0131999997029197;3.227384E-05;0;0.0001;411;1;1;3;409;79031;0;0.0005;79031;79247;0.0001
"Physics.WriteColliderPoses";0;0;0.0012;80389;79031;79556;6;6;0.014699999592267;3.594132E-05;0;0.0001;411;1;1;3;409;79031;0;0.0012;79031;79556;0
"Connections.Poll";0;0;0.0011;80495;79030;79303;6;6;0.0659999983545276;3.3E-05;0;0.0001;2000;1;1;1;2000;79030;0;0.0011;79030;79303;0
"Connections.Process";0;0;0.003;80647;79032;79074;6;6;0.084699998034921;4.235E-05;0;0.0001;2000;1;1;1;2000;79030;0;0.003;79032;79074;0.0001
"ConstraintManager::Update::JobSetup";0;0;0.0013;80707;79030;79538;5;5;0.105299997572729;5.265E-05;0;0.0001;2000;1;1;1;2000;79030;0;0.0013;79030;79538;0
"UIEvents.AlignCanvasRectTransformWithCamera";0;0;0.0012;80731;79031;79191;4;4;0.0845999978337204;4.23E-05;0;0.0001;2000;1;1;1;2000;79030;0;0.0012;79031;79191;0
"RenderTarget.SetActive";0;0;0.0017;80917;79036;80011;4;8;0.0835999979317421;5.954416E-05;0;0.0001;2870;2;1;5;1404;79036;0;0.0017;79036;80011;0.0002
"PostLateUpdate.ResetInputAxis";0;0;0.0013;80969;79035;79033;3;3;0.10609999737062;5.305E-05;0;0.0001;2000;1;1;1;2000;79030;0;0.0013;79035;79033;0.0001
