Name; Median Time; Min Time; Max Time; Median Frame Index; Min Frame Index; Max Frame Index; Min Depth; Max Depth; Total Time; Mean Time; Time Lower Quartile; Time Upper Quartile; Count Total; Count Median; Count Min; Count Max; Number of frames containing Marker; First Frame Index; Time Min Individual; Time Max Individual; Min Individual Frame; Max Individual Frame; Time at Median Frame
"mscorlib.dll!System.IO::StreamWriter..ctor()";52.3128;52.3128;52.3128;25904;25904;25904;19;22;52.3127975463867;52.3128;52.3128;52.3128;12;12;12;12;1;25904;0.9483;9.4508;25904;25904;0
"Newtonsoft.Json.dll!Newtonsoft.Json::JsonConvert.SerializeObject()";52.3116;52.3116;52.3116;25904;25904;25904;18;21;52.3115997314453;52.3116;52.3116;52.3116;11;11;11;11;1;25904;0.0617;16.1649;25904;25904;0
"mscorlib.dll!System.IO::FileStream..ctor()";52.1599;52.1599;52.1599;25904;25904;25904;22;25;52.1598968505859;52.1599;52.1599;52.1599;12;12;12;12;1;25904;0.9395;9.4378;25904;25904;0
"Assembly-CSharp.dll!::WaveSystem.FinishWave()";41.0075;41.0075;41.0075;25904;25904;25904;14;14;41.0074996948242;41.0075;41.0075;41.0075;1;1;1;1;1;25904;41.0075;41.0075;25904;25904;0
"Assembly-CSharp.dll!::WaveSystem.EndRun()";37.8799;37.8799;37.8799;25904;25904;25904;15;15;37.8798980712891;37.8799;37.8799;37.8799;1;1;1;1;1;25904;37.8799;37.8799;25904;25904;0
"Application.WaitForAsyncOperationToComplete";33.3297;33.3297;33.3297;26017;26017;26017;5;5;33.3297004699707;33.3297;33.3297;33.3297;1;1;1;1;1;26017;33.3297;33.3297;26017;26017;0
"mscorlib.dll!System.IO::MonoIO.Open()";30.0482;30.0482;30.0482;25904;25904;25904;25;27;30.0482006072998;30.0482;30.0482;30.0482;8;8;8;8;1;25904;0.2771;8.9985;25904;25904;0
"Unity.ResourceManager.dll!UnityEngine.ResourceManagement.AsyncOperations::AsyncOperationBase`1.DecrementReferenceCount()";29.2417;29.2417;29.2417;26017;26017;26017;14;22;29.24169921875;29.2417;29.2417;29.2417;19;19;19;19;1;26017;0.0001;9.4756;26017;26017;0
"Application.LoadLevelAsync Integrate";26.0826;26.0826;26.0826;26017;26017;26017;7;7;26.0825996398926;26.0826;26.0826;26.0826;1;1;1;1;1;26017;26.0826;26.0826;26017;26017;0
"UnloadScene";21.0875;21.0875;21.0875;26017;26017;26017;8;8;21.0874996185303;21.0875;21.0875;21.0875;1;1;1;1;1;26017;21.0875;21.0875;26017;26017;0
"Unity.ResourceManager.dll!UnityEngine.ResourceManagement.AsyncOperations::AsyncOperationHandle`1.Release()";19.85;19.85;19.85;26017;26017;26017;13;16;19.8499984741211;19.85;19.85;19.85;15;15;15;15;1;26017;0.0004;9.4759;26017;26017;0
"Assembly-CSharp.dll!::WaveSystem.EndSessionStats()";18.8562;18.8562;18.8562;25904;25904;25904;16;16;18.8561992645264;18.8562;18.8562;18.8562;1;1;1;1;1;25904;18.8562;18.8562;25904;25904;0
"Unity.ResourceManager.dll!UnityEngine.ResourceManagement.AsyncOperations::ProviderOperation`1.Destroy()";18.7174;18.7174;18.7174;26017;26017;26017;15;23;18.7173976898193;18.7174;18.7174;18.7174;9;9;9;9;1;26017;0.001;9.4598;26017;26017;0
"Assembly-CSharp.dll!::PlaySessionStatsService.EndRun()";18.5159;18.5159;18.5159;25904;25904;25904;17;17;18.5158996582031;18.5159;18.5159;18.5159;1;1;1;1;1;25904;18.5159;18.5159;25904;25904;0
"Newtonsoft.Json.dll!Newtonsoft.Json.Utilities::ThreadSafeStore`2.Get()";18.18001;18.18001;18.18001;25904;25904;25904;27;47;18.1800098419189;18.18001;18.18001;18.18001;320;320;320;320;1;25904;0.0013;7.6661;25904;25904;0
"mscorlib.dll!System.Collections.Concurrent::ConcurrentDictionary`2.GetOrAdd()";18.12479;18.12479;18.12479;25904;25904;25904;28;48;18.1247940063477;18.12479;18.12479;18.12479;320;320;320;320;1;25904;0.0012;7.6656;25904;25904;0
"mscorlib.dll!System.IO::File.WriteAllText()";17.9995;17.9995;17.9995;25904;25904;25904;18;19;17.9995002746582;17.9995;17.9995;17.9995;4;4;4;4;1;25904;1.1029;9.5829;25904;25904;0
"Assembly-CSharp.dll!::PlaySessionStatsService.SaveToQueue()";17.6758;17.6758;17.6758;25904;25904;25904;18;18;17.6758003234863;17.6758;17.6758;17.6758;1;1;1;1;1;25904;17.6758;17.6758;25904;25904;0
"Newtonsoft.Json.dll!Newtonsoft.Json::JsonConvert.SerializeObjectInternal()";17.4145;17.4145;17.4145;25904;25904;25904;20;22;17.4144992828369;17.4145;17.4145;17.4145;4;4;4;4;1;25904;0.0548;16.1603;25904;25904;0
"Newtonsoft.Json.dll!Newtonsoft.Json::JsonSerializer.Serialize()";17.3151;17.3151;17.3151;25904;25904;25904;21;23;17.3151016235352;17.3151;17.3151;17.3151;4;4;4;4;1;25904;0.0432;16.1452;25904;25904;0
"Newtonsoft.Json.dll!Newtonsoft.Json::JsonSerializer.SerializeInternal()";17.3122;17.3122;17.3122;25904;25904;25904;22;24;17.3122005462646;17.3122;17.3122;17.3122;4;4;4;4;1;25904;0.0426;16.1448;25904;25904;0
"Newtonsoft.Json.dll!Newtonsoft.Json.Serialization::JsonSerializerInternalWriter.Serialize()";17.2694;17.2694;17.2694;25904;25904;25904;23;25;17.2693996429443;17.2694;17.2694;17.2694;4;4;4;4;1;25904;0.0369;16.1379;25904;25904;0
"PlayerLoop";16.6549;4.5522;72.7608;24514;24484;24619;1;1;33919.3351025581;16.95967;16.3983;16.9592;2000;1;1;1;2000;24216;4.5522;72.7608;24484;24619;16.6546
"Newtonsoft.Json.dll!Newtonsoft.Json.Serialization::JsonSerializerInternalWriter.SerializeValue()";14.0916;14.0916;14.0916;25904;25904;25904;24;32;14.0915985107422;14.0916;14.0916;14.0916;75;75;75;75;1;25904;0.0022;8.4666;25904;25904;0
"Newtonsoft.Json.dll!Newtonsoft.Json.Serialization::DefaultContractResolver.ResolveContract()";13.7962;13.7962;13.7962;25904;25904;25904;26;33;13.7962017059326;13.7962;13.7962;13.7962;45;45;45;45;1;25904;0.0015;7.6666;25904;25904;0
"Newtonsoft.Json.dll!Newtonsoft.Json.Serialization::DefaultContractResolver.CreateContract()";13.6307;13.6307;13.6307;25904;25904;25904;31;34;13.6307001113892;13.6307;13.6307;13.6307;4;4;4;4;1;25904;1.3399;7.6601;25904;25904;0
"Newtonsoft.Json.dll!Newtonsoft.Json.Serialization::JsonTypeReflector.GetAttribute()";12.7071;12.7071;12.7071;25904;25904;25904;36;45;12.7071018218994;12.7071;12.7071;12.7071;348;348;348;348;1;25904;0.0145;0.8499;25904;25904;0
"Assembly-CSharp.dll!::TowerBasePrefabLoader.OnDestroy()";11.2417;11.2417;11.2417;26017;26017;26017;10;10;11.2417001724243;11.2417;11.2417;11.2417;1;1;1;1;1;26017;11.2417;11.2417;26017;26017;0
"Assembly-CSharp.dll!::TowerBasePrefabLoader.ReleaseAll()";11.02;11.02;11.02;26017;26017;26017;11;11;11.0199995040894;11.02;11.02;11.02;1;1;1;1;1;26017;11.02;11.02;26017;26017;0
"TimeUpdate.WaitForLastPresentationAndUpdateTime";10.6701;0.0536;19.4476;25636;24774;26187;2;2;19526.9506416805;9.763475;8.9602;11.8193;2000;1;1;1;2000;24216;0.0536;19.4476;24774;26187;12.6268
"GfxDeviceD3D11.WaitForLastPresent";10.6675;0.0515;19.4417;25636;24774;26187;3;3;19519.4735457748;9.759737;8.9574;11.8143;2000;1;1;1;2000;24216;0.0515;19.4417;24774;26187;12.6235
"WaitForTargetFPS";10.667;0.0512;19.4397;25636;24774;26187;4;4;19517.4412320629;9.75872;8.9569;11.8136;2000;1;1;1;2000;24216;0.0512;19.4397;24774;26187;12.6228
"DXGI.WaitOnSwapChain";10.5639;0.002;16.2832;24937;24517;26187;5;5;19187.1408514457;9.593571;8.8518;11.6654;2000;1;1;1;2000;24216;0.002;16.2832;24517;26187;12.5633
"Newtonsoft.Json.dll!Newtonsoft.Json.Utilities::ReflectionUtils.GetAttributes()";10.4706;10.4706;10.4706;25904;25904;25904;38;48;10.4706039428711;10.4706;10.4706;10.4706;487;487;487;487;1;25904;0.01;0.8433;25904;25904;0
"Unity.Addressables.dll!UnityEngine.AddressableAssets::Addressables.Release()";10.3962;10.3962;10.3962;26017;26017;26017;12;12;10.3962001800537;10.3962;10.3962;10.3962;8;8;8;8;1;26017;0.0006;9.4764;26017;26017;0
"Assembly-CSharp.dll!::ScoreService.SaveCurrentRun()";10.2846;10.2846;10.2846;25904;25904;25904;16;16;10.2846002578735;10.2846;10.2846;10.2846;1;1;1;1;1;25904;10.2846;10.2846;25904;25904;0
"Assembly-CSharp.dll!::ScoreService.SaveScore()";10.1524;10.1524;10.1524;25904;25904;25904;17;17;10.1524000167847;10.1524;10.1524;10.1524;1;1;1;1;1;25904;10.1524;10.1524;25904;25904;0
"Newtonsoft.Json.dll!Newtonsoft.Json.Serialization::JsonSerializerInternalWriter.SerializeObject()";10.0517;10.0517;10.0517;25904;25904;25904;26;31;10.0516986846924;10.0517;10.0517;10.0517;15;15;15;15;1;25904;0.0349;8.465;25904;25904;0
"Assembly-CSharp.dll!::MetaProgressService.AddCrystals()";9.5286;9.5286;9.5286;25904;25904;25904;16;17;9.52859973907471;9.5286;9.5286;9.5286;2;2;2;2;1;25904;2.653;6.8756;25904;25904;0
"Assembly-CSharp.dll!::MetaProgressService.Save()";9.5263;9.5263;9.5263;25904;25904;25904;17;18;9.52630043029785;9.5263;9.5263;9.5263;2;2;2;2;1;25904;2.6516;6.8747;25904;25904;0
"Unity.ResourceManager.dll!UnityEngine.ResourceManagement.AsyncOperations::GroupOperation.Destroy()";9.4215;9.4215;9.4215;26017;26017;26017;18;18;9.42150020599365;9.4215;9.4215;9.4215;1;1;1;1;1;26017;9.4215;9.4215;26017;26017;0
"Unity.ResourceManager.dll!UnityEngine.ResourceManagement.AsyncOperations::GroupOperation.ReleaseDependencies()";9.421;9.421;9.421;26017;26017;26017;19;19;9.42099952697754;9.421;9.421;9.421;1;1;1;1;1;26017;9.421;9.421;26017;26017;0
"Unity.ResourceManager.dll!UnityEngine.ResourceManagement.AsyncOperations::AsyncOperationHandle.Release()";9.418501;9.418501;9.418501;26017;26017;26017;16;20;9.41850090026855;9.418501;9.418501;9.418501;4;4;4;4;1;26017;0.0158;9.3465;26017;26017;0
"Unity.ResourceManager.dll!UnityEngine.ResourceManagement.AsyncOperations::AsyncOperationBase`1.UnityEngine.ResourceManagement.AsyncOperations.IAsyncOperation.DecrementReferenceCount()";9.398801;9.398801;9.398801;26017;26017;26017;17;21;9.39880084991455;9.398801;9.398801;9.398801;4;4;4;4;1;26017;0.0031;9.3408;26017;26017;0
"Unity.ResourceManager.dll!UnityEngine.ResourceManagement.ResourceProviders::AssetBundleProvider.Release()";9.048901;9.048901;9.048901;26017;26017;26017;24;24;9.04890060424805;9.048901;9.048901;9.048901;3;3;3;3;1;26017;0.0164;9.0091;26017;26017;0
"Unity.ResourceManager.dll!UnityEngine.ResourceManagement.ResourceProviders::AssetBundleResource.Unload()";8.8559;8.8559;8.8559;26017;26017;26017;25;25;8.85589981079102;8.8559;8.8559;8.8559;3;3;3;3;1;26017;0.0139;8.8238;26017;26017;0
"Newtonsoft.Json.dll!Newtonsoft.Json.Serialization::DefaultContractResolver.CreateObjectContract()";8.3047;8.3047;8.3047;25904;25904;25904;32;35;8.30469989776611;8.3047;8.3047;8.3047;2;2;2;2;1;25904;1.0212;7.2835;25904;25904;0
"Newtonsoft.Json.dll!Newtonsoft.Json.Serialization::JsonSerializerInternalWriter.GetContractSafe()";7.770401;7.770401;7.770401;25904;25904;25904;24;30;7.7704005241394;7.770401;7.770401;7.770401;24;24;24;24;1;25904;0.0019;7.6679;25904;25904;0
"Newtonsoft.Json.dll!Newtonsoft.Json.Serialization::JsonSerializerInternalWriter.GetContract()";7.7654;7.7654;7.7654;25904;25904;25904;25;31;7.76539993286133;7.7654;7.7654;7.7654;24;24;24;24;1;25904;0.0017;7.6675;25904;25904;0
"Newtonsoft.Json.dll!Newtonsoft.Json.Serialization::DefaultContractResolver.CreateProperties()";7.3893;7.3893;7.3893;25904;25904;25904;33;36;7.38930034637451;7.3893;7.3893;7.3893;2;2;2;2;1;25904;0.6947;6.6946;25904;25904;0
"Assembly-CSharp.dll!::EnemySpawner.SpawnSplitChildren()";7.2813;7.2813;7.2813;24220;24220;24220;11;11;7.28130006790161;7.2813;7.2813;7.2813;1;1;1;1;1;24220;7.2813;7.2813;24220;24220;0
"Assembly-CSharp.dll!::WaveRunRewards.RecordMetaProgress()";7.1955;7.1955;7.1955;25904;25904;25904;16;16;7.19549989700317;7.1955;7.1955;7.1955;1;1;1;1;1;25904;7.1955;7.1955;25904;25904;0
"UnityEngine.AssetBundleModule.dll!UnityEngine::AssetBundle.UnloadAsync()";7.1081;7.1081;7.1081;26017;26017;26017;26;26;7.10809993743896;7.1081;7.1081;7.1081;3;3;3;3;1;26017;0.0039;7.094;26017;26017;0
"UnityEngine.AssetBundleModule.dll!UnityEngine::AssetBundle.UnloadAsync_Injected()";6.6245;6.6245;6.6245;26017;26017;26017;27;27;6.62449979782104;6.6245;6.6245;6.6245;3;3;3;3;1;26017;0.0024;6.6168;26017;26017;0
"Newtonsoft.Json.dll!Newtonsoft.Json.Serialization::DefaultContractResolver.CreateProperty()";5.6781;5.6781;5.6781;25904;25904;25904;34;37;5.67810010910034;5.6781;5.6781;5.6781;20;20;20;20;1;25904;0.1856;1.078;25904;25904;0
"Newtonsoft.Json.dll!Newtonsoft.Json.Serialization::JsonSerializerInternalWriter.CalculatePropertyValues()";5.376998;5.376998;5.376998;25904;25904;25904;27;32;5.37699842453003;5.376998;5.376998;5.376998;54;54;54;54;1;25904;0.005;3.2154;25904;25904;0
"Newtonsoft.Json.dll!Newtonsoft.Json.Utilities::ReflectionUtils.GetAttribute()";5.324301;5.324301;5.324301;25904;25904;25904;37;46;5.32430076599121;5.324301;5.324301;5.324301;236;236;236;236;1;25904;0.0112;0.8448;25904;25904;0
"Newtonsoft.Json.dll!Newtonsoft.Json.Serialization::DefaultContractResolver.SetPropertySettingsFromAttributes()";4.9958;4.9958;4.9958;25904;25904;25904;35;38;4.99580049514771;4.9958;4.9958;4.9958;20;20;20;20;1;25904;0.1595;1.019;25904;25904;0
"mscorlib.dll!System::MonoCustomAttrs.GetCustomAttributes()";4.843;4.843;4.843;25904;25904;25904;37;51;4.84299993515015;4.843;4.843;4.843;258;258;258;258;1;25904;0.0084;0.8411;25904;25904;0
"GarbageCollectAssetsProfile";4.5393;4.5393;4.5393;26017;26017;26017;7;7;4.53929996490479;4.5393;4.5393;4.5393;1;1;1;1;1;26017;4.5393;4.5393;26017;26017;0
"Mono.JIT";4.361;0.8673;6.314999;25904;26016;26017;8;44;11.5432986617088;3.847766;0.8673;4.361;110;45;2;63;3;25904;0.0164;0.8372;26017;26016;0
"Newtonsoft.Json.dll!Newtonsoft.Json.Serialization::DefaultContractResolver.InitializeContract()";3.8908;3.8908;3.8908;25904;25904;25904;33;36;3.89079999923706;3.8908;3.8908;3.8908;4;4;4;4;1;25904;0.1921;2.0465;25904;25904;0
"Newtonsoft.Json.dll!Newtonsoft.Json.Serialization::CachedAttributeGetter`1.GetAttribute()";3.534899;3.534899;3.534899;25904;25904;25904;33;41;3.53489899635315;3.534899;3.534899;3.534899;101;101;101;101;1;25904;0.0014;0.8534;25904;25904;0
"mscorlib.dll!System.IO::FileSystem.DirectoryExists()";3.0629;3.0629;3.0629;25904;25904;25904;19;28;3.06289958953857;3.0629;3.0629;3.0629;24;24;24;24;1;25904;0.0567;0.5127;25904;25904;0
"Newtonsoft.Json.dll!Newtonsoft.Json.Serialization::JsonTypeReflector.GetCachedAttribute()";3.0556;3.0556;3.0556;25904;25904;25904;32;40;3.05559992790222;3.0556;3.0556;3.0556;40;40;40;40;1;25904;0.0016;0.8537;25904;25904;0
"mscorlib.dll!System::Attribute.GetCustomAttributes()";3.0223;3.0223;3.0223;25904;25904;25904;40;49;3.02229976654053;3.0223;3.0223;3.0223;160;160;160;160;1;25904;0.0098;0.8424;25904;25904;0
"mscorlib.dll!System.Reflection::RuntimeFieldInfo.GetCustomAttributes()";2.8009;2.8009;2.8009;25904;25904;25904;41;50;2.80089950561523;2.8009;2.8009;2.8009;160;160;160;160;1;25904;0.0088;0.8413;25904;25904;0
"Assembly-CSharp.dll!::WaveRunRewards.OnWaveCleared()";2.6542;2.6542;2.6542;25904;25904;25904;15;15;2.65420007705688;2.6542;2.6542;2.6542;1;1;1;1;1;25904;2.6542;2.6542;25904;25904;0
"mscorlib.dll!System.IO::Directory.Exists()";2.5555;2.5555;2.5555;25904;25904;25904;18;26;2.55550003051758;2.5555;2.5555;2.5555;12;12;12;12;1;25904;0.1157;0.642;25904;25904;0
"Newtonsoft.Json.dll!Newtonsoft.Json.Serialization::DefaultContractResolver.ResolveCallbackMethods()";2.3711;2.3711;2.3711;25904;25904;25904;34;37;2.37110018730164;2.3711;2.3711;2.3711;4;4;4;4;1;25904;0.0143;1.4969;25904;25904;0
"Newtonsoft.Json.dll!Newtonsoft.Json.Serialization::DefaultContractResolver.GetCallbackMethodsForType()";2.37;2.37;2.37;25904;25904;25904;35;38;2.37000012397766;2.37;2.37;2.37;4;4;4;4;1;25904;0.0141;1.4966;25904;25904;0
"GC.DeleteUnusedAssets";2.351;2.351;2.351;26017;26017;26017;8;8;2.3510000705719;2.351;2.351;2.351;1;1;1;1;1;26017;2.351;2.351;26017;26017;0
"Newtonsoft.Json.dll!Newtonsoft.Json.Serialization::DefaultContractResolver.CreateArrayContract()";2.3325;2.3325;2.3325;25904;25904;25904;33;33;2.33249998092651;2.3325;2.3325;2.3325;1;1;1;1;1;25904;2.3325;2.3325;25904;25904;0
"BatchDeleteObjects";2.312;2.312;2.312;26017;26017;26017;9;9;2.31200003623962;2.312;2.312;2.312;1;1;1;1;1;26017;2.312;2.312;26017;26017;0
"Newtonsoft.Json.dll!Newtonsoft.Json.Serialization::JsonSerializerInternalWriter.SerializeList()";2.3001;2.3001;2.3001;25904;25904;25904;25;29;2.30010008811951;2.3001;2.3001;2.3001;9;9;9;9;1;25904;0.0104;1.8034;25904;25904;0
"mscorlib.dll!System::RuntimeType.GetCustomAttributes()";2.1053;2.1053;2.1053;25904;25904;25904;36;48;2.10529971122742;2.1053;2.1053;2.1053;98;98;98;98;1;25904;0.0087;0.2463;25904;25904;0
"mscorlib.dll!System::String.IndexOfAny()";1.9527;1.9527;1.9527;25904;25904;25904;19;33;1.95270037651062;1.9527;1.9527;1.9527;122;122;122;122;1;25904;0.0099;0.0228;25904;25904;0
"Unity.TextMeshPro.dll!TMPro::TMP_FontAsset.TryAddCharacterInternal()";1.951;0.9992;7.3718;25452;25904;24539;19;19;10.3219999074936;3.440667;0.9992;1.951;6;2;1;3;3;24539;0.4762;7.3718;25904;24539;0
"TMP.TryAddCharacter";1.9497;0.9987;7.3679;25452;25904;24539;20;20;10.3162997961044;3.438766;0.9987;1.9497;6;2;1;3;3;24539;0.476;7.3679;25904;24539;0
"UnityEngine.TextCoreFontEngineModule.dll!UnityEngine.TextCore.LowLevel::FontEngine.TryAddGlyphToTexture()";1.8927;0.9584;7.2281;25452;25904;24539;21;21;10.0791997909546;3.359733;0.9584;1.8927;6;2;1;3;3;24539;0.4602;7.2281;25904;24539;0
"UnityEngine.TextCoreFontEngineModule.dll!UnityEngine.TextCore.LowLevel::FontEngine.TryAddGlyphToTexture_Internal()";1.7588;0.8709;6.9287;25452;25904;24539;22;22;9.55839991569519;3.186133;0.8709;1.7588;6;2;1;3;3;24539;0.4168;6.9287;25904;24539;0
"GC.MarkDependencies";1.7423;1.7423;1.7423;26017;26017;26017;8;8;1.74230003356934;1.7423;1.7423;1.7423;1;1;1;1;1;26017;1.7423;1.7423;26017;26017;0
"UnityEngine.TextCoreFontEngineModule.dll!UnityEngine.TextCore.LowLevel::FontEngine.TryAddGlyphToTexture_Internal_Injected()";1.74;0.8598;6.87;25452;25904;24539;23;23;9.46979987621307;3.1566;0.8598;1.74;6;2;1;3;3;24539;0.4118;6.87;25904;24539;0
"Newtonsoft.Json.dll!Newtonsoft.Json.Serialization::JsonTypeReflector.GetJsonConverter()";1.73;1.73;1.73;25904;25904;25904;35;39;1.73000001907349;1.73;1.73;1.73;24;24;24;24;1;25904;0.0172;0.8539;25904;25904;0
"mscorlib.dll!System.IO::Path.InsecureGetFullPath()";1.6965;1.6965;1.6965;25904;25904;25904;20;28;1.69650030136108;1.6965;1.6965;1.6965;20;20;20;20;1;25904;0.0585;0.1272;25904;25904;0
"Loading.AwakeFromLoad";1.6673;1.6673;1.6673;26017;26017;26017;7;8;1.66729974746704;1.6673;1.6673;1.6673;154;154;154;154;1;26017;0;0.2159;26017;26017;0
"Newtonsoft.Json.dll!Newtonsoft.Json.Serialization::JsonSerializerInternalWriter.SerializePrimitive()";1.6105;1.6105;1.6105;25904;25904;25904;27;33;1.61049973964691;1.6105;1.6105;1.6105;51;51;51;51;1;25904;0.0014;1.3896;25904;25904;0
"Newtonsoft.Json.dll!Newtonsoft.Json::JsonWriter.WriteValue()";1.5838;1.5838;1.5838;25904;25904;25904;28;34;1.58379983901978;1.5838;1.5838;1.5838;51;51;51;51;1;25904;0.0011;1.3887;25904;25904;0
"Unity.TextMeshPro.dll!TMPro::TextMeshProUGUI.Rebuild()";1.537;0.2048;20.1351;24755;24359;24539;10;10;98.4698992371559;1.857923;0.4236;1.771;262;6;2;12;53;24220;0.0005;10.7453;24247;24539;0
"Unity.TextMeshPro.dll!TMPro::TextMeshProUGUI.OnPreRenderCanvas()";1.5346;0.2034;19.5867;24755;24359;24539;11;11;96.7126999944448;1.824768;0.4212;1.7671;131;3;1;6;53;24220;0.1478;10.5007;24665;24539;0
"Unity.ResourceManager.dll!UnityEngine.ResourceManagement.ResourceProviders::AssetBundleResource.RemoveBundleFromProfiler()";1.5267;1.5267;1.5267;26017;26017;26017;26;26;1.52670001983643;1.5267;1.5267;1.5267;3;3;3;3;1;26017;0.0056;1.5118;26017;26017;0
"mscorlib.dll!System.IO::FileSystem.FillAttributeInfo()";1.5221;1.5221;1.5221;25904;25904;25904;21;29;1.52210009098053;1.5221;1.5221;1.5221;12;12;12;12;1;25904;0.0563;0.5098;25904;25904;0
"Newtonsoft.Json.dll!Newtonsoft.Json::JsonTextWriter.WriteValue()";1.4855;1.4855;1.4855;25904;25904;25904;29;35;1.48550045490265;1.4855;1.4855;1.4855;51;51;51;51;1;25904;0.0009;1.3062;25904;25904;0
"mscorlib.dll!System.IO::FileSystem.UnityGetFileAttributesEx()";1.4794;1.4794;1.4794;25904;25904;25904;22;30;1.47940003871918;1.4794;1.4794;1.4794;12;12;12;12;1;25904;0.0547;0.4958;25904;25904;0
"Newtonsoft.Json.dll!Newtonsoft.Json.Serialization::DefaultContractResolver.CreatePrimitiveContract()";1.4472;1.4472;1.4472;25904;25904;25904;33;33;1.44719994068146;1.4472;1.4472;1.4472;1;1;1;1;1;25904;1.4472;1.4472;25904;25904;0
"mscorlib.dll!System::Array.CreateInstance()";1.4212;1.4212;1.4212;25904;25904;25904;38;53;1.42119991779327;1.4212;1.4212;1.4212;516;516;516;516;1;25904;0.0018;0.0135;25904;25904;0
"FontEngine.GlyphRasterizer.Calculate3x3AAEDT";1.3937;0.6713;4.2648;25452;25904;24539;26;26;6.32980006933212;2.109933;0.6713;1.3937;6;2;1;3;3;24539;0.3205;4.2648;25904;24539;0
"Newtonsoft.Json.dll!Newtonsoft.Json.Serialization::JsonSerializerInternalWriter.WriteStartArray()";1.3816;1.3816;1.3816;25904;25904;25904;26;30;1.38160002231598;1.3816;1.3816;1.3816;9;9;9;9;1;25904;0.0022;1.3534;25904;25904;0
"mscorlib.dll!System.IO::Path.GetFullPath()";1.3285;1.3285;1.3285;25904;25904;25904;19;27;1.32849979400635;1.3285;1.3285;1.3285;16;16;16;16;1;25904;0.0587;0.1281;25904;25904;0
"mscorlib.dll!System::MonoCustomAttrs.GetCustomAttributesBase()";1.314299;1.314299;1.314299;25904;25904;25904;38;52;1.31429934501648;1.314299;1.314299;1.314299;299;299;299;299;1;25904;0.0012;0.1177;25904;25904;0
"UnityEngine.UI.dll!UnityEngine.UI::Image.OnCanvasHierarchyChanged()";1.283;1.283;1.283;26017;26017;26017;9;12;1.28299963474274;1.283;1.283;1.283;122;122;122;122;1;26017;0.0047;0.0254;26017;26017;0
"Newtonsoft.Json.dll!Newtonsoft.Json.Serialization::DefaultContractResolver.GetSerializableMembers()";1.2592;1.2592;1.2592;25904;25904;25904;34;37;1.25920009613037;1.2592;1.2592;1.2592;2;2;2;2;1;25904;0.2532;1.006;25904;25904;0
"mscorlib.dll!System.IO::Path.CanonicalizePath()";1.2586;1.2586;1.2586;25904;25904;25904;21;29;1.25859999656677;1.2586;1.2586;1.2586;20;20;20;20;1;25904;0.0439;0.0909;25904;25904;0
"Unity.TextMeshPro.dll!TMPro::TextMeshProUGUI.GenerateTextMesh()";1.1823;0.1422;9.0818;24665;24834;25663;12;12;64.8245999068022;1.223106;0.3051;1.3396;131;3;1;6;53;24220;0.1039;5.1255;24665;25663;0
"TMP.GenerateText";1.1815;0.142;9.0767;24665;24834;25663;13;13;64.7706010341644;1.222087;0.3047;1.3386;131;3;1;6;53;24220;0.1037;5.1241;24665;25663;0
"mscorlib.dll!::Kernel32.GetFileAttributesEx()";1.1711;1.1711;1.1711;25904;25904;25904;23;31;1.17109990119934;1.1711;1.1711;1.1711;12;12;12;12;1;25904;0.0387;0.4317;25904;25904;0
"Update.ScriptRunBehaviourUpdate";1.1636;0.1501;8.0394;25254;26086;24539;2;2;2752.79828867316;1.376399;0.8469;1.5554;2000;1;1;1;2000;24216;0.1501;8.0394;26086;24539;0.7533
"BehaviourUpdate";1.1627;0.1497;8.0369;24677;26086;24539;3;3;2750.00909376144;1.375005;0.846;1.5541;2000;1;1;1;2000;24216;0.1497;8.0369;26086;24539;0.7528
"mscorlib.dll!System::MonoCustomAttrs.IsDefined()";1.160397;1.160397;1.160397;25904;25904;25904;36;41;1.16039717197418;1.160397;1.160397;1.160397;530;530;530;530;1;25904;0.0017;0.0096;25904;25904;0
"mscorlib.dll!::Kernel32.GetFileAttributesExPrivate()";1.1602;1.1602;1.1602;25904;25904;25904;24;32;1.16019988059998;1.1602;1.1602;1.1602;12;12;12;12;1;25904;0.0382;0.4291;25904;25904;0
"didUnloadScene.Invoke";1.1355;1.1355;1.1355;26017;26017;26017;9;9;1.13549995422363;1.1355;1.1355;1.1355;1;1;1;1;1;26017;1.1355;1.1355;26017;26017;0
"UnityEngine.CoreModule.dll!UnityEngine.SceneManagement::SceneManager.Internal_SceneUnloaded()";1.113;1.113;1.113;26017;26017;26017;10;10;1.11300003528595;1.113;1.113;1.113;1;1;1;1;1;26017;1.113;1.113;26017;26017;0
"Newtonsoft.Json.dll!Newtonsoft.Json.Serialization::DefaultContractResolver.IsValidCallback()";1.075601;1.075601;1.075601;25904;25904;25904;37;37;1.07560098171234;1.075601;1.075601;1.075601;485;485;485;485;1;25904;0.0019;0.0098;25904;25904;0
"UnityEngine.UI.dll!UnityEngine.UI::LayoutRebuilder.Rebuild()";1.0429;1.0429;1.0429;26017;26017;26017;10;10;1.04289996623993;1.0429;1.0429;1.0429;3;3;3;3;1;26017;0.0001;1.0423;26017;26017;0
"mscorlib.dll!System.Reflection::RuntimeMethodInfo.IsDefined()";1.026497;1.026497;1.026497;25904;25904;25904;38;38;1.02649676799774;1.026497;1.026497;1.026497;485;485;485;485;1;25904;0.0018;0.0097;25904;25904;0
"PostLateUpdate.PlayerUpdateCanvases";1.0251;0.0456;24.4684;25249;26000;24236;2;2;2658.55339446664;1.329277;0.6048;1.5565;2000;1;1;1;2000;24216;0.0456;24.4684;26000;24236;0.6595
"UIEvents.WillRenderCanvases";1.0203;0.0436;24.4563;24572;25991;24236;3;3;2648.515193481;1.324258;0.5995;1.5534;2000;1;1;1;2000;24216;0.0436;24.4563;25991;24236;0.6557
"UGUI.Rendering.UpdateBatches";1.0202;0.0434;24.4552;24572;26000;24236;4;4;2647.66909209266;1.323835;0.599;1.5531;2000;1;1;1;2000;24216;0.0434;24.4552;26000;24236;0.6555
"Newtonsoft.Json.dll!Newtonsoft.Json::JsonConvert.ToString()";1.0041;1.0041;1.0041;25904;25904;25904;32;32;1.00409996509552;1.0041;1.0041;1.0041;1;1;1;1;1;25904;1.0041;1.0041;25904;25904;0
"UnityEngine.CoreModule.dll!UnityEngine.Events::UnityAction`1.invoke_void_T0()";0.991;0.991;0.991;26017;26017;26017;11;11;0.99099999666214;0.991;0.991;0.991;1;1;1;1;1;26017;0.991;0.991;26017;26017;0
"UnityEngine.UIModule.dll!UnityEngine::Canvas.SendWillRenderCanvases()";0.9776;0.0233;24.2234;24794;26183;24236;5;5;2535.97229268588;1.267986;0.5597;1.5021;2000;1;1;1;2000;24216;0.0233;24.2234;26183;24236;0.6053
"UnityEngine.UIModule.dll!::<Module>.invoke_void()";0.9773;0.0229;24.2218;24794;26183;24236;6;6;2534.68049249612;1.26734;0.5594;1.5017;2000;1;1;1;2000;24216;0.0229;24.2218;26183;24236;0.605
"UnityEngine.UI.dll!UnityEngine.UI::MaskableGraphic.OnCanvasHierarchyChanged()";0.9645001;0.9645001;0.9645001;26017;26017;26017;10;13;0.96450012922287;0.9645001;0.9645001;0.9645001;178;178;178;178;1;26017;0.0012;0.0186;26017;26017;0
"mscorlib.dll!System::String.IndexOfCharArray()";0.9609998;0.9609998;0.9609998;25904;25904;25904;21;34;0.960999846458435;0.9609998;0.9609998;0.9609998;61;61;61;61;1;25904;0.0099;0.0225;25904;25904;0
"mscorlib.dll!System::MonoCustomAttrs.GetPseudoCustomAttributes()";0.9372951;0.9372951;0.9372951;25904;25904;25904;37;53;0.937295138835907;0.9372951;0.9372951;0.9372951;886;886;886;886;1;25904;0.0001;0.0106;25904;25904;0
"Newtonsoft.Json.dll!Newtonsoft.Json.Serialization::JsonTypeReflector.GetAssociatedMetadataType()";0.9128004;0.9128004;0.9128004;25904;25904;25904;38;46;0.912800431251526;0.9128004;0.9128004;0.9128004;174;174;174;174;1;25904;0.0014;0.3382;25904;25904;0
"Unity.TextMeshPro.dll!TMPro::TextMeshPro.Rebuild()";0.9034;0.1254;23.0993;24351;25941;24236;8;8;1940.05859470367;1.111145;0.5032;1.2463;12504;6;1;32;1746;24216;0.0749;1.9447;25459;25303;0.5652
"Unity.TextMeshPro.dll!TMPro::TextMeshPro.OnPreRenderObject()";0.8979;0.1245;22.9334;25237;25941;24236;9;9;1927.15999556333;1.103757;0.5001;1.2379;12504;6;1;32;1746;24216;0.0743;1.9406;25459;25303;0.5615
"UnityEngine.UI.dll!UnityEngine.UI::Graphic.OnCanvasHierarchyChanged()";0.8872004;0.8872004;0.8872004;26017;26017;26017;11;14;0.88720041513443;0.8872004;0.8872004;0.8872004;178;178;178;178;1;26017;0.0007;0.0179;26017;26017;0
"mscorlib.dll!System::RuntimeType.get_ContainsGenericParameters()";0.8035967;0.8035967;0.8035967;25904;25904;25904;32;54;0.80359673500061;0.8035967;0.8035967;0.8035967;571;571;571;571;1;25904;0.0002;0.0124;25904;25904;0
"mscorlib.dll!System.IO::Path.IsPathRooted()";0.8001;0.8001;0.8001;25904;25904;25904;20;32;0.800099968910217;0.8001;0.8001;0.8001;96;96;96;96;1;25904;0;0.0243;25904;25904;0
"GC.Collect";0.7992;0.7008;1.231;25405;25904;26017;6;51;4.57169997692108;0.91434;0.776;1.0647;5;1;1;1;5;24292;0.7008;1.231;25904;26017;0
"Unity.TextMeshPro.dll!TMPro::TMP_UpdateManager.DoRebuilds()";0.7819;0.0071;23.3385;25420;26128;24236;7;7;2015.62099427776;1.00781;0.3984;1.2319;2000;1;1;1;2000;24216;0.0071;23.3385;26128;24236;0.588
"Assembly-CSharp.dll!::PanelTowerDataViewer.OnPanel()";0.7635;0.1292;3.8062;25452;24602;24539;5;5;8.21969997882843;1.64394;0.1409;3.3799;5;1;1;1;5;24539;0.1292;3.8062;24602;24539;0
"Assembly-CSharp.dll!::EndRunPresenter.Show()";0.7602;0.7602;0.7602;25904;25904;25904;16;16;0.760200023651123;0.7602;0.7602;0.7602;1;1;1;1;1;25904;0.7602;0.7602;25904;25904;0
"PostLateUpdate.FinishFrameRendering";0.7293;0.1673;5.0885;25342;26080;25139;2;2;1770.4402974844;0.8852202;0.6569;0.8491;2000;1;1;1;2000;24216;0.1673;5.0885;26080;25139;1.4499
"Assembly-CSharp.dll!::EnemySpawner.SpawnEnemyInstance()";0.7129;0.5492;7.2341;24685;25699;24220;7;12;17.9230002760887;1.629364;0.5979;1.6846;13;1;1;3;11;24220;0.5492;2.8112;25699;24220;0
"Assembly-CSharp.dll!::BombProjectile.Explode()";0.7112;0.3485;41.7242;24896;24886;25904;5;8;67.4583013355732;2.498456;0.4838;1.295;27;1;1;1;27;24227;0.3485;41.7242;24886;25904;0
"FixedUpdate.Physics2DFixedUpdate";0.7106;0.009;42.2917;25759;26136;25904;2;2;1658.0649966253;0.9904809;0.4829;1.218;1698;1;1;2;1674;24216;0.009;42.2917;26136;25904;0
"Unity.ResourceManager.dll!UnityEngine.ResourceManagement.Profiling::ProfilerRuntime.BundleReleased()";0.7001;0.7001;0.7001;26017;26017;26017;27;27;0.700100004673004;0.7001;0.7001;0.7001;3;3;3;3;1;26017;0.0052;0.686;26017;26017;0
"Physics2D.Simulate";0.6893;0.0024;42.2833;24752;26092;25904;3;3;1628.89439516631;0.9730552;0.4742;1.1944;1698;1;1;2;1674;24216;0.0024;42.2833;26092;25904;0
"UnityEngine.UI.dll!UnityEngine.UI::LayoutUtility.GetLayoutProperty()";0.6834;0.6834;0.6834;26017;26017;26017;18;19;0.68340003490448;0.6834;0.6834;0.6834;32;32;32;32;1;26017;0.003;0.2164;26017;26017;0
"UnityEngine.CoreModule.dll!UnityEngine::SetupCoroutine.InvokeMoveNext()";0.6758;0.0079;22.4774;25548;26002;25400;4;30;2242.90099731274;1.245364;0.3449;1.3849;54880;18;1;101;1801;24216;0.0005;3.8279;24285;25400;0.09739999
"Newtonsoft.Json.dll!Newtonsoft.Json.Utilities::ReflectionUtils.GetFieldsAndProperties()";0.6752;0.6752;0.6752;25904;25904;25904;35;38;0.67519998550415;0.6752;0.6752;0.6752;4;4;4;4;1;25904;0.0467;0.3681;25904;25904;0
"Assembly-CSharp.dll!::BombProjectile.ApplyAoEDamage()";0.6653;0.3218;41.6983;24896;24886;25904;6;9;66.1468993425369;2.449885;0.4581;1.2546;27;1;1;1;27;24227;0.3218;41.6983;24886;25904;0
"Unity.Addressables.dll!UnityEngine.AddressableAssets::AddressablesImpl.OnSceneUnloaded()";0.6594;0.6594;0.6594;26017;26017;26017;12;12;0.65939998626709;0.6594;0.6594;0.6594;1;1;1;1;1;26017;0.6594;0.6594;26017;26017;0
"Assembly-CSharp.dll!::EnemySpawner.SpawnBossMinion()";0.6462;0.5544;2.6431;24655;25699;25215;6;6;10.7674000859261;1.07674;0.6029;0.97;10;1;1;1;10;24625;0.5544;2.6431;25699;25215;0
"Assembly-CSharp.dll!::TowerWeapon.FindClosestAttackTarget()";0.6454999;0.0048;18.3704;25137;25972;25282;6;11;1038.669994778;1.15923;0.0477;1.5531;29017;52;1;63;896;24217;0.0031;1.0855;25976;25282;0
"UnityEngine.UI.dll!UnityEngine.UI::LayoutRebuilder.PerformLayoutCalculation()";0.6328999;0.6328999;0.6328999;26017;26017;26017;11;12;0.632899940013885;0.6328999;0.6328999;0.6328999;6;6;6;6;1;26017;0.0081;0.3486;26017;26017;0
"mscorlib.dll!System::Type.get_IsValueType()";0.6320015;0.6320015;0.6320015;25904;25904;25904;34;54;0.632001459598541;0.6320015;0.6320015;0.6320015;595;595;595;595;1;25904;0.0007;0.0046;25904;25904;0
"CoroutinesDelayedCalls";0.6317;0.0003;23.4341;25249;26166;25282;3;8;2347.30128537817;1.173651;0.2898;1.3469;9699;5;4;6;2000;24216;0;23.4105;26007;25282;0.1138
"Assembly-CSharp.dll!::<SearchTarget>d__13.MoveNext()";0.6310999;0;18.6193;25620;24577;25282;5;10;1105.54608823698;1.145644;0.0389;1.5213;29163;47;1;63;965;24217;0;3.8251;24577;25400;0
"Update.ScriptRunDelayedDynamicFrameRate";0.628;0.0001;23.413;24821;26022;25282;2;2;2334.85839047725;1.167429;0.2857;1.3361;2000;1;1;1;2000;24216;0.0001;23.413;26022;25282;0.1117
"mscorlib.dll!Mono.Globalization.Unicode::SimpleCollator.IsPrefix()";0.6279998;0.6279998;0.6279998;25904;25904;25904;27;37;0.627999842166901;0.6279998;0.6279998;0.6279998;72;72;72;72;1;25904;0.0045;0.0357;25904;25904;0
"System.Core.dll!System.Linq::Enumerable.ToList()";0.6115;0.6115;0.6115;25904;25904;25904;34;38;0.611500024795532;0.6115;0.6115;0.6115;4;4;4;4;1;25904;0.0118;0.2713;25904;25904;0
"mscorlib.dll!System::RuntimeType.IsSubclassOf()";0.6114998;0.6114998;0.6114998;25904;25904;25904;32;56;0.611499786376953;0.6114998;0.6114998;0.6114998;760;760;760;760;1;25904;0.0005;0.0027;25904;25904;0
"Newtonsoft.Json.dll!Newtonsoft.Json.Serialization::JsonTypeReflector.GetDataContractAttribute()";0.6037;0.6037;0.6037;25904;25904;25904;34;39;0.603700041770935;0.6037;0.6037;0.6037;30;30;30;30;1;25904;0.0059;0.1882;25904;25904;0
"mscorlib.dll!System::String.StartsWith()";0.5981;0.5981;0.5981;25904;25904;25904;23;32;0.598100006580353;0.5981;0.5981;0.5981;48;48;48;48;1;25904;0.0065;0.0519;25904;25904;0
"mscorlib.dll!System::MonoCustomAttrs.IsUserCattrProvider()";0.5963029;0.5963029;0.5963029;25904;25904;25904;37;53;0.596302926540375;0.5963029;0.5963029;0.5963029;829;829;829;829;1;25904;0;0.0027;25904;25904;0
"Unity.TextMeshPro.dll!TMPro::TextMeshPro.GenerateTextMesh()";0.5906;0.0788;15.8732;25481;25941;24236;10;10;1282.46729322523;0.7345173;0.3307;0.8246;12504;6;1;32;1746;24216;0.0472;1.6918;24218;25303;0.3776
"TMP Layout Text";0.5887;0.0785;15.8196;25481;25941;24236;11;11;1278.03689812124;0.7319799;0.329;0.8223;12504;6;1;32;1746;24216;0.047;1.6904;24218;25303;0.3764
"Camera.Render";0.5772;0.1033;4.8115;25761;26018;25139;3;3;1387.99189607054;0.693996;0.5132;0.6702;2000;1;1;1;2000;24216;0.1033;4.8115;26018;25139;1.2578
"mscorlib.dll!System.IO::Path.GetPathRoot()";0.5566;0.5566;0.5566;25904;25904;25904;19;30;0.556599974632263;0.5566;0.5566;0.5566;27;27;27;27;1;25904;0.0126;0.035;25904;25904;0
"mscorlib.dll!System::RuntimeType.IsValueTypeImpl()";0.5529;0.5529;0.5529;25904;25904;25904;35;55;0.552899956703186;0.5529;0.5529;0.5529;595;595;595;595;1;25904;0.0006;0.0039;25904;25904;0
"Newtonsoft.Json.dll!Newtonsoft.Json.Serialization::JsonTypeReflector.GetAssociateMetadataTypeFromAttribute()";0.5505;0.5505;0.5505;25904;25904;25904;41;44;0.55050003528595;0.5505;0.5505;0.5505;4;4;4;4;1;25904;0.0629;0.3237;25904;25904;0
"mscorlib.dll!System.Reflection::RuntimeMethodInfo.GetParameters()";0.5503001;0.5503001;0.5503001;25904;25904;25904;37;37;0.550300061702728;0.5503001;0.5503001;0.5503001;97;97;97;97;1;25904;0.0004;0.2923;25904;25904;0
"UnityEngine.UI.dll!UnityEngine.EventSystems::StandaloneInputModule.ProcessMouseEvent()";0.5455;0.1458;5.9811;25745;26088;25702;6;7;1410.7328980267;0.7057193;0.3402;0.858;3998;2;2;2;1999;24216;0.0727;2.9918;26088;25702;0.3019
"mscorlib.dll!System.IO::TextWriter.Dispose()";0.5373;0.5373;0.5373;25904;25904;25904;19;29;0.537299990653992;0.5373;0.5373;0.5373;12;12;12;12;1;25904;0;0.1488;25904;25904;0
"mscorlib.dll!System.IO::StreamWriter.Dispose()";0.5332;0.5332;0.5332;25904;25904;25904;20;21;0.533200025558472;0.5332;0.5332;0.5332;4;4;4;4;1;25904;0.1145;0.1483;25904;25904;0
"mscorlib.dll!System.Reflection::MonoMethodInfo.GetParametersInfo()";0.532;0.532;0.532;25904;25904;25904;38;53;0.532000005245209;0.532;0.532;0.532;129;129;129;129;1;25904;0.0003;0.2909;25904;25904;0
"mscorlib.dll!System.Reflection::MonoMethodInfo.get_parameter_info()";0.5168998;0.5168998;0.5168998;25904;25904;25904;39;54;0.516899824142456;0.5168998;0.5168998;0.5168998;129;129;129;129;1;25904;0.0002;0.2909;25904;25904;0
"UnityEngine.UI.dll!UnityEngine.UI::LayoutRebuilder.PerformLayoutControl()";0.499;0.499;0.499;26017;26017;26017;11;12;0.499000012874603;0.499;0.499;0.499;6;6;6;6;1;26017;0.0023;0.2957;26017;26017;0
"System.Core.dll!System.Linq::Enumerable.ToArray()";0.4952001;0.4952001;0.4952001;25904;25904;25904;40;48;0.495200097560883;0.4952001;0.4952001;0.4952001;167;167;167;167;1;25904;0.0007;0.0437;25904;25904;0
"Unity.ResourceManager.dll!UnityEngine.ResourceManagement.Profiling::ProfilerFrameData`2.Remove()";0.4895;0.4895;0.4895;26017;26017;26017;28;28;0.489500015974045;0.4895;0.4895;0.4895;9;9;9;9;1;26017;0.0006;0.2724;26017;26017;0
"Assembly-CSharp.dll!::TargetProjectile.OnTriggerEnter2D()";0.4882;0.003;1.4944;25727;25849;24324;7;7;12.5962999700569;0.5725591;0.4566;0.7352;23;1;1;2;22;24324;0.003;1.4944;25849;24324;0
"mscorlib.dll!System::Type.GetMethod()";0.4834;0.4834;0.4834;25904;25904;25904;36;42;0.483399987220764;0.4834;0.4834;0.4834;80;80;80;80;1;25904;0.0041;0.0155;25904;25904;0
"mscorlib.dll!System::String.Format()";0.4827;0.4827;0.4827;25904;25904;25904;18;21;0.482699990272522;0.4827;0.4827;0.4827;5;5;5;5;1;25904;0.004;0.4491;25904;25904;0
"mscorlib.dll!System::String.FormatHelper()";0.4802;0.4802;0.4802;25904;25904;25904;19;22;0.48020002245903;0.4802;0.4802;0.4802;5;5;5;5;1;25904;0.0036;0.4487;25904;25904;0
"Assembly-CSharp.dll!::BuildModeController.OnDestroy()";0.4723;0.4723;0.4723;26017;26017;26017;10;10;0.472299993038177;0.4723;0.4723;0.4723;1;1;1;1;1;26017;0.4723;0.4723;26017;26017;0
"mscorlib.dll!System.IO::MonoIO.Write()";0.4648;0.4648;0.4648;25904;25904;25904;24;26;0.464800000190735;0.4648;0.4648;0.4648;8;8;8;8;1;25904;0.0405;0.0677;25904;25904;0
"mscorlib.dll!System.Text::StringBuilder.AppendFormatHelper()";0.4636;0.4636;0.4636;25904;25904;25904;20;23;0.463600009679794;0.4636;0.4636;0.4636;5;5;5;5;1;25904;0.0011;0.4456;25904;25904;0
"Assembly-CSharp.dll!::Enemy.OnDie()";0.452;0.272;41.3377;25336;24929;25904;8;11;60.8369000852108;3.201942;0.3245;0.6227;20;1;1;2;19;24220;0.272;41.3377;24929;25904;0
"Assembly-CSharp.dll!::EnemySpawner.DestroyEnemy()";0.4501;0.2713;41.3367;25336;24929;25904;9;12;60.803800791502;3.2002;0.3235;0.6209;20;1;1;2;19;24220;0.2713;41.3367;24929;25904;0
"Assembly-CSharp.dll!::ObjectDetector.HideAttackRange()";0.4491;0.4385;0.6345;25587;25786;24923;5;5;1.52210000157356;0.5073667;0.4385;0.4491;3;1;1;1;3;24923;0.4385;0.6345;25786;24923;0
"System.Core.dll!System.Collections.Generic::EnumerableHelpers.ToArray()";0.4427998;0.4427998;0.4427998;25904;25904;25904;37;49;0.442799836397171;0.4427998;0.4427998;0.4427998;169;169;169;169;1;25904;0.0005;0.0402;25904;25904;0
"Assembly-CSharp.dll!::PanelTowerDataViewer.OffPanel()";0.4351;0.4259;0.6092;25587;25786;24923;6;6;1.47020000219345;0.4900667;0.4259;0.4351;3;1;1;1;3;24923;0.4259;0.6092;25786;24923;0
"UnityEngine.UI.dll!UnityEngine.UI::HorizontalOrVerticalLayoutGroup.SetChildrenAlongAxis()";0.4271;0.4271;0.4271;26017;26017;26017;14;14;0.427100002765656;0.4271;0.4271;0.4271;2;2;2;2;1;26017;0.1676;0.2595;26017;26017;0
"Newtonsoft.Json.dll!Newtonsoft.Json.Serialization::JsonProperty.WritePropertyName()";0.4239999;0.4239999;0.4239999;25904;25904;25904;27;32;0.423999935388565;0.4239999;0.4239999;0.4239999;54;54;54;54;1;25904;0.0033;0.0755;25904;25904;0
"Unity.TextMeshPro.dll!TMPro::TextMeshProUGUI.OnCanvasHierarchyChanged()";0.4153999;0.4153999;0.4153999;26017;26017;26017;9;12;0.41539990901947;0.4153999;0.4153999;0.4153999;56;56;56;56;1;26017;0.0046;0.0116;26017;26017;0
"Newtonsoft.Json.dll!Newtonsoft.Json.Serialization::DefaultContractResolver.CanConvertToString()";0.4107;0.4107;0.4107;25904;25904;25904;32;35;0.410700023174286;0.4107;0.4107;0.4107;2;2;2;2;1;25904;0.1993;0.2114;25904;25904;0
"Newtonsoft.Json.dll!Newtonsoft.Json.Serialization::DefaultContractResolver.ResolveContractConverter()";0.4104;0.4104;0.4104;25904;25904;25904;34;37;0.410400003194809;0.4104;0.4104;0.4104;4;4;4;4;1;25904;0.0363;0.2051;25904;25904;0
"Assembly-CSharp.dll!::EnemySpawner.SpawnEnemyHpSlider()";0.4097;0.3167;4.2942;24685;25699;24220;8;13;10.5298999547958;0.9572636;0.3507;0.9881;13;1;1;3;11;24220;0.3167;1.6687;25699;24220;0
"Newtonsoft.Json.dll!Newtonsoft.Json.Serialization::JsonTypeReflector.CanTypeDescriptorConvertString()";0.4088;0.4088;0.4088;25904;25904;25904;33;36;0.408800005912781;0.4088;0.4088;0.4088;2;2;2;2;1;25904;0.1984;0.2104;25904;25904;0
"mscorlib.dll!System::MonoCustomAttrs.GetCustomAttributesInternal()";0.4046997;0.4046997;0.4046997;25904;25904;25904;39;53;0.404699683189392;0.4046997;0.4046997;0.4046997;299;299;299;299;1;25904;0.0004;0.0842;25904;25904;0
"Newtonsoft.Json.dll!Newtonsoft.Json::JsonTextWriter.WritePropertyName()";0.4031001;0.4031001;0.4031001;25904;25904;25904;28;33;0.403100073337555;0.4031001;0.4031001;0.4031001;54;54;54;54;1;25904;0.0031;0.0753;25904;25904;0
"mscorlib.dll!System::RuntimeTypeHandle.IsSubclassOf()";0.4004017;0.4004017;0.4004017;25904;25904;25904;33;57;0.400401681661606;0.4004017;0.4004017;0.4004017;760;760;760;760;1;25904;0.0003;0.0019;25904;25904;0
"System.dll!System.ComponentModel::TypeDescriptor.GetConverter()";0.3999;0.3999;0.3999;25904;25904;25904;34;37;0.399900019168854;0.3999;0.3999;0.3999;2;2;2;2;1;25904;0.194;0.2059;25904;25904;0
"mscorlib.dll!System.IO::StringWriter.Write()";0.3901995;0.3901995;0.3901995;25904;25904;25904;27;39;0.390199482440948;0.3901995;0.3901995;0.3901995;527;527;527;527;1;25904;0.0001;0.0724;25904;25904;0
"UnityEngine.CoreModule.dll!UnityEngine::Component.get_transform()";0.3878998;0.004;6.532698;24912;26090;25282;5;24;1082.98519677715;0.5414926;0.274;0.6159995;377604;157;2;746;2000;24216;0.0012;0.563;24217;25850;0.2555
"Assembly-CSharp.dll!::EndRunOverlay.Show()";0.3852;0.3852;0.3852;25904;25904;25904;17;17;0.385199993848801;0.3852;0.3852;0.3852;1;1;1;1;1;25904;0.3852;0.3852;25904;25904;0
"mscorlib.dll!System.IO::Path.GetDirectoryName()";0.3851;0.3851;0.3851;25904;25904;25904;18;26;0.38510000705719;0.3851;0.3851;0.3851;7;7;7;7;1;25904;0.0318;0.0829;25904;25904;0
"AssetBundle.UnloadAsync.Integrate";0.3813;0.3813;0.3813;26017;26017;26017;7;7;0.381300002336502;0.3813;0.3813;0.3813;3;3;3;3;1;26017;0.0159;0.2361;26017;26017;0
"mscorlib.dll!System::RuntimeType.GetMethodCandidates()";0.379;0.379;0.379;25904;25904;25904;37;45;0.379000008106232;0.379;0.379;0.379;25;25;25;25;1;25904;0.0031;0.1923;25904;25904;0
"Assembly-CSharp.dll!::AttackBehaviorBase.Deactivate()";0.3646998;0.3646998;0.3646998;26017;26017;26017;11;13;0.364699840545654;0.3646998;0.3646998;0.3646998;128;128;128;128;1;26017;0.0002;0.0154;26017;26017;0
"UnityEngine.CoreModule.dll!UnityEngine::Transform.Rotate()";0.3635002;0.009299999;3.269199;24346;26074;24993;5;6;962.9855175782;0.4814928;0.2980002;0.513;366974;202;4;226;2000;24216;0.0011;0.4001;24221;24993;0.2807
"Unity.TextMeshPro.dll!TMPro::TextMeshProUGUI.Awake()";0.3619;0.3619;0.3619;26017;26017;26017;9;9;0.361900001764297;0.3619;0.3619;0.3619;5;5;5;5;1;26017;0.0634;0.1017;26017;26017;0
"Assembly-CSharp.dll!::Tower.Update()";0.3618;0.2322;2.7864;25076;24402;25993;4;4;868.261305332184;0.4820996;0.2828001;0.4918001;135075;75;75;75;1801;24216;0.0029;0.5613;24221;25793;0.2618
"UnityEngine.UI.dll!UnityEngine.EventSystems::EventSystem.Update()";0.3614;0.1275;3.4111;25497;26086;25702;4;4;932.493798598647;0.4662469;0.2325;0.5603;2000;1;1;1;2000;24216;0.1275;3.4111;26086;25702;0.2038
"UnityEngine.UI.dll!UnityEngine.UI::HorizontalOrVerticalLayoutGroup.GetChildSizes()";0.3602;0.3602;0.3602;26017;26017;26017;15;15;0.360199987888336;0.3602;0.3602;0.3602;8;8;8;8;1;26017;0.0005;0.2332;26017;26017;0
"mscorlib.dll!System::RuntimeType.get_BaseType()";0.3580002;0.3580002;0.3580002;25904;25904;25904;36;51;0.358000189065933;0.3580002;0.3580002;0.3580002;284;284;284;284;1;25904;0.0008;0.0036;25904;25904;0
"Assembly-CSharp.dll!::EnemySpawner.ReturnEnemyToPool()";0.3572;0.2283;1.9176;24472;24929;25703;10;13;10.6564000695944;0.5608631;0.2622;0.4068;20;1;1;2;19;24220;0.2283;1.9176;24929;25703;0
"UnityEngine.CoreModule.dll!UnityEngine.Bindings::Unmarshal.UnmarshalUnityObject()";0.3558004;0.0052;8.25879;25804;26089;25282;6;31;1100.99130852195;0.5504956;0.2457004;0.5978993;581759;230;4;1567;2000;24216;0.0001;0.5623;24216;25850;0.1981001
"mscorlib.dll!System.Reflection::RuntimeMethodInfo.get_ContainsGenericParameters()";0.3558001;0.3558001;0.3558001;25904;25904;25904;37;37;0.355800062417984;0.3558001;0.3558001;0.3558001;98;98;98;98;1;25904;0.0018;0.0086;25904;25904;0
"Unity.TextMeshPro.dll!TMPro::TextMeshProUGUI.OnEnable()";0.3535;0.0864;1.1747;26017;25904;24539;9;22;2.97410008311272;0.59482;0.2463;1.1132;15;3;1;5;5;24539;0.0638;0.4301;26017;24539;0
"UnityEngine.UI.dll!UnityEngine.UI::Graphic.OnDestroy()";0.3462;0.3462;0.3462;26017;26017;26017;10;10;0.346199989318848;0.3462;0.3462;0.3462;52;52;52;52;1;26017;0.0062;0.0096;26017;26017;0
"Newtonsoft.Json.dll!Newtonsoft.Json.Utilities::CollectionUtils.ResolveEnumerableCollectionConstructor()";0.3398;0.3398;0.3398;25904;25904;25904;35;36;0.339800000190735;0.3398;0.3398;0.3398;2;2;2;2;1;25904;0.1622;0.1776;25904;25904;0
"Newtonsoft.Json.dll!Newtonsoft.Json.Serialization::ReflectionValueProvider.GetValue()";0.3355;0.3355;0.3355;25904;25904;25904;28;33;0.335500031709671;0.3355;0.3355;0.3355;54;54;54;54;1;25904;0.003;0.0419;25904;25904;0
"System.dll!::DefaultTypeDescriptor.System.ComponentModel.ICustomTypeDescriptor.GetConverter()";0.3345;0.3345;0.3345;25904;25904;25904;35;38;0.334500014781952;0.3345;0.3345;0.3345;2;2;2;2;1;25904;0.1619;0.1726;25904;25904;0
"System.dll!System.ComponentModel::ReflectTypeDescriptionProvider.GetConverter()";0.3336;0.3336;0.3336;25904;25904;25904;36;39;0.333599984645844;0.3336;0.3336;0.3336;2;2;2;2;1;25904;0.1615;0.1721;25904;25904;0
"System.Core.dll!::WhereListIterator`1.ToList()";0.3331;0.3331;0.3331;25904;25904;25904;36;39;0.333099991083145;0.3331;0.3331;0.3331;2;2;2;2;1;25904;0.0625;0.2706;25904;25904;0
"UnityEngine.UI.dll!UnityEngine.UI::HorizontalOrVerticalLayoutGroup.CalcAlongAxis()";0.3326;0.3326;0.3326;26017;26017;26017;14;14;0.332599997520447;0.3326;0.3326;0.3326;2;2;2;2;1;26017;0.0213;0.3113;26017;26017;0
"Assembly-CSharp.dll!::<AttackLoop>d__4.MoveNext()";0.3248;0.038;2.7589;25372;24975;25152;5;15;457.300499539822;0.4153501;0.2349;0.4623;1997;2;1;4;1101;24216;0.0089;1.3955;25582;24486;0
"System.dll!::ReflectedTypeData.GetConverter()";0.3236;0.3236;0.3236;25904;25904;25904;37;40;0.323599994182587;0.3236;0.3236;0.3236;2;2;2;2;1;25904;0.1566;0.167;25904;25904;0
"UnityEngine.IMGUIModule.dll!UnityEngine::GUIUtility.DestroyGUI()";0.3232;0.3232;0.3232;26017;26017;26017;10;10;0.323199987411499;0.3232;0.3232;0.3232;1;1;1;1;1;26017;0.3232;0.3232;26017;26017;0
"mscorlib.dll!System::Single.TryFormat()";0.323;0.323;0.323;25904;25904;25904;21;21;0.323000013828278;0.323;0.323;0.323;1;1;1;1;1;25904;0.323;0.323;25904;25904;0
"mscorlib.dll!System::String.Split()";0.3225;0.3225;0.3225;25904;25904;25904;22;30;0.322499990463257;0.3225;0.3225;0.3225;20;20;20;20;1;25904;0.0111;0.032;25904;25904;0
"Newtonsoft.Json.dll!Newtonsoft.Json.Utilities::ReflectionUtils.GetMemberValue()";0.3206;0.3206;0.3206;25904;25904;25904;29;34;0.320600032806396;0.3206;0.3206;0.3206;54;54;54;54;1;25904;0.0029;0.0391;25904;25904;0
"UnityEngine.UI.dll!UnityEngine.UI::LayoutGroup.SetChildAlongAxisWithScale()";0.3198;0.3198;0.3198;26017;26017;26017;15;15;0.319799989461899;0.3198;0.3198;0.3198;4;4;4;4;1;26017;0.024;0.1441;26017;26017;0
"Newtonsoft.Json.dll!Newtonsoft.Json.Serialization::DefaultContractResolver.SetIsSpecifiedActions()";0.3186;0.3186;0.3186;25904;25904;25904;35;38;0.318599998950958;0.3186;0.3186;0.3186;20;20;20;20;1;25904;0.012;0.0295;25904;25904;0
"mscorlib.dll!System::String.IsCharBitSet()";0.3178946;0.3178946;0.3178946;25904;25904;25904;22;35;0.317894577980042;0.3178946;0.3178946;0.3178946;5310;5310;5310;5310;1;25904;0;0.005;25904;25904;0
"UnityEngine.UI.dll!::<>c.<Rebuild>b__12_2()";0.3178;0.3178;0.3178;26017;26017;26017;12;13;0.317800015211105;0.3178;0.3178;0.3178;4;4;4;4;1;26017;0.0008;0.3124;26017;26017;0
"Newtonsoft.Json.dll!Newtonsoft.Json.Serialization::DefaultContractResolver.FilterMembers()";0.3148;0.3148;0.3148;25904;25904;25904;37;40;0.31479999423027;0.3148;0.3148;0.3148;20;20;20;20;1;25904;0.0012;0.0345;25904;25904;0
"UnityEngine.TilemapModule.dll!UnityEngine.Tilemaps::TilemapRenderer.UnregisterSpriteAtlasRegistered()";0.3131;0.3131;0.3131;26017;26017;26017;12;12;0.313100010156631;0.3131;0.3131;0.3131;3;3;3;3;1;26017;0.0038;0.3036;26017;26017;0
"mscorlib.dll!System::RuntimeType.GetMethodsByName()";0.3127;0.3127;0.3127;25904;25904;25904;38;46;0.312699973583221;0.3127;0.3127;0.3127;25;25;25;25;1;25904;0.0027;0.154;25904;25904;0
"Newtonsoft.Json.dll!Newtonsoft.Json::JsonSerializer.GetMatchingConverter()";0.3125998;0.3125998;0.3125998;25904;25904;25904;25;37;0.312599807977676;0.3125998;0.3125998;0.3125998;154;154;154;154;1;25904;0;0.0925;25904;25904;0
"mscorlib.dll!System::String.SplitInternal()";0.3123;0.3123;0.3123;25904;25904;25904;23;31;0.312299966812134;0.3123;0.3123;0.3123;20;20;20;20;1;25904;0.0107;0.0309;25904;25904;0
"UnityEngine.UI.dll!UnityEngine.UI::HorizontalLayoutGroup.CalculateLayoutInputVertical()";0.3118;0.3118;0.3118;26017;26017;26017;13;13;0.311800003051758;0.3118;0.3118;0.3118;1;1;1;1;1;26017;0.3118;0.3118;26017;26017;0
"Newtonsoft.Json.dll!Newtonsoft.Json.Serialization::JsonTypeReflector.IsNonSerializable()";0.31;0.31;0.31;25904;25904;25904;36;39;0.310000002384186;0.31;0.31;0.31;20;20;20;20;1;25904;0.0113;0.0325;25904;25904;0
"Newtonsoft.Json.dll!Newtonsoft.Json.Utilities::ReflectionUtils.IsByRefLikeType()";0.3097;0.3097;0.3097;25904;25904;25904;38;41;0.309700012207031;0.3097;0.3097;0.3097;20;20;20;20;1;25904;0.001;0.0342;25904;25904;0
"Drawing";0.3095;0.0133;4.3713;24875;26018;25139;4;4;748.358397637494;0.3741792;0.2738;0.3682;2000;1;1;1;2000;24216;0.0133;4.3713;26018;25139;0.4955
"UnityEngine.UI.dll!UnityEngine.UI::GraphicRaycaster.Raycast()";0.3087;0.0215;3.3963;25787;26088;24698;10;11;803.876798124984;0.4021395;0.1921;0.4852;3962;2;1;2;1999;24216;0.0215;1.9229;26088;24698;0.1718
"UnityEngine.UI.dll!UnityEngine.EventSystems::StandaloneInputModule.Process()";0.3087;0.092;3.2553;26142;26086;25702;5;5;797.476296834648;0.3989376;0.1942;0.4797;1999;1;1;1;1999;24216;0.092;3.2553;26086;25702;0.1703
"mscorlib.dll!System.Collections.Generic::ObjectEqualityComparer`1.GetHashCode()";0.3013997;0.3013997;0.3013997;25904;25904;25904;29;49;0.301399737596512;0.3013997;0.3013997;0.3013997;320;320;320;320;1;25904;0.0004;0.0067;25904;25904;0
"Unity.TextMeshPro.dll!TMPro::TextMeshProUGUI.SetArraySizes()";0.3013;0.0366;9.8866;24755;24359;24539;14;25;27.1827005408704;0.5128812;0.07009999;0.3438;132;3;1;6;53;24220;0.0234;7.9919;25539;24539;0
"Assembly-CSharp.dll!::MultiShotBehavior.SpawnFan()";0.2993;0.2579;3.3065;24922;24247;25400;6;16;15.9662998616695;0.4989469;0.2809;0.3797;32;1;1;1;32;24247;0.2579;3.3065;24247;25400;0
"Physics2D.SyncTransformChanges";0.298;0.0019;13.3227;25300;26065;24387;4;4;800.741497729206;0.4783402;0.2387;0.6732;1698;1;1;2;1674;24216;0.0003;13.3227;25617;24387;0
"WaitForJobGroupID";0.2975;0.0127;5.406501;24558;26088;24539;3;24;662.69410005305;0.331347;0.2677;0.3325;26632;15;2;18;2000;24216;0.0004;4.4024;26141;24539;0.6572
"mscorlib.dll!System::String.InitializeProbabilisticMap()";0.2926;0.2926;0.2926;25904;25904;25904;22;35;0.292599976062775;0.2926;0.2926;0.2926;68;68;68;68;1;25904;0.0003;0.0096;25904;25904;0
"UnityEngine.CoreModule.dll!UnityEngine.Events::UnityEvent.RemoveListener()";0.2892;0.2892;0.2892;26017;26017;26017;11;11;0.289200007915497;0.2892;0.2892;0.2892;1;1;1;1;1;26017;0.2892;0.2892;26017;26017;0
"UnityEngine.UI.dll!UnityEngine.UI::LayoutUtility.GetPreferredSize()";0.2886;0.2886;0.2886;26017;26017;26017;16;16;0.288599997758865;0.2886;0.2886;0.2886;4;4;4;4;1;26017;0.0087;0.22;26017;26017;0
"mscorlib.dll!System.IO::StreamWriter.Flush()";0.2879;0.2879;0.2879;25904;25904;25904;21;22;0.287900000810623;0.2879;0.2879;0.2879;4;4;4;4;1;25904;0.0585;0.0833;25904;25904;0
"UnityEngine.UI.dll!UnityEngine.UI::LayoutUtility.GetPreferredHeight()";0.2876;0.2876;0.2876;26017;26017;26017;17;17;0.287600010633469;0.2876;0.2876;0.2876;4;4;4;4;1;26017;0.0084;0.2198;26017;26017;0
"Assembly-CSharp.dll!::LaserBehavior.SpawnLaser()";0.2852;0.0644;2.3189;25092;25583;25251;6;16;396.231398686767;0.3618551;0.2056;0.402;1960;2;1;3;1095;24216;0.0556;1.2826;24577;24358;0
"UnityEngine.CoreModule.dll!UnityEngine.Events::UnityEventBase.RemoveListener()";0.2848;0.2848;0.2848;26017;26017;26017;12;12;0.284799993038177;0.2848;0.2848;0.2848;1;1;1;1;1;26017;0.2848;0.2848;26017;26017;0
"UnityEngine.CoreModule.dll!UnityEngine.Events::InvokableCallList.RemoveListener()";0.2845;0.2845;0.2845;26017;26017;26017;13;13;0.284500002861023;0.2845;0.2845;0.2845;1;1;1;1;1;26017;0.2845;0.2845;26017;26017;0
"Assembly-CSharp.dll!::EnemyHp.ReleaseViewerToPool()";0.284;0.1878;1.6781;24472;24929;25703;11;14;8.79090002179146;0.4626789;0.2074;0.3467;20;1;1;2;19;24220;0.1878;1.6781;24929;25703;0
"mscorlib.dll!System::RuntimeType.GetMethods()";0.283;0.283;0.283;25904;25904;25904;36;39;0.283000022172928;0.283;0.283;0.283;5;5;5;5;1;25904;0.0038;0.1929;25904;25904;0
"Newtonsoft.Json.dll!Newtonsoft.Json::JsonWriter.AutoComplete()";0.2797002;0.2797002;0.2797002;25904;25904;25904;28;37;0.27970016002655;0.2797002;0.2797002;0.2797002;129;129;129;129;1;25904;0.0001;0.0226;25904;25904;0
"mscorlib.dll!System::Type.get_HasElementType()";0.2758016;0.2758016;0.2758016;25904;25904;25904;33;55;0.275801599025726;0.2758016;0.2758016;0.2758016;574;574;574;574;1;25904;0.0003;0.0047;25904;25904;0
"System.Core.dll!System.Linq::OrderedEnumerable`1.ToList()";0.2758;0.2758;0.2758;25904;25904;25904;35;38;0.27580001950264;0.2758;0.2758;0.2758;2;2;2;2;1;25904;0.0112;0.2646;25904;25904;0
"Render.TransparentGeometry";0.2756;0.0009;4.3059;24366;26041;25139;5;5;661.290297684027;0.3306451;0.2432;0.3285;2000;1;1;1;2000;24216;0.0009;4.3059;26041;25139;0.3552
"mscorlib.dll!System.Reflection::RuntimeFieldInfo.GetValue()";0.2726;0.2726;0.2726;25904;25904;25904;30;35;0.272600024938583;0.2726;0.2726;0.2726;54;54;54;54;1;25904;0.0024;0.034;25904;25904;0
"didDestroyWorld.Invoke";0.2724;0.2724;0.2724;26017;26017;26017;9;9;0.272399991750717;0.2724;0.2724;0.2724;1;1;1;1;1;26017;0.2724;0.2724;26017;26017;0
"Assembly-CSharp.dll!::ChainLightning.ApplyDamage()";0.2704;0.0022;1.1106;25675;24929;25501;6;6;16.2158998842351;0.3378313;0.2294;0.3401;49;1;1;2;48;24225;0.0022;1.0027;24929;24719;0
"UnityEngine.UI.dll!UnityEngine.EventSystems::StandaloneInputModule.ReleaseMouse()";0.2693;0.0119;1.7259;24840;24760;24848;9;9;11.5519999666139;0.2817561;0.0335;0.3175;41;1;1;1;41;24543;0.0119;1.7259;24760;24848;0
"mscorlib.dll!System::Array.LastIndexOf()";0.2689;0.2689;0.2689;26017;26017;26017;16;17;0.268900007009506;0.2689;0.2689;0.2689;4;4;4;4;1;26017;0.0042;0.1338;26017;26017;0
"Unity.TextMeshPro.dll!TMPro::TMP_Text.ParseInputText()";0.2689;0.0377;10.7175;24348;25941;24539;10;23;596.718794990331;0.3415677;0.1522;0.3772;12636;6;1;32;1747;24216;0.0223;8.1647;24843;24539;0.1625
"mscorlib.dll!System::RuntimeType.get_Assembly()";0.2687018;0.2687018;0.2687018;25904;25904;25904;38;54;0.268701761960983;0.2687018;0.2687018;0.2687018;690;690;690;690;1;25904;0.0003;0.0018;25904;25904;0
"mscorlib.dll!System.Reflection::FieldInfo.GetPseudoCustomAttributes()";0.2687;0.2687;0.2687;25904;25904;25904;38;54;0.268700033426285;0.2687;0.2687;0.2687;200;200;200;200;1;25904;0.0009;0.0041;25904;25904;0
"Assembly-CSharp.dll!::<ChainRoutine>d__30.MoveNext()";0.2679;0.0137;1.2582;24731;25582;25501;5;21;19.4171999720857;0.2814087;0.0262;0.3456;70;1;1;2;69;24225;0.0137;1.1457;25582;24719;0
"mscorlib.dll!System::String.Substring()";0.2674001;0.2674001;0.2674001;25904;25904;25904;19;34;0.267400145530701;0.2674001;0.2674001;0.2674001;212;212;212;212;1;25904;0.0007;0.0131;25904;25904;0
"TMP Parse Text";0.2664;0.0373;10.7068;24348;25941;24539;11;24;591.435594841838;0.3385436;0.1507;0.3736;12636;6;1;32;1747;24216;0.0221;8.1614;25435;24539;0.1612
"System.Core.dll!System.Linq::OrderedEnumerable`1.SortedMap()";0.2633;0.2633;0.2633;25904;25904;25904;36;39;0.263300001621246;0.2633;0.2633;0.2633;2;2;2;2;1;25904;0.0074;0.2559;25904;25904;0
"UnityEngine.IMGUIModule.dll!UnityEngine::GUILayoutUtility.RemoveSelectedIdList()";0.2631;0.2631;0.2631;26017;26017;26017;11;11;0.263099998235703;0.2631;0.2631;0.2631;1;1;1;1;1;26017;0.2631;0.2631;26017;26017;0
"mscorlib.dll!System::MonoCustomAttrs.GetBase()";0.2627004;0.2627004;0.2627004;25904;25904;25904;37;52;0.262700438499451;0.2627004;0.2627004;0.2627004;326;326;326;326;1;25904;0.0001;0.004;25904;25904;0
"Unity.Addressables.dll!UnityEngine.AddressableAssets::AddressablesImpl.OnHandleDestroyed()";0.2621;0.2621;0.2621;26017;26017;26017;16;16;0.262100040912628;0.2621;0.2621;0.2621;6;6;6;6;1;26017;0.0026;0.2474;26017;26017;0
"UnityEngine.UI.dll!::<>c.<Rebuild>b__12_1()";0.2616;0.2616;0.2616;26017;26017;26017;12;12;0.261599987745285;0.2616;0.2616;0.2616;1;1;1;1;1;26017;0.2616;0.2616;26017;26017;0
"System.Core.dll!System.Linq::EnumerableSorter`1.Sort()";0.261;0.261;0.261;25904;25904;25904;37;40;0.260999977588654;0.261;0.261;0.261;2;2;2;2;1;25904;0.0062;0.2548;25904;25904;0
"UnityEngine.UI.dll!UnityEngine.UI::HorizontalLayoutGroup.SetLayoutHorizontal()";0.2605;0.2605;0.2605;26017;26017;26017;13;13;0.260500013828278;0.2605;0.2605;0.2605;1;1;1;1;1;26017;0.2605;0.2605;26017;26017;0
"Unity.TextMeshPro.dll!TMPro::TextMeshProUGUI.LoadFontAsset()";0.2603;0.2603;0.2603;26017;26017;26017;10;10;0.260300010442734;0.2603;0.2603;0.2603;5;5;5;5;1;26017;0.047;0.0675;26017;26017;0
"Newtonsoft.Json.dll!Newtonsoft.Json.Serialization::DefaultContractResolver.GetExtensionDataMemberForType()";0.2601;0.2601;0.2601;25904;25904;25904;33;36;0.26010000705719;0.2601;0.2601;0.2601;2;2;2;2;1;25904;0.0394;0.2207;25904;25904;0
"Assembly-CSharp.dll!::TowerWeapon.OnDisable()";0.2567001;0.2567001;0.2567001;26017;26017;26017;12;12;0.256700068712234;0.2567001;0.2567001;0.2567001;75;75;75;75;1;26017;0.0002;0.0156;26017;26017;0
"mscorlib.dll!System::Delegate.Remove()";0.2553;0.2553;0.2553;26017;26017;26017;12;16;0.255299985408783;0.2553;0.2553;0.2553;8;8;8;8;1;26017;0.0031;0.2129;26017;26017;0
"Physics2D.SyncColliderTransformChanges";0.2547;0.0003;13.1989;24292;26020;24387;5;5;708.334998358099;0.4231392;0.2087;0.5831;1698;1;1;2;1674;24216;0.0001;13.1989;24449;24387;0
"RenderForwardAlpha.Render";0.2534;0.0004;4.273;25890;26018;25139;6;6;608.172298250429;0.3040861;0.224;0.3021;2000;1;1;1;2000;24216;0.0004;4.273;26018;25139;0.3319
"Unity.TextMeshPro.dll!TMPro::TextMeshProUGUI.OnDisable()";0.2526;0.1899;0.7189;25703;25587;26017;11;20;1.63220003247261;0.32644;0.1961;0.2747;23;3;1;13;5;24923;0.0395;0.2526;26017;25703;0
"mscorlib.dll!System.IO::FileStream.Flush()";0.2517;0.2517;0.2517;25904;25904;25904;22;23;0.251699984073639;0.2517;0.2517;0.2517;4;4;4;4;1;25904;0.0472;0.0725;25904;25904;0
"System.Core.dll!System.Linq::EnumerableSorter`2.QuickSort()";0.2512;0.2512;0.2512;25904;25904;25904;38;41;0.251199990510941;0.2512;0.2512;0.2512;2;2;2;2;1;25904;0.0039;0.2473;25904;25904;0
"Assembly-CSharp.dll!::DamagePopupSpawner.ShowBody()";0.2507;0.144;3.9871;24313;24892;24387;7;12;66.2472999691963;0.3829324;0.189;0.4483;199;1;1;3;173;24220;0.1142;3.9871;24221;24387;0
"mscorlib.dll!System.IO::FileStream.FlushBuffer()";0.2502;0.2502;0.2502;25904;25904;25904;23;24;0.250200003385544;0.2502;0.2502;0.2502;8;8;8;8;1;25904;0;0.0717;25904;25904;0
"Assembly-CSharp.dll!::DamagePopupSpawner.Show()";0.2499;0.1436;3.9862;24313;24892;24387;8;13;66.1219998300076;0.3822081;0.1887;0.4476;199;1;1;3;173;24220;0.114;3.9862;24221;24387;0
"mscorlib.dll!System::String.SplitKeepEmptyEntries()";0.2498;0.2498;0.2498;25904;25904;25904;24;32;0.249800011515617;0.2498;0.2498;0.2498;20;20;20;20;1;25904;0.0089;0.0211;25904;25904;0
"System.Core.dll!System.Collections.Generic::LargeArrayBuilder`1.AddRange()";0.2488999;0.2488999;0.2488999;25904;25904;25904;42;49;0.248899921774864;0.2488999;0.2488999;0.2488999;91;91;91;91;1;25904;0.0014;0.0318;25904;25904;0
"Physics2D.Step";0.2486;0.1612;2.6378;25838;25131;25008;4;4;544.183098629117;0.360625;0.1953;0.3876;1533;1;1;2;1509;24216;0.0077;2.6378;25907;25008;0
"mscorlib.dll!System::MulticastDelegate.RemoveImpl()";0.2479;0.2479;0.2479;26017;26017;26017;13;17;0.247900009155273;0.2479;0.2479;0.2479;8;8;8;8;1;26017;0.003;0.2105;26017;26017;0
"mscorlib.dll!System::Array.Sort()";0.2478;0.2478;0.2478;25904;25904;25904;39;42;0.24779999256134;0.2478;0.2478;0.2478;2;2;2;2;1;25904;0.0025;0.2453;25904;25904;0
"SetPlayerPause";0.2478;0.2478;0.2478;26215;26215;26215;2;2;0.24779999256134;0.2478;0.2478;0.2478;2;2;2;2;1;26215;0.0032;0.2446;26215;26215;0
"UnityEngine.UI.dll!::<>c.<GetPreferredHeight>b__7_1()";0.2471;0.2471;0.2471;26017;26017;26017;20;20;0.247100010514259;0.2471;0.2471;0.2471;6;6;6;6;1;26017;0.0002;0.213;26017;26017;0
"Newtonsoft.Json.dll!Newtonsoft.Json.Serialization::JsonArrayContract..ctor()";0.2469;0.2469;0.2469;25904;25904;25904;34;34;0.246899992227554;0.2469;0.2469;0.2469;1;1;1;1;1;25904;0.2469;0.2469;25904;25904;0
"System.Core.dll!System.Linq::Enumerable.LastOrDefault()";0.2468;0.2468;0.2468;25904;25904;25904;34;37;0.246800005435944;0.2468;0.2468;0.2468;2;2;2;2;1;25904;0.0339;0.2129;25904;25904;0
"System.Core.dll!System.Linq::Enumerable.TryGetLast()";0.2462;0.2462;0.2462;25904;25904;25904;35;38;0.246199995279312;0.2462;0.2462;0.2462;2;2;2;2;1;25904;0.0336;0.2126;25904;25904;0
"mscorlib.dll!System.Globalization::CompareInfo.IsPrefix()";0.2453;0.2453;0.2453;25904;25904;25904;25;33;0.245299994945526;0.2453;0.2453;0.2453;24;24;24;24;1;25904;0.0056;0.0421;25904;25904;0
"Newtonsoft.Json.dll!Newtonsoft.Json::JsonTextWriter.WriteIndent()";0.2452998;0.2452998;0.2452998;25904;25904;25904;30;36;0.245299831032753;0.2452998;0.2452998;0.2452998;90;90;90;90;1;25904;0.0014;0.022;25904;25904;0
"Unity.ResourceManager.dll!UnityEngine.ResourceManagement::ResourceManager.OnOperationDestroyCached()";0.2438;0.2438;0.2438;26017;26017;26017;15;23;0.243800014257431;0.2438;0.2438;0.2438;10;10;10;10;1;26017;0.0045;0.1341;26017;26017;0
"System.Core.dll!System.Linq::GroupedEnumerable`2.GetEnumerator()";0.2418;0.2418;0.2418;25904;25904;25904;36;39;0.241800010204315;0.2418;0.2418;0.2418;4;4;4;4;1;25904;0.0062;0.1812;25904;25904;0
"UnityEngine.UI.dll!UnityEngine.EventSystems::PointerInputModule.GetMousePointerEventData()";0.2395;0.0581;2.309;24621;26088;24698;8;8;613.677799038589;0.3069924;0.1514;0.3715;1999;1;1;1;1999;24216;0.0581;2.309;26088;24698;0.1359
"mscorlib.dll!System.IO::Stream.Close()";0.2394;0.2394;0.2394;25904;25904;25904;21;22;0.239399999380112;0.2394;0.2394;0.2394;4;4;4;4;1;25904;0.0543;0.0694;25904;25904;0
"System.Core.dll!System.Linq::Lookup`2.Create()";0.2391;0.2391;0.2391;25904;25904;25904;37;40;0.239099994301796;0.2391;0.2391;0.2391;4;4;4;4;1;25904;0.0057;0.1803;25904;25904;0
"Shader.MainThreadCleanup";0.2367;0.2367;0.2367;26017;26017;26017;10;10;0.236699998378754;0.2367;0.2367;0.2367;5;5;5;5;1;26017;0.0278;0.0858;26017;26017;0
"mscorlib.dll!System.IO::FileStream.Dispose()";0.2365;0.2365;0.2365;25904;25904;25904;22;23;0.23649999499321;0.2365;0.2365;0.2365;4;4;4;4;1;25904;0.0537;0.0689;25904;25904;0
"mscorlib.dll!System.Globalization::CompareInfo.StartsWith()";0.2355;0.2355;0.2355;25904;25904;25904;26;34;0.235500022768974;0.2355;0.2355;0.2355;24;24;24;24;1;25904;0.0053;0.0403;25904;25904;0
"Assembly-CSharp.dll!::Projectile.Release()";0.2342;0.0626;1.126;24677;24866;24860;5;8;22.785399787128;0.2884228;0.1329;0.3256;114;1;1;4;79;24225;0.0438;0.9687;25459;25812;0
"mscorlib.dll!System::RuntimeType.GetConstructorCandidates()";0.2336;0.2336;0.2336;25904;25904;25904;35;49;0.233600005507469;0.2336;0.2336;0.2336;19;19;19;19;1;25904;0.0036;0.1013;25904;25904;0
"mscorlib.dll!System.Reflection::RuntimeFieldInfo.get_DeclaringType()";0.2285014;0.2285014;0.2285014;25904;25904;25904;31;55;0.228501424193382;0.2285014;0.2285014;0.2285014;828;828;828;828;1;25904;0.0001;0.0057;25904;25904;0
"Assembly-CSharp.dll!::GameObjectPoolManager.Spawn()";0.2284;0.0432;7.2646;24458;24564;24387;7;18;97.6099998280406;0.3888845;0.1644;0.4328;587;2;1;14;251;24220;0.0225;3.6417;24247;24387;0
"UnityEngine.CoreModule.dll!UnityEngine.U2D::SpriteAtlasManager.remove_atlasRegistered()";0.2257;0.2257;0.2257;26017;26017;26017;13;13;0.225699990987778;0.2257;0.2257;0.2257;3;3;3;3;1;26017;0.0034;0.2171;26017;26017;0
"mscorlib.dll!System.IO::MonoIO.Close()";0.2239;0.2239;0.2239;25904;25904;25904;23;24;0.223899990320206;0.2239;0.2239;0.2239;4;4;4;4;1;25904;0.0504;0.0663;25904;25904;0
"mscorlib.dll!System::RuntimeType.GetFields_internal()";0.2239;0.2239;0.2239;25904;25904;25904;37;43;0.223899975419044;0.2239;0.2239;0.2239;28;28;28;28;1;25904;0.0023;0.0522;25904;25904;0
"UnityEngine.UI.dll!UnityEngine.UI::Graphic.Rebuild()";0.2227;0.1306;3.0164;24351;24822;25215;10;10;347.17290186882;0.301104;0.1735;0.3043;2982;2;2;14;1153;24216;0.0009;1.6928;24243;24486;0
"Newtonsoft.Json.dll!Newtonsoft.Json.Utilities::TypeExtensions.AssignableToTypeName()";0.2223;0.2223;0.2223;25904;25904;25904;35;40;0.222300007939339;0.2223;0.2223;0.2223;26;26;26;26;1;25904;0.0053;0.0204;25904;25904;0
"System.dll!System.ComponentModel::ReflectTypeDescriptionProvider.SearchIntrinsicTable()";0.2216;0.2216;0.2216;25904;25904;25904;38;41;0.221599996089935;0.2216;0.2216;0.2216;2;2;2;2;1;25904;0.1058;0.1158;25904;25904;0
"RenderForward.RenderLoopJob";0.2214;0.1313;1.83;25184;25971;25579;7;7;516.851798698306;0.2869805;0.1999;0.2675;1801;1;1;1;1801;24216;0.1313;1.83;25971;25579;0.3003
"PostLateUpdate.ProfilerEndFrame";0.2209;0.0575;1.4345;24361;26213;25628;2;2;512.267198923975;0.2561336;0.1867;0.2914;2000;1;1;1;2000;24216;0.0575;1.4345;26213;25628;0.25
"Assembly-CSharp.dll!::TowerChargeGaugeView.BuildVisual()";0.2204;0.2204;0.2204;25308;25308;25308;14;14;0.220400005578995;0.2204;0.2204;0.2204;1;1;1;1;1;25308;0.2204;0.2204;25308;25308;0
"Profiler.FlushCounters";0.2202;0.057;1.4317;24748;26213;25628;3;3;510.531098555773;0.2552656;0.1861;0.2898;2000;1;1;1;2000;24216;0.057;1.4317;26213;25628;0.2495
"UnityEngine.CoreModule.dll!UnityEngine::Debug.Log()";0.22;0.22;0.22;25904;25904;25904;18;18;0.219999998807907;0.22;0.22;0.22;1;1;1;1;1;25904;0.22;0.22;25904;25904;0
"UnityEngine.CoreModule.dll!UnityEngine::Logger.Log()";0.2193;0.2193;0.2193;25904;25904;25904;19;19;0.219300001859665;0.2193;0.2193;0.2193;1;1;1;1;1;25904;0.2193;0.2193;25904;25904;0
"UnityEngine.UI.dll!UnityEngine.UI::Graphic.UpdateGeometry()";0.2192;0.1276;2.2628;25156;24822;25215;11;11;337.127599209547;0.2923917;0.17;0.297;1491;1;1;7;1153;24216;0.0601;1.6847;25452;24486;0
"UnityEngine.UI.dll!UnityEngine.UI::Graphic.DoMeshGeneration()";0.2186;0.1272;2.2577;24704;24822;25215;12;12;336.074499323964;0.2914783;0.1695;0.2961;1491;1;1;7;1153;24216;0.0599;1.6827;25452;24486;0
"TMP GenerateText - Phase I";0.2186;0.0228;7.1878;25480;25941;24539;12;14;519.134398879483;0.2971576;0.1194;0.3086;12635;6;1;32;1747;24216;0.0127;3.93;24218;24539;0.1437
"UnityEngine.CoreModule.dll!UnityEngine::DebugLogHandler.LogFormat()";0.2172;0.2172;0.2172;25904;25904;25904;20;20;0.217199996113777;0.2172;0.2172;0.2172;1;1;1;1;1;25904;0.2172;0.2172;25904;25904;0
"Newtonsoft.Json.dll!Newtonsoft.Json::JsonWriter.InternalWritePropertyName()";0.2156001;0.2156001;0.2156001;25904;25904;25904;29;34;0.215600058436394;0.2156001;0.2156001;0.2156001;54;54;54;54;1;25904;0.0017;0.0229;25904;25904;0
"System.Core.dll!System.Linq::Enumerable.FirstOrDefault()";0.2147996;0.2147996;0.2147996;25904;25904;25904;36;47;0.214799642562866;0.2147996;0.2147996;0.2147996;237;237;237;237;1;25904;0.0005;0.0113;25904;25904;0
"Assembly-CSharp.dll!::TargetProjectile.Release()";0.2145;0.0511;0.8832;25727;24930;24324;5;8;5.32829999178648;0.266415;0.1867;0.281;20;1;1;1;20;24247;0.0511;0.8832;24930;24324;0
"Unity.TextMeshPro.dll!TMPro::TMP_Text.get_preferredHeight()";0.2143;0.2143;0.2143;26017;26017;26017;21;21;0.214300006628036;0.2143;0.2143;0.2143;2;2;2;2;1;26017;0.0018;0.2125;26017;26017;0
"Unity.TextMeshPro.dll!TMPro::TMP_Text.GetPreferredHeight()";0.2136;0.2136;0.2136;26017;26017;26017;22;22;0.213599994778633;0.2136;0.2136;0.2136;2;2;2;2;1;26017;0.0018;0.2118;26017;26017;0
"UnityEngine.CoreModule.dll!UnityEngine::DebugLogHandler.Internal_Log()";0.2128;0.2128;0.2128;25904;25904;25904;21;21;0.212799996137619;0.2128;0.2128;0.2128;1;1;1;1;1;25904;0.2128;0.2128;25904;25904;0
"UnityEngine.CoreModule.dll!UnityEngine::DebugLogHandler.Internal_Log_Injected()";0.2112;0.2112;0.2112;25904;25904;25904;22;22;0.211199998855591;0.2112;0.2112;0.2112;1;1;1;1;1;25904;0.2112;0.2112;25904;25904;0
"mscorlib.dll!System::RuntimeType.GetConstructors()";0.2109;0.2109;0.2109;25904;25904;25904;34;48;0.210899978876114;0.2109;0.2109;0.2109;15;15;15;15;1;25904;0.0042;0.1024;25904;25904;0
"Physics2D.FindNewContacts";0.2105;0.1504;2.5325;25140;25131;25008;5;6;467.674596115947;0.3099235;0.1715;0.3169;3045;2;2;4;1509;24216;0;2.5321;24228;25008;0
"mscorlib.dll!System::String.InternalSubString()";0.2104998;0.2104998;0.2104998;25904;25904;25904;20;35;0.210499823093414;0.2104998;0.2104998;0.2104998;192;192;192;192;1;25904;0.0006;0.0129;25904;25904;0
"AssetBundle.UnloadAsync.Integrate.DestroyObjects";0.2086;0.2086;0.2086;26017;26017;26017;8;8;0.208599999547005;0.2086;0.2086;0.2086;3;3;3;3;1;26017;0.0017;0.2042;26017;26017;0
"LogStringToConsole";0.2085;0.2085;0.2085;25904;25904;25904;23;23;0.208499997854233;0.2085;0.2085;0.2085;1;1;1;1;1;25904;0.2085;0.2085;25904;25904;0
"Assembly-CSharp.dll!::ProjectileLifecycle.Release()";0.2083;0.0447;0.8373;25727;24930;24324;6;9;5.14010002836585;0.257005;0.1807;0.2722;20;1;1;1;20;24247;0.0447;0.8373;24930;24324;0
"mscorlib.dll!System::Number.TryFormatSingle()";0.2076;0.2076;0.2076;25904;25904;25904;22;22;0.207599997520447;0.2076;0.2076;0.2076;1;1;1;1;1;25904;0.2076;0.2076;25904;25904;0
"Unity.TextMeshPro.dll!TMPro::TextMeshProUGUI.UpdateMaterial()";0.2062;0.0805;0.5894;26017;25904;25663;11;11;1.5253000035882;0.30506;0.1232;0.526;15;3;1;5;5;24539;0.0234;0.273;25452;25663;0
"UnityEngine.AssetBundleModule.dll!::BindingsMarshaller.ConvertToManaged()";0.2042;0.2042;0.2042;26017;26017;26017;27;27;0.204199999570847;0.2042;0.2042;0.2042;3;3;3;3;1;26017;0.0011;0.199;26017;26017;0
"Profiler.FlushMemoryCounters";0.2034;0.0446;1.341;25255;26019;25628;4;4;470.383898869157;0.235192;0.1711;0.2705;2000;1;1;1;2000;24216;0.0446;1.341;26019;25628;0.2339
"Newtonsoft.Json.dll!Newtonsoft.Json.Serialization::DefaultContractResolver.CreateShouldSerializeTest()";0.2025;0.2025;0.2025;25904;25904;25904;35;38;0.202500000596046;0.2025;0.2025;0.2025;20;20;20;20;1;25904;0.0072;0.0212;25904;25904;0
"mscorlib.dll!System::MonoCustomAttrs.IsDefinedInternal()";0.202201;0.202201;0.202201;25904;25904;25904;37;42;0.202200993895531;0.202201;0.202201;0.202201;530;530;530;530;1;25904;0.0002;0.0019;25904;25904;0
"Assembly-CSharp.dll!::ProjectileVfx.NotifyHit()";0.2016;0.1402;0.7913;24756;25804;24860;9;10;14.575499907136;0.2802981;0.1664;0.3551;54;1;1;2;52;24287;0.1402;0.6888;25804;24324;0
"mscorlib.dll!System::RuntimeType.HasElementTypeImpl()";0.2013011;0.2013011;0.2013011;25904;25904;25904;34;56;0.201301053166389;0.2013011;0.2013011;0.2013011;574;574;574;574;1;25904;0.0002;0.0036;25904;25904;0
"System.Core.dll!System.Linq::Lookup`2.GetGrouping()";0.1981001;0.1981001;0.1981001;25904;25904;25904;38;41;0.1981001496315;0.1981001;0.1981001;0.1981001;40;40;40;40;1;25904;0.0011;0.136;25904;25904;0
"System.Core.dll!System.Linq::Enumerable.TryGetFirst()";0.1962996;0.1962996;0.1962996;25904;25904;25904;37;48;0.196299582719803;0.1962996;0.1962996;0.1962996;277;277;277;277;1;25904;0.0004;0.011;25904;25904;0
"Assembly-CSharp.dll!::Player.OnDestroy()";0.1957;0.1957;0.1957;26017;26017;26017;10;10;0.195700004696846;0.1957;0.1957;0.1957;1;1;1;1;1;26017;0.1957;0.1957;26017;26017;0
"mscorlib.dll!System::RuntimeType.GetConstructors_internal()";0.1945;0.1945;0.1945;25904;25904;25904;36;50;0.194499984383583;0.1945;0.1945;0.1945;19;19;19;19;1;25904;0.0028;0.0962;25904;25904;0
"Unity.TextMeshPro.dll!TMPro::TextMeshProUGUI.OnRectTransformDimensionsChange()";0.1926;0.1926;0.1926;26017;26017;26017;18;18;0.192600011825562;0.1926;0.1926;0.1926;3;3;3;3;1;26017;0.0451;0.0838;26017;26017;0
"mscorlib.dll!Mono.Globalization.Unicode::SimpleCollator.CompareInternal()";0.192;0.192;0.192;25904;25904;25904;30;38;0.192000031471252;0.192;0.192;0.192;24;24;24;24;1;25904;0.0044;0.0309;25904;25904;0
"UnityEngine.UI.dll!UnityEngine.UI::CanvasUpdateRegistry.PerformUpdate()";0.1912;0.014;22.4516;24370;24740;24539;7;7;514.938197644427;0.2574691;0.0228;0.3009;2000;1;1;1;2000;24216;0.014;22.4516;24740;24539;0.0156
"Newtonsoft.Json.dll!Newtonsoft.Json.Utilities::ReflectionUtils.GetFields()";0.1906;0.1906;0.1906;25904;25904;25904;36;39;0.190599992871284;0.1906;0.1906;0.1906;4;4;4;4;1;25904;0.0132;0.0916;25904;25904;0
"GC.FindLiveObjects";0.1903;0.1903;0.1903;26017;26017;26017;8;8;0.19030000269413;0.1903;0.1903;0.1903;1;1;1;1;1;26017;0.1903;0.1903;26017;26017;0
"Assembly-CSharp.dll!::ProjectileVfx.SpawnImpact()";0.19;0.1322;0.7468;24756;25804;24860;10;11;13.7545999288559;0.2645115;0.1573;0.3244;54;1;1;2;52;24287;0.1322;0.657;25804;24324;0
"UnityEngine.UI.dll!UnityEngine.UI::Image.OnEnable()";0.1895;0.0704;1.9816;25452;25904;24220;9;22;7.02139998972416;0.4388375;0.1284;0.4551;43;2;1;7;16;24220;0.0534;0.4496;26017;24220;0
"mscorlib.dll!System.Reflection::RuntimeMethodInfo.GetPseudoCustomAttributes()";0.1889007;0.1889007;0.1889007;25904;25904;25904;41;41;0.188900738954544;0.1889007;0.1889007;0.1889007;485;485;485;485;1;25904;0.0003;0.0018;25904;25904;0
"Assembly-CSharp.dll!::ProjectileVfx.SpawnFallbackImpact()";0.1885;0.1317;0.7435;24756;25804;24860;11;12;13.6996999830008;0.2634558;0.1567;0.3238;54;1;1;2;52;24287;0.1317;0.6548;25804;24324;0
"Loading.LockPersistentManager";0.1882;0.1882;0.1882;26017;26017;26017;9;9;0.188199996948242;0.1882;0.1882;0.1882;1;1;1;1;1;26017;0.1882;0.1882;26017;26017;0
"mscorlib.dll!System::RuntimeType.GetFields()";0.1851;0.1851;0.1851;25904;25904;25904;37;41;0.185099989175797;0.1851;0.1851;0.1851;8;8;8;8;1;25904;0.0032;0.0628;25904;25904;0
"mscorlib.dll!System::Number.NumberToDouble()";0.1841;0.1841;0.1841;25904;25904;25904;36;36;0.1841000020504;0.1841;0.1841;0.1841;1;1;1;1;1;25904;0.1841;0.1841;25904;25904;0
"UnityEngine.UI.dll!UnityEngine.EventSystems::EventSystem.RaycastAll()";0.1835;0.0251;2.0197;24566;26088;24698;9;9;480.384098596871;0.2403122;0.1135;0.2945;1999;1;1;1;1999;24216;0.0251;2.0197;26088;24698;0.1018
"mscorlib.dll!System.Collections.Concurrent::ConcurrentDictionary`2.TryGetValueInternal()";0.1833002;0.1833002;0.1833002;25904;25904;25904;29;49;0.183300167322159;0.1833002;0.1833002;0.1833002;320;320;320;320;1;25904;0.0002;0.0059;25904;25904;0
"mscorlib.dll!System::RuntimeType.GetRuntimeAssembly()";0.1831014;0.1831014;0.1831014;25904;25904;25904;39;55;0.18310135602951;0.1831014;0.1831014;0.1831014;690;690;690;690;1;25904;0.0002;0.0017;25904;25904;0
"Unity.TextMeshPro.dll!TMPro::TextMeshProUGUI.get_materialForRendering()";0.1813;0.0709;0.5352;26017;25904;25663;12;12;1.36589999496937;0.27318;0.1101;0.4684;15;3;1;5;5;24539;0.0206;0.254;25452;25663;0
"mscorlib.dll!System::RuntimeType.GetInterfaces()";0.1810001;0.1810001;0.1810001;25904;25904;25904;35;46;0.181000128388405;0.1810001;0.1810001;0.1810001;183;183;183;183;1;25904;0.0002;0.0736;25904;25904;0
"Unity.TextMeshPro.dll!TMPro::TMP_MaterialManager.GetMaterialForRendering()";0.1799;0.0707;0.5326;26017;25904;25663;13;13;1.35709997266531;0.27142;0.1095;0.4644;15;3;1;5;5;24539;0.0205;0.2529;25452;25663;0
"System.Core.dll!System.Linq::Enumerable.Cast()";0.1798002;0.1798002;0.1798002;25904;25904;25904;37;48;0.179800197482109;0.1798002;0.1798002;0.1798002;171;171;171;171;1;25904;0.0001;0.0156;25904;25904;0
"mscorlib.dll!System::RuntimeType.GetFieldCandidates()";0.1797;0.1797;0.1797;25904;25904;25904;38;42;0.179700002074242;0.1797;0.1797;0.1797;8;8;8;8;1;25904;0.0026;0.0619;25904;25904;0
"Render";0.1791;0.0051;22.3427;25394;24740;24539;8;8;477.945298020262;0.2389726;0.0079;0.288;2000;1;1;1;2000;24216;0.0051;22.3427;24740;24539;0.0059
"UnityEngine.UI.dll!UnityEngine.UI::MaskableGraphic.OnEnable()";0.1756;0.0654;1.8473;25452;25904;24220;10;23;6.53909981250763;0.4086937;0.1191;0.426;43;2;1;7;16;24220;0.0498;0.4265;25699;24220;0
"mscorlib.dll!System.Runtime.InteropServices::GCHandle.get_Target()";0.1754997;0.0021;4.301697;25567;26089;25282;7;32;554.872272861423;0.2774361;0.1218001;0.3014005;568797;223;3;1539;2000;24216;0.0004;0.5451;25219;25793;0.08140006
"Assembly-CSharp.dll!::EnemyHp.FlushPendingDamagePopups()";0.173;0.0022;1.0368;25399;24929;25198;6;11;10.5095999897458;0.21895;0.0051;0.2246;50;1;1;2;48;24220;0.0022;1.0368;24929;25198;0
"Assembly-CSharp.dll!::TowerWeapon.OnDestroy()";0.1723;0.1723;0.1723;26017;26017;26017;10;10;0.17229999601841;0.1723;0.1723;0.1723;75;75;75;75;1;26017;0.0002;0.016;26017;26017;0
"mscorlib.dll!System::String.TrimWhiteSpaceHelper()";0.1714999;0.1714999;0.1714999;25904;25904;25904;20;32;0.171499907970428;0.1714999;0.1714999;0.1714999;232;232;232;232;1;25904;0.0004;0.0031;25904;25904;0
"UnityEngine.UI.dll!::<>c.<Rebuild>b__12_3()";0.1704;0.1704;0.1704;26017;26017;26017;12;12;0.170399993658066;0.1704;0.1704;0.1704;1;1;1;1;1;26017;0.1704;0.1704;26017;26017;0
"mscorlib.dll!System.Reflection::RuntimeFieldInfo.IsDefined()";0.1697;0.1697;0.1697;25904;25904;25904;35;40;0.169699981808662;0.1697;0.1697;0.1697;40;40;40;40;1;25904;0.0025;0.0081;25904;25904;0
"UnityEngine.CoreModule.dll!UnityEngine::Object.CompareBaseObjects()";0.1696006;0.0145;4.624113;24800;26214;24220;6;38;521.746196666732;0.2608731;0.09939997;0.2850015;1175220;485;78;4567;2000;24216;0;0.6785;24216;25400;0.06860001
"UnityEngine.UI.dll!UnityEngine.UI::HorizontalLayoutGroup.SetLayoutVertical()";0.1682;0.1682;0.1682;26017;26017;26017;13;13;0.168200001120567;0.1682;0.1682;0.1682;1;1;1;1;1;26017;0.1682;0.1682;26017;26017;0
"CanvasUpdate.PreRender";0.1674;0.0003;22.2384;25611;24400;24539;9;9;448.367997838708;0.224184;0.0004;0.2732;2000;1;1;1;2000;24216;0.0003;22.2384;24400;24539;0.0004
"Newtonsoft.Json.dll!Newtonsoft.Json.Utilities::ReflectionUtils.GetDefaultConstructor()";0.1664;0.1664;0.1664;25904;25904;25904;34;39;0.166399985551834;0.1664;0.1664;0.1664;12;12;12;12;1;25904;0.0066;0.0286;25904;25904;0
"Newtonsoft.Json.dll!Newtonsoft.Json.Utilities::TypeExtensions.BaseType()";0.1612001;0.1612001;0.1612001;25904;25904;25904;35;41;0.161200106143951;0.1612001;0.1612001;0.1612001;113;113;113;113;1;25904;0.0011;0.0037;25904;25904;0
"Assembly-CSharp.dll!::Projectile.Setup()";0.1606;0.1417;2.2743;24746;24247;25400;7;17;9.17500005662441;0.2867188;0.1521;0.207;96;3;3;3;32;24247;0.0397;1.1112;25255;25400;0
"System.Core.dll!::<CastIterator>d__34`1.MoveNext()";0.1602999;0.1602999;0.1602999;25904;25904;25904;39;50;0.160299882292747;0.1602999;0.1602999;0.1602999;165;165;165;165;1;25904;0.0002;0.0137;25904;25904;0
"Assembly-CSharp.dll!::DamagePopupSpawner.Release()";0.1601;0.0972;1.5517;24575;25172;24283;6;6;43.3154999911785;0.2291825;0.124;0.2522;226;1;1;5;189;24220;0.0746;0.7355;25393;25914;0
"UnityEngine.CoreModule.dll!UnityEngine::AsyncOperation.InvokeCompletionEvent()";0.1599;0.1599;0.1599;26017;26017;26017;7;7;0.159899994730949;0.1599;0.1599;0.1599;4;4;4;4;1;26017;0.0002;0.1534;26017;26017;0
"playerPaused.Invoke";0.1597;0.1597;0.1597;26215;26215;26215;3;3;0.159700006246567;0.1597;0.1597;0.1597;1;1;1;1;1;26215;0.1597;0.1597;26215;26215;0
"UnityEngine.UI.dll!UnityEngine.UI::Button.OnPointerClick()";0.1595;0.0871;0.9477;24811;24689;26016;12;12;5.64560002088547;0.1946759;0.1465;0.1874;29;1;1;1;29;24640;0.0871;0.9477;24689;26016;0
"UnityEngine.UI.dll!UnityEngine.UI::Button.Press()";0.159;0.0867;0.9474;24811;24689;26016;13;13;5.63119998574257;0.1941793;0.1461;0.1869;29;1;1;1;29;24640;0.0867;0.9474;24689;26016;0
"UnityEngine.CoreModule.dll!UnityEngine.Events::UnityEvent.Invoke()";0.1542;0.0835;0.9443;24811;24689;26016;14;14;5.50119999796152;0.1896966;0.1414;0.1824;29;1;1;1;29;24640;0.0835;0.9443;24689;26016;0
"mscorlib.dll!System.Reflection::MonoMethodInfo.GetMethodInfo()";0.1538006;0.1538006;0.1538006;25904;25904;25904;40;42;0.153800576925278;0.1538006;0.1538006;0.1538006;582;582;582;582;1;25904;0.0002;0.0025;25904;25904;0
"System.Core.dll!::SelectManySingleSelectorIterator`2.MoveNext()";0.1523;0.1523;0.1523;25904;25904;25904;36;39;0.152300000190735;0.1523;0.1523;0.1523;22;22;22;22;1;25904;0.0003;0.119;25904;25904;0
"Unity.ResourceManager.dll!UnityEngine.ResourceManagement::ResourceManager.RemoveOperationFromCache()";0.152;0.152;0.152;26017;26017;26017;16;24;0.151999995112419;0.152;0.152;0.152;10;10;10;10;1;26017;0.0022;0.1141;26017;26017;0
"UnityEngine.CoreModule.dll!UnityEngine.Events::InvokableCall.Invoke()";0.1514;0.0811;0.9395;24811;24689;26016;15;15;5.42519993335009;0.1870759;0.1396;0.1801;29;1;1;1;29;24640;0.0811;0.9395;24689;26016;0
"PreLateUpdate.ScriptRunBehaviourLateUpdate";0.1505;0.0211;1.8369;25146;26050;24446;2;2;378.81089916639;0.1894055;0.122;0.2025;2000;1;1;1;2000;24216;0.0211;1.8369;26050;24446;0.1004
"System.dll!System.ComponentModel::TypeDescriptor.NodeFor()";0.1505;0.1505;0.1505;25904;25904;25904;36;44;0.150499984622002;0.1505;0.1505;0.1505;8;8;8;8;1;25904;0.0073;0.0305;25904;25904;0
"LateBehaviourUpdate";0.15;0.021;1.8354;24715;26050;24446;3;3;377.19359921664;0.1885968;0.1215;0.2019;2000;1;1;1;2000;24216;0.021;1.8354;26050;24446;0.1
"TMP GenerateText - Phase II";0.1487;0.0183;3.8363;24348;25941;24236;12;14;326.348199265078;0.1868049;0.0809;0.2042;12635;6;1;32;1747;24216;0.0109;1.0681;24262;25663;0.0883
"Assembly-CSharp.dll!::<AggregateDamagePopupRoutine>d__32.MoveNext()";0.1481;0.0001;1.0389;24892;24221;25198;5;18;9.41110005554947;0.1680554;0.0002;0.2113;62;1;1;2;56;24221;0.0001;1.0389;24221;25198;0
"Assembly-CSharp.dll!::ChargePierceBehavior.OnAttackStopped()";0.1481;0.1481;0.1481;26017;26017;26017;12;14;0.148099988698959;0.1481;0.1481;0.1481;14;14;14;14;1;26017;0.0088;0.0151;26017;26017;0
"UnityEngine.UI.dll!UnityEngine.UI::Graphic.OnEnable()";0.1463;0.0554;1.522;25452;25904;24220;11;24;5.33640006929636;0.333525;0.0976;0.3449;43;2;1;7;16;24220;0.0391;0.3556;25699;24220;0
"Newtonsoft.Json.dll!Newtonsoft.Json.Utilities::CollectionUtils.AddRange()";0.1462;0.1462;0.1462;25904;25904;25904;33;41;0.146200001239777;0.1462;0.1462;0.1462;8;8;8;8;1;25904;0.0044;0.0527;25904;25904;0
"Assembly-CSharp.dll!::PanelTowerDataViewer.UpGradeTowerButton()";0.1454;0.0795;0.3068;25488;24689;24848;16;16;4.4247999638319;0.1580286;0.1348;0.168;28;1;1;1;28;24640;0.0795;0.3068;24689;24848;0
"UnityEngine.UI.dll!UnityEngine.UI::VertexHelper.AddVert()";0.1443001;0.05940001;2.369199;24497;24859;25290;15;18;213.408434361219;0.1850897;0.09840003;0.1911001;111060;108;48;432;1153;24216;0.0008;0.4259;24221;25290;0
"UnityEngine.UI.dll!UnityEngine.UI::Image.OnPopulateMesh()";0.1432;0.0778;1.6176;25151;24812;25215;13;13;221.864099241793;0.1924233;0.1062;0.198;1491;1;1;7;1153;24216;0.0265;1.0413;25452;25128;0
"Unity.TextMeshPro.dll!TMPro::TMP_Text.GetPaddingForMaterial()";0.1428;0.1428;0.1428;26017;26017;26017;11;11;0.142800003290176;0.1428;0.1428;0.1428;5;5;5;5;1;26017;0.0262;0.0355;26017;26017;0
"Unity.TextMeshPro.dll!TMPro::TextMeshPro.SetArraySizes()";0.1427;0.0204;3.198;24633;25941;24236;12;12;304.16179963015;0.1742049;0.0815;0.1938;12504;6;1;32;1746;24216;0.0099;0.5935;24226;24442;0.0853
"TMP.SetArraySizes";0.1424;0.02;10.1287;25512;25941;24539;13;26;326.670299217105;0.1869893;0.0807;0.1951;12636;6;1;32;1747;24216;0.0097;7.989;24226;24539;0.0839
"Assembly-CSharp.dll!::Projectile.ReleaseMiss()";0.1413;0.0591;0.4811;25360;24381;25050;4;5;7.84819998964667;0.166983;0.0901;0.1909;78;2;1;3;47;24225;0.0439;0.3408;25459;24283;0
"UnityEngine.UI.dll!UnityEngine.UI::Image.GenerateSlicedSprite()";0.1407;0.076;1.5838;24609;24812;25215;14;14;217.126799717546;0.1883147;0.1038;0.1946;1480;1;1;6;1153;24216;0.0643;1.0296;24886;25128;0
"Unity.TextMeshPro.dll!TMPro::TextMeshProUGUI.SetAllDirty()";0.1404;0.0334;0.4231;26017;25904;24539;10;23;1.10260000824928;0.22052;0.0943;0.4114;15;3;1;5;5;24539;0.0264;0.1488;26017;24539;0
"Assembly-CSharp.dll!::PanelTowerDataViewer.UpdateTowerData()";0.14;0.0768;0.8716;24811;24689;24539;6;17;6.21559994667768;0.1883515;0.1318;0.1711;33;1;1;1;33;24539;0.0768;0.8716;24689;24539;0
"mscorlib.dll!System::String.SetCharBit()";0.1399017;0.1399017;0.1399017;25904;25904;25904;23;36;0.139901742339134;0.1399017;0.1399017;0.1399017;2217;2217;2217;2217;1;25904;0;0.0018;25904;25904;0
"Unity.TextMeshPro.dll!TMPro::TextMeshProUGUI.GetModifiedMaterial()";0.1384;0.0557;0.3493;26017;25904;24539;14;14;0.947100024670362;0.18942;0.0843;0.3194;15;3;1;5;5;24539;0.0157;0.1508;25452;24539;0
"mscorlib.dll!System::RuntimeType.get_FullName()";0.1382001;0.1382001;0.1382001;25904;25904;25904;33;45;0.138200059533119;0.1382001;0.1382001;0.1382001;81;81;81;81;1;25904;0.001;0.0149;25904;25904;0
"Newtonsoft.Json.dll!Newtonsoft.Json::JsonTextWriter.WriteIntegerValue()";0.1358;0.1358;0.1358;25904;25904;25904;30;37;0.135800004005432;0.1358;0.1358;0.1358;68;68;68;68;1;25904;0.0002;0.0055;25904;25904;0
"Assembly-CSharp.dll!::EnemyHp.TakeDamage()";0.1354;0.0004;41.6155;24569;25704;25904;7;17;300.496000625863;0.2615283;0.0922;0.2302;2124;2;1;5;1149;24216;0.0001;41.6155;24225;25904;0
"Unity.ResourceManager.dll!UnityEngine.ResourceManagement::ResourceManager.IsOperationCached()";0.1346;0.1346;0.1346;26017;26017;26017;17;25;0.13459999859333;0.1346;0.1346;0.1346;10;10;10;10;1;26017;0.0012;0.1116;26017;26017;0
"mscorlib.dll!System::Activator.CreateInstance()";0.1334;0.1334;0.1334;25904;25904;25904;42;48;0.133399993181229;0.1334;0.1334;0.1334;6;6;6;6;1;25904;0.0065;0.0322;25904;25904;0
"PostLateUpdate.UpdateAllRenderers";0.1325;0.0021;0.6694;24590;26018;24261;2;2;278.37149919779;0.1391858;0.1112;0.1548;2000;1;1;1;2000;24216;0.0021;0.6694;26018;24261;0.3377
"UnityEngine.CoreModule.dll!UnityEngine::StackTraceUtility.ExtractStackTrace()";0.1312;0.1312;0.1312;25904;25904;25904;24;24;0.13120000064373;0.1312;0.1312;0.1312;1;1;1;1;1;25904;0.1312;0.1312;25904;25904;0
"mscorlib.dll!System::RuntimeType.get_IsGenericParameter()";0.1303008;0.1303008;0.1303008;25904;25904;25904;33;55;0.130300849676132;0.1303008;0.1303008;0.1303008;575;575;575;575;1;25904;0.0001;0.0025;25904;25904;0
"UnityEngine.CoreModule.dll!UnityEngine::Object.DestroyImmediate()";0.13;0.13;0.13;26017;26017;26017;11;12;0.129999965429306;0.13;0.13;0.13;34;34;34;34;1;26017;0.0027;0.0107;26017;26017;0
"Assembly-CSharp.dll!::TowerChargeGaugeView.Show()";0.1289;0.0354;0.6799;25680;24221;25308;6;17;3.9382999651134;0.1640958;0.0897;0.1558;45;2;1;2;24;24220;0.0354;0.3401;24221;25308;0
"mscorlib.dll!System::Array.LastIndexOfImpl()";0.1287;0.1287;0.1287;26017;26017;26017;18;18;0.128700003027916;0.1287;0.1287;0.1287;2;2;2;2;1;26017;0.0041;0.1246;26017;26017;0
"BatchRenderer.Flush";0.1286;0.07180001;1.0524;24523;25971;25579;8;8;296.756001539528;0.1647729;0.1162;0.1562;60454;33;21;49;1801;24216;0.0001;0.3587;24216;25046;0.1709
"AssetBundle.UnloadAsync.Integrate.CleanupStorage";0.1286;0.1286;0.1286;26017;26017;26017;8;8;0.128600001335144;0.1286;0.1286;0.1286;3;3;3;3;1;26017;0.0043;0.1192;26017;26017;0
"mscorlib.dll!System::RuntimeTypeHandle.HasElementType()";0.1285008;0.1285008;0.1285008;25904;25904;25904;35;57;0.128500834107399;0.1285008;0.1285008;0.1285008;574;574;574;574;1;25904;0.0001;0.0024;25904;25904;0
"System.dll!System::SecurityUtils.SecureCreateInstance()";0.1283;0.1283;0.1283;25904;25904;25904;40;44;0.128299996256828;0.1283;0.1283;0.1283;4;4;4;4;1;25904;0.0299;0.0343;25904;25904;0
"Assembly-CSharp.dll!::ChargePierceBehavior.FireMeteor()";0.1281;0.1072;0.4757;24372;24564;24220;6;6;1.4084999859333;0.1760625;0.1073;0.1444;8;1;1;1;8;24220;0.1072;0.4757;24564;24220;0
"Unity.TextMeshPro.dll!TMPro::TextMeshProUGUI.OnDestroy()";0.128;0.128;0.128;26017;26017;26017;10;10;0.127999991178513;0.128;0.128;0.128;17;17;17;17;1;26017;0.0063;0.0151;26017;26017;0
"Newtonsoft.Json.dll!::<>c.<GetExtensionDataMemberForType>b__44_0()";0.1277;0.1277;0.1277;25904;25904;25904;37;40;0.127700001001358;0.1277;0.1277;0.1277;2;2;2;2;1;25904;0.0216;0.1061;25904;25904;0
"UnityEngine.CoreModule.dll!UnityEngine::Object.op_Equality()";0.1271001;0.0152;4.24765;25080;26089;24220;5;37;402.658537041396;0.2013293;0.07699999;0.2146001;554823;220;40;2964;2000;24216;0.0001;0.4155;24216;25400;0.0542
"mscorlib.dll!System.Collections.ObjectModel::Collection`1.Add()";0.1268;0.1268;0.1268;25904;25904;25904;34;38;0.126799985766411;0.1268;0.1268;0.1268;40;40;40;40;1;25904;0.0016;0.0087;25904;25904;0
"UnityEngine.CoreModule.dll!UnityEngine::Debug.ExtractStackTraceNoAlloc()";0.1248;0.1248;0.1248;25904;25904;25904;25;25;0.124799996614456;0.1248;0.1248;0.1248;1;1;1;1;1;25904;0.1248;0.1248;25904;25904;0
"Newtonsoft.Json.dll!Newtonsoft.Json.Converters::DiscriminatedUnionConverter.CanConvert()";0.1243;0.1243;0.1243;25904;25904;25904;35;38;0.124299995601177;0.1243;0.1243;0.1243;4;4;4;4;1;25904;0.0007;0.0492;25904;25904;0
"UnityEngine.CoreModule.dll!UnityEngine::Debug.ExtractStackTraceNoAlloc_Injected()";0.1238;0.1238;0.1238;25904;25904;25904;26;26;0.123800002038479;0.1238;0.1238;0.1238;1;1;1;1;1;25904;0.1238;0.1238;25904;25904;0
"mscorlib.dll!System::String.Join()";0.1236;0.1236;0.1236;25904;25904;25904;22;30;0.123599991202354;0.1236;0.1236;0.1236;20;20;20;20;1;25904;0.0043;0.0094;25904;25904;0
"UnityEngine.UI.dll!UnityEngine.UI::Graphic.CrossFadeColor()";0.123;0.007;2.5758;25184;25452;24848;13;26;19.8130997335538;0.1905106;0.0944;0.1564;236;2;2;8;104;24220;0.0033;1.2881;25904;24848;0
"mscorlib.dll!System::RuntimeType.GetPropertyCandidates()";0.1218;0.1218;0.1218;25904;25904;25904;38;42;0.121799990534782;0.1218;0.1218;0.1218;30;30;30;30;1;25904;0.0026;0.0081;25904;25904;0
"mscorlib.dll!System.Reflection::RuntimeFieldInfo.CheckGeneric()";0.1214;0.1214;0.1214;25904;25904;25904;31;36;0.121400006115437;0.1214;0.1214;0.1214;54;54;54;54;1;25904;0.0013;0.0142;25904;25904;0
"UnityEngine.UI.dll!UnityEngine.UI::Image.GenerateSimpleSprite()";0.1211;0.034;0.3493;26017;25904;25663;14;14;0.771799985319376;0.15436;0.0571;0.2103;11;2;1;4;5;24539;0.0252;0.2324;25452;25663;0
"mscorlib.dll!System::String.JoinCore()";0.1196;0.1196;0.1196;25904;25904;25904;23;31;0.119599990546703;0.1196;0.1196;0.1196;20;20;20;20;1;25904;0.0042;0.0091;25904;25904;0
"GC.BuildLiveObjectMaps";0.1185;0.1185;0.1185;26017;26017;26017;8;8;0.118500001728535;0.1185;0.1185;0.1185;1;1;1;1;1;26017;0.1185;0.1185;26017;26017;0
"UnityEngine.CoreModule.dll!UnityEngine::GameObject.AddComponent()";0.1182;0.08329999;0.8618;25307;25543;26017;8;16;10.1786998733878;0.1884944;0.09909999;0.1747;116;2;2;6;54;24287;0.0079;0.4315;25308;26017;0
"mscorlib.dll!System::String.TrimEnd()";0.1168001;0.1168001;0.1168001;25904;25904;25904;22;30;0.116800114512444;0.1168001;0.1168001;0.1168001;158;158;158;158;1;25904;0.0005;0.0031;25904;25904;0
"mscorlib.dll!System::Array.CreateInstanceImpl()";0.1168;0.1168;0.1168;25904;25904;25904;40;54;0.116800040006638;0.1168;0.1168;0.1168;258;258;258;258;1;25904;0.0002;0.0061;25904;25904;0
"UnityEngine.CoreModule.dll!UnityEngine::Texture2D..ctor()";0.1167;0.1167;0.1167;25308;25308;25308;16;17;0.116700001060963;0.1167;0.1167;0.1167;2;2;2;2;1;25308;0.0581;0.0586;25308;25308;0
"Assembly-CSharp.dll!::GameObjectPoolManager.SpawnFromPool()";0.1166;0.0392;5.395;25190;24564;24220;8;19;56.1481998115778;0.223698;0.0924;0.2347;375;1;1;9;251;24220;0.0205;3.6164;24247;24387;0
"Unity.TextMeshPro.dll!TMPro::ShaderUtilities.GetPadding()";0.1156;0.1156;0.1156;26017;26017;26017;12;12;0.115600004792213;0.1156;0.1156;0.1156;5;5;5;5;1;26017;0.0209;0.0297;26017;26017;0
"UnityEngine.UI.dll!UnityEngine.UI::Slider.OnEnable()";0.1156;0.0848;0.897;25184;25699;24220;15;20;2.44039998203516;0.2218545;0.0926;0.2248;13;1;1;3;11;24220;0.0848;0.3354;25699;24220;0
"UnityEngine.CoreModule.dll!UnityEngine::Object.IsNativeObjectAlive()";0.1139;0.0088;3.211586;25369;26090;24220;7;39;352.772259641439;0.1763861;0.06680001;0.1933997;830229;329;35;3138;2000;24216;0.0002;0.414;24216;25400;0.0444
"Assembly-CSharp.dll!::<PlayRoutine>d__10.MoveNext()";0.1133;0.0154;2.7634;25526;24599;24220;5;19;274.026299420744;0.1568553;0.0661;0.1799;12733;6;1;32;1747;24216;0.0054;0.7519;24806;25914;0.0551
"Assembly-CSharp.dll!::ScoreService.SetTextBestScore()";0.1128;0.1128;0.1128;25904;25904;25904;18;18;0.112800002098083;0.1128;0.1128;0.1128;1;1;1;1;1;25904;0.1128;0.1128;25904;25904;0
"System.Core.dll!System.Linq::Enumerable.CastIterator()";0.1128;0.1128;0.1128;25904;25904;25904;38;48;0.112799972295761;0.1128;0.1128;0.1128;95;95;95;95;1;25904;0.0007;0.0061;25904;25904;0
"Newtonsoft.Json.dll!Newtonsoft.Json.Serialization::JsonTypeReflector.GetObjectMemberSerialization()";0.1126;0.1126;0.1126;25904;25904;25904;33;38;0.11259999871254;0.1126;0.1126;0.1126;4;4;4;4;1;25904;0.0077;0.0491;25904;25904;0
"Assembly-CSharp.dll!::<AttackLoop>d__0.MoveNext()";0.1118;0;3.4486;25098;24899;25400;5;15;28.7659998622767;0.1722515;0.0058;0.2195;189;1;1;2;167;24224;0;3.4486;24899;25400;0
"mscorlib.dll!System::RuntimeType.GetMethodImpl()";0.1113;0.1113;0.1113;25904;25904;25904;40;43;0.111299999058247;0.1113;0.1113;0.1113;20;20;20;20;1;25904;0.004;0.0129;25904;25904;0
"mscorlib.dll!System::RuntimeType.GetPropertiesByName()";0.1091;0.1091;0.1091;25904;25904;25904;39;43;0.109100013971329;0.1091;0.1091;0.1091;30;30;30;30;1;25904;0.0023;0.0073;25904;25904;0
"GUI.ProcessEvents";0.1086;0.0096;0.369;24760;26134;24652;3;3;14.8346999641508;0.1468782;0.0816;0.2206;111;1;1;2;101;24539;0.0016;0.3192;26127;25457;0
"mscorlib.dll!System.Collections.ObjectModel::KeyedCollection`2.InsertItem()";0.1083;0.1083;0.1083;25904;25904;25904;35;39;0.108300000429153;0.1083;0.1083;0.1083;40;40;40;40;1;25904;0.0013;0.0077;25904;25904;0
"mscorlib.dll!System::RuntimeType.GetMethodImplCommon()";0.1083;0.1083;0.1083;25904;25904;25904;41;44;0.108300000429153;0.1083;0.1083;0.1083;20;20;20;20;1;25904;0.0039;0.0126;25904;25904;0
"mscorlib.dll!System::RuntimeType.GetConstructors_native()";0.1074;0.1074;0.1074;25904;25904;25904;37;51;0.107400007545948;0.1074;0.1074;0.1074;19;19;19;19;1;25904;0.0002;0.0848;25904;25904;0
"Unity.TextMeshPro.dll!TMPro::TMP_Text.PopulateTextProcessingArray()";0.1067;0.0146;2.618;25383;24597;24236;12;25;230.233297407627;0.1317878;0.057;0.1535;12636;6;1;32;1747;24216;0.0107;0.2127;25435;25947;0.06810001
"UnityEngine.UI.dll!UnityEngine.UI::Image.OnDisable()";0.1066;0.0648;0.5947999;25786;24929;26017;11;21;3.76649992913008;0.1637609;0.0743;0.1476;66;2;2;17;23;24220;0.0284;0.1931;24251;24358;0
"Assembly-CSharp.dll!::ChainLightning.Fire()";0.1063;0.0854;0.5281;25288;25488;25662;11;16;3.23630000650883;0.1541095;0.0996;0.1416;21;1;1;1;21;24296;0.0854;0.5281;25488;25662;0
"UnityEngine.UI.dll!UnityEngine.UI::MaskableGraphic.OnDisable()";0.1061;0.0645;0.5924;25786;24929;26017;12;22;3.74839995056391;0.1629739;0.0738;0.1469;66;2;2;17;23;24220;0.0283;0.192;24251;24358;0
"mscorlib.dll!System.Reflection::RuntimeFieldInfo.GetParentType()";0.1056008;0.1056008;0.1056008;25904;25904;25904;32;56;0.105600759387016;0.1056008;0.1056008;0.1056008;828;828;828;828;1;25904;0;0.0047;25904;25904;0
"UnityEngine.UI.dll!::<>c.<Rebuild>b__12_0()";0.1055;0.1055;0.1055;26017;26017;26017;12;13;0.105499997735023;0.1055;0.1055;0.1055;4;4;4;4;1;26017;0.0013;0.101;26017;26017;0
"Newtonsoft.Json.dll!Newtonsoft.Json.Utilities::ReflectionUtils.ImplementsGenericDefinition()";0.1054;0.1054;0.1054;25904;25904;25904;33;37;0.105400003492832;0.1054;0.1054;0.1054;13;13;13;13;1;25904;0.0023;0.0244;25904;25904;0
"Assembly-CSharp.dll!::Enemy.PrepareForSpawn()";0.1054;0.0751;1.0817;24685;25699;24220;8;13;2.60480004549026;0.2368;0.0852;0.24;13;1;1;3;11;24220;0.0751;0.4323;25699;24220;0
"mscorlib.dll!System.Collections.Generic::List`1.AddEnumerable()";0.1051;0.1051;0.1051;25904;25904;25904;38;41;0.105099998414516;0.1051;0.1051;0.1051;8;8;8;8;1;25904;0.003;0.0345;25904;25904;0
"UnityEngine.UI.dll!UnityEngine.EventSystems::ExecuteEvents.ExecuteHierarchy()";0.1043;0.0011;0.617;25492;25786;25702;9;9;5.95559994783252;0.1452585;0.0043;0.1432;41;1;1;1;41;24539;0.0011;0.617;25786;25702;0
"Newtonsoft.Json.dll!Newtonsoft.Json.Serialization::JsonPropertyCollection.AddProperty()";0.1041;0.1041;0.1041;25904;25904;25904;34;37;0.104100003838539;0.1041;0.1041;0.1041;20;20;20;20;1;25904;0.0029;0.0112;25904;25904;0
"mscorlib.dll!System.Collections.Generic::List`1..cctor()";0.1041;0.1041;0.1041;26017;26017;26017;14;14;0.104099996387959;0.1041;0.1041;0.1041;1;1;1;1;1;26017;0.1041;0.1041;26017;26017;0
"EngineJob";0.1038;0.0003;4.581399;25240;26031;24539;4;25;229.187997550383;0.114594;0.0865;0.1199;32311;17;1;34;2000;24216;0;4.2661;24231;24539;0.2675
"Assembly-CSharp.dll!::Projectile.ApplySetup()";0.1024;0.0262;1.4869;25482;24564;25400;8;18;6.38439994119108;0.15961;0.0948;0.123;104;3;1;3;40;24220;0.0262;0.9881;24247;25400;0
"Assembly-CSharp.dll!::Pathfinder.ShowPath()";0.1017;0.0774;0.4356;25140;25848;24662;4;4;1.37550001591444;0.1965;0.0882;0.1812;7;1;1;1;7;24426;0.0774;0.4356;25848;24662;0
"mscorlib.dll!System.Globalization::CharUnicodeInfo.GetUnicodeCategory()";0.1009001;0.0123;0.3608;26017;25904;24539;16;34;0.796200026758015;0.15924;0.05429998;0.2679;226;40;10;88;5;24539;0.0009;0.0166;25452;24539;0
"Assembly-CSharp.dll!::TowerChargeGaugeView.CreateBarSprite()";0.1008;0.1008;0.1008;25308;25308;25308;15;15;0.10080000013113;0.1008;0.1008;0.1008;1;1;1;1;1;25308;0.1008;0.1008;25308;25308;0
"mscorlib.dll!System::Type.get_IsSealed()";0.1003998;0.1003998;0.1003998;25904;25904;25904;33;52;0.100399814546108;0.1003998;0.1003998;0.1003998;261;261;261;261;1;25904;0.0002;0.002;25904;25904;0
"Assembly-CSharp.dll!::GameObjectPoolManager.Return()";0.1002;0.0247;2.0534;24850;25543;24220;7;16;47.5252999793738;0.1538036;0.0761;0.1764;428;1;1;5;309;24218;0.0032;0.9447;24287;24220;0
"UnityEngine.UI.dll!UnityEngine.UI::HorizontalLayoutGroup.CalculateLayoutInputHorizontal()";0.0999;0.0999;0.0999;26017;26017;26017;13;13;0.0998999997973442;0.0999;0.0999;0.0999;1;1;1;1;1;26017;0.0999;0.0999;26017;26017;0
"mscorlib.dll!System.Text::ValueStringBuilder.TryCopyTo()";0.0997;0.0997;0.0997;25904;25904;25904;23;23;0.0996999964118004;0.0997;0.0997;0.0997;1;1;1;1;1;25904;0.0997;0.0997;25904;25904;0
"UnityEngine.UI.dll!UnityEngine.UI::Image.UpdateMaterial()";0.099;0.0809;0.6995;25904;24655;25215;11;11;3.6567999497056;0.22855;0.0838;0.3228;44;2;2;7;16;24220;0.023;0.4191;25904;25215;0
"mscorlib.dll!System::RuntimeTypeHandle.GetAssembly()";0.09880082;0.09880082;0.09880082;25904;25904;25904;40;56;0.0988008230924606;0.09880082;0.09880082;0.09880082;690;690;690;690;1;25904;0.0001;0.0016;25904;25904;0
"System.dll!System.ComponentModel::ReflectTypeDescriptionProvider.CreateInstance()";0.0987;0.0987;0.0987;25904;25904;25904;39;42;0.0987000018358231;0.0987;0.0987;0.0987;2;2;2;2;1;25904;0.0422;0.0565;25904;25904;0
"UnityEngine.Physics2DModule.dll!UnityEngine::RaycastHit2D.get_transform()";0.09859999;0.0273;0.9998;24571;24221;24539;5;17;136.356299338862;0.1240731;0.0629;0.1377;8651;8;2;15;1099;24216;0.0065;0.3505;25159;25218;0
"CullResults.CreateSharedRendererScene";0.0984;0.0038;1.1542;24260;26086;25127;4;4;221.565998995677;0.110783;0.0865;0.1161;2000;1;1;1;2000;24216;0.0038;1.1542;26086;25127;0.3262
"mscorlib.dll!System::Environment.get_CurrentManagedThreadId()";0.09829995;0.09829995;0.09829995;25904;25904;25904;35;51;0.0982999503612518;0.09829995;0.09829995;0.09829995;206;206;206;206;1;25904;0.0003;0.0027;25904;25904;0
"UnityEngine.CoreModule.dll!UnityEngine::Object.op_Inequality()";0.09790017;0.006699998;2.2538;25509;26090;25282;5;36;302.149208536837;0.1510746;0.0592;0.1731002;584481;248;37;1507;2000;24216;0.0001;0.6797;24216;25400;0.03769999
"UnityEngine.UI.dll!UnityEngine.UI::Graphic.OnDisable()";0.0979;0.0593;0.5546;25786;24929;26017;13;23;3.48160000890493;0.1513739;0.0685;0.1356;66;2;2;17;23;24220;0.0262;0.1776;24251;24358;0
"mscorlib.dll!System::Type.GetProperty()";0.09759999;0.09759999;0.09759999;25904;25904;25904;36;39;0.0975999906659126;0.09759999;0.09759999;0.09759999;20;20;20;20;1;25904;0.0037;0.009;25904;25904;0
"mscorlib.dll!System::MonoCustomAttrs.RetrieveAttributeUsage()";0.09730002;0.09730002;0.09730002;25904;25904;25904;37;50;0.0973000153899193;0.09730002;0.09730002;0.09730002;61;61;61;61;1;25904;0.0012;0.0035;25904;25904;0
"Newtonsoft.Json.dll!Newtonsoft.Json.Serialization::JsonSerializerInternalWriter.WriteObjectStart()";0.09720001;0.09720001;0.09720001;25904;25904;25904;27;32;0.0972000062465668;0.09720001;0.09720001;0.09720001;15;15;15;15;1;25904;0.004;0.0142;25904;25904;0
"Physics2D.Collider2D.DestroyShapes";0.0968;0.0107;1.8909;25412;24727;25516;6;19;234.144707550295;0.154551;0.07230006;0.1912;153873;101;1;122;1515;24216;0;0.6547;26017;25516;0
"Assembly-CSharp.dll!::DamagePopup.Play()";0.0967;0.06;0.9357;24807;24892;24358;9;14;24.8157999701798;0.1434439;0.0739;0.1476;199;1;1;3;173;24220;0.0469;0.4711;24227;24976;0
"Newtonsoft.Json.dll!Newtonsoft.Json::JsonWriter.InternalWriteEnd()";0.0962;0.0962;0.0962;25904;25904;25904;27;33;0.0962000042200089;0.0962;0.0962;0.0962;24;24;24;24;1;25904;0.0015;0.0117;25904;25904;0
"Assembly-CSharp.dll!::AttackBehaviorBase.StopRoutines()";0.09600007;0.09600007;0.09600007;26017;26017;26017;12;14;0.0960000678896904;0.09600007;0.09600007;0.09600007;128;128;128;128;1;26017;0;0.0034;26017;26017;0
"Assembly-CSharp.dll!::TowerWeapon.SpawnPooled()";0.0957;0.0395;0.7032;24247;24862;25400;6;17;9.87079993635416;0.1161271;0.0602;0.1185;150;1;1;4;85;24220;0.0232;0.2694;24247;25400;0
"mscorlib.dll!System::RuntimeType.GetPropertyImpl()";0.09410001;0.09410001;0.09410001;25904;25904;25904;37;40;0.0941000133752823;0.09410001;0.09410001;0.09410001;20;20;20;20;1;25904;0.0036;0.0087;25904;25904;0
"Assembly-CSharp.dll!::LaserBehavior.OnAttackStopped()";0.09340001;0.09340001;0.09340001;26017;26017;26017;12;14;0.0934000089764595;0.09340001;0.09340001;0.09340001;26;26;26;26;1;26017;0.0029;0.0085;26017;26017;0
"UnityEngine.CoreModule.dll!UnityEngine::GameObject.SetActive()";0.0925;0.0006;6.8813;24320;25308;24220;5;20;96.968699959747;0.1879238;0.0573;0.187;1037;1;1;44;516;24218;0.0003;3.57;24602;24387;0
"Newtonsoft.Json.dll!Newtonsoft.Json::JsonWriter.AutoCompleteClose()";0.0921;0.0921;0.0921;25904;25904;25904;28;34;0.0921000018715858;0.0921;0.0921;0.0921;24;24;24;24;1;25904;0.0014;0.0115;25904;25904;0
"UnityEngine.UI.dll!UnityEngine.UI::Slider.UpdateVisuals()";0.092;0.0354;0.7659;25576;24775;24358;11;21;134.827999260277;0.1168354;0.0642;0.1358;2148;2;1;7;1154;24216;0.0065;0.4024;25184;24486;0
"UnityEngine.CoreModule.dll!UnityEngine::GameObject.SetActive_Injected()";0.0915;0.0002;6.8517;25434;25308;24220;6;21;96.3229992031556;0.1866725;0.0556;0.186;1037;1;1;44;516;24218;0;3.5683;26017;24387;0
"EndRenderQueueExtraction";0.0909;0;1.1107;24650;26017;25127;5;5;203.002399632212;0.1015012;0.0793;0.1077;2000;1;1;1;2000;24216;0;1.1107;26017;25127;0.3017
"mscorlib.dll!System.Reflection::MonoMethodInfo.get_method_info()";0.0908005;0.0908005;0.0908005;25904;25904;25904;41;43;0.0908005014061928;0.0908005;0.0908005;0.0908005;582;582;582;582;1;25904;0.0001;0.0024;25904;25904;0
"mscorlib.dll!System::RuntimeType.GetField()";0.0899;0.0899;0.0899;25904;25904;25904;36;39;0.0899000018835068;0.0899;0.0899;0.0899;20;20;20;20;1;25904;0.0033;0.0088;25904;25904;0
"TMP GenerateText - Phase III";0.08970001;0.0125;2.5682;25479;24594;24236;12;14;194.620700063184;0.1114028;0.0497;0.1258;12635;6;1;32;1747;24216;0.0088;0.292;24251;24236;0.0581
"SetPlayerFocus";0.0896;0.0896;0.0896;26215;26215;26215;2;2;0.089599996805191;0.0896;0.0896;0.0896;1;1;1;1;1;26215;0.0896;0.0896;26215;26215;0
"UnityEngine.UI.dll!UnityEngine.UI::GraphicRegistry.UnregisterGraphicForCanvas()";0.0888;0.0787;1.127807;25703;25587;26017;11;21;1.4874070212245;0.2974814;0.0855;0.1066;270;3;1;260;5;24923;0.0002;0.0888;26017;25703;0
"UnityEngine.CoreModule.dll!UnityEngine.Events::InvokableCall.Find()";0.0885;0.0885;0.0885;26017;26017;26017;14;14;0.0885000005364418;0.0885;0.0885;0.0885;1;1;1;1;1;26017;0.0885;0.0885;26017;26017;0
"System.dll!System.ComponentModel::TypeDescriptor.GetAttributes()";0.0883;0.0883;0.0883;25904;25904;25904;38;41;0.0883000046014786;0.0883;0.0883;0.0883;2;2;2;2;1;25904;0.0441;0.0442;25904;25904;0
"mscorlib.dll!System::RuntimeTypeHandle.is_subclass_of()";0.08760053;0.08760053;0.08760053;25904;25904;25904;34;58;0.0876005291938782;0.08760053;0.08760053;0.08760053;760;760;760;760;1;25904;0;0.0008;25904;25904;0
"mscorlib.dll!System::Type.GetConstructor()";0.0874;0.0874;0.0874;25904;25904;25904;39;46;0.087399996817112;0.0874;0.0874;0.0874;10;10;10;10;1;25904;0.0054;0.0174;25904;25904;0
"mscorlib.dll!System::Type.Equals()";0.08709998;0.08709998;0.08709998;25904;25904;25904;40;54;0.087099976837635;0.08709998;0.08709998;0.08709998;258;258;258;258;1;25904;0.0002;0.0016;25904;25904;0
"Newtonsoft.Json.dll!Newtonsoft.Json.Serialization::DefaultContractResolver.GetDefaultCreator()";0.087;0.087;0.087;25904;25904;25904;34;37;0.0870000049471855;0.087;0.087;0.087;4;4;4;4;1;25904;0.0102;0.0397;25904;25904;0
"mscorlib.dll!System.Collections.Generic::List`1.RemoveAll()";0.08670001;0.08670001;0.08670001;26017;26017;26017;13;14;0.0867000073194504;0.08670001;0.08670001;0.08670001;13;13;13;13;1;26017;0;0.0703;26017;26017;0
"Assembly-CSharp.dll!::EnemyHpViewer.hpSliderUpdate()";0.0864;0.0028;0.937;24559;25656;24358;5;18;176.600399805466;0.1045591;0.0129;0.1397;6990;3;1;16;1689;24216;0.0016;0.4682;24221;24486;0.003
"Assembly-CSharp.dll!::<AnimateHop>d__33.MoveNext()";0.0863;0.0001;0.8679;24703;24845;25400;5;21;64.6375997763025;0.117737;0.0668;0.1324;712;1;1;3;549;24216;0.0001;0.6195;24324;25384;0
"Assembly-CSharp.dll!::EnemyHpViewer.Setup()";0.0859;0.0593;0.8463;24685;25184;24220;8;13;2.06799999251962;0.188;0.0602;0.199;13;1;1;3;11;24220;0.0593;0.2947;25184;24220;0
"mscorlib.dll!System::String.Trim()";0.08569998;0.08569998;0.08569998;25904;25904;25904;19;31;0.0856999829411507;0.08569998;0.08569998;0.08569998;74;74;74;74;1;25904;0.0008;0.0026;25904;25904;0
"GameObject.Activate";0.0855;0.0037;4.901;24238;25308;24220;7;22;53.1657992589753;0.1858944;0.0525;0.1589;492;1;1;11;286;24220;0.0006;3.5668;24381;24387;0
"Newtonsoft.Json.dll!Newtonsoft.Json::JsonConvert.EnsureDecimalPlace()";0.0853;0.0853;0.0853;25904;25904;25904;33;33;0.0852999985218048;0.0853;0.0853;0.0853;1;1;1;1;1;25904;0.0853;0.0853;25904;25904;0
"UnityEngine.UI.dll!UnityEngine.UI::Graphic.SetAllDirty()";0.0847;0.0469;0.9113001;24625;25904;24220;8;25;3.13710006326437;0.1960687;0.0537;0.1991;47;2;2;7;16;24220;0.0079;0.2089;25452;24220;0
"Assembly-CSharp.dll!::EndRunOverlay.OnClickTitle()";0.0847;0.0847;0.0847;26016;26016;26016;16;16;0.0847000032663345;0.0847;0.0847;0.0847;1;1;1;1;1;26016;0.0847;0.0847;26016;26016;0
"mscorlib.dll!System.Text::StringBuilder.ThreadSafeCopy()";0.08460005;0.08460005;0.08460005;25904;25904;25904;34;41;0.0846000537276268;0.08460005;0.08460005;0.08460005;123;123;123;123;1;25904;0.0004;0.0026;25904;25904;0
"Unity.TextMeshPro.dll!TMPro::TMP_Text.get_textStyle()";0.0846;0.0108;2.182;24694;24604;24236;13;26;185.357991770841;0.1061007;0.0449;0.1234;37908;18;3;96;1747;24216;0.0028;0.1907;24220;25947;0.0544
"Newtonsoft.Json.dll!Newtonsoft.Json::JsonWriter.InternalWriteStart()";0.0846;0.0846;0.0846;25904;25904;25904;27;34;0.0846000015735626;0.0846;0.0846;0.0846;24;24;24;24;1;25904;0.0012;0.0143;25904;25904;0
"GameObject.ActivateAwakeRecursively";0.0845;0.0053;6.815499;24288;25557;24220;6;23;100.429399583489;0.1812805;0.0447;0.1699;1067;1;1;18;554;24218;0.0005;3.566;25308;24387;0
"UnityEngine.UI.dll!UnityEngine.UI::Image.AddQuad()";0.0845;0.0359;1.0662;24469;24345;25290;15;15;124.655997671187;0.1081145;0.0574;0.1113;9244;9;4;36;1153;24216;0.0078;0.484;24221;25290;0
"UnityEngine.UI.dll!UnityEngine.UI::Graphic.UpdateMaterial()";0.0837;0.0697;0.6021;25904;24685;25215;12;12;3.1790000423789;0.1986875;0.0722;0.2865;44;2;2;7;16;24220;0.0159;0.3639;25904;25215;0
"UnityEngine.UI.dll!UnityEngine.UI::Selectable.OnPointerDown()";0.0835;0.0579;0.4881;24795;24668;24643;12;12;4.04329996556044;0.1394241;0.0698;0.2215;29;1;1;1;29;24635;0.0579;0.4881;24668;24643;0
"Assembly-CSharp.dll!::TextFadeOut.ShowPersistent()";0.0835;0.0835;0.0835;25904;25904;25904;17;17;0.0834999978542328;0.0835;0.0835;0.0835;1;1;1;1;1;25904;0.0835;0.0835;25904;25904;0
"Newtonsoft.Json.dll!::<>c.<GetExtensionDataMemberForType>b__44_1()";0.08339997;0.08339997;0.08339997;25904;25904;25904;36;39;0.0833999738097191;0.08339997;0.08339997;0.08339997;20;20;20;20;1;25904;0.0029;0.0075;25904;25904;0
"TMP Save Processing States";0.08329999;0.0073;0.8859;24665;24472;24539;15;15;4.93229920510203;0.1027562;0.014;0.09899997;1585;45;4;62;48;24220;0.0004;0.0581;24665;25663;0
"mscorlib.dll!System.Collections.Concurrent::ConcurrentDictionary`2.TryAddInternal()";0.08319999;0.08319999;0.08319999;25904;25904;25904;31;44;0.0831999853253365;0.08319999;0.08319999;0.08319999;42;42;42;42;1;25904;0.0008;0.0299;25904;25904;0
"Unity.TextMeshPro.dll!TMPro::TMP_Text.SaveWordWrappingState()";0.08230003;0.007999999;2.0925;24374;25956;24236;12;24;184.182710516267;0.105428;0.0433;0.1176;89364;38;6;230;1747;24216;0.0011;0.1873;24218;24993;0.0533
"Assembly-CSharp.dll!::Enemy.SetPath()";0.0816;0.0565;0.8688;24655;24221;24220;7;14;2.32840003445745;0.1663143;0.0656;0.1487;16;1;1;3;14;24220;0.0565;0.3324;24221;24220;0
"Unity.TextMeshPro.dll!TMPro::TMP_Text.GetStyle()";0.0811;0.0104;2.0907;25718;24595;24236;14;27;177.636492840946;0.1016809;0.0431;0.118;37908;18;3;96;1747;24216;0.0027;0.1905;24218;25947;0.0521
"UnityEngine.UI.dll!UnityEngine.UI::Slider.set_value()";0.0801;0.0015;0.891;24543;25656;24358;6;19;162.473799076281;0.09619527;0.007;0.1307;6990;3;1;16;1689;24216;0.0006;0.4559;24221;24486;0.0019
"System.dll!System.ComponentModel::TypeDescriptor.GetDescriptor()";0.0797;0.0797;0.0797;25904;25904;25904;35;42;0.0797000005841255;0.0797;0.0797;0.0797;4;4;4;4;1;25904;0.0081;0.032;25904;25904;0
"UnityEngine.UI.dll!UnityEngine.UI::Slider.Set()";0.0789;0.0013;0.8838999;24488;25020;24358;7;21;159.764999712119;0.09459148;0.0056;0.1289;7003;3;1;19;1689;24216;0.0005;0.4533;24219;24486;0.0015
"GC.MarkSceneRootsAndReduceLiveObjects";0.0787;0.0787;0.0787;26017;26017;26017;8;8;0.0786999985575676;0.0787;0.0787;0.0787;1;1;1;1;1;26017;0.0787;0.0787;26017;26017;0
"Assembly-CSharp.dll!::RotateObject.Update()";0.0785;0.009199999;0.7402998;24610;26074;25040;4;4;211.797598937526;0.1058988;0.06299999;0.1146;31015;17;2;17;2000;24216;0.0028;0.3503;25311;25040;0.0621
"TransformChangeSystem";0.07790001;0.0105;0.6590999;25228;26193;25244;3;9;193.816315934993;0.09690816;0.061;0.1097;47438;26;10;37;2000;24216;0;0.3439;24217;25244;0.0495
"mscorlib.dll!System::Type.get_IsExplicitLayout()";0.07629999;0.07629999;0.07629999;25904;25904;25904;39;55;0.0762999877333641;0.07629999;0.07629999;0.07629999;200;200;200;200;1;25904;0.0002;0.0011;25904;25904;0
"UnityEngine.UI.dll!UnityEngine.UI::Selectable.OnEnable()";0.0759;0.0246;0.6269;24655;25904;24220;9;22;2.07969996519387;0.1299812;0.0618;0.1202;20;1;1;3;16;24220;0.0186;0.2397;26017;24220;0
"UnityEngine.UI.dll!UnityEngine.UI::LayoutGroup.CalculateLayoutInputHorizontal()";0.0759;0.0759;0.0759;26017;26017;26017;14;14;0.0759000033140182;0.0759;0.0759;0.0759;1;1;1;1;1;26017;0.0759;0.0759;26017;26017;0
"Newtonsoft.Json.dll!Newtonsoft.Json.Utilities::ConvertUtils.GetTypeCode()";0.0757;0.0757;0.0757;25904;25904;25904;33;37;0.0756999999284744;0.0757;0.0757;0.0757;10;10;10;10;1;25904;0.0013;0.0238;25904;25904;0
"UnityEngine.CoreModule.dll!UnityEngine.Events::UnityEventBase.UnityEngine.ISerializationCallbackReceiver.OnBeforeSerialize()";0.07519999;0.07519999;0.07519999;26017;26017;26017;8;8;0.0751999914646149;0.07519999;0.07519999;0.07519999;65;65;65;65;1;26017;0.0007;0.0058;26017;26017;0
"UIEvents.IMGUIRenderOverlays";0.0751;0.0044;0.6631;24483;26018;25370;3;3;183.287499597296;0.09164375;0.0675;0.097;2000;1;1;1;2000;24216;0.0044;0.6631;26018;25370;0.0719
"UnityEngine.UI.dll!UnityEngine.UI::Selectable.OnPointerUp()";0.075;0.0548;1.2978;25707;25522;24848;12;12;3.70439991727471;0.1277379;0.068;0.0857;29;1;1;1;29;24640;0.0548;1.2978;25522;24848;0
"mscorlib.dll!System::String.LastIndexOfAny()";0.07480001;0.07480001;0.07480001;25904;25904;25904;19;28;0.074800007045269;0.07480001;0.07480001;0.07480001;14;14;14;14;1;25904;0.0021;0.0104;25904;25904;0
"Idle";0.0748;0.0025;3.5013;25733;25676;25139;4;8;162.275099364109;0.09025311;0.055;0.0978;2523;1;1;5;1798;24216;0.0001;3.4306;25044;25139;0
"UnityEngine.CoreModule.dll!UnityEngine::Component.get_transform_Injected()";0.07460008;0.0006;0.9197999;25592;26018;25282;6;25;178.882674324792;0.08944134;0.04859998;0.1241002;377604;157;2;746;2000;24216;0;0.4162;24216;25282;0.04400002
"GUI.Repaint";0.0744;0.0041;0.6602;25562;26018;25370;4;4;181.370899423026;0.09068545;0.0668;0.096;2000;1;1;1;2000;24216;0.0041;0.6602;26018;25370;0.0711
"GameObject.Deactivate";0.0739;0;4.368001;24764;25184;26017;5;22;47.5348005454798;0.1200374;0.025;0.1233;657;1;1;56;396;24218;0;3.1653;24247;26017;0
"mscorlib.dll!System.Reflection::FieldInfo.GetFieldFromHandle()";0.07309997;0.07309997;0.07309997;25904;25904;25904;40;44;0.0730999708175659;0.07309997;0.07309997;0.07309997;60;60;60;60;1;25904;0.0007;0.0034;25904;25904;0
"UnityEngine.UI.dll!UnityEngine.UI::Selectable.EvaluateAndTransitionToSelectionState()";0.0728;0.016;1.2964;25698;24724;24848;13;17;8.25859992951155;0.1163183;0.0633;0.087;76;1;1;2;71;24626;0.0136;1.2964;24635;24848;0
"GameObject.AddComponent";0.0724;0.0521;0.4191;25497;25543;26017;12;19;6.0309000313282;0.1116833;0.0634;0.108;169;3;1;6;54;24287;0.004;0.4191;25308;26017;0
"UnityEngine.CoreModule.dll!UnityEngine::RectTransform.set_anchorMax()";0.0724;0.0249;0.6324;25598;24715;24358;11;22;107.188299339265;0.09280372;0.0505;0.1075;2218;2;1;15;1155;24216;0.0003;0.3599;24251;24817;0
"UnityEngine.CoreModule.dll!UnityEngine::RectTransform.set_anchorMax_Injected()";0.0715;0.0238;0.6217999;24254;24715;24358;12;23;105.936699746177;0.09172009;0.0499;0.1062;2218;2;1;15;1155;24216;0;0.3586;24655;24817;0
"UnityEngine.UI.dll!UnityEngine.UI.Collections::IndexedSet`1.Remove()";0.07140001;0.0637;0.7084985;25786;25703;26017;13;23;0.997298538684845;0.1994597;0.0647;0.08899999;273;12;4;233;5;24923;0.0005;0.0541;25786;25703;0
"mscorlib.dll!Mono::SafeGPtrArrayHandle.get_Item()";0.07139996;0.07139996;0.07139996;25904;25904;25904;37;51;0.0713999569416046;0.07139996;0.07139996;0.07139996;187;187;187;187;1;25904;0.0003;0.0023;25904;25904;0
"System.dll!::DefaultTypeDescriptor.System.ComponentModel.ICustomTypeDescriptor.GetAttributes()";0.0713;0.0713;0.0713;25904;25904;25904;39;42;0.0712999999523163;0.0713;0.0713;0.0713;2;2;2;2;1;25904;0.0356;0.0357;25904;25904;0
"PreUpdate.SendMouseEvents";0.0709;0.0207;0.4738;25237;26210;25380;2;2;214.396199418232;0.1071981;0.0531;0.155;2000;1;1;1;2000;24216;0.0207;0.4738;26210;25380;0.0789
"System.dll!System.ComponentModel::ReflectTypeDescriptionProvider.GetAttributes()";0.0709;0.0709;0.0709;25904;25904;25904;40;43;0.0709000006318092;0.0709;0.0709;0.0709;2;2;2;2;1;25904;0.0354;0.0355;25904;25904;0
"Monobehaviour.OnMouse_";0.0705;0.0205;0.4727;25418;26210;25380;3;3;213.004899185151;0.1065025;0.0528;0.1538;2000;1;1;1;2000;24216;0.0205;0.4727;26210;25380;0.0787
"UnityEngine.CoreModule.dll!UnityEngine.SceneManagement::SceneManager.LoadScene()";0.0703;0.0703;0.0703;26016;26016;26016;18;19;0.0702999979257584;0.0703;0.0703;0.0703;2;2;2;2;1;26016;0.0349;0.0354;26016;26016;0
"Assembly-CSharp.dll!::TitleFlow.Awake()";0.0699;0.0699;0.0699;26017;26017;26017;9;9;0.0698999986052513;0.0699;0.0699;0.0699;1;1;1;1;1;26017;0.0699;0.0699;26017;26017;0
"UnityEngine.UI.dll!UnityEngine.UI::Selectable.DoStateTransition()";0.0696;0.0082;1.2942;25751;25904;24848;10;23;9.42429996374995;0.1095849;0.0566;0.0865;96;1;1;3;86;24220;0.0032;1.2942;26017;24848;0
"Newtonsoft.Json.dll!Newtonsoft.Json.Serialization::JsonSerializerInternalWriter.CheckForCircularReference()";0.06950004;0.06950004;0.06950004;25904;25904;25904;26;33;0.0695000439882278;0.06950004;0.06950004;0.06950004;71;71;71;71;1;25904;0;0.0163;25904;25904;0
"UnityEngine.InputLegacyModule.dll!UnityEngine::SendMouseEvents.DoSendMouseEvents()";0.0686;0.0191;0.4637;25463;26210;25380;4;4;206.88739965111;0.1034437;0.0513;0.148;2000;1;1;1;2000;24216;0.0191;0.4637;26210;25380;0.0761
"Unity.TextMeshPro.dll!TMPro::ShaderUtilities.UpdateShaderRatios()";0.0685;0.0685;0.0685;26017;26017;26017;13;13;0.0684999972581863;0.0685;0.0685;0.0685;5;5;5;5;1;26017;0.0118;0.0192;26017;26017;0
"Physics2D.Collider2D.CreateShapes";0.0684;0.0044;12.2833;25187;24275;24387;6;24;179.956100164913;0.118159;0.05569999;0.1146;153627;101;1;117;1523;24216;0.0004;11.8003;24216;24387;0
"mscorlib.dll!System::String.memcpy()";0.068;0.003;1.8871;25961;26088;24236;9;25;186.18465626589;0.09309233;0.03299998;0.1088999;457798;173;8;1187;2000;24216;0.0002;0.3119;24216;25303;0.05230006
"System.dll!::ReflectedTypeData.GetAttributes()";0.0679;0.0679;0.0679;25904;25904;25904;41;44;0.0679000020027161;0.0679;0.0679;0.0679;2;2;2;2;1;25904;0.0339;0.034;25904;25904;0
"UnityEngine.CoreModule.dll!UnityEngine.Events::UnityEventBase.DirtyPersistentCalls()";0.06779999;0.06779999;0.06779999;26017;26017;26017;9;9;0.0677999928593636;0.06779999;0.06779999;0.06779999;65;65;65;65;1;26017;0.0006;0.0052;26017;26017;0
"UnityEngine.UI.dll!UnityEngine.UI::Selectable.OnPointerEnter()";0.0668;0.0473;0.2413;25683;24626;24778;12;12;0.503299999982119;0.10066;0.0662;0.0817;5;1;1;1;5;24626;0.0473;0.2413;24626;24778;0
"UnityEngine.CoreModule.dll!UnityEngine::Mesh.SetUVs()";0.066;0.0066;1.5714;25521;25672;24236;13;17;153.256399674341;0.08772548;0.0425;0.1026;55797;27;3;159;1747;24216;0.0013;0.1419;24218;25075;0.0271
"System.Core.dll!::<CastIterator>d__34`1..ctor()";0.06580002;0.06580002;0.06580002;25904;25904;25904;39;49;0.0658000186085701;0.06580002;0.06580002;0.06580002;95;95;95;95;1;25904;0.0004;0.0042;25904;25904;0
"UnityEngine.UI.dll!UnityEngine.UI::Graphic.OnRectTransformDimensionsChange()";0.0655;0.0213;0.5871;25110;24715;24358;9;24;97.8844994790852;0.08474848;0.0454;0.0974;2144;2;1;7;1155;24216;0.0044;0.3449;26017;24817;0
"System.dll!System::SecurityUtils.SecureConstructorInvoke()";0.0655;0.0655;0.0655;25904;25904;25904;40;44;0.0654999986290932;0.0655;0.0655;0.0655;4;4;4;4;1;25904;0.0115;0.0213;25904;25904;0
"System.Core.dll!System.Collections.Generic::LargeArrayBuilder`1..ctor()";0.06539997;0.06539997;0.06539997;25904;25904;25904;42;50;0.0653999745845795;0.06539997;0.06539997;0.06539997;182;182;182;182;1;25904;0.0002;0.0037;25904;25904;0
"Unity.TextMeshPro.dll!TMPro::TextMeshPro.OnDisable()";0.065;0.04;0.7881;25367;25071;24220;12;12;18.7726999334991;0.09932645;0.0523;0.1116;226;1;1;5;189;24220;0.0327;0.3975;25393;24220;0
"UnityEngine.UI.dll!UnityEngine.UI::MaskableGraphic.Raycast()";0.0649;0.019;0.5583;26112;26018;24698;12;12;45.8146998267621;0.08051793;0.0449;0.0916;1262;3;1;3;569;24565;0.0114;0.2952;24798;24698;0
"UnityEngine.CoreModule.dll!UnityEngine::Sprite.Create()";0.0649;0.0649;0.0649;25308;25308;25308;16;18;0.0648999959230423;0.0649;0.0649;0.0649;3;3;3;3;1;25308;0.0214;0.0218;25308;25308;0
"Assembly-CSharp.dll!::BombProjectile.Release()";0.0642;0.0484;0.3248;25537;24816;25930;6;6;2.70699996501207;0.09667857;0.0582;0.0814;28;1;1;1;28;24218;0.0484;0.3248;24816;25930;0
"UnityEngine.CoreModule.dll!::MarshalledUnityObject.MarshalNotNull()";0.06400048;0.0012;1.037487;25444;26092;24220;6;36;181.404575063963;0.09070229;0.04590018;0.09740105;2081606;944;25;5006;2000;24216;0;0.3868;24216;24993;0.03500002
"Culling";0.0637;0.0347;0.9394;24889;26050;25127;4;4;164.296699557453;0.08214835;0.0587;0.0732;2000;1;1;1;2000;24216;0.0347;0.9394;26050;25127;0.1123
"UnityEngine.UI.dll!UnityEngine.UI::Graphic.get_materialForRendering()";0.0636;0.0556;0.5098;25184;24685;25215;13;13;2.56169992685318;0.1601062;0.0578;0.2357;44;2;2;7;16;24220;0.0077;0.3092;25904;25215;0
"UnityEngine.UI.dll!UnityEngine.UI::Graphic.Raycast()";0.0636;0.0185;0.5512;24786;26018;24698;13;13;44.722699875012;0.07859877;0.044;0.08989999;1262;3;1;3;569;24565;0.0111;0.2921;24798;24698;0
"Newtonsoft.Json.dll!Newtonsoft.Json.Serialization::DefaultContractResolver.GetAttributeConstructor()";0.0635;0.0635;0.0635;25904;25904;25904;33;36;0.0635000020265579;0.0635;0.0635;0.0635;3;3;3;3;1;25904;0.0137;0.0324;25904;25904;0
"CollectGameObjects";0.0634;0.0634;0.0634;26017;26017;26017;9;9;0.063400000333786;0.0634;0.0634;0.0634;1;1;1;1;1;26017;0.0634;0.0634;26017;26017;0
"UnityEngine.UI.dll!UnityEngine.UI::Selectable.StartColorTween()";0.0631;0.0044;1.2894;25184;25452;24848;12;24;10.1303999852389;0.09740769;0.0484;0.0798;118;1;1;4;104;24220;0.0041;1.2894;25904;24848;0
"mscorlib.dll!System.Collections.ObjectModel::KeyedCollection`2.AddKey()";0.063;0.063;0.063;25904;25904;25904;36;40;0.063000001013279;0.063;0.063;0.063;40;40;40;40;1;25904;0.0006;0.0058;25904;25904;0
"Assembly-CSharp.dll!::<AttackLoop>d__3.MoveNext()";0.0622;0.0179;1.8895;24496;25336;24220;5;15;76.7544997893274;0.09827721;0.0407;0.1115;1213;1;1;5;781;24216;0.0038;0.847;24225;24220;0
"SpriteRenderer.PrepareNode";0.0622;0.0058;0.9507999;25838;25718;25127;7;9;125.253199612722;0.07076452;0.0543;0.07400001;12405;6;2;33;1770;24216;0;0.6707;24398;25127;0.2408
"ExecuteRenderQueueJob";0.0621;0.0385;0.9384;25776;24256;25127;8;8;121.863899603486;0.0735449;0.0557;0.0731;1657;1;1;1;1657;24216;0.0385;0.9384;24256;25127;0.2288
"UnityEngine.UI.dll!UnityEngine.UI::VertexHelper.FillMesh()";0.0615;0.034;0.9462;24353;24848;24486;13;13;92.3166995495558;0.08006652;0.0492;0.0807;1491;1;1;7;1153;24216;0.0258;0.9462;24243;24486;0
"mscorlib.dll!System::RuntimeType.GetMethodsByName_native()";0.0614;0.0614;0.0614;25904;25904;25904;39;47;0.0614000037312508;0.0614;0.0614;0.0614;25;25;25;25;1;25904;0.0003;0.0372;25904;25904;0
"Unity.TextMeshPro.dll!TMPro::TMP_FontAsset.AddMarkToBaseAdjustmentRecords()";0.0614;0.0614;0.0614;25904;25904;25904;17;17;0.0613999962806702;0.0614;0.0614;0.0614;2;2;2;2;1;25904;0.0285;0.0329;25904;25904;0
"mscorlib.dll!System.Reflection::RuntimeMethodInfo.get_IsGenericMethod()";0.06100001;0.06100001;0.06100001;25904;25904;25904;38;38;0.061000008136034;0.06100001;0.06100001;0.06100001;98;98;98;98;1;25904;0;0.0052;25904;25904;0
"Unity.TextMeshPro.dll!TMPro::TMP_Text.CalculatePreferredValues()";0.0608;0.0608;0.0608;26017;26017;26017;23;23;0.0608000010251999;0.0608;0.0608;0.0608;1;1;1;1;1;26017;0.0608;0.0608;26017;26017;0
"UnityEngine.CoreModule.dll!UnityEngine::Transform.SetAsLastSibling()";0.0607;0.0607;0.0607;25904;25904;25904;18;18;0.060699999332428;0.0607;0.0607;0.0607;1;1;1;1;1;25904;0.0607;0.0607;25904;25904;0
"Unity.ResourceManager.dll!UnityEngine.ResourceManagement.Util::IdCacheKey.Equals()";0.06060002;0.06060002;0.06060002;26017;26017;26017;27;30;0.0606000162661076;0.06060002;0.06060002;0.06060002;12;12;12;12;1;26017;0.0001;0.0593;26017;26017;0
"UnityEngine.CoreModule.dll!UnityEngine::Component.get_gameObject()";0.0604;0.0017;3.9873;25433;25938;25282;5;29;307.463400602224;0.1537317;0.0284;0.1418;119422;26;1;606;2000;24216;0.0012;0.328;24217;24486;0.0065
"Assembly-CSharp.dll!::PooledObject.ReturnToPool()";0.0602;0.0267;1.4005;24913;24866;24358;7;15;15.7092000208795;0.1155088;0.0407;0.1273;182;1;1;4;136;24218;0.0068;0.9655;24287;24220;0
"Newtonsoft.Json.dll!Newtonsoft.Json.Utilities::ReflectionUtils.HasDefaultConstructor()";0.06;0.06;0.06;25904;25904;25904;34;37;0.0600000023841858;0.06;0.06;0.06;4;4;4;4;1;25904;0.0011;0.0303;25904;25904;0
"Assembly-CSharp.dll!::Enemy.ResumeMovementAfterSkill()";0.06;0.0572;0.0895;24732;24221;25262;6;6;0.206700000911951;0.0689;0.0572;0.06;3;1;1;1;3;24221;0.0572;0.0895;24221;25262;0
"Newtonsoft.Json.dll!Newtonsoft.Json.Serialization::JsonSerializerInternalWriter.ShouldWriteReference()";0.05990004;0.05990004;0.05990004;25904;25904;25904;24;33;0.0599000379443169;0.05990004;0.05990004;0.05990004;75;75;75;75;1;25904;0;0.0103;25904;25904;0
"mscorlib.dll!System.Collections.Generic::ArraySortHelper`1.PickPivotAndPartition()";0.0598;0.0598;0.0598;25904;25904;25904;43;43;0.059799998998642;0.0598;0.0598;0.0598;1;1;1;1;1;25904;0.0598;0.0598;25904;25904;0
"File.Open";0.0598;0.0598;0.0598;26215;26215;26215;4;4;0.059799998998642;0.0598;0.0598;0.0598;1;1;1;1;1;26215;0.0598;0.0598;26215;26215;0
"Newtonsoft.Json.dll!Newtonsoft.Json::JsonWriter.WriteEndObject()";0.0597;0.0597;0.0597;25904;25904;25904;27;32;0.0596999973058701;0.0597;0.0597;0.0597;15;15;15;15;1;25904;0.0028;0.0058;25904;25904;0
"mscorlib.dll!System.Reflection::RuntimeMethodInfo.get_DeclaringType()";0.05960001;0.05960001;0.05960001;25904;25904;25904;38;38;0.0596000142395496;0.05960001;0.05960001;0.05960001;97;97;97;97;1;25904;0.0004;0.0027;25904;25904;0
"Physics2D.CompileContactCallbacks";0.0592;0.0026;41.7981;25748;25985;25904;4;20;264.746695771348;0.1747503;0.0334;0.1345;1927;1;1;100;1515;24216;0;41.7879;24381;25904;0
"Material.ResetAllCachedMaterialData";0.0587;0.0587;0.0587;26017;26017;26017;11;11;0.0587000027298927;0.0587;0.0587;0.0587;5;5;5;5;1;26017;0.0027;0.0227;26017;26017;0
"UnityEngine.UI.dll!UnityEngine.UI.Collections::IndexedSet`1.RemoveAt()";0.0585;0.0445;0.4911999;25786;25703;26017;14;23;0.717599883675575;0.14352;0.0516;0.0718;95;6;1;76;5;24923;0.0019;0.0445;26017;25703;0
"UnityEngine.CoreModule.dll!UnityEngine::GameObject.Internal_AddComponentWithType()";0.0583;0.0411;0.4298;24929;25543;26017;10;17;5.02149999141693;0.09299074;0.0489;0.0862;58;1;1;3;54;24287;0.0077;0.4298;25308;26017;0
"mscorlib.dll!System::RuntimeType.CreateInstanceImpl()";0.0582;0.0582;0.0582;25904;25904;25904;44;47;0.0582000017166138;0.0582;0.0582;0.0582;2;2;2;2;1;25904;0.0271;0.0311;25904;25904;0
"Unity.TextMeshPro.dll!TMPro::TextMeshPro.OnEnable()";0.0582;0.0358;3.4567;24929;25393;24387;16;21;18.5010001249611;0.1069422;0.046;0.1022;199;1;1;3;173;24220;0.0324;3.4567;24227;24387;0
"Unity.ResourceManager.dll!UnityEngine.ResourceManagement::ChainOperationTypelessDepedency`1.Destroy()";0.0579;0.0579;0.0579;26017;26017;26017;15;15;0.0579000003635883;0.0579;0.0579;0.0579;1;1;1;1;1;26017;0.0579;0.0579;26017;26017;0
"UnityEngine.CoreModule.dll!UnityEngine::Object.DestroyImmediate_Injected()";0.0576;0.0576;0.0576;26017;26017;26017;13;13;0.0575999952852726;0.0576;0.0576;0.0576;17;17;17;17;1;26017;0.0023;0.0099;26017;26017;0
"Newtonsoft.Json.dll!Newtonsoft.Json::JsonTextWriter.WriteStartObject()";0.0571;0.0571;0.0571;25904;25904;25904;28;33;0.0571000017225742;0.0571;0.0571;0.0571;15;15;15;15;1;25904;0.0019;0.0086;25904;25904;0
"UnityEngine.Physics2DModule.dll!UnityEngine::RaycastHit2D.get_collider()";0.05670001;0.0151;0.5843;24350;24221;25282;6;19;77.2789007695392;0.07031747;0.0363;0.07690001;30308;28;8;56;1099;24216;0.0012;0.1886;24239;25282;0
"Unity.ResourceManager.dll!::MonoBehaviourCallbackHooks.LateUpdate()";0.0566;0.0196;1.1478;24602;26050;24993;4;4;157.265299482271;0.07863265;0.0517;0.0758;2000;1;1;1;2000;24216;0.0196;1.1478;26050;24993;0.0463
"Assembly-CSharp.dll!::ProjectileLifecycle.ReturnToPool()";0.0564;0.0281;0.2727;24381;25804;25930;6;10;9.61160002090037;0.07628254;0.044;0.0945;162;1;1;4;126;24218;0.0106;0.2727;24287;25930;0
"FileVFS.IsDirectoryCreated";0.0562;0.0562;0.0562;26215;26215;26215;4;4;0.0562000013887882;0.0562;0.0562;0.0562;1;1;1;1;1;26215;0.0562;0.0562;26215;26215;0
"UnityEngine.UI.dll!UnityEngine.UI::Selectable.OnDeselect()";0.0556;0.0536;0.0926;25587;24755;25770;13;13;0.289100002497435;0.072275;0.0536;0.0873;4;1;1;1;4;24755;0.0536;0.0926;24755;25770;0
"mscorlib.dll!System::Action`1.invoke_void_T()";0.0556;0.0191;1.143;25980;26050;24993;5;5;154.867599556223;0.0774338;0.0508;0.0745;2000;1;1;1;2000;24216;0.0191;1.143;26050;24993;0.0458
"Physics2D.SendContactCallbacks";0.0554;0.0012;41.7872;25447;26017;25904;5;18;256.081901297439;0.169031;0.03;0.127;1725;1;1;7;1515;24216;0;41.7867;24225;25904;0
"Assembly-CSharp.dll!::TargetProjectile.Setup()";0.0553;0.0408;0.1249;24862;25418;24311;6;16;1.1562999971211;0.057815;0.051;0.0585;20;1;1;1;20;24245;0.0408;0.1249;25418;24311;0
"Unity.ResourceManager.dll!UnityEngine.ResourceManagement.Profiling::ProfilerRuntime.InstanceOnOnLateUpdateDelegate()";0.0553;0.0189;0.55;25388;26050;24393;6;6;153.006199488416;0.0765031;0.0505;0.0739;2000;1;1;1;2000;24216;0.0189;0.55;26050;24393;0.0455
"Newtonsoft.Json.dll!Newtonsoft.Json::JsonWriter.InternalWriteValue()";0.05529999;0.05529999;0.05529999;25904;25904;25904;30;36;0.0552999936044216;0.05529999;0.05529999;0.05529999;51;51;51;51;1;25904;0.0004;0.005;25904;25904;0
"Unity.ResourceManager.dll!UnityEngine.ResourceManagement.Profiling::ProfilerRuntime.PushToProfilerStream()";0.0551;0.0187;0.5487;24577;26050;24393;7;7;152.152699444443;0.07607635;0.0503;0.0736;2000;1;1;1;2000;24216;0.0187;0.5487;26050;24393;0.0454
"UnityEngine.CoreModule.dll!UnityEngine::GameObject.Internal_AddComponentWithType_Injected()";0.0551;0.0394;0.4248;25190;25543;26017;11;18;4.66569996252656;0.08640185;0.0466;0.0796;58;1;1;3;54;24287;0.0061;0.4248;25308;26017;0
"Newtonsoft.Json.dll!Newtonsoft.Json.Utilities::ReflectionUtils.GetProperties()";0.0551;0.0551;0.0551;25904;25904;25904;36;39;0.0551000013947487;0.0551;0.0551;0.0551;4;4;4;4;1;25904;0.0111;0.0161;25904;25904;0
"Unity.TextMeshPro.dll!TMPro::TMP_FontAsset.UpdateGPOSFontFeaturesForNewlyAddedGlyphs()";0.055;0.0109;0.0832;24539;25452;25904;14;14;0.149100000038743;0.0497;0.0109;0.055;4;1;1;2;3;24539;0.0109;0.055;25452;24539;0
"Assembly-CSharp.dll!::EnemySpawner.StopWaveForGameOver()";0.0549;0.0549;0.0549;25904;25904;25904;16;16;0.0548999980092049;0.0549;0.0549;0.0549;1;1;1;1;1;25904;0.0549;0.0549;25904;25904;0
"UnityEngine.CoreModule.dll!UnityEngine.Events::InvokableCallList.ClearPersistent()";0.05470001;0.05470001;0.05470001;26017;26017;26017;10;10;0.0547000057995319;0.05470001;0.05470001;0.05470001;65;65;65;65;1;26017;0.0005;0.0048;26017;26017;0
"Physics2D.SendTriggerContactCallbacks";0.05469999;0.0009;41.7856;25461;24727;25904;6;19;254.520499372156;0.1680003;0.0298;0.1255;21413;12;1;73;1515;24216;0.0001;41.7356;24217;25904;0
"Unity.TextMeshPro.dll!TMPro::TextMeshProUGUI.SetLayoutDirty()";0.0541;0.0159;0.5159;24287;24929;24539;6;24;4.53119997493923;0.08549434;0.0423;0.0817;145;3;1;9;53;24220;0.0144;0.1642;25735;24220;0
"Assembly-CSharp.dll!::BuildModeController.CancelMode()";0.054;0.051;0.0811;25786;25587;24923;5;5;0.186100002378225;0.06203333;0.051;0.054;3;1;1;1;3;24923;0.051;0.0811;25587;24923;0
"Newtonsoft.Json.dll!Newtonsoft.Json.Converters::XmlNodeConverter.CanConvert()";0.0539;0.0539;0.0539;25904;25904;25904;35;38;0.0538999997079372;0.0539;0.0539;0.0539;4;4;4;4;1;25904;0.011;0.0175;25904;25904;0
"System.Core.dll!::<CastIterator>d__34`1.System.Collections.Generic.IEnumerable<TResult>.GetEnumerator()";0.0536;0.0536;0.0536;25904;25904;25904;39;50;0.0536000020802021;0.0536;0.0536;0.0536;95;95;95;95;1;25904;0.0004;0.0015;25904;25904;0
"mscorlib.dll!System.Reflection::RuntimeFieldInfo.GetValueInternal()";0.05350001;0.05350001;0.05350001;25904;25904;25904;31;36;0.0535000078380108;0.05350001;0.05350001;0.05350001;54;54;54;54;1;25904;0.0001;0.0063;25904;25904;0
"Assembly-CSharp.dll!::TowerChargeGaugeView.ShowAboveSprite()";0.0533;0.0454;0.0774;24732;24221;25262;6;6;0.176100000739098;0.0587;0.0454;0.0533;3;1;1;1;3;24221;0.0454;0.0774;24221;25262;0
"Newtonsoft.Json.dll!Newtonsoft.Json.Utilities::CollectionUtils.IsDictionaryType()";0.0531;0.0531;0.0531;25904;25904;25904;32;35;0.0530999973416328;0.0531;0.0531;0.0531;3;3;3;3;1;25904;0.0067;0.0369;25904;25904;0
"Newtonsoft.Json.dll!Newtonsoft.Json.Converters::EntityKeyMemberConverter.CanConvert()";0.0529;0.0529;0.0529;25904;25904;25904;35;38;0.0529000014066696;0.0529;0.0529;0.0529;4;4;4;4;1;25904;0.0097;0.0206;25904;25904;0
"UnityEngine.CoreModule.dll!UnityEngine::Object.FindObjectFromInstanceID()";0.05259999;0.0138;0.5592;24350;24221;25282;7;20;71.7432998893782;0.06528053;0.0335;0.07119999;30308;28;8;56;1099;24216;0.0011;0.1867;24221;25282;0
"UnityEngine.UI.dll!UnityEngine.UI::Image.GetDrawingDimensions()";0.0524;0.0144;0.1681;26017;25904;25663;15;15;0.342700002714992;0.06854;0.024;0.0838;11;2;1;4;5;24539;0.0103;0.1173;25452;25663;0
"Assembly-CSharp.dll!::ProjectileVfx.BeginFlight()";0.0523;0.0068;0.4991;25509;25668;25400;7;19;3.9113999940455;0.06519;0.0333;0.0624;124;3;1;3;60;24220;0.0068;0.1964;25668;25400;0
"Newtonsoft.Json.dll!Newtonsoft.Json.Serialization::JsonSerializerInternalWriter.ResolveIsReference()";0.05220002;0.05220002;0.05220002;25904;25904;25904;25;33;0.0522000156342983;0.05220002;0.05220002;0.05220002;48;48;48;48;1;25904;0.0005;0.0073;25904;25904;0
"UnityEngine.Physics2DModule.dll!UnityEngine::RaycastHit2D.get_rigidbody()";0.05219999;0.0155;0.4968;25270;24221;24539;6;18;73.1918994784355;0.06659863;0.0364;0.07429999;8651;8;2;15;1099;24216;0.0037;0.3463;24839;25218;0
"mscorlib.dll!System.IO::Path.WindowsDriveAdjustment()";0.0521;0.0521;0.0521;25904;25904;25904;21;29;0.0520999953150749;0.0521;0.0521;0.0521;20;20;20;20;1;25904;0.001;0.0131;25904;25904;0
"System.Core.dll!System.Linq::Enumerable.SingleOrDefault()";0.052;0.052;0.052;25904;25904;25904;36;40;0.0520000047981739;0.052;0.052;0.052;9;9;9;9;1;25904;0.0023;0.0124;25904;25904;0
"mscorlib.dll!Mono::SafeStringMarshal.get_Value()";0.052;0.052;0.052;25904;25904;25904;38;47;0.0520000010728836;0.052;0.052;0.052;83;83;83;83;1;25904;0.0001;0.0019;25904;25904;0
"Assembly-CSharp.dll!::BuildModeController.RefreshAllButtonVisuals()";0.0518;0.0494;0.0783;25786;25587;24923;6;6;0.179499998688698;0.05983333;0.0494;0.0518;3;1;1;1;3;24923;0.0494;0.0783;25587;24923;0
"Unity.TextMeshPro.dll!TMPro::TMP_Text.set_color()";0.0505;0.0065;0.7695001;24755;24580;24236;6;20;110.873699935153;0.06350154;0.0311;0.0731;12708;6;1;35;1746;24216;0.0002;0.4282;24806;25743;0.027
"Assembly-CSharp.dll!::Pathfinder.SetPath()";0.0502;0.0439;0.2346;25140;24900;24662;5;5;0.738299988210201;0.1054714;0.0446;0.0872;7;1;1;1;7;24426;0.0439;0.2346;24900;24662;0
"UnityEngine.CoreModule.dll!UnityEngine::Mesh.SetSizedArrayForChannel()";0.04970001;0.0075;1.3058;24995;25673;24236;15;19;109.369998365175;0.06260446;0.0298;0.0702;62495;28;4;164;1747;24216;0.0008;0.2068;24218;25371;0.0266
"mscorlib.dll!System.Collections.Generic::Dictionary`2.TryGetValue()";0.0495;0.0053;0.9008002;24801;26018;24539;7;51;122.071402432863;0.0610357;0.03250001;0.06699999;101854;41;4;779;2000;24216;0.0001;0.2731;24220;24445;0.02940001
"mscorlib.dll!System::Environment.get_IsRunningOnWindows()";0.04930005;0.04930005;0.04930005;25904;25904;25904;21;30;0.0493000522255898;0.04930005;0.04930005;0.04930005;238;238;238;238;1;25904;0.0001;0.0019;25904;25904;0
"System.dll!System.ComponentModel::TypeDescriptor.CheckDefaultProvider()";0.0493;0.0493;0.0493;25904;25904;25904;38;45;0.0493000037968159;0.0493;0.0493;0.0493;6;6;6;6;1;25904;0.0011;0.0229;25904;25904;0
"mscorlib.dll!System::RuntimeType.getFullName()";0.0491;0.0491;0.0491;25904;25904;25904;39;50;0.049100000411272;0.0491;0.0491;0.0491;5;5;5;5;1;25904;0.0024;0.0302;25904;25904;0
"Unity.TextMeshPro.dll!TMPro::TextMeshProUGUI.ComputeMarginSize()";0.0491;0.0067;0.0743;26017;25904;24539;10;23;0.217499997466803;0.0435;0.0155;0.0719;18;3;1;8;5;24539;0.0044;0.0281;25452;24539;0
"Unity.TextMeshPro.dll!TMPro::TextMeshPro.SetVerticesDirty()";0.049;0.0085;3.4725;24851;24599;24387;7;23;110.884799933061;0.06347155;0.0302;0.0716;13327;6;1;41;1747;24216;0.0028;3.0109;24296;24387;0.0252
"Assembly-CSharp.dll!::<ReleaseAfterVfx>d__21.MoveNext()";0.0489;0.0009;0.3267;24816;24806;25930;5;13;2.78190000273753;0.05058;0.0016;0.0645;55;1;1;1;55;24218;0.0009;0.3267;24806;25930;0
"Assembly-CSharp.dll!::PanelTowerDataViewer.BuildStatsText()";0.0489;0.0395;0.1942;25531;25522;24539;7;18;2.06309997290373;0.06251818;0.0456;0.0595;33;1;1;1;33;24539;0.0395;0.1942;25522;24539;0
"mscorlib.dll!System.Runtime.InteropServices::GCHandle.GetRef()";0.04870002;0.0006;1.136783;26004;26082;24220;8;33;154.411118837306;0.07720556;0.03389996;0.08260043;568797;223;3;1539;2000;24216;0.0001;0.5442;24216;25793;0.02059998
"UnityEngine.UI.dll!UnityEngine.UI::LayoutRebuilder.MarkLayoutForRebuild()";0.0485;0.0148;2.8927;25146;24775;24220;7;27;94.7435000194237;0.07696466;0.0327;0.0778;3671;2;1;79;1231;24216;0.008;0.3515;26017;24387;0
"mscorlib.dll!Mono::RuntimeGPtrArrayHandle.get_Item()";0.04840001;0.04840001;0.04840001;25904;25904;25904;38;52;0.0484000146389008;0.04840001;0.04840001;0.04840001;187;187;187;187;1;25904;0.0002;0.0006;25904;25904;0
"mscorlib.dll!System.Reflection::MonoMethodInfo.GetDeclaringType()";0.04819997;0.04819997;0.04819997;25904;25904;25904;39;39;0.0481999665498734;0.04819997;0.04819997;0.04819997;97;97;97;97;1;25904;0.0003;0.0027;25904;25904;0
"mscorlib.dll!System::RuntimeTypeHandle.GetCorElementType()";0.04800024;0.04800024;0.04800024;25904;25904;25904;36;58;0.0480002425611019;0.04800024;0.04800024;0.04800024;604;604;604;604;1;25904;0;0.0008;25904;25904;0
"Assembly-CSharp.dll!::TowerWeapon.IsPossibleToAttackTarget()";0.048;0.0036;0.7932999;25332;24987;24220;6;16;92.4193994319066;0.06440376;0.0313;0.0731;3397;2;1;9;1435;24216;0.0028;0.2992;24265;25629;0
"UnityEngine.UI.dll!UnityEngine.UI::MaskableGraphic.GetModifiedMaterial()";0.0479;0.0402;0.3603;25184;24685;25215;14;14;1.88549999892712;0.1178437;0.0424;0.1786;44;2;2;7;16;24220;0;0.2032;25904;25215;0
"Assembly-CSharp.dll!::EnemyBossSummonSkill.StopSkill()";0.0479;0.0479;0.0479;25703;25703;25703;13;13;0.0478999987244606;0.0479;0.0479;0.0479;1;1;1;1;1;25703;0.0479;0.0479;25703;25703;0
"UnityEngine.CoreModule.dll!UnityEngine::Transform.get_localRotation()";0.04779999;0.0007;0.3676001;25362;26050;24992;7;7;122.000082440209;0.06100004;0.0374;0.07;183487;101;2;113;2000;24216;0.0002;0.2541;24217;26109;0.03629998
"Assembly-CSharp.dll!::GamePauseView.ShowIdleStart()";0.0475;0.0475;0.0475;25904;25904;25904;15;15;0.0474999994039536;0.0475;0.0475;0.0475;1;1;1;1;1;25904;0.0475;0.0475;25904;25904;0
"Assembly-CSharp.dll!::ChainLightning.ApplyFlicker()";0.0472;0.0263;0.5507;24245;25582;25384;6;22;34.6111998986453;0.06493659;0.0362;0.0736;663;1;1;2;533;24216;0.0187;0.5507;25498;25384;0
"UnityEngine.UI.dll!UnityEngine.UI::Slider.OnDisable()";0.0472;0.0342;0.2261;24472;25804;24358;18;21;1.3688999786973;0.07204737;0.0355;0.0686;20;1;1;2;19;24220;0.0342;0.1793;25804;24220;0
"UnityEngine.UI.dll!UnityEngine.UI::GraphicRegistry.RegisterGraphicForCanvas()";0.0471;0.0271;0.6159;24625;25699;24539;10;25;2.41599995084107;0.151;0.0305;0.1214;58;2;2;12;16;24220;0.0107;0.1234;25699;24539;0
"Newtonsoft.Json.dll!Newtonsoft.Json::JsonTextWriter.SetIndentChars()";0.04670001;0.04670001;0.04670001;25904;25904;25904;31;37;0.0467000119388103;0.04670001;0.04670001;0.04670001;90;90;90;90;1;25904;0.0001;0.0137;25904;25904;0
"mscorlib.dll!System.Reflection::FieldInfo.Equals()";0.04670001;0.04670001;0.04670001;25904;25904;25904;40;43;0.0467000082135201;0.04670001;0.04670001;0.04670001;174;174;174;174;1;25904;0.0002;0.0016;25904;25904;0
"Assembly-CSharp.dll!::MapDirector.SetPathFromPosition()";0.0464;0.0353;0.5387;25610;24221;24220;6;15;2.06610002741218;0.09838571;0.0413;0.1126;23;1;1;3;21;24220;0.0353;0.221;24221;24662;0
"SceneCulling";0.0463;0.0211;0.8863;25345;26050;25127;5;5;118.547199431807;0.0592736;0.0424;0.0517;2000;1;1;1;2000;24216;0.0211;0.8863;26050;25127;0.0713
"UnityEngine.CoreModule.dll!UnityEngine.Bindings::Unmarshal.FromIntPtrUnsafe()";0.04600003;0.0004;1.144686;25270;26086;24220;7;32;147.950324530946;0.07397516;0.03219996;0.0793003;568797;223;3;1539;2000;24216;0.0001;0.2955;24216;25403;0.02329998
"mscorlib.dll!System.Collections.Generic::List`1.Remove()";0.0459;0.002;0.717;25464;25904;24220;10;24;15.0916000225116;0.07019349;0.0375;0.0798;979;4;1;32;215;24220;0.0006;0.1824;24222;24220;0
"Assembly-CSharp.dll!::MapDirector.BuildAgentPath()";0.0458;0.0346;0.5281;25610;24221;24220;7;16;2.02699999511242;0.09652381;0.0405;0.1099;23;1;1;3;21;24220;0.0346;0.2171;24221;24662;0
"mscorlib.dll!System.Runtime.InteropServices::GCHandle.get_IsAllocated()";0.04570001;0.0003;1.113589;25293;26096;24220;8;33;147.462112544075;0.07373106;0.03189998;0.07830032;568797;223;3;1539;2000;24216;0.0001;0.3608;24216;24717;0.01899998
"Assembly-CSharp.dll!::TowerWeapon.get_EffectiveTargetPriority()";0.04499999;0.0011;0.4514;24959;24250;24486;7;12;42.9233959048288;0.04790558;0.0026;0.05439999;29017;52;1;63;896;24217;0.0007;0.167;24217;24826;0
"mscorlib.dll!System.Collections::Hashtable.InitHash()";0.0449;0.0449;0.0449;25904;25904;25904;39;49;0.0448999963700771;0.0449;0.0449;0.0449;56;56;56;56;1;25904;0.0007;0.0011;25904;25904;0
"UnityEngine.UI.dll!UnityEngine.UI::MaskUtilities.GetStencilDepth()";0.0442;0.0184;0.2429;25904;24685;24539;15;15;1.28449999913573;0.08028125;0.0201;0.1189;58;2;2;12;16;24220;0.004;0.0958;25452;25215;0
"UnityEngine.CoreModule.dll!UnityEngine::MonoBehaviour.StartCoroutine()";0.0441;0.0077;4.8109;25801;25687;24220;5;27;73.6400994556025;0.1593942;0.0262;0.1523;789;1;1;15;462;24220;0.0048;3.5255;24834;25400;0
"Unity.TextMeshPro.dll!TMPro::TMP_Text.GetTextElement()";0.044;0.0047;8.607801;24769;25941;24539;14;27;111.58800412342;0.06387407;0.024;0.0618;24604;11;1;83;1747;24216;0.0022;7.3948;24218;24539;0.0259
"Newtonsoft.Json.dll!Newtonsoft.Json.Utilities::TypeExtensions.IsValueType()";0.0437;0.0437;0.0437;25904;25904;25904;33;42;0.043699998408556;0.0437;0.0437;0.0437;42;42;42;42;1;25904;0.0009;0.0017;25904;25904;0
"Assembly-CSharp.dll!::TitleFlow.RefreshCrystalHud()";0.0436;0.0436;0.0436;26017;26017;26017;10;11;0.0436000004410744;0.0436;0.0436;0.0436;2;2;2;2;1;26017;0.0104;0.0332;26017;26017;0
"mscorlib.dll!System::Buffer.Memcpy()";0.04359998;0.0021;1.187296;24801;25967;24236;10;44;119.774186153896;0.05988709;0.02179999;0.07000013;461408;174;8;1594;2000;24216;0.0001;0.3111;24216;25303;0.03149997
"mscorlib.dll!System.Globalization::CharUnicodeInfo.IsWhiteSpace()";0.04320001;0.0076;0.1512;26017;25904;24539;16;32;0.348400024231523;0.06968001;0.0237;0.1227;86;15;5;33;5;24539;0.0011;0.0151;25452;24539;0
"UnityEngine.CoreModule.dll!UnityEngine::Transform.set_localRotation()";0.04310001;0.0009;0.6596;25067;26078;24993;7;7;115.738090330386;0.05786905;0.03499998;0.06170004;183487;101;2;113;2000;24216;0.0002;0.3902;24221;24993;0.03329999
"mscorlib.dll!System.Reflection::FieldInfo.get_IsNotSerialized()";0.0431;0.0431;0.0431;25904;25904;25904;39;55;0.0431000031530857;0.0431;0.0431;0.0431;200;200;200;200;1;25904;0.0001;0.0014;25904;25904;0
"UnityEngine.UI.dll!UnityEngine.UI.CoroutineTween::TweenRunner`1.StartTween()";0.0431;0.0144;1.2676;25531;24251;24848;16;27;6.84389993175864;0.07129063;0.0317;0.0566;104;1;1;4;96;24220;0.0127;1.2676;25587;24848;0
"UnityEngine.UI.dll!UnityEngine.EventSystems::EventSystem.OnDisable()";0.0431;0.0431;0.0431;26017;26017;26017;12;12;0.0430999994277954;0.0431;0.0431;0.0431;1;1;1;1;1;26017;0.0431;0.0431;26017;26017;0
"mscorlib.dll!Mono::SafeGPtrArrayHandle.Dispose()";0.0429;0.0429;0.0429;25904;25904;25904;37;51;0.0428999997675419;0.0429;0.0429;0.0429;102;102;102;102;1;25904;0.0003;0.0032;25904;25904;0
"mscorlib.dll!System::RuntimeType.GetGenericArguments()";0.04289997;0.04289997;0.04289997;25904;25904;25904;35;41;0.0428999662399292;0.04289997;0.04289997;0.04289997;79;79;79;79;1;25904;0.0004;0.0038;25904;25904;0
"mscorlib.dll!System.IO::Path.Combine()";0.0423;0.0423;0.0423;25904;25904;25904;19;19;0.0423000007867813;0.0423;0.0423;0.0423;1;1;1;1;1;25904;0.0423;0.0423;25904;25904;0
"Newtonsoft.Json.dll!Newtonsoft.Json.Utilities::LateBoundReflectionDelegateFactory.CreateDefaultConstructor()";0.0422;0.0422;0.0422;25904;25904;25904;35;38;0.0421999990940094;0.0422;0.0422;0.0422;4;4;4;4;1;25904;0.0023;0.0205;25904;25904;0
"Unity.TextMeshPro.dll!TMPro::TMP_UpdateManager.InternalUnRegisterTextObjectForUpdate()";0.042;0.0256;0.5471;25786;24989;24283;13;23;12.3372000381351;0.06359381;0.034;0.0684;492;2;1;30;194;24220;0.0015;0.1875;26017;24220;0
"mscorlib.dll!Mono.Globalization.Unicode::SimpleCollator.IsIgnorable()";0.042;0.042;0.042;25904;25904;25904;31;39;0.0419999994337559;0.042;0.042;0.042;48;48;48;48;1;25904;0.0005;0.0052;25904;25904;0
"mscorlib.dll!System.Globalization::CharUnicodeInfo.InternalGetCategoryValue()";0.04150001;0.0052;0.1562;26017;25904;24539;18;35;0.339200000744313;0.06784;0.0228;0.1135;113;20;5;44;5;24539;0.0008;0.0151;25452;24539;0
"mscorlib.dll!System.Collections.Generic::Dictionary`2.FindEntry()";0.04139999;0.0046;0.8740989;24738;26018;24539;8;52;103.246111792512;0.05162306;0.028;0.05680001;104496;42;4;865;2000;24216;0;0.2701;24247;24445;0.02309999
"Assembly-CSharp.dll!::EnemyDeathHandler.ApplyOutcome()";0.0413;0.0309;0.297;24247;24929;24358;10;13;1.32769999839365;0.06987895;0.0363;0.0589;20;1;1;2;19;24220;0.0309;0.1787;24929;24358;0
"UnityEngine.IMGUIModule.dll!UnityEngine::GUIUtility.BeginGUI()";0.0413;0.0307;0.3746;24377;25224;24661;4;5;100.017599780113;0.05553448;0.0361;0.0535;3814;2;2;6;1801;24216;0.0042;0.228;24820;25395;0.0372
"UnityEngine.UI.dll!UnityEngine.UI::GraphicRegistry.UnregisterRaycastGraphicForCanvas()";0.0413;0.0164;0.2859001;25786;25703;26017;13;22;0.436300115659833;0.08726002;0.0396;0.0531;100;3;1;90;5;24923;0.0017;0.0209;26017;24923;0
"UnityEngine.UI.dll!UnityEngine.UI::Selectable.OnDisable()";0.041;0.0129;0.2233;24894;25786;24358;11;22;1.48170000780374;0.06442174;0.0346;0.0663;32;1;1;9;23;24220;0.001;0.177;26017;24220;0
"mscorlib.dll!System::Array.GetEnumerator()";0.04090001;0.04090001;0.04090001;25904;25904;25904;44;51;0.0409000068902969;0.04090001;0.04090001;0.04090001;91;91;91;91;1;25904;0.0002;0.0024;25904;25904;0
"Assembly-CSharp.dll!::TowerChargeGaugeView.SetFill()";0.0409;0.0126;0.5223;24535;24732;24289;6;16;77.7033996889368;0.05692557;0.0258;0.0676;2418;1;1;6;1365;24216;0.0107;0.5053;24286;24993;0.0223
"UnityEngine.CoreModule.dll!UnityEngine::MonoBehaviour.StartCoroutineManaged2()";0.0408;0.0066;4.2699;25770;25687;24220;6;28;70.9547992222942;0.1535818;0.0245;0.1456;757;1;1;9;462;24220;0.0042;3.5194;24834;25400;0
"UnityEngine.UI.dll!UnityEngine.UI::Graphic.SetLayoutDirty()";0.0408;0.0146;0.8263;25325;25689;24220;9;26;64.800599549897;0.05600743;0.0289;0.0623;2185;2;1;10;1157;24216;0.0005;0.3116;26017;24817;0
"Assembly-CSharp.dll!::Projectile.RestoreVisualDefaults()";0.0406;0.015;0.7188;25547;24866;25400;6;18;5.56790003087372;0.05016126;0.0223;0.0518;210;2;1;4;111;24225;0.0113;0.5412;24839;25400;0
"Newtonsoft.Json.dll!Newtonsoft.Json::JsonWriter.WriteEndArray()";0.0406;0.0406;0.0406;25904;25904;25904;26;30;0.0405999980866909;0.0406;0.0406;0.0406;9;9;9;9;1;25904;0.0017;0.0129;25904;25904;0
"LowLevelPhysics2D.PhysicsWorld.Create";0.0406;0.0406;0.0406;26017;26017;26017;10;10;0.0405999980866909;0.0406;0.0406;0.0406;1;1;1;1;1;26017;0.0406;0.0406;26017;26017;0
"mscorlib.dll!System::MulticastDelegate.Equals()";0.0405;0.0405;0.0405;26017;26017;26017;14;20;0.0405000001192093;0.0405;0.0405;0.0405;9;9;9;9;1;26017;0.0002;0.0096;26017;26017;0
"mscorlib.dll!::ListBuilder`1.Add()";0.0405;0.0405;0.0405;25904;25904;25904;36;50;0.040499996393919;0.0405;0.0405;0.0405;183;183;183;183;1;25904;0;0.0015;25904;25904;0
"UnityEngine.CoreModule.dll!UnityEngine::Quaternion.Euler()";0.04040001;0.0015;0.5565002;25080;26050;25040;6;20;110.193790947204;0.05509689;0.03419999;0.0546;184110;101;2;114;2000;24216;0.0002;0.326;24217;25040;0.03019998
"Newtonsoft.Json.dll!Newtonsoft.Json::JsonTextWriter.WriteStartArray()";0.0404;0.0404;0.0404;25904;25904;25904;26;30;0.0403999984264374;0.0404;0.0404;0.0404;9;9;9;9;1;25904;0.0014;0.0154;25904;25904;0
"UnityEngine.CoreModule.dll!UnityEngine::MonoBehaviour.StartCoroutineManaged2_Injected()";0.0402;0.0063;4.2505;25172;25687;24220;7;29;70.564999285154;0.1527381;0.0242;0.1437;757;1;1;9;462;24220;0.004;3.517;24834;25400;0
"Assembly-CSharp.dll!::EnemyDeathHandler.ApplyKill()";0.04;0.0298;0.2889;24247;24929;24358;11;14;1.28819997049868;0.0678;0.035;0.0571;20;1;1;2;19;24220;0.0298;0.174;24929;24358;0
"mscorlib.dll!System.Reflection::Assembly.op_Equality()";0.03970008;0.03970008;0.03970008;25904;25904;25904;38;54;0.0397000797092915;0.03970008;0.03970008;0.03970008;690;690;690;690;1;25904;0;0.0015;25904;25904;0
"mscorlib.dll!System.Threading::Thread.get_ManagedThreadId()";0.03970001;0.03970001;0.03970001;25904;25904;25904;36;52;0.0397000052034855;0.03970001;0.03970001;0.03970001;206;206;206;206;1;25904;0.0001;0.0015;25904;25904;0
"TMP Handle Visible Character";0.0396;0.0041;1.0568;25508;25071;24539;13;15;92.7214012378827;0.05307464;0.0216;0.0562;24461;11;1;77;1747;24216;0.0021;0.1486;24218;24698;0.0327
"Newtonsoft.Json.dll!Newtonsoft.Json.Serialization::DefaultContractResolver.IsJsonPrimitiveType()";0.0396;0.0396;0.0396;25904;25904;25904;32;35;0.0396000035107136;0.0396;0.0396;0.0396;4;4;4;4;1;25904;0.0024;0.0248;25904;25904;0
"mscorlib.dll!System::Delegate.get_Method()";0.0395;0.0395;0.0395;26017;26017;26017;12;22;0.0395000018179417;0.0395;0.0395;0.0395;18;18;18;18;1;26017;0.0007;0.0074;26017;26017;0
"UnityEngine.UI.dll!UnityEngine.UI::Selectable.InstantClearState()";0.0395;0.0118;0.2175;24894;25786;24358;12;23;1.43240000400692;0.06227826;0.0336;0.0618;32;1;1;9;23;24220;0.0006;0.1723;26017;24220;0
"mscorlib.dll!System.Collections::Hashtable.GetHash()";0.03920002;0.03920002;0.03920002;25904;25904;25904;40;50;0.0392000153660774;0.03920002;0.03920002;0.03920002;56;56;56;56;1;25904;0.0006;0.0009;25904;25904;0
"Assembly-CSharp.dll!::BossIntroFx.StartSummonGather()";0.0392;0.0282;0.0594;25669;24625;25153;6;6;0.126800000667572;0.04226667;0.0282;0.0392;3;1;1;1;3;24625;0.0282;0.0594;24625;25153;0
"UnityEngine.UI.dll!UnityEngine.UI::MaskUtilities.FindRootSortOverrideCanvas()";0.0391;0.0139;0.2629;25153;24685;25663;15;15;1.08289998583496;0.06768125;0.0146;0.0786;58;2;2;12;16;24220;0.006;0.0712;25452;24539;0
"mscorlib.dll!System::Delegate.Equals()";0.0389;0.0389;0.0389;26017;26017;26017;15;21;0.0389000028371811;0.0389;0.0389;0.0389;9;9;9;9;1;26017;0.0001;0.0093;26017;26017;0
"UnityEngine.UI.dll!UnityEngine.UI::LayoutUtility.GetMinSize()";0.0389;0.0389;0.0389;26017;26017;26017;16;16;0.0388999991118908;0.0389;0.0389;0.0389;4;4;4;4;1;26017;0.0052;0.018;26017;26017;0
"mscorlib.dll!System::RuntimeType.GetProperties()";0.0388;0.0388;0.0388;25904;25904;25904;37;41;0.0388000011444092;0.0388;0.0388;0.0388;10;10;10;10;1;25904;0.003;0.0062;25904;25904;0
"mscorlib.dll!System::Number.FormatSingle()";0.0385;0.0194;1.5108;25179;24732;25904;9;35;11.5925998724997;0.0571064;0.0269;0.0617;599;2;2;8;203;24220;0.0021;0.7436;24665;25904;0
"Newtonsoft.Json.dll!Newtonsoft.Json::JsonWriter.get_Top()";0.0383;0.0383;0.0383;25904;25904;25904;26;37;0.0383000001311302;0.0383;0.0383;0.0383;118;118;118;118;1;25904;0.0001;0.0017;25904;25904;0
"Assembly-CSharp.dll!::SceneDirector.TitleScene()";0.0383;0.0383;0.0383;26016;26016;26016;17;17;0.0383000001311302;0.0383;0.0383;0.0383;1;1;1;1;1;26016;0.0383;0.0383;26016;26016;0
"Unity.TextMeshPro.dll!TMPro::TMP_UpdateManager.UnRegisterTextElementForRebuild()";0.0382;0.0224;0.4042;25367;25847;24220;13;13;10.410399986431;0.05508148;0.0289;0.0599;226;1;1;5;189;24220;0.018;0.2082;25330;24220;0
"Assembly-CSharp.dll!::ScoreService.AddScore()";0.0381;0.0283;0.2778;24247;24929;24358;12;15;1.21320001222193;0.06385263;0.033;0.0521;20;1;1;2;19;24220;0.0283;0.1676;24929;24358;0
"mscorlib.dll!System.Reflection::Assembly.op_Inequality()";0.03800007;0.03800007;0.03800007;25904;25904;25904;38;54;0.0380000732839108;0.03800007;0.03800007;0.03800007;690;690;690;690;1;25904;0;0.0002;25904;25904;0
"Unity.TextMeshPro.dll!TMPro::TMP_Settings.get_defaultStyleSheet()";0.038;0.0046;0.9924;24694;24604;24236;15;28;83.059287650045;0.04754395;0.02;0.0551;75816;36;6;192;1747;24216;0.0006;0.0439;24218;25421;0.0253
"UnityEngine.CoreModule.dll!UnityEngine::Mesh.SetArrayForChannel()";0.0379;0.0046;1.1587;25740;24604;24236;14;18;83.4533996703103;0.04776955;0.021;0.05410001;37932;18;3;96;1747;24216;0.001;0.2077;24218;25371;0.026
"Physics2D.SyncRigidbodyTransformChanges";0.0378;0.0015;0.691;25491;26065;24220;5;5;92.0068995944457;0.05496231;0.028;0.074;1698;1;1;2;1674;24216;0.0001;0.691;24621;24220;0
"Assembly-CSharp.dll!::TitleFlow.ShowTitle()";0.0378;0.0378;0.0378;26017;26017;26017;10;10;0.0377999991178513;0.0378;0.0378;0.0378;1;1;1;1;1;26017;0.0378;0.0378;26017;26017;0
"Graphics.Blit";0.0378;0.0126;1.1271;26090;24736;26036;5;7;19.5835999259725;0.06139059;0.0208;0.0661;664;2;2;4;319;24226;0.004;0.5637;26191;26036;0
"UnityEngine.UI.dll!UnityEngine.EventSystems::ExecuteEvents.CanHandleEvent()";0.0377;0.0078;0.4284;26113;26016;25702;10;11;3.35519997868687;0.05592;0.0137;0.0616;294;2;1;8;60;24635;0.0051;0.0854;24635;25702;0
"Newtonsoft.Json.dll!Newtonsoft.Json.Serialization::JsonContract..ctor()";0.0376;0.0376;0.0376;25904;25904;25904;35;38;0.0375999994575977;0.0376;0.0376;0.0376;4;4;4;4;1;25904;0.0071;0.0117;25904;25904;0
"Newtonsoft.Json.dll!Newtonsoft.Json::JsonSerializer.CreateDefault()";0.0376;0.0376;0.0376;25904;25904;25904;20;23;0.0375999994575977;0.0376;0.0376;0.0376;8;8;8;8;1;25904;0.0024;0.0104;25904;25904;0
"mscorlib.dll!System.IO::Directory.InsecureGetCurrentDirectory()";0.0375;0.0375;0.0375;25904;25904;25904;22;30;0.0375000014901161;0.0375;0.0375;0.0375;20;20;20;20;1;25904;0.0005;0.011;25904;25904;0
"mscorlib.dll!Mono.Globalization.Unicode::SimpleCollator.Category()";0.0372;0.0372;0.0372;25904;25904;25904;31;39;0.0372000001370907;0.0372;0.0372;0.0372;96;96;96;96;1;25904;0.0002;0.003;25904;25904;0
"UnityEngine.Physics2DModule.dll!UnityEngine::Physics2D.RaycastAll()";0.037;0.0126;0.5018;24507;25588;24805;7;17;52.4756998391822;0.04792301;0.0263;0.0577;1960;2;1;3;1095;24216;0.0064;0.4883;24285;24805;0
"Newtonsoft.Json.dll!Newtonsoft.Json::JsonTextWriter.WriteEscapedString()";0.037;0.037;0.037;25904;25904;25904;31;32;0.0370000004768372;0.037;0.037;0.037;9;9;9;9;1;25904;0.0018;0.0116;25904;25904;0
"UnityEngine.UI.dll!UnityEngine.UI::LayoutUtility.GetMinHeight()";0.037;0.037;0.037;26017;26017;26017;17;17;0.0369999967515469;0.037;0.037;0.037;4;4;4;4;1;26017;0.005;0.0167;26017;26017;0
"Material.SetPassFast";0.0367;0.0187;0.3577;25480;26213;24453;4;6;98.4998986460268;0.04924995;0.0319;0.0489;18942;10;6;11;2000;24216;0.0006;0.1414;24230;25516;0.0645
"Unity.ResourceManager.dll!UnityEngine.ResourceManagement.Profiling::ProfilerRuntime.RefreshChangedReferenceCounts()";0.0365;0.006;0.4682;24361;26105;24393;8;8;100.283499590121;0.05014175;0.034;0.0494;2000;1;1;1;2000;24216;0.006;0.4682;26105;24393;0.0324
"mscorlib.dll!System::RuntimeType.GetGenericArgumentsInternal()";0.0365;0.0365;0.0365;25904;25904;25904;36;42;0.0364999994635582;0.0365;0.0365;0.0365;83;83;83;83;1;25904;0.0002;0.0034;25904;25904;0
"Assembly-CSharp.dll!::BuildModeController.ApplyOnOffLabel()";0.0363;0.0336;0.0532;25786;25587;24923;7;7;0.123100001364946;0.04103334;0.0336;0.0363;12;4;4;4;3;24923;0.0066;0.0226;25587;24923;0
"Newtonsoft.Json.dll!Newtonsoft.Json::JsonWriter.Push()";0.0362;0.0362;0.0362;25904;25904;25904;28;35;0.0362000018358231;0.0362;0.0362;0.0362;24;24;24;24;1;25904;0.0004;0.0122;25904;25904;0
"mscorlib.dll!System::RuntimeType.GetConstructorImpl()";0.0361;0.0361;0.0361;25904;25904;25904;42;47;0.0361000001430511;0.0361;0.0361;0.0361;4;4;4;4;1;25904;0.0053;0.0166;25904;25904;0
"mscorlib.dll!System::MulticastDelegate.GetMethodImpl()";0.0361;0.0361;0.0361;26017;26017;26017;13;23;0.0361000001430511;0.0361;0.0361;0.0361;18;18;18;18;1;26017;0.0005;0.0062;26017;26017;0
"mscorlib.dll!System.Runtime.CompilerServices::RuntimeFeature.get_IsDynamicCodeSupported()";0.03600004;0.03600004;0.03600004;25904;25904;25904;38;54;0.0360000431537628;0.03600004;0.03600004;0.03600004;692;692;692;692;1;25904;0;0.0003;25904;25904;0
"Assembly-CSharp.dll!::TowerWeapon.IsValidAttackTarget()";0.0359;0.0028;0.5995;25205;24987;24220;7;17;69.8427996414248;0.04867094;0.0232;0.0548;3397;2;1;9;1435;24216;0.0024;0.2771;24265;25629;0
"mscorlib.dll!System::IntPtr.op_Inequality()";0.03560003;0.0012;1.037381;24515;26084;24220;8;48;114.459728026995;0.05722987;0.02239997;0.0628005;1399126;544;38;4677;2000;24216;0;0.3027;24216;24540;0.01589998
"mscorlib.dll!System.Collections.Generic::List`1.System.Collections.IEnumerable.GetEnumerator()";0.0356;0.0356;0.0356;25904;25904;25904;26;43;0.0355999954044819;0.0356;0.0356;0.0356;13;13;13;13;1;25904;0.0004;0.0157;25904;25904;0
"Newtonsoft.Json.dll!Newtonsoft.Json.Utilities::ReflectionUtils.GetChildPrivateFields()";0.0354;0.0354;0.0354;25904;25904;25904;37;40;0.035400003194809;0.0354;0.0354;0.0354;4;4;4;4;1;25904;0.0001;0.0186;25904;25904;0
"UnityEngine.UIModule.dll!UnityEngine::RectTransformUtility.RectangleContainsScreenPoint()";0.0354;0.0109;0.6534;25136;26105;24445;12;12;98.2925021573901;0.0500726;0.0272;0.0593;52734;26;12;32;1963;24216;0.0006;0.4629;24222;24445;0.0251
"mscorlib.dll!System.Text::StringBuilder.Append()";0.0354;0.0284;0.4446992;24855;25522;25904;8;40;1.92579929344356;0.05664115;0.0334;0.04380001;1278;17;17;717;34;24539;0;0.0721;24602;25904;0
"mscorlib.dll!Mono.Globalization.Unicode::MSCompatUnicodeTable.IsIgnorable()";0.03509999;0.03509999;0.03509999;25904;25904;25904;32;40;0.0350999943912029;0.03509999;0.03509999;0.03509999;48;48;48;48;1;25904;0.0004;0.0045;25904;25904;0
"mscorlib.dll!System.Collections.Generic::EqualityComparer`1.CreateComparer()";0.0348;0.0348;0.0348;26017;26017;26017;20;20;0.0348000004887581;0.0348;0.0348;0.0348;2;2;2;2;1;26017;0.0138;0.021;26017;26017;0
"Newtonsoft.Json.dll!Newtonsoft.Json.Serialization::JsonContainerContract..ctor()";0.0346;0.0346;0.0346;25904;25904;25904;34;37;0.0345999971032143;0.0346;0.0346;0.0346;3;3;3;3;1;25904;0.0096;0.0152;25904;25904;0
"mscorlib.dll!System::String.LastIndexOfCharArray()";0.0345;0.0345;0.0345;25904;25904;25904;21;29;0.0345000028610229;0.0345;0.0345;0.0345;7;7;7;7;1;25904;0.002;0.01;25904;25904;0
"Assembly-CSharp.dll!::ChainLightning.FindNext()";0.0344;0.0153;0.1248;24324;24929;24719;6;6;2.10149999521673;0.04378125;0.0278;0.0467;49;1;1;2;48;24225;0.0153;0.1248;24929;24719;0
"Assembly-CSharp.dll!::Slow.OnTriggerStay2D()";0.0344;0.0029;0.349;24951;24577;25516;7;7;57.4419997751247;0.04922194;0.0248;0.0665;4187;3;1;16;1167;24216;0.0025;0.2154;25441;25516;0
"Assembly-CSharp.dll!::ChainLightning.SetLineColor()";0.0343;0.0178;0.5151;25584;25582;25384;7;23;25.0089000053704;0.04692101;0.0267;0.0532;1989;3;3;6;533;24216;0.0038;0.4462;24706;25384;0
"mscorlib.dll!System.IO::MonoIO.GetCurrentDirectory()";0.0342;0.0342;0.0342;25904;25904;25904;23;31;0.0341999977827072;0.0342;0.0342;0.0342;20;20;20;20;1;25904;0.0004;0.0106;25904;25904;0
"mscorlib.dll!System::RuntimeType.MakeGenericType()";0.0342;0.0342;0.0342;25904;25904;25904;36;38;0.0341999977827072;0.0342;0.0342;0.0342;4;4;4;4;1;25904;0.0043;0.0126;25904;25904;0
"Newtonsoft.Json.dll!Newtonsoft.Json.Utilities::ValidationUtils.ArgumentNotNull()";0.0339;0.0339;0.0339;25904;25904;25904;23;49;0.0339000001549721;0.0339;0.0339;0.0339;539;539;539;539;1;25904;0;0.0013;25904;25904;0
"mscorlib.dll!Mono::SafeGPtrArrayHandle..ctor()";0.03389999;0.03389999;0.03389999;25904;25904;25904;37;51;0.0338999927043915;0.03389999;0.03389999;0.03389999;102;102;102;102;1;25904;0.0002;0.0009;25904;25904;0
"Assembly-CSharp.dll!::OrbitSatellitePivot.Update()";0.0338;0.0189;0.5939;25190;26007;24993;4;4;83.6406993083656;0.04644125;0.0268;0.0483;12293;7;6;7;1801;24216;0.0029;0.4144;24402;24993;0.0278
"mscorlib.dll!System::Delegate.GetMethodImpl()";0.0336;0.0336;0.0336;26017;26017;26017;14;24;0.0336000025272369;0.0336;0.0336;0.0336;18;18;18;18;1;26017;0.0004;0.006;26017;26017;0
"Assembly-CSharp.dll!::GridHoverOverlay.LateUpdate()";0.0334;0.0087;0.2737;24287;26007;24424;4;4;74.5101996203884;0.04137157;0.0255;0.0441;1801;1;1;1;1801;24216;0.0087;0.2737;26007;24424;0.0226
"Assembly-CSharp.dll!::DamagePopup.ClearForPool()";0.0333;0.0188;0.3405;24667;25349;24283;7;7;8.88319998607039;0.04700106;0.0252;0.0515;226;1;1;5;189;24220;0.0182;0.1473;24280;24283;0
"UnityEngine.CoreModule.dll!UnityEngine.SceneManagement::SceneManager.LoadSceneAsyncNameIndexInternal()";0.0333;0.0333;0.0333;26016;26016;26016;20;20;0.0333000011742115;0.0333;0.0333;0.0333;1;1;1;1;1;26016;0.0333;0.0333;26016;26016;0
"TMP Handle GPOS Features";0.03280002;0.0024;0.2693;25505;24834;24539;15;15;1.69450023258105;0.03530209;0.0042;0.03710001;1673;48;4;65;48;24220;0.0004;0.0142;24640;24539;0
"mscorlib.dll!System.Diagnostics::DebuggerTypeProxyAttribute..ctor()";0.0328;0.0328;0.0328;25904;25904;25904;48;48;0.0328000001609325;0.0328;0.0328;0.0328;1;1;1;1;1;25904;0.0328;0.0328;25904;25904;0
"Unity.TextMeshPro.dll!TMPro::TMP_Text.GetSpecialCharacters()";0.0328;0.0328;0.0328;26017;26017;26017;11;11;0.0328000001609325;0.0328;0.0328;0.0328;5;5;5;5;1;26017;0.0056;0.0088;26017;26017;0
"mscorlib.dll!System.Reflection::FieldInfo.internal_from_handle_type()";0.03279999;0.03279999;0.03279999;25904;25904;25904;41;45;0.0327999927103519;0.03279999;0.03279999;0.03279999;60;60;60;60;1;25904;0.0001;0.0028;25904;25904;0
"Assembly-CSharp.dll!::Projectile.SetupPierce()";0.0327;0.0294;0.1526;24463;24564;24220;7;7;0.384800000116229;0.0481;0.0312;0.0358;8;1;1;1;8;24220;0.0294;0.1526;24564;24220;0
"Unity.TextMeshPro.dll!TMPro::TextMeshPro.SetAllDirty()";0.0326;0.0217;3.4066;24418;24892;24387;17;22;12.2217999584973;0.07064624;0.0263;0.0559;199;1;1;3;173;24220;0.0204;3.4066;24221;24387;0
"Newtonsoft.Json.dll!Newtonsoft.Json.Serialization::JsonSerializerInternalWriter.ShouldWriteProperty()";0.03259999;0.03259999;0.03259999;25904;25904;25904;28;33;0.0325999893248081;0.03259999;0.03259999;0.03259999;54;54;54;54;1;25904;0.0003;0.0029;25904;25904;0
"UnityEngine.CoreModule.dll!UnityEngine.SceneManagement::SceneManagerAPI.LoadSceneAsyncByNameOrIndex()";0.0325;0.0325;0.0325;26016;26016;26016;21;21;0.0324999988079071;0.0325;0.0325;0.0325;1;1;1;1;1;26016;0.0325;0.0325;26016;26016;0
"mscorlib.dll!System.Collections::Hashtable.get_Item()";0.0323;0.0323;0.0323;25904;25904;25904;38;46;0.0322999991476536;0.0323;0.0323;0.0323;32;32;32;32;1;25904;0.0008;0.0014;25904;25904;0
"Unity.TextMeshPro.dll!TMPro::TMP_Settings.get_instance()";0.03210001;0.0037;0.8533003;25559;24595;24236;16;29;71.1482061140705;0.04072594;0.0167;0.04730001;75955;36;6;192;1747;24216;0.0005;0.0336;24218;24827;0.0218
"UnityEngine.CoreModule.dll!UnityEngine.SceneManagement::SceneManagerAPIInternal.LoadSceneAsyncNameIndexInternal()";0.0321;0.0321;0.0321;26016;26016;26016;22;22;0.0320999994874001;0.0321;0.0321;0.0321;1;1;1;1;1;26016;0.0321;0.0321;26016;26016;0
"Unity.TextMeshPro.dll!TMPro::TMP_FontAsset.UpdateDiacriticalMarkAdjustmentRecords()";0.0319;0.0068;0.0766;24539;25452;25904;15;15;0.115300000179559;0.03843333;0.0068;0.0319;4;1;1;2;3;24539;0.0068;0.0419;25452;25904;0
"Assembly-CSharp.dll!::TextFadeOut.EnsureActiveInHierarchy()";0.0319;0.0319;0.0319;25904;25904;25904;18;18;0.0318999998271465;0.0319;0.0319;0.0319;1;1;1;1;1;25904;0.0319;0.0319;25904;25904;0
"mscorlib.dll!Mono::SafeStringMarshal.StringToUtf8()";0.03149999;0.03149999;0.03149999;25904;25904;25904;39;48;0.0314999856054783;0.03149999;0.03149999;0.03149999;60;60;60;60;1;25904;0.0003;0.0016;25904;25904;0
"UnityEngine.UIModule.dll!UnityEngine::RectTransformUtility.PointInRectangle()";0.03140001;0.009599999;0.6204001;24677;26105;24445;13;13;87.9102037837729;0.0447836;0.02390001;0.054;52734;26;12;32;1963;24216;0.0005;0.4618;24253;24445;0.0222
"UnityEngine.Physics2DModule.dll!UnityEngine::Physics2D.RaycastAll_Internal()";0.0314;0.0101;0.4849;25144;25588;24805;8;18;44.4709998359904;0.04061279;0.0221;0.0488;1960;2;1;3;1095;24216;0.0052;0.4736;24285;24805;0
"UnityEngine.UI.dll!UnityEngine.UI::GraphicRegistry.DisableGraphicForCanvas()";0.0313;0.0173;0.2403;24287;25804;26017;14;24;1.1076000072062;0.04815652;0.0218;0.0369;66;2;2;17;23;24220;0.0045;0.0692;24251;24358;0
"System.Core.dll!System.Collections.Generic::LargeArrayBuilder`1.ToArray()";0.03119998;0.03119998;0.03119998;25904;25904;25904;42;49;0.0311999805271626;0.03119998;0.03119998;0.03119998;91;91;91;91;1;25904;0.0001;0.0011;25904;25904;0
"Newtonsoft.Json.dll!Newtonsoft.Json::DefaultJsonNameTable.Add()";0.0311;0.0311;0.0311;25904;25904;25904;34;37;0.0311000030487776;0.0311;0.0311;0.0311;20;20;20;20;1;25904;0.0007;0.0053;25904;25904;0
"Assembly-CSharp.dll!::<SkillLoop>d__6.MoveNext()";0.031;0.0013;2.6819;24230;25255;25215;5;5;65.0772998025641;0.05088139;0.0258;0.0504;1279;1;1;1;1279;24216;0.0013;2.6819;25255;25215;0.0259
"mscorlib.dll!System.Text::EncoderNLS.GetBytes()";0.031;0.031;0.031;25904;25904;25904;22;24;0.0309999994933605;0.031;0.031;0.031;8;8;8;8;1;25904;0.0016;0.0065;25904;25904;0
"Unity.TextMeshPro.dll!TMPro::TMP_UpdateManager.RegisterTextElementForGraphicRebuild()";0.0309;0.0063;3.1385;25452;25937;24387;8;24;70.8566991225816;0.04055907;0.02;0.0459;13327;6;1;41;1747;24216;0.0014;3.0006;24240;24387;0.0166
"mscorlib.dll!System::RuntimeType.get_AssemblyQualifiedName()";0.0308;0.0308;0.0308;25904;25904;25904;49;49;0.030799999833107;0.0308;0.0308;0.0308;1;1;1;1;1;25904;0.0308;0.0308;25904;25904;0
"UnityEngine.UI.dll!UnityEngine.UI::LayoutRebuilder.MarkLayoutRootForRebuild()";0.0308;0.0308;0.0308;26017;26017;26017;12;21;0.030799999833107;0.0308;0.0308;0.0308;4;4;4;4;1;26017;0.0055;0.0121;26017;26017;0
"mscorlib.dll!System::Number.Mul64Lossy()";0.0306;0.0306;0.0306;25904;25904;25904;37;37;0.0306000001728535;0.0306;0.0306;0.0306;1;1;1;1;1;25904;0.0306;0.0306;25904;25904;0
"Newtonsoft.Json.dll!Newtonsoft.Json.Serialization::DefaultContractResolver.GetClassHierarchyForType()";0.0306;0.0306;0.0306;25904;25904;25904;34;39;0.0306000001728535;0.0306;0.0306;0.0306;6;6;6;6;1;25904;0.0037;0.0073;25904;25904;0
"mscorlib.dll!System.Text::StringBuilder.AppendSpanFormattable()";0.0306;0.0242;0.1164;24840;25522;24539;9;20;1.27289998345077;0.03857273;0.0286;0.0375;132;4;4;4;33;24539;0.0017;0.0638;25725;24539;0
"mscorlib.dll!System.IO::StreamWriter.Init()";0.0305;0.0305;0.0305;25904;25904;25904;22;23;0.0305000003427267;0.0305;0.0305;0.0305;4;4;4;4;1;25904;0.0058;0.0088;25904;25904;0
"Unity.ResourceManager.dll!::<>c__DisplayClass12_0.<Release>b__0()";0.0305;0.0305;0.0305;26017;26017;26017;8;8;0.0305000003427267;0.0305;0.0305;0.0305;3;3;3;3;1;26017;0.0021;0.0261;26017;26017;0
"mscorlib.dll!System.Reflection::RuntimeConstructorInfo.GetParameters()";0.03049999;0.03049999;0.03049999;25904;25904;25904;37;52;0.0304999947547913;0.03049999;0.03049999;0.03049999;32;32;32;32;1;25904;0.0004;0.0066;25904;25904;0
"UnityEngine.UI.dll!UnityEngine.EventSystems::EventSystem.OnApplicationFocus()";0.0304;0.0304;0.0304;26215;26215;26215;3;3;0.0304000005125999;0.0304;0.0304;0.0304;1;1;1;1;1;26215;0.0304;0.0304;26215;26215;0
"UnityEngine.CoreModule.dll!UnityEngine::Mesh.SetArrayForChannelImpl()";0.0304;0.0054;0.8757;24712;25929;24236;16;20;67.8272008066997;0.03882496;0.0188;0.0433;62495;28;4;164;1747;24216;0.0004;0.2052;24217;25371;0.0154
"mscorlib.dll!System.Reflection::RuntimeParameterInfo..ctor()";0.03029998;0.03029998;0.03029998;25904;25904;25904;40;40;0.0302999820560217;0.03029998;0.03029998;0.03029998;113;113;113;113;1;25904;0.0001;0.0015;25904;25904;0
"UIEvents.CanvasManagerRenderOverlays";0.0302;0.0194;0.3548;24258;25922;25516;3;3;88.3703996129334;0.0441852;0.0269;0.0443;2000;1;1;1;2000;24216;0.0194;0.3548;25922;25516;0.0311
"Newtonsoft.Json.dll!Newtonsoft.Json.Utilities::TypeExtensions.MemberType()";0.03019998;0.03019998;0.03019998;25904;25904;25904;30;40;0.0301999766379595;0.03019998;0.03019998;0.03019998;134;134;134;134;1;25904;0.0001;0.001;25904;25904;0
"AssetBundle.UnloadAsync.Integrate.CloseFiles";0.0301;0.0301;0.0301;26017;26017;26017;8;8;0.0300999991595745;0.0301;0.0301;0.0301;3;3;3;3;1;26017;0.0033;0.023;26017;26017;0
"UnityEngine.CoreModule.dll!UnityEngine::Component.CompareTag()";0.03;0.0054;0.4197001;24320;24835;24358;5;21;51.4248002641834;0.0424297;0.0193;0.0533;5766;4;1;28;1212;24216;0.0024;0.1867;24221;24311;0
"UnityEngine.CoreModule.dll!UnityEngine::Transform.GetChild()";0.03;0.03;0.03;26017;26017;26017;12;15;0.0299999974668026;0.03;0.03;0.03;10;10;10;10;1;26017;0.0015;0.0068;26017;26017;0
"TMP.UpdateDiacriticalAdjustmentRecords";0.0299;0.0066;0.0761;24539;25452;25904;16;16;0.11259999871254;0.03753333;0.0066;0.0299;4;1;1;2;3;24539;0.0066;0.0416;25452;25904;0
"Assembly-CSharp.dll!::ProjectileVfx.ApplyTrailColor()";0.0299;0.0099;0.2496;24839;25301;25400;8;20;1.97399997431785;0.03796154;0.0186;0.0349;116;3;1;3;52;24245;0.0072;0.1044;25571;25400;0
"UI.RenderOverlays";0.0298;0.0191;0.3539;26092;25922;25516;4;4;87.6331996060908;0.0438166;0.0265;0.044;2000;1;1;1;2000;24216;0.0191;0.3539;25922;25516;0.0308
"Unity.TextMeshPro.dll!TMPro::TextMeshProUGUI.GetCanvas()";0.0297;0.0093;0.0943;26017;25904;24539;10;23;0.238700005225837;0.04774;0.0198;0.0856;15;3;1;5;5;24539;0.0049;0.0407;25452;24539;0
"UnityEngine.UI.dll!UnityEngine.UI::Image.get_preferredHeight()";0.0297;0.0297;0.0297;26017;26017;26017;21;21;0.0296999998390675;0.0297;0.0297;0.0297;2;2;2;2;1;26017;0.0068;0.0229;26017;26017;0
"mscorlib.dll!Mono.Globalization.Unicode::SimpleCollator.GetContraction()";0.02969998;0.02969998;0.02969998;25904;25904;25904;31;40;0.029699981212616;0.02969998;0.02969998;0.02969998;120;120;120;120;1;25904;0;0.0034;25904;25904;0
"Newtonsoft.Json.dll!Newtonsoft.Json.Serialization::JsonSerializerInternalWriter.ShouldWriteType()";0.0296;0.0296;0.0296;25904;25904;25904;27;33;0.029600003734231;0.0296;0.0296;0.0296;24;24;24;24;1;25904;0.0008;0.0034;25904;25904;0
"Unity.TextMeshPro.dll!TMPro::TMP_FontAssetUtilities.GetCharacterFromFontAsset()";0.0294;0.0032;8.156099;25719;25941;24539;13;28;78.3082974376157;0.04482444;0.0162;0.0411;24617;11;1;84;1747;24216;0.0014;7.3838;24218;24539;0.0171
"mscorlib.dll!Mono::RuntimeGPtrArrayHandle.Lookup()";0.02929997;0.02929997;0.02929997;25904;25904;25904;39;53;0.0292999651283026;0.02929997;0.02929997;0.02929997;187;187;187;187;1;25904;0.0001;0.0004;25904;25904;0
"UnityEngine.UI.dll!UnityEngine.EventSystems::PointerInputModule.DeselectIfSelectionChanged()";0.0292;0.0011;0.1947;24795;24602;25702;9;9;1.912099997513;0.04663659;0.0253;0.0667;41;1;1;1;41;24539;0.0011;0.1947;24602;25702;0
"Assembly-CSharp.dll!::MapDirector.CopySharedFrom()";0.029;0.0094;0.3575;24900;25699;24220;8;17;1.17300002183765;0.05585714;0.0172;0.042;23;1;1;3;21;24220;0.0094;0.1726;25699;25376;0
"Unity.TextMeshPro.dll!TMPro::TMP_Settings.get_linebreakingRules()";0.02899999;0.0239;0.1102;26017;25452;24539;16;16;0.268799994140863;0.0672;0.0239;0.1057;52;10;10;20;4;24539;0.0013;0.0139;25452;25663;0
"UnityEngine.UI.dll!UnityEngine.EventSystems::ExecuteEvents.Execute()";0.0289;0.0044;3.3668;25984;24929;24848;7;16;47.9236001069658;0.08858337;0.0159;0.0532;1312;1;1;9;541;24543;0.0012;1.3141;24929;24848;0
"System.dll!System.ComponentModel::ReflectTypeDescriptionProvider.ReflectGetAttributes()";0.0287;0.0287;0.0287;25904;25904;25904;42;45;0.0286999996751547;0.0287;0.0287;0.0287;2;2;2;2;1;25904;0.0133;0.0154;25904;25904;0
"Newtonsoft.Json.dll!Newtonsoft.Json::JsonSerializer.Create()";0.0286;0.0286;0.0286;25904;25904;25904;22;25;0.0286000035703182;0.0286;0.0286;0.0286;8;8;8;8;1;25904;0.0017;0.0078;25904;25904;0
"Newtonsoft.Json.dll!::<>c.<GetDefaultConstructor>b__11_0()";0.0286;0.0286;0.0286;25904;25904;25904;37;41;0.0285999998450279;0.0286;0.0286;0.0286;15;15;15;15;1;25904;0.0011;0.0041;25904;25904;0
"Unity.TextMeshPro.dll!TMPro::TMP_MeshInfo.ResizeMeshInfo()";0.0286;0.0267;0.0326;25904;24834;25452;14;16;0.0878999996930361;0.0293;0.0267;0.0286;3;1;1;1;3;24834;0.0267;0.0326;24834;25452;0
"Unity.ResourceManager.dll!UnityEngine.ResourceManagement.Util::LRUCacheAllocationStrategy.Release()";0.0286;0.0286;0.0286;26017;26017;26017;16;24;0.0285999998450279;0.0286;0.0286;0.0286;10;10;10;10;1;26017;0.001;0.0072;26017;26017;0
"Unity.TextMeshPro.dll!TMPro::TMP_TextProcessingStack`1.SetDefault()";0.02859998;0.0032;0.546501;25556;24580;24236;12;27;59.0057400017977;0.03377547;0.01579999;0.04000004;277985;132;22;704;1747;24216;0;0.3349;24216;25303;0.01599999
"Canvas.RenderOverlays";0.0285;0.0181;0.3488;25952;25922;25516;5;5;84.3151995260268;0.0421576;0.0254;0.0425;2000;1;1;1;2000;24216;0.0181;0.3488;25922;25516;0.0292
"Assembly-CSharp.dll!::ChargePierceBehavior.ApplyMeteoVisual()";0.0284;0.0223;0.0976;25425;24472;24220;7;7;0.286799997091293;0.03585;0.0238;0.0288;8;1;1;1;8;24220;0.0223;0.0976;24472;24220;0
"CullSendEvents";0.0284;0.0035;0.5517;25751;25641;25038;6;6;71.9355997426901;0.0359678;0.0255;0.0323;2000;1;1;1;2000;24216;0.0035;0.5517;25641;25038;0.0386
"Unity.TextMeshPro.dll!TMPro::TMP_MeshInfo..ctor()";0.0284;0.0284;0.2417;25904;25904;26017;16;16;0.270099993795156;0.13505;0.0284;0.0284;6;1;1;5;2;25904;0.0244;0.1263;26017;26017;0
"mscorlib.dll!System.Collections.Concurrent::ConcurrentDictionary`2.GrowTable()";0.0281;0.0281;0.0281;25904;25904;25904;42;42;0.0281000006943941;0.0281;0.0281;0.0281;1;1;1;1;1;25904;0.0281;0.0281;25904;25904;0
"mscorlib.dll!Mono::RuntimeGPtrArrayHandle.DestroyAndFree()";0.02809998;0.02809998;0.02809998;25904;25904;25904;38;52;0.0280999820679426;0.02809998;0.02809998;0.02809998;102;102;102;102;1;25904;0.0002;0.0012;25904;25904;0
"mscorlib.dll!System::Single.ToString()";0.0277;0.015;0.7614;24381;24732;25904;8;33;8.22099997941405;0.04049754;0.02;0.0465;299;1;1;4;203;24220;0.0046;0.7446;24665;25904;0
"Assembly-CSharp.dll!::Enemy.ApplyVisualFromData()";0.0276;0.0203;0.3071;24685;25699;24220;9;14;0.714700004085898;0.06497273;0.0213;0.0651;26;2;2;6;11;24220;0.0077;0.0824;24655;24220;0
"mscorlib.dll!System.Collections.ObjectModel::Collection`1.InsertItem()";0.02759999;0.02759999;0.02759999;25904;25904;25904;36;40;0.0275999922305346;0.02759999;0.02759999;0.02759999;40;40;40;40;1;25904;0.0002;0.0027;25904;25904;0
"UnityEngine.CoreModule.dll!UnityEngine::Quaternion.Internal_FromEulerRad()";0.02749998;0.0012;0.3163002;25899;26018;24916;7;21;74.472379258601;0.03723619;0.02279998;0.03739998;184110;101;2;114;2000;24216;0.0001;0.2904;24217;24916;0.02069998
"TMP.RegisterTextElementForGraphicRebuild";0.0274;0.0055;3.1212;25475;25075;24387;9;25;63.21930026263;0.03618735;0.0177;0.0407;13327;6;1;41;1747;24216;0.0012;2.9988;24296;24387;0.0147
"System.Core.dll!::WhereArrayIterator`1.MoveNext()";0.0274;0.0274;0.0274;25904;25904;25904;34;37;0.0274000000208616;0.0274;0.0274;0.0274;3;3;3;3;1;25904;0.0047;0.0162;25904;25904;0
"RenderForwardAlpha.Sort";0.0273;0.0018;0.3253;24638;25237;25499;6;9;55.6560000125319;0.03090283;0.0243;0.0298;3465;2;1;10;1801;24216;0;0.3087;24219;25499;0.0274
"UnityEngine.CoreModule.dll!UnityEngine::Mesh.SetTriangles()";0.0273;0.0173;0.3906;25561;24840;25304;14;17;40.636099813506;0.0352438;0.0211;0.0352;5964;4;4;28;1153;24216;0.0022;0.0674;25353;25304;0
"UnityEngine.IMGUIModule.dll!UnityEngine::GUILayoutUtility.Begin()";0.0273;0.0202;0.2511;24351;25224;24661;5;6;66.3583991527557;0.03684531;0.0239;0.0354;3814;2;2;6;1801;24216;0.0014;0.152;24275;25811;0.0261
"Unity.TextMeshPro.dll!TMPro::TMP_Settings.get_isTMPSettingsNull()";0.0272;0.0031;0.7;24400;24581;24236;17;30;59.4053035047837;0.03400418;0.0139;0.03930001;75955;36;6;192;1747;24216;0.0004;0.0333;24218;24827;0.0187
"TMP Save Glyph Vertex Data";0.0272;0.0024;0.6999;24772;25071;24236;14;16;64.0821994333528;0.03668128;0.0147;0.0389;24458;11;1;77;1747;24216;0.0015;0.1443;24218;24698;0.0166
"UnityEngine.UI.dll!UnityEngine.EventSystems::StandaloneInputModule.ShouldActivateModule()";0.0272;0.0177;0.4232;25730;24222;25008;5;5;83.4135997314006;0.0417068;0.0214;0.0516;2000;1;1;1;2000;24216;0.0177;0.4232;24222;25008;0.0204
"Unity.TextMeshPro.dll!TMPro::TextMeshPro.SetLayoutDirty()";0.0271;0.0117;0.4699;25641;24895;24387;9;23;14.6163000017405;0.04324349;0.0218;0.0459;624;2;1;7;338;24220;0.01;0.3592;24892;24387;0
"Unity.ResourceManager.dll!::DelegateList`1.Clear()";0.0271;0.0271;0.0271;26017;26017;26017;15;15;0.0271000005304813;0.0271;0.0271;0.0271;6;6;6;6;1;26017;0.0016;0.0161;26017;26017;0
"SpriteRenderer.RenderMultiple";0.027;0.0185;0.5894;24373;25676;25046;9;9;64.3669997155666;0.03573959;0.0238;0.0329;25787;14;12;16;1801;24216;0.0005;0.3527;24371;25046;0.0521
"UnityEngine.CoreModule.dll!UnityEngine::Mesh..ctor()";0.0267;0.0267;0.0267;26017;26017;26017;10;10;0.0267000012099743;0.0267;0.0267;0.0267;5;5;5;5;1;26017;0.0037;0.01;26017;26017;0
"UnityEngine.CoreModule.dll!UnityEngine::Texture2D.Internal_Create()";0.0267;0.0267;0.0267;25308;25308;25308;18;18;0.0266999993473291;0.0267;0.0267;0.0267;1;1;1;1;1;25308;0.0267;0.0267;25308;25308;0
"UnityEngine.CoreModule.dll!UnityEngine::Texture2D.Internal_CreateImpl()";0.0265;0.0265;0.0265;25308;25308;25308;19;19;0.0264999996870756;0.0265;0.0265;0.0265;1;1;1;1;1;25308;0.0265;0.0265;25308;25308;0
"UnityEngine.CoreModule.dll!UnityEngine::Color32.op_Implicit()";0.02640001;0.0026;0.5964999;25476;25947;24236;12;15;60.5224026439246;0.03464362;0.016;0.03830001;47193;24;3;123;1747;24216;0.0007;0.4928;24218;25108;0.0135
"UnityEngine.UI.dll!UnityEngine.UI.Collections::IndexedSet`1.Swap()";0.0264;0.0085;0.4372001;25582;25699;26017;12;32;2.15170013159513;0.05976945;0.0124;0.04840001;315;4;2;122;36;24220;0.0031;0.0295;26017;24358;0
"mscorlib.dll!System.Reflection::MethodInfo.Equals()";0.0264;0.0264;0.0264;26017;26017;26017;15;15;0.0263999998569489;0.0264;0.0264;0.0264;1;1;1;1;1;26017;0.0264;0.0264;26017;26017;0
"mscorlib.dll!System.IO::Path.SameRoot()";0.02639999;0.02639999;0.02639999;25904;25904;25904;22;30;0.0263999868184328;0.02639999;0.02639999;0.02639999;40;40;40;40;1;25904;0.0004;0.0015;25904;25904;0
"UnityEngine.CoreModule.dll!UnityEngine::Texture2D.ValidateFormat()";0.0263;0.0263;0.0263;25308;25308;25308;18;18;0.0263000000268221;0.0263;0.0263;0.0263;1;1;1;1;1;25308;0.0263;0.0263;25308;25308;0
"Assembly-CSharp.dll!::Projectile.Update()";0.0263;0.0026;0.5436;25809;24819;25400;4;4;67.909399535507;0.04042226;0.0169;0.0471;9777;5;1;19;1680;24216;0.0018;0.4542;24248;25400;0.0535
"Assembly-CSharp.dll!::DamagePopupSpawner.FormatAmount()";0.0262;0.0128;0.153;24609;24802;24358;10;15;6.30769997369498;0.03646069;0.0194;0.0475;199;1;1;3;173;24220;0.0077;0.0932;24227;25582;0
"mscorlib.dll!Mono::SafeStringMarshal.Dispose()";0.02619998;0.02619998;0.02619998;25904;25904;25904;38;47;0.0261999815702438;0.02619998;0.02619998;0.02619998;83;83;83;83;1;25904;0.0001;0.001;25904;25904;0
"Newtonsoft.Json.dll!Newtonsoft.Json.Serialization::JsonObjectContract..ctor()";0.0261;0.0261;0.0261;25904;25904;25904;33;36;0.0261000003665686;0.0261;0.0261;0.0261;2;2;2;2;1;25904;0.013;0.0131;25904;25904;0
"UnityEngine.CoreModule.dll!UnityEngine::Texture.ValidateFormat()";0.026;0.026;0.026;25308;25308;25308;19;19;0.0260000005364418;0.026;0.026;0.026;1;1;1;1;1;25308;0.026;0.026;25308;25308;0
"UnityEngine.CoreModule.dll!UnityEngine::Texture2D.Internal_CreateImpl_Injected()";0.026;0.026;0.026;25308;25308;25308;20;20;0.0260000005364418;0.026;0.026;0.026;1;1;1;1;1;25308;0.026;0.026;25308;25308;0
"UnityEngine.CoreModule.dll!UnityEngine.SceneManagement::SceneManagerAPIInternal.LoadSceneAsyncNameIndexInternal_Injected()";0.026;0.026;0.026;26016;26016;26016;23;23;0.0260000005364418;0.026;0.026;0.026;1;1;1;1;1;26016;0.026;0.026;26016;26016;0
"UnityEngine.CoreModule.dll!UnityEngine::SystemInfo.SupportsTextureFormat()";0.0259;0.0259;0.0259;25308;25308;25308;20;20;0.025900000706315;0.0259;0.0259;0.0259;1;1;1;1;1;25308;0.0259;0.0259;25308;25308;0
"Newtonsoft.Json.dll!Newtonsoft.Json.Utilities::ReflectionUtils.GetChildPrivateProperties()";0.0258;0.0258;0.0258;25904;25904;25904;37;40;0.0257999990135431;0.0258;0.0258;0.0258;4;4;4;4;1;25904;0.0058;0.0077;25904;25904;0
"Newtonsoft.Json.dll!Newtonsoft.Json.Utilities::ReflectionUtils.CanSetMemberValue()";0.0257;0.0257;0.0257;25904;25904;25904;35;38;0.0257000010460615;0.0257;0.0257;0.0257;20;20;20;20;1;25904;0.0009;0.0026;25904;25904;0
"PostLateUpdate.UpdateRectTransform";0.0256;0.0004;0.2665;25649;26024;25920;2;2;60.8980996435275;0.03044905;0.0211;0.0319;2000;1;1;1;2000;24216;0.0004;0.2665;26024;25920;0.022
"mscorlib.dll!System::String.MakeSeparatorList()";0.0256;0.0256;0.0256;25904;25904;25904;24;32;0.0255999993532896;0.0256;0.0256;0.0256;20;20;20;20;1;25904;0.0008;0.0026;25904;25904;0
"mscorlib.dll!System.Collections.Generic::Dictionary`2.Resize()";0.0255;0.0151;0.0792;25904;26017;24661;10;41;0.14909999910742;0.037275;0.0151;0.0293;24;2;2;12;4;24226;0.0009;0.0424;25904;24661;0
"Newtonsoft.Json.dll!::<>c.<GetAttributeConstructor>b__47_0()";0.0254;0.0254;0.0254;25904;25904;25904;35;38;0.0253999996930361;0.0254;0.0254;0.0254;5;5;5;5;1;25904;0.0034;0.0069;25904;25904;0
"Assembly-CSharp.dll!::OrbitSatelliteBehavior.Deactivate()";0.0254;0.0254;0.0254;26017;26017;26017;11;13;0.0253999959677458;0.0254;0.0254;0.0254;12;12;12;12;1;26017;0.0004;0.0053;26017;26017;0
"mscorlib.dll!System::Object.__castclass_with_cache()";0.02539998;0;0.4200987;24222;26091;24220;7;50;67.9240140403417;0.03396201;0.01619999;0.03870003;569488;223;3;1541;2000;24216;0;0.1473;24216;24311;0.01139999
"mscorlib.dll!System.Reflection::RuntimeFieldInfo.get_Attributes()";0.02539997;0.02539997;0.02539997;25904;25904;25904;32;56;0.0253999661654234;0.02539997;0.02539997;0.02539997;388;388;388;388;1;25904;0;0.0003;25904;25904;0
"Assembly-CSharp.dll!::PanelPlayerTMP.Update()";0.0253;0.0122;0.3352;24615;24689;24220;4;4;63.4070997508243;0.03520661;0.0191;0.0461;1801;1;1;1;1801;24216;0.0122;0.3352;24689;24220;0.0192
"UnityEngine.CoreModule.dll!UnityEngine::MonoBehaviour.StartCoroutineManaged()";0.0253;0.0149;0.2409;24685;24221;24220;10;17;0.69970000628382;0.04997857;0.0214;0.0482;16;1;1;3;14;24220;0.0149;0.1009;24221;24220;0
"mscorlib.dll!System::RuntimeTypeHandle..ctor()";0.02529998;0.02529998;0.02529998;25904;25904;25904;37;52;0.0252999756485224;0.02529998;0.02529998;0.02529998;204;204;204;204;1;25904;0;0.0007;25904;25904;0
"UnityEngine.UI.dll!UnityEngine.EventSystems::ExecuteEvents.GetEventHandler()";0.0252;0.0003;0.7121;24811;24543;25702;9;10;5.81590001340373;0.07092561;0.0041;0.091;164;1;1;3;82;24539;0.0002;0.3445;24602;25702;0
"Unity.TextMeshPro.dll!TMPro::TextMeshProUGUI.SetVerticesDirty()";0.0252;0.0063;0.1752;25514;24929;24539;6;24;1.86450001271442;0.03517925;0.019;0.0368;146;3;1;9;53;24220;0.005;0.0761;25452;24220;0
"Assembly-CSharp.dll!::ChainLightning.ApplyHopPointsToLines()";0.0251;0.0163;0.2821;25570;24917;25304;6;22;18.9714999273419;0.03559381;0.0194;0.0396;663;1;1;2;533;24216;0.016;0.1884;24721;25400;0
"UnityEngine.CoreModule.dll!UnityEngine::Mesh.Internal_Create()";0.0251;0.0251;0.0251;26017;26017;26017;11;11;0.0250999983400106;0.0251;0.0251;0.0251;5;5;5;5;1;26017;0.0035;0.0094;26017;26017;0
"Unity.TextMeshPro.dll!TMPro::TMP_FontAssetUtilities.GetCharacterFromFontAsset_Internal()";0.025;0.0026;8.0547;25664;25941;24539;14;29;68.1089985729195;0.03898626;0.0136;0.0352;24617;11;1;84;1747;24216;0.0012;7.381;24218;24539;0.015
"mscorlib.dll!System::RuntimeType.FilterApplyMethodInfo()";0.02479999;0.02479999;0.02479999;25904;25904;25904;39;39;0.0247999858111143;0.02479999;0.02479999;0.02479999;98;98;98;98;1;25904;0.0002;0.0004;25904;25904;0
"System.Core.dll!System.Linq::Enumerable.First()";0.02470001;0.02470001;0.02470001;25904;25904;25904;36;39;0.0247000101953745;0.02470001;0.02470001;0.02470001;40;40;40;40;1;25904;0.0005;0.0009;25904;25904;0
"Assembly-CSharp.dll!::BombProjectile.Setup()";0.0247;0.0181;0.0869;24777;25410;25173;6;16;0.813499994575977;0.03128846;0.0203;0.0295;26;1;1;1;26;24256;0.0181;0.0869;25410;25173;0
"mscorlib.dll!System.Reflection::RuntimeConstructorInfo.IsDefined()";0.0246;0.0246;0.0246;25904;25904;25904;36;39;0.0245999991893768;0.0246;0.0246;0.0246;5;5;5;5;1;25904;0.0032;0.0067;25904;25904;0
"UnityEngine.CoreModule.dll!UnityEngine::GameObject..ctor()";0.0245;0.0158;0.1031;25497;25804;24287;12;15;1.8682999741286;0.03525094;0.0209;0.0418;57;1;1;3;53;24287;0.0105;0.0944;25308;25262;0
"UnityEngine.UI.dll!UnityEngine.UI::LayoutGroup.OnEnable()";0.0244;0.0244;0.0244;26017;26017;26017;9;9;0.0243999995291233;0.0244;0.0244;0.0244;1;1;1;1;1;26017;0.0244;0.0244;26017;26017;0
"Assembly-CSharp.dll!::ChainLightning.ApplyPoints()";0.0243;0.0157;0.2771;24224;24917;25304;7;23;18.4458998348564;0.03460769;0.0189;0.0384;1989;3;3;6;533;24216;0.0049;0.0813;24812;25400;0
"Assembly-CSharp.dll!::TowerWeapon.IsValidEnemyTarget()";0.0242;0.004;10.0738;25534;24775;25282;7;18;533.731401031371;0.3461293;0.012;0.3641;79385;4;1;404;1542;24216;0.0035;0.4931;24217;25271;0
"Newtonsoft.Json.dll!Newtonsoft.Json.Utilities::JavaScriptUtils.WriteEscapedJavaScriptString()";0.024;0.024;0.024;25904;25904;25904;32;33;0.0240000002086163;0.024;0.024;0.024;9;9;9;9;1;25904;0.0014;0.006;25904;25904;0
"UnityEngine.UI.dll!UnityEngine.EventSystems::StandaloneInputModule.ReleasePointerDrags()";0.0239;0.0239;0.0239;26215;26215;26215;6;6;0.0239000003784895;0.0239;0.0239;0.0239;1;1;1;1;1;26215;0.0239;0.0239;26215;26215;0
"UnityEngine.CoreModule.dll!UnityEngine::MonoBehaviour.StartCoroutineManaged_Injected()";0.0238;0.0139;0.2254;24685;24221;24220;11;18;0.658099999651313;0.04700714;0.0201;0.0462;16;1;1;3;14;24220;0.0139;0.0952;24221;24220;0
"UnityEngine.CoreModule.dll!UnityEngine::Material..ctor()";0.0238;0.0165;0.106;25185;25866;24860;12;13;1.72850000299513;0.03324039;0.0203;0.0367;54;1;1;2;52;24287;0.0154;0.0906;24860;24860;0
"UnityEngine.CoreModule.dll!UnityEngine::GameObject.Internal_CreateGameObject()";0.0238;0.0153;0.1009;25497;25804;24287;13;16;1.8169999923557;0.03428302;0.0205;0.0407;57;1;1;3;53;24287;0.0101;0.0918;25308;25262;0
"UnityEngine.UI.dll!UnityEngine.EventSystems::StandaloneInputModule.DeactivateModule()";0.0238;0.0238;0.0238;26017;26017;26017;13;13;0.0238000005483627;0.0238;0.0238;0.0238;1;1;1;1;1;26017;0.0238;0.0238;26017;26017;0
"Unity.TextMeshPro.dll!TMPro::TextMeshProUGUI.GetTextContainerLocalCorners()";0.0236;0.0031;0.0321;26017;25904;24539;11;24;0.0964999988209456;0.0193;0.006800001;0.0309;18;3;1;8;5;24539;0.002;0.0118;25452;24539;0
"Unity.TextMeshPro.dll!TMPro::TMP_Text.SaveGlyphVertexInfo()";0.0236;0.0021;0.6064;24679;25071;24236;15;17;55.3013991287444;0.03165507;0.0126;0.0334;24458;11;1;77;1747;24216;0.0013;0.1426;24218;24698;0.0144
"UnityEngine.CoreModule.dll!UnityEngine::SystemInfo.IsValidEnumValue()";0.0236;0.0236;0.0236;25308;25308;25308;21;21;0.0235999990254641;0.0236;0.0236;0.0236;1;1;1;1;1;25308;0.0236;0.0236;25308;25308;0
"UnityEngine.UI.dll!UnityEngine.EventSystems::PointerInputModule.ClearSelection()";0.0235;0.0235;0.0235;26017;26017;26017;14;14;0.0234999991953373;0.0235;0.0235;0.0235;1;1;1;1;1;26017;0.0235;0.0235;26017;26017;0
"System.Core.dll!System.Collections.Generic::HashSet`1.Contains()";0.0234;0.0024;0.4372;25039;25962;24236;7;28;51.9458980450872;0.02971733;0.0138;0.03279999;62933;29;1;197;1748;24216;0;0.1083;25452;24486;0.0129
"UnityEngine.CoreModule.dll!UnityEngine::Material.CreateWithShader()";0.0234;0.0161;0.1037;25185;25866;24860;13;14;1.68509998731315;0.03240577;0.0199;0.0356;54;1;1;2;52;24287;0.0149;0.0888;24860;24860;0
"mscorlib.dll!System::Enum.IsDefined()";0.0234;0.0234;0.0234;25308;25308;25308;22;22;0.0233999993652105;0.0234;0.0234;0.0234;1;1;1;1;1;25308;0.0234;0.0234;25308;25308;0
"mscorlib.dll!System::RuntimeType.GetGenericTypeDefinition()";0.0234;0.0234;0.0234;25904;25904;25904;35;39;0.0233999993652105;0.0234;0.0234;0.0234;24;24;24;24;1;25904;0.0005;0.0053;25904;25904;0
"Assembly-CSharp.dll!::ProjectileVfx.Update()";0.0233;0.0045;0.4447;24911;24816;25408;4;4;54.4101995001547;0.03242563;0.0153;0.0366;9953;5;1;20;1678;24216;0.0023;0.3888;24248;25408;0.0176
"Assembly-CSharp.dll!::SliderPositionAutoSetter.LateUpdate()";0.0233;0.007;0.5778;25524;25842;24446;4;4;52.2450998802669;0.03095089;0.0145;0.0348;4848;2;1;9;1688;24216;0.0054;0.5253;24221;24446;0.0079
"UnityEngine.UI.dll!UnityEngine.UI::Slider.OnRectTransformDimensionsChange()";0.0233;0.0233;0.0233;25703;25703;25703;17;17;0.0232999995350838;0.0233;0.0233;0.0233;1;1;1;1;1;25703;0.0233;0.0233;25703;25703;0
"Assembly-CSharp.dll!::OrbitSatelliteBehavior.DestroyOrbit()";0.0233;0.0233;0.0233;26017;26017;26017;12;14;0.0232999976724386;0.0233;0.0233;0.0233;12;12;12;12;1;26017;0.0002;0.005;26017;26017;0
"UnityEngine.Physics2DModule.dll!UnityEngine::Physics2D.OverlapCircleAll()";0.0231;0.0111;0.1184;25690;24929;24521;7;10;2.36479999125004;0.03153067;0.0165;0.0359;76;1;1;2;75;24225;0.0111;0.1184;24929;24521;0
"mscorlib.dll!System::RuntimeType.IsEnumDefined()";0.023;0.023;0.023;25308;25308;25308;23;23;0.0230000000447035;0.023;0.023;0.023;1;1;1;1;1;25308;0.023;0.023;25308;25308;0
"UnityEngine.UI.dll!UnityEngine.UI::Selectable.OnSelect()";0.023;0.0141;0.0749;25693;24635;25483;16;16;0.182800001464784;0.03656;0.0149;0.0559;5;1;1;1;5;24635;0.0141;0.0749;24635;25483;0
"UnityEngine.CoreModule.dll!UnityEngine::Camera.get_main()";0.0229;0.0055;0.5781999;24982;26000;24446;5;6;52.9621985391714;0.02940711;0.0174;0.0307;18241;9;3;28;1801;24216;0.0012;0.475;24221;24446;0.0111
"Newtonsoft.Json.dll!Newtonsoft.Json::JsonWriter.System.IDisposable.Dispose()";0.0229;0.0229;0.0229;25904;25904;25904;21;23;0.0229000002145767;0.0229;0.0229;0.0229;4;4;4;4;1;25904;0.003;0.0107;25904;25904;0
"mscorlib.dll!::ArrayEnumerator.get_Current()";0.0229;0.0229;0.0229;25904;25904;25904;44;50;0.0228999964892864;0.0229;0.0229;0.0229;30;30;30;30;1;25904;0.0001;0.005;25904;25904;0
"UnityEngine.UI.dll!UnityEngine.EventSystems::ExecuteEvents.GetEventList()";0.0228;0.0004;0.5114;24721;24760;25702;8;17;17.7137999498227;0.0327427;0.013;0.0404;1501;1;1;12;541;24543;0.0002;0.0966;24543;25721;0
"Assembly-CSharp.dll!::TowerChargeGaugeView.GetOrCreate()";0.0228;0.0092;0.4582;24865;25731;24993;7;18;44.0983997536823;0.03230652;0.014;0.0379;2442;1;1;7;1365;24216;0.0063;0.4582;24286;24993;0.0112
"UnityEngine.CoreModule.dll!UnityEngine::GameObject.Internal_CreateGameObject_Injected()";0.0227;0.0142;0.0942;24929;25804;24287;14;17;1.70749999955297;0.03221698;0.0186;0.0396;57;1;1;3;53;24287;0.0087;0.0876;25308;25262;0
"mscorlib.dll!System.Collections.Concurrent::ConcurrentDictionary`2.GetBucket()";0.02269997;0.02269997;0.02269997;25904;25904;25904;30;50;0.0226999744772911;0.02269997;0.02269997;0.02269997;320;320;320;320;1;25904;0;0.0013;25904;25904;0
"UnityEngine.CoreModule.dll!UnityEngine::Mesh.SetListForChannel()";0.0226;0.0141;0.2226;24365;24359;25215;17;18;35.7141996882856;0.03097502;0.0177;0.032;11928;8;8;56;1153;24216;0.0013;0.1396;24221;25075;0
"UnityEngine.CoreModule.dll!UnityEngine::Material.CreateWithShader_Injected()";0.0226;0.0158;0.1018;25852;25866;24860;14;15;1.65249999053776;0.03177885;0.0195;0.0348;54;1;1;2;52;24287;0.0147;0.0871;24860;24860;0
"UnityEngine.CoreModule.dll!UnityEngine::Mesh.RecalculateBounds()";0.0225;0.0036;0.4804;24764;25673;24236;13;16;48.5853993531782;0.02781076;0.0131;0.0318;28252;14;2;70;1747;24216;0.0008;0.0659;24226;25370;0.0132
"mscorlib.dll!Mono::SafeStringMarshal.StringToUtf8_icall()";0.02249999;0.02249999;0.02249999;25904;25904;25904;40;49;0.0224999915808439;0.02249999;0.02249999;0.02249999;60;60;60;60;1;25904;0.0002;0.0016;25904;25904;0
"mscorlib.dll!System::IntPtr.op_Explicit()";0.02249997;0.0001;0.4549006;24772;26085;25282;4;54;67.7683212351403;0.03388416;0.01579998;0.03740006;772094;322;5;1903;2000;24216;0;0.2874;24216;24387;0.01319999
"UnityEngine.UI.dll!UnityEngine.UI.Collections::IndexedSet`1.DisableItem()";0.0224;0.016;0.1752999;25448;25804;26017;15;26;0.983199898153543;0.04274782;0.0209;0.0336;223;6;6;67;23;24220;0.0005;0.0397;26017;24358;0
"Assembly-CSharp.dll!::EndRunOverlay.EnsureBuilt()";0.0224;0.0224;0.0224;25904;25904;25904;18;20;0.0224000010639429;0.0224;0.0224;0.0224;3;3;3;3;1;25904;0.0062;0.0087;25904;25904;0
"Destroy";0.0224;0.0127;19.6266;25458;25537;26017;4;14;21.3639964517206;0.3621016;0.019;0.0281;110;1;1;49;59;24221;0;13.4411;26017;26017;0
"UnityEngine.UI.dll!UnityEngine.UI::LayoutGroup.SetDirty()";0.0224;0.0224;0.0224;26017;26017;26017;10;10;0.0223999992012978;0.0224;0.0224;0.0224;1;1;1;1;1;26017;0.0224;0.0224;26017;26017;0
"UnityEngine.CoreModule.dll!UnityEngine::Material.GetTexture()";0.0223;0.0223;0.0223;26017;26017;26017;11;12;0.0223000012338161;0.0223;0.0223;0.0223;15;15;15;15;1;26017;0.0006;0.0031;26017;26017;0
"UnityEngine.UI.dll!UnityEngine.UI::LayoutUtility.GetFlexibleSize()";0.0223;0.0223;0.0223;26017;26017;26017;16;16;0.022299999371171;0.0223;0.0223;0.0223;4;4;4;4;1;26017;0.0034;0.0073;26017;26017;0
"Unity.TextMeshPro.dll!TMPro::TMP_UpdateManager.UnRegisterTextObjectForUpdate()";0.0222;0.012;0.3581;24305;25071;24220;11;21;7.23599995486438;0.03729897;0.0186;0.0387;266;1;1;30;194;24220;0.0021;0.1909;26017;24220;0
"Unity.TextMeshPro.dll!TMPro::TMP_UpdateManager.InternalRegisterTextElementForGraphicRebuild()";0.0221;0.0042;3.0745;24391;25941;24387;10;26;50.8094993787818;0.02908386;0.014;0.0321;13327;6;1;41;1747;24216;0.0009;2.9953;24221;24387;0.0112
"Assembly-CSharp.dll!::ProjectileVfx.StopVisuals()";0.0221;0.0107;0.524;25270;25543;25400;7;20;4.41140001639724;0.03446406;0.0158;0.0363;477;3;2;12;128;24225;0.0031;0.4654;24636;25400;0
"Assembly-CSharp.dll!::EnemyBossVisual.Clear()";0.0221;0.0221;0.0221;25703;25703;25703;13;13;0.0220999997109175;0.0221;0.0221;0.0221;1;1;1;1;1;25703;0.0221;0.0221;25703;25703;0
"UnityEngine.UI.dll!UnityEngine.UI::LayoutUtility.GetFlexibleHeight()";0.0221;0.0221;0.0221;26017;26017;26017;17;17;0.0220999997109175;0.0221;0.0221;0.0221;4;4;4;4;1;26017;0.0033;0.0073;26017;26017;0
"Assembly-CSharp.dll!::TowerAttackRange.OnAttackRange()";0.0219;0.0079;0.0362;24602;25452;24539;5;5;0.110099997371435;0.02202;0.01;0.0341;5;1;1;1;5;24539;0.0079;0.0362;25452;24539;0
"TMP.UnregisterTextObjectForUpdate";0.0219;0.0118;0.3556;24703;25071;24220;12;22;7.12459997460246;0.03672474;0.0183;0.038;266;1;1;30;194;24220;0.0018;0.1897;26017;24220;0
"UnityEngine.CoreModule.dll!UnityEngine::Transform.get_position()";0.0218;0.0029;0.9854012;25573;25980;25282;5;22;94.8043916663155;0.05263986;0.01440001;0.06350005;161970;40;7;519;1801;24216;0.0002;0.0729;24217;25421;0.006799999
"mscorlib.dll!System.Collections.ObjectModel::Collection`1.get_Count()";0.02179999;0.02179999;0.02179999;25904;25904;25904;27;41;0.0217999909073114;0.02179999;0.02179999;0.02179999;71;71;71;71;1;25904;0.0001;0.0021;25904;25904;0
"mscorlib.dll!System::OrdinalCaseSensitiveComparer.GetHashCode()";0.02169999;0.02169999;0.02169999;25904;25904;25904;38;43;0.021699994802475;0.02169999;0.02169999;0.02169999;58;58;58;58;1;25904;0.0002;0.001;25904;25904;0
"Assembly-CSharp.dll!::Enemy.ClearForPool()";0.0216;0.0135;0.1239;25336;24251;25703;11;14;0.64639999717474;0.03402105;0.0145;0.0291;20;1;1;2;19;24220;0.0135;0.1239;24251;25703;0
"Assembly-CSharp.dll!::LaserBehavior.EnableLaser()";0.0216;0.0049;0.1154;25839;24259;25395;6;16;1.73629998601973;0.02893833;0.0149;0.0329;99;1;1;26;60;24220;0.0028;0.096;26017;25152;0
"mscorlib.dll!System.IO::MonoIO.Seek()";0.0216;0.0216;0.0216;25904;25904;25904;24;26;0.0215999986976385;0.0216;0.0216;0.0216;8;8;8;8;1;25904;0.0016;0.0045;25904;25904;0
"UnityEngine.AssetBundleModule.dll!UnityEngine::AssetBundleUnloadOperation..ctor()";0.0216;0.0216;0.0216;26017;26017;26017;28;28;0.0215999986976385;0.0216;0.0216;0.0216;3;3;3;3;1;26017;0.0005;0.019;26017;26017;0
"UnityEngine.UI.dll!UnityEngine.EventSystems::BaseInputModule.get_input()";0.0215;0.0152;0.4553001;24904;25017;26017;6;10;63.6324984962121;0.03181625;0.0181;0.0293;44766;22;9;24;2000;24216;0.0006;0.4483;24221;26017;0.0161
"mscorlib.dll!::HashtableEnumerator.get_Current()";0.0215;0.0215;0.0215;25904;25904;25904;39;42;0.0214999951422215;0.0215;0.0215;0.0215;59;59;59;59;1;25904;0.0003;0.0005;25904;25904;0
"UnityEngine.CoreModule.dll!UnityEngine::Mathf.Approximately()";0.0214;0.0053;0.3859;25674;26090;25008;5;23;55.7485017743893;0.02787425;0.018;0.027;30321;16;5;22;2000;24216;0.0007;0.3175;24221;25008;0.016
"Assembly-CSharp.dll!::TargetProjectile.Update()";0.0214;0.0149;0.1541;25796;24929;25424;4;4;6.05539999064058;0.02982956;0.0179;0.0301;212;1;1;2;203;24246;0.0136;0.1271;25420;24431;0
"mscorlib.dll!System::Array.InternalArray__ICollection_get_Count()";0.02139998;0.02139998;0.02139998;25904;25904;25904;36;51;0.0213999766856432;0.02139998;0.02139998;0.02139998;367;367;367;367;1;25904;0;0.0003;25904;25904;0
"UnityEngine.CoreModule.dll!UnityEngine::Sprite.get_texture()";0.0213;0.0074;0.1034;25153;24715;24539;8;24;0.486199988983572;0.0303875;0.0081;0.0327;111;4;4;14;16;24220;0.0014;0.0186;25452;24539;0
"mscorlib.dll!Mono.Globalization.Unicode::MSCompatUnicodeTable.Category()";0.02129999;0.02129999;0.02129999;25904;25904;25904;32;40;0.0212999861687422;0.02129999;0.02129999;0.02129999;96;96;96;96;1;25904;0.0001;0.0019;25904;25904;0
"Newtonsoft.Json.dll!Newtonsoft.Json.Utilities::ReflectionUtils.IsNullableType()";0.0212;0.0212;0.0212;25904;25904;25904;33;39;0.0211999975144863;0.0212;0.0212;0.0212;16;16;16;16;1;25904;0.0005;0.0084;25904;25904;0
"Unity.TextMeshPro.dll!TMPro::ShaderUtilities.IsMaskingEnabled()";0.0211;0.0211;0.0211;26017;26017;26017;12;12;0.0211000014096498;0.0211;0.0211;0.0211;5;5;5;5;1;26017;0.0041;0.0044;26017;26017;0
"FindObjectsOfType";0.021;0.021;0.05469999;26215;26215;26017;3;12;0.075699994340539;0.03785;0.021;0.021;11;2;2;9;2;26017;0.0004;0.0118;26017;26215;0
"UnityEngine.CoreModule.dll!UnityEngine::Mesh.SetArrayForChannelImpl_Injected()";0.021;0.0043;0.6559001;25420;25942;24236;17;21;47.4663000241853;0.02717018;0.0134;0.02969999;62495;28;4;164;1747;24216;0.0002;0.2043;24217;25371;0.011
"TMP Lookup Character & Glyph Data";0.0209;0.0017;0.5527999;25555;25941;25663;13;15;49.8102971874177;0.0285119;0.0112;0.02979999;24608;11;1;83;1747;24216;0.0011;0.2771;24218;25303;0.0126
"UnityEngine.UI.dll!UnityEngine.UI::Graphic.get_depth()";0.02089999;0.0062;0.3176;24806;26106;24278;11;18;54.056899855379;0.0275379;0.0148;0.03059999;56047;26;13;41;1963;24216;0.0004;0.2385;24218;24278;0.0132
"Newtonsoft.Json.dll!Newtonsoft.Json::JsonWriter.Pop()";0.02080001;0.02080001;0.02080001;25904;25904;25904;29;35;0.020800007507205;0.02080001;0.02080001;0.02080001;24;24;24;24;1;25904;0;0.0029;25904;25904;0
"UnityEngine.Physics2DModule.dll!UnityEngine::Physics2D.RaycastAll_Internal_Injected()";0.0208;0.0054;0.2221;25164;25588;25566;9;19;29.5911998231895;0.02702393;0.0145;0.032;1960;2;1;3;1095;24216;0.0032;0.2221;24866;25566;0
"mscorlib.dll!System.Collections.ObjectModel::KeyedCollection`2.Contains()";0.0208;0.0208;0.0208;25904;25904;25904;35;38;0.0208000000566244;0.0208;0.0208;0.0208;20;20;20;20;1;25904;0.0006;0.002;25904;25904;0
"UnityEngine.CoreModule.dll!UnityEngine::Object.GetCachedPtr()";0.02079997;0.0011;0.8053001;24821;26084;24322;8;40;66.6437720808899;0.03332189;0.01179999;0.03590004;830229;329;35;3138;2000;24216;0;0.3793;24216;24322;0.01079999
"Unity.ResourceManager.dll!UnityEngine.ResourceManagement.Profiling::ProfilerRuntime.ShouldUpdateFrameDataWithOperationData()";0.0207;0.0163;0.3482;24849;24271;24393;9;9;54.2138010039926;0.03010206;0.0191;0.0279;16209;9;9;9;1801;24216;0.0015;0.2144;24221;24393;0.0173
"mscorlib.dll!System::DateTimeFormat.Format()";0.0207;0.0207;0.0207;25904;25904;25904;19;20;0.0207000002264977;0.0207;0.0207;0.0207;2;2;2;2;1;25904;0.0102;0.0105;25904;25904;0
"mscorlib.dll!System.Reflection::FieldInfo.get_MemberType()";0.02069998;0.02069998;0.02069998;25904;25904;25904;31;50;0.0206999760121107;0.02069998;0.02069998;0.02069998;294;294;294;294;1;25904;0;0.0003;25904;25904;0
"UnityEngine.CoreModule.dll!UnityEngine::Mesh.SetVertices()";0.0206;0.0091;0.2407;24704;25531;24486;14;16;30.7458997722715;0.026666;0.0168;0.0269;4473;3;3;21;1153;24216;0.0022;0.1357;24223;24486;0
"UnityEngine.CoreModule.dll!UnityEngine::Material.GetTextureImpl()";0.0206;0.0206;0.0206;26017;26017;26017;12;13;0.0205999985337257;0.0206;0.0206;0.0206;15;15;15;15;1;26017;0.0005;0.0029;26017;26017;0
"mscorlib.dll!System::GC.SuppressFinalize()";0.0205;0.0205;0.0205;25904;25904;25904;20;29;0.0205000005662441;0.0205;0.0205;0.0205;20;20;20;20;1;25904;0.0003;0.0041;25904;25904;0
"UnityEngine.UI.dll!UnityEngine.UI::LayoutRebuilder.StripDisabledBehavioursFromList()";0.0204;0.0204;0.0204;26017;26017;26017;12;13;0.0203999988734722;0.0204;0.0204;0.0204;12;12;12;12;1;26017;0.0001;0.006;26017;26017;0
"mscorlib.dll!System.Collections.Generic::Dictionary`2.Initialize()";0.0201;0.0028;0.0803;24298;26018;26017;10;52;0.176699983887374;0.03534;0.0099;0.06359999;47;1;1;41;5;24298;0.0007;0.0782;25904;26017;0
"Newtonsoft.Json.dll!Newtonsoft.Json::JsonTextWriter.WriteValueDelimiter()";0.02009999;0.02009999;0.02009999;25904;25904;25904;31;36;0.0200999919325113;0.02009999;0.02009999;0.02009999;50;50;50;50;1;25904;0.0002;0.0016;25904;25904;0
"Assembly-CSharp.dll!::TowerChargeGaugeView.LateUpdate()";0.0199;0.0096;0.5238;25486;24740;24421;4;4;38.8985998453572;0.02849714;0.0117;0.0302;2418;1;1;6;1365;24216;0.0081;0.3681;24221;24421;0.0102
"mscorlib.dll!System.IO::Path.IsDirectorySeparator()";0.01989997;0.01989997;0.01989997;25904;25904;25904;20;31;0.0198999736458063;0.01989997;0.01989997;0.01989997;301;301;301;301;1;25904;0;0.0003;25904;25904;0
"UnityEngine.Physics2DModule.dll!UnityEngine::Physics2D.OverlapCircleAll_Internal()";0.0198;0.0098;0.1047;24337;24929;24521;8;11;2.02159998845309;0.02695467;0.0142;0.032;76;1;1;2;75;24225;0.0098;0.1047;24929;24521;0
"Assembly-CSharp.dll!::WaveStartButtonView.Lock()";0.0197;0.0197;0.0197;25904;25904;25904;16;16;0.0197000000625849;0.0197;0.0197;0.0197;1;1;1;1;1;25904;0.0197;0.0197;25904;25904;0
"mscorlib.dll!System::IntPtr.op_Equality()";0.01969997;0;0.5835021;24879;26084;25850;5;48;61.7329053095382;0.03086645;0.01319999;0.0337;728120;296;4;1892;2000;24216;0;0.5551;24216;25850;0.04870006
"Newtonsoft.Json.dll!Newtonsoft.Json.Utilities::TypeExtensions.IsInterface()";0.0196;0.0196;0.0196;25904;25904;25904;35;40;0.0196000020951033;0.0196;0.0196;0.0196;22;22;22;22;1;25904;0.0007;0.0028;25904;25904;0
"Newtonsoft.Json.dll!Newtonsoft.Json::JsonTextWriter.WriteIndentSpace()";0.01959999;0.01959999;0.01959999;25904;25904;25904;32;38;0.0195999946445227;0.01959999;0.01959999;0.01959999;54;54;54;54;1;25904;0.0002;0.0021;25904;25904;0
"mscorlib.dll!System.Reflection::FieldInfo.get_marshal_info()";0.01959998;0.01959998;0.01959998;25904;25904;25904;39;55;0.0195999816060066;0.01959998;0.01959998;0.01959998;200;200;200;200;1;25904;0;0.0006;25904;25904;0
"UnityEngine.Physics2DModule.dll!UnityEngine::Physics2D.OverlapCircleAll_Internal_Injected()";0.0195;0.0095;0.1037;24979;24929;24521;9;12;1.98949999175966;0.02652667;0.014;0.0317;76;1;1;2;75;24225;0.0095;0.1037;24929;24521;0
"mscorlib.dll!System.Collections.Generic::List`1.Insert()";0.01949999;0.01949999;0.01949999;25904;25904;25904;37;41;0.0194999948143959;0.01949999;0.01949999;0.01949999;40;40;40;40;1;25904;0.0001;0.0023;25904;25904;0
"Unity.TextMeshPro.dll!TMPro::TMP_StyleSheet.GetStyle()";0.0193;0.0027;0.4793998;25582;24581;24236;15;28;42.4704015303869;0.02431048;0.0106;0.02760001;37908;18;3;96;1747;24216;0.0006;0.1855;24217;25947;0.0119
"Assembly-CSharp.dll!::EnemyHp.PrepareForSpawn()";0.0193;0.0113;0.1859;24685;25669;24220;8;13;0.439899999648333;0.03999091;0.0138;0.0387;13;1;1;3;11;24220;0.0113;0.0793;25669;24220;0
"mscorlib.dll!Mono::SafeGPtrArrayHandle.get_Length()";0.01929998;0.01929998;0.01929998;25904;25904;25904;37;51;0.0192999839782715;0.01929998;0.01929998;0.01929998;102;102;102;102;1;25904;0.0001;0.0007;25904;25904;0
"mscorlib.dll!System.Collections.Generic::ArraySortHelper`1.Sort()";0.0192;0.0074;0.2469;24657;24775;25904;11;43;9.37959998566657;0.0259105;0.0167;0.0257;724;2;2;2;362;24568;0.0021;0.2448;25904;25904;0
"Unity.TextMeshPro.dll!TMPro::TMP_Text.PopulateTextBackingArray()";0.0191;0.0028;0.4375999;25529;25941;24236;12;26;40.1976995524019;0.02300956;0.0107;0.0263;25272;12;2;64;1747;24216;0.0006;0.0731;24262;24267;0.0102
"Assembly-CSharp.dll!::TowerChargeGaugeView.Hide()";0.019;0.0042;0.1277;24625;24929;24220;6;15;1.10450000455603;0.02906579;0.0149;0.0306;63;1;1;14;38;24220;0.004;0.0721;24251;25538;0
"UnityEngine.CoreModule.dll!UnityEngine::RectTransform.SendReapplyDrivenProperties()";0.019;0.0087;1.4368;25852;24710;24220;10;22;15.1757998093963;0.0432359;0.0111;0.0371;627;1;1;31;351;24220;0.0083;0.1562;26017;25013;0
"Assembly-CSharp.dll!::EnemySpawner.get_Count()";0.01899998;0.0002;0.6900006;25080;25051;25516;7;12;28.0815044457122;0.03134096;0.0012;0.04099998;105076;112;1;440;896;24217;0.0001;0.3173;24217;25516;0
"UnityEngine.CoreModule.dll!UnityEngine::Transform.get_localRotation_Injected()";0.01889999;0.0002;0.1695;24276;26078;25081;8;8;48.6112825406599;0.02430564;0.0143;0.03379998;183487;101;2;113;2000;24216;0;0.123;24217;25081;0.01449999
"mscorlib.dll!System.Collections.Generic::List`1.Add()";0.01889998;0.0003;0.5704986;25214;26215;25290;7;48;42.9888240857108;0.02202296;0.0053;0.02879997;380289;234;1;1623;1952;24216;0;0.411;24216;25290;0.0023
"UnityEngine.UI.dll!UnityEngine.UI::MaskUtilities.GetRectMaskForClippable()";0.0188;0.0101;0.1498;24625;25184;24220;12;26;0.730199997313321;0.0456375;0.0106;0.0522;58;2;2;12;16;24220;0.004;0.038;25452;24220;0
"Assembly-CSharp.dll!::OrbitSatelliteBody.OnTriggerStay2D()";0.0187;0.0043;1.2808;24235;24911;24661;7;7;10.2756001222879;0.07904308;0.0102;0.0336;140;1;1;4;130;24216;0.0043;1.2258;24911;24247;0
"UnityEngine.IMGUIModule.dll!UnityEngine::GUIUtility.EndGUI()";0.0187;0.0142;0.1858;25413;24775;24661;4;5;46.04889997188;0.02556852;0.0162;0.0245;3814;2;2;6;1801;24216;0.0016;0.1417;24225;24386;0.0166
"TilemapRenderer.CheckDirtyChunks";0.0186;0.0109;0.117;24585;24740;25579;4;4;41.4187998399138;0.02299767;0.0158;0.0233;5403;3;3;3;1801;24216;0.0009;0.0862;24262;25215;0.0528
"mscorlib.dll!Mono::RuntimeGPtrArrayHandle..ctor()";0.01859999;0.01859999;0.01859999;25904;25904;25904;38;52;0.0185999870300293;0.01859999;0.01859999;0.01859999;102;102;102;102;1;25904;0.0001;0.0007;25904;25904;0
"Physics2D.RaycastAll";0.0185;0.0044;0.109;24951;25588;25263;10;20;26.2742998823524;0.02399479;0.0129;0.0286;1960;2;1;3;1095;24216;0.003;0.1008;24285;25263;0
"QueuePrepareIntegrateMainThreadObjects";0.0184;0;0.2438;24613;25976;24236;6;6;39.1561998184698;0.02174137;0.0135;0.0247;1801;1;1;1;1801;24216;0;0.2438;25976;24236;0.0559
"mscorlib.dll!System.Collections.Generic::ArraySortHelper`1.IntrospectiveSort()";0.0184;0.0069;0.246;25483;24775;25904;12;44;8.99559995066375;0.02484972;0.0161;0.0246;724;2;2;2;362;24568;0.0016;0.2444;25904;25904;0
"UnityEngine.CoreModule.dll!UnityEngine::Mesh.SetUvsImpl()";0.0184;0.0018;0.4193;25463;25673;24236;16;18;43.0055982032791;0.02461683;0.0119;0.0287;18599;9;1;53;1747;24216;0.0012;0.141;24218;25075;0.0076
"mscorlib.dll!System::Environment.get_Platform()";0.01839998;0.01839998;0.01839998;25904;25904;25904;22;31;0.01839997805655;0.01839998;0.01839998;0.01839998;238;238;238;238;1;25904;0;0.0017;25904;25904;0
"System.Core.dll!System.Collections.Generic::LargeArrayBuilder`1.AddWithBufferAllocation()";0.0182;0.0182;0.0182;25904;25904;25904;43;49;0.0182000007480383;0.0182;0.0182;0.0182;15;15;15;15;1;25904;0.0008;0.004;25904;25904;0
"Assembly-CSharp.dll!::PlayerService.remove_OnDamaged()";0.0182;0.0182;0.0182;26017;26017;26017;11;11;0.0182000007480383;0.0182;0.0182;0.0182;1;1;1;1;1;26017;0.0182;0.0182;26017;26017;0
"UnityEngine.CoreModule.dll!UnityEngine::Material.get_shaderKeywords()";0.0182;0.0182;0.0182;26017;26017;26017;13;14;0.0182000007480383;0.0182;0.0182;0.0182;25;25;25;25;1;26017;0.0005;0.0031;26017;26017;0
"UnityEngine.UI.dll!UnityEngine.UI::LayoutRebuilder.ReapplyDrivenProperties()";0.0182;0.0083;1.4219;24280;25387;24220;11;23;14.8524998184294;0.04231481;0.0107;0.0357;627;1;1;31;351;24220;0.0082;0.1549;24222;25013;0
"EnlightenRuntimeManager.SyncRuntimeData";0.0182;0.0182;0.0182;26017;26017;26017;10;11;0.0181999988853931;0.0182;0.0182;0.0182;2;2;2;2;1;26017;0.0077;0.0105;26017;26017;0
"mscorlib.dll!System::RuntimeType.FilterApplyConstructorInfo()";0.0181;0.0181;0.0181;25904;25904;25904;36;50;0.0181000009179115;0.0181;0.0181;0.0181;31;31;31;31;1;25904;0.0002;0.0031;25904;25904;0
"TMP Handle Horizontal Line Breaking";0.0181;0.0181;0.0181;25904;25904;25904;16;16;0.0181000009179115;0.0181;0.0181;0.0181;3;3;3;3;1;25904;0.0042;0.0074;25904;25904;0
"UnityEngine.CoreModule.dll!UnityEngine::Component.GetComponentsInParent()";0.0181;0.0053;0.1114;25904;25699;25663;16;19;0.452499998733401;0.02661765;0.0057;0.029;60;2;2;12;17;24220;0.0023;0.0304;25452;25663;0
"Unity.TextMeshPro.dll!TMPro::TMP_TextInfo..ctor()";0.0181;0.0181;0.0181;26017;26017;26017;10;10;0.0180999990552664;0.0181;0.0181;0.0181;5;5;5;5;1;26017;0.0024;0.0074;26017;26017;0
"mscorlib.dll!Mono.Globalization.Unicode::CodePointIndexer.ToIndex()";0.01809998;0.01809998;0.01809998;25904;25904;25904;32;41;0.0180999785661697;0.01809998;0.01809998;0.01809998;216;216;216;216;1;25904;0;0.0007;25904;25904;0
"System.Core.dll!System.Linq::Lookup`2.InternalGetHashCode()";0.018;0.018;0.018;25904;25904;25904;39;42;0.0180000010877848;0.018;0.018;0.018;40;40;40;40;1;25904;0.0003;0.0016;25904;25904;0
"Unity.ResourceManager.dll!UnityEngine.ResourceManagement.Util::LocationCacheKey.GetHashCode()";0.018;0.018;0.018;26017;26017;26017;18;20;0.0179999973624945;0.018;0.018;0.018;12;12;12;12;1;26017;0.0011;0.0025;26017;26017;0
"mscorlib.dll!System.Collections.ObjectModel::Collection`1.get_Item()";0.0179;0.0179;0.0179;25904;25904;25904;27;32;0.0178999975323677;0.0179;0.0179;0.0179;54;54;54;54;1;25904;0.0001;0.0023;25904;25904;0
"Assembly-CSharp.dll!::TowerChargeGaugeView.SnapToHost()";0.0178;0.0085;0.4978;25346;24740;24421;5;18;35.0962998066097;0.02571158;0.0104;0.0269;2443;1;1;7;1365;24216;0.0072;0.361;24271;24421;0.0091
"mscorlib.dll!System::RuntimeType.GetPropertiesByName_native()";0.0178;0.0178;0.0178;25904;25904;25904;40;44;0.0177999977022409;0.0178;0.0178;0.0178;30;30;30;30;1;25904;0.0003;0.002;25904;25904;0
"Assembly-CSharp.dll!::<Move>d__34.MoveNext()";0.0177;0.0048;0.4871;24956;24637;25491;5;20;42.2218996123411;0.02501297;0.01;0.0295;4601;2;1;9;1688;24216;0.004;0.4668;24285;25491;0.0056
"Unity.TextMeshPro.dll!TMPro::TMP_MeshInfo.Clear()";0.0177;0.0033;0.4181;25032;24593;24236;13;15;38.5032002942171;0.02203961;0.0105;0.0249;12635;6;1;32;1747;24216;0.0014;0.2297;24226;25445;0.0107
"Assembly-CSharp.dll!::ProjectileVfx.ResetToPrefabVisual()";0.0177;0.0053;0.5698;25273;24636;25400;7;19;2.70789994904771;0.0243955;0.0082;0.0236;210;2;1;4;111;24225;0.0051;0.4826;24996;25400;0
"Profiler.RequestScreenshot";0.0177;0.01;0.2265;25276;26176;26026;5;5;3.58889999240637;0.02698421;0.0152;0.0235;133;1;1;1;133;24226;0.01;0.2265;26176;26026;0
"Newtonsoft.Json.dll!Newtonsoft.Json.Utilities::TypeExtensions.IsEnum()";0.0177;0.0177;0.0177;25904;25904;25904;35;39;0.0176999997347593;0.0177;0.0177;0.0177;7;7;7;7;1;25904;0.0014;0.0068;25904;25904;0
"UnityEngine.CoreModule.dll!UnityEngine::Mesh.set_vertices()";0.0176;0.0022;0.6046;24990;24598;24236;13;17;39.6982004372403;0.02272364;0.0103;0.0255;12644;6;1;32;1747;24216;0.0015;0.1984;24303;24236;0.0123
"Newtonsoft.Json.dll!Newtonsoft.Json.Serialization::DefaultContractResolver.ShouldSkipSerializing()";0.0176;0.0176;0.0176;25904;25904;25904;36;39;0.0175999999046326;0.0176;0.0176;0.0176;5;5;5;5;1;25904;0.0018;0.0091;25904;25904;0
"mscorlib.dll!System.Reflection::RuntimeMethodInfo.GetMethodFromHandleNoGenericCheck()";0.0176;0.0176;0.1115999;26017;26017;25904;15;51;0.129199929535389;0.06459996;0.0176;0.0176;144;17;17;127;2;25904;0.0003;0.0041;26017;26017;0
"Assembly-CSharp.dll!::EnemyHpViewer.ClearForPool()";0.0175;0.0149;0.9877;24894;24929;25703;12;15;1.52819998469204;0.08043158;0.0157;0.0275;20;1;1;2;19;24220;0.0149;0.9877;24929;25703;0
"mscorlib.dll!System::Buffer.InternalMemcpy()";0.01749998;0.0011;0.4428993;25726;26172;24236;11;41;46.6847325606504;0.02334237;0.009099992;0.02729997;459987;174;8;1194;2000;24216;0;0.1132;24216;26030;0.01479999
"PreLateUpdate.ParticleSystemBeginUpdateAll";0.0174;0.0037;0.1237;24526;24775;25421;2;2;38.7766998235602;0.01938835;0.0087;0.0236;2000;1;1;1;2000;24216;0.0037;0.1237;24775;25421;0.0139
"mscorlib.dll!System.Collections.Generic::ArraySortHelper`1.IntroSort()";0.0174;0.0062;0.249;24691;24775;25904;13;45;8.48400000715628;0.02343646;0.0153;0.023;725;2;2;3;362;24568;0.0012;0.2439;25904;25904;0
"mscorlib.dll!::Enumerator.System.Collections.IEnumerator.get_Current()";0.01739999;0.01739999;0.01739999;25904;25904;25904;26;43;0.0173999909311533;0.01739999;0.01739999;0.01739999;57;57;57;57;1;25904;0.0001;0.0019;25904;25904;0
"Assembly-CSharp.dll!::Enemy.BindDefinition()";0.0173;0.0132;0.1831;24685;24715;24220;8;13;0.446599997580051;0.0406;0.0143;0.039;13;1;1;3;11;24220;0.0132;0.0868;24715;24220;0
"UnityEngine.CoreModule.dll!UnityEngine::Sprite.CreateSprite()";0.0173;0.0173;0.0173;25308;25308;25308;19;19;0.0173000004142523;0.0173;0.0173;0.0173;1;1;1;1;1;25308;0.0173;0.0173;25308;25308;0
"UnityEngine.UI.dll!UnityEngine.UI::Selectable.OnPointerExit()";0.0173;0.0166;0.0907;25554;24724;24859;12;12;0.173599999397993;0.0434;0.0166;0.049;4;1;1;1;4;24724;0.0166;0.0907;24724;24859;0
"mscorlib.dll!System.IO::MonoIO.GetFileType()";0.0173;0.0173;0.0173;25904;25904;25904;25;27;0.0173000004142523;0.0173;0.0173;0.0173;8;8;8;8;1;25904;0.0013;0.0035;25904;25904;0
"Newtonsoft.Json.dll!Newtonsoft.Json.Utilities::ImmutableCollectionsUtils.TryBuildImmutableForArrayContract()";0.0173;0.0173;0.0173;25904;25904;25904;35;35;0.0173000004142523;0.0173;0.0173;0.0173;1;1;1;1;1;25904;0.0173;0.0173;25904;25904;0
"UnityEngine.UI.dll!UnityEngine.UI::LayoutElement.OnEnable()";0.0173;0.0173;0.0173;26017;26017;26017;9;9;0.0173000004142523;0.0173;0.0173;0.0173;1;1;1;1;1;26017;0.0173;0.0173;26017;26017;0
"Assembly-CSharp.dll!::ProjectileVfx.NotifyMiss()";0.0173;0.0058;0.0599;24256;24381;25050;6;7;1.0100999972783;0.02061429;0.0119;0.023;80;1;1;3;49;24225;0.0045;0.0569;25547;25959;0
"UnityEngine.IMGUIModule.dll!UnityEngine::GUILayoutGroup..ctor()";0.0172;0.0131;0.158;24997;25224;24661;6;7;41.548499875702;0.02306968;0.015;0.0222;3814;2;2;6;1801;24216;0.0035;0.0764;25747;25811;0.0181
"mscorlib.dll!System::Array.Resize()";0.0172;0.0121;0.024;25452;24834;26017;15;43;0.0722999954596162;0.018075;0.0121;0.019;47;7;7;25;4;24834;0;0.0068;25904;26017;0
"UnityEngine.CoreModule.dll!UnityEngine::Mathf.Abs()";0.01719999;0.0028;0.2335999;24428;26095;24539;5;24;44.0890817723703;0.02204454;0.01329999;0.02209998;149484;70;16;215;2000;24216;0.0001;0.1029;24216;24993;0.01159999
"UnityEngine.TextCoreFontEngineModule.dll!UnityEngine.TextCore.LowLevel::FontEngine.GetMarkToBaseAdjustmentRecords()";0.0171;0.0056;0.0247;25904;25452;24539;17;18;0.0473999995738268;0.0158;0.0056;0.0171;8;2;2;4;3;24539;0.0024;0.0141;25452;24539;0
"UnityEngine.UI.dll!UnityEngine.UI::Graphic.CacheCanvas()";0.017;0.0044;0.7808009;24625;25904;26017;11;25;1.32540085818619;0.08283755;0.0114;0.0618;273;2;1;237;16;24220;0.0028;0.0411;26017;25215;0
"ParticleSystem.Update";0.017;0.0036;0.122;24495;24564;25421;3;10;37.9228998443577;0.01896145;0.0084;0.0231;2001;1;1;2;2000;24216;0.0036;0.122;24564;25421;0.0138
"Assembly-CSharp.dll!::<AttackThenSearch>d__14.MoveNext()";0.017;0.001;2.4808;24528;25410;24220;5;15;16.967299861717;0.08079667;0.0021;0.0591;271;1;1;4;210;24220;0.0009;1.4753;24251;24220;0
"Unity.TextMeshPro.dll!TMPro::TMP_Text.GetEllipsisSpecialCharacter()";0.017;0.0056;0.047;26017;25452;24539;12;16;0.0959999971091747;0.024;0.0056;0.0264;8;1;1;5;4;24539;0.0028;0.047;26017;24539;0
"UnityEngine.UI.dll!UnityEngine.UI::LayoutElement.SetDirty()";0.017;0.017;0.017;26017;26017;26017;10;10;0.0169999990612268;0.017;0.017;0.017;1;1;1;1;1;26017;0.017;0.017;26017;26017;0
"TilemapRenderer.CameraBoundsCheck";0.0168;0.0116;0.4146;25984;24484;24519;4;4;40.422999815084;0.02244475;0.0149;0.0206;5403;3;3;3;1801;24216;0.0017;0.3816;24217;24519;0.0309
"UnityEngine.UI.dll!UnityEngine.UI::Graphic.SetVerticesDirty()";0.0168;0.0058;0.2333;25049;25531;24220;9;26;25.4060998754576;0.0219586;0.0121;0.0255;2193;2;1;11;1157;24216;0.0005;0.136;26017;24788;0
"Newtonsoft.Json.dll!Newtonsoft.Json.Utilities::TypeExtensions.IsGenericType()";0.0167;0.0167;0.0167;25904;25904;25904;34;41;0.0167000014334917;0.0167;0.0167;0.0167;55;55;55;55;1;25904;0.0002;0.0011;25904;25904;0
"UnityEngine.CoreModule.dll!UnityEngine::GameObject.GetComponentInParent()";0.0167;0.0112;0.0655;24568;25476;24577;10;12;0.525399995967746;0.02284348;0.013;0.0232;69;3;3;3;23;24565;0.0033;0.0231;25476;24577;0
"Newtonsoft.Json.dll!Newtonsoft.Json.Utilities::ReflectionUtils.InheritsGenericDefinition()";0.0167;0.0167;0.0167;25904;25904;25904;35;36;0.0166999995708466;0.0167;0.0167;0.0167;2;2;2;2;1;25904;0.0082;0.0085;25904;25904;0
"UnityEngine.CoreModule.dll!UnityEngine::Transform.set_localRotation_Injected()";0.01669999;0.0004;0.167;25917;26074;25393;8;8;44.1181833131996;0.02205909;0.01229999;0.02699998;183487;101;2;113;2000;24216;0;0.1557;24217;25393;0.01239999
"UnityEngine.CoreModule.dll!UnityEngine::Mesh.get_canAccess()";0.01660001;0.0018;0.3969001;24978;25956;24236;14;20;37.6153000432532;0.02153137;0.009400002;0.0245;90756;42;6;234;1747;24216;0.0002;0.0709;24216;25376;0.0089
"UnityEngine.CoreModule.dll!UnityEngine::Gradient.SetKeys()";0.0166;0.0056;0.2598;25769;25543;25400;8;25;13.1109998896718;0.02181531;0.0123;0.0239;4318;6;2;18;601;24216;0.0006;0.0399;24217;25389;0
"mscorlib.dll!System::RuntimeType.GetFields_native()";0.0166;0.0166;0.0166;25904;25904;25904;38;44;0.0165999997407198;0.0166;0.0166;0.0166;28;28;28;28;1;25904;0.0002;0.0012;25904;25904;0
"UnityEngine.UI.dll!UnityEngine.EventSystems::EventSystem.IsPointerOverGameObject()";0.0165;0.0089;0.4861;24417;25916;26010;5;6;38.1409998051822;0.02117768;0.0133;0.0215;7204;4;4;4;1801;24216;0.0019;0.2298;24300;26010;0.0108
"UnityEngine.CoreModule.dll!UnityEngine::Object.GetInstanceID()";0.0164;0.0002;3.0375;25382;25972;24387;6;28;38.9332975846191;0.0222476;0.0087;0.02399999;91330;42;1;243;1750;24216;0.0002;2.979;24216;24387;0.009400001
"mscorlib.dll!System::Char.GetUnicodeCategory()";0.0164;0.0164;0.0164;25904;25904;25904;33;41;0.0164000019431114;0.0164;0.0164;0.0164;48;48;48;48;1;25904;0.0002;0.0014;25904;25904;0
"mscorlib.dll!System::GC._SuppressFinalize()";0.0164;0.0164;0.0164;25904;25904;25904;21;30;0.0164000000804663;0.0164;0.0164;0.0164;20;20;20;20;1;25904;0.0001;0.0034;25904;25904;0
"System.Core.dll!System.Linq::Enumerable.Any()";0.0164;0.0164;0.0164;25904;25904;25904;38;42;0.0163999982178211;0.0164;0.0164;0.0164;15;15;15;15;1;25904;0.0004;0.003;25904;25904;0
"Physics2D.ContactsCollide";0.0163;0.0044;0.1712;24469;25974;25267;5;5;37.5547997835092;0.02488721;0.0105;0.0329;1533;1;1;2;1509;24216;0.0029;0.1712;25907;25267;0
"PostLateUpdate.UpdateAudio";0.0163;0.0074;0.2497;24474;24740;25499;2;2;37.8525997926481;0.0189263;0.0142;0.0191;2000;1;1;1;2000;24216;0.0074;0.2497;24740;25499;0.0384
"Newtonsoft.Json.dll!Newtonsoft.Json::JsonContainerAttribute[].System.Collections.Generic.ICollection`1.get_Count()";0.01629999;0.01629999;0.01629999;25904;25904;25904;41;46;0.0162999946624041;0.01629999;0.01629999;0.01629999;76;76;76;76;1;25904;0.0001;0.0011;25904;25904;0
"Assembly-CSharp.dll!::Enemy.OnTriggerEnter2D()";0.0161;0.0003;0.1061;24639;24290;25185;7;7;2.97359998323373;0.02219104;0.0097;0.0315;161;1;1;6;134;24220;0.0003;0.0721;24290;25185;0
"UnityEngine.CoreModule.dll!UnityEngine::Mesh.Clear()";0.0161;0.0056;0.2247;24921;25582;24486;14;17;23.2352998880669;0.02015204;0.0139;0.0205;1497;1;1;12;1153;24216;0.001;0.2247;26017;24486;0
"UnityEngine.UI.dll!UnityEngine.UI::LayoutGroup.GetStartOffset()";0.0161;0.0161;0.0161;26017;26017;26017;15;15;0.016100000590086;0.0161;0.0161;0.0161;3;3;3;3;1;26017;0.0029;0.0075;26017;26017;0
"Newtonsoft.Json.dll!Newtonsoft.Json.Utilities::ReflectionUtils.GetMemberUnderlyingType()";0.0161;0.0161;0.0161;25904;25904;25904;35;38;0.0160999987274408;0.0161;0.0161;0.0161;20;20;20;20;1;25904;0.0005;0.0017;25904;25904;0
"UnityEngine.CoreModule.dll!UnityEngine::Material.GetShaderKeywords()";0.0159;0.0159;0.0159;26017;26017;26017;14;15;0.0159000009298325;0.0159;0.0159;0.0159;25;25;25;25;1;26017;0.0004;0.0029;26017;26017;0
"UnityEngine.CoreModule.dll!UnityEngine::Mesh.ClearImpl()";0.0159;0.0054;0.2237;25160;25582;24486;15;18;22.9227998717688;0.01988101;0.0137;0.0202;1497;1;1;12;1153;24216;0.0009;0.2237;26017;24486;0
"UnityEngine.UI.dll!UnityEngine.EventSystems::StandaloneInputModule.SendMoveEventToSelectedObject()";0.0158;0.0107;0.2376;24378;24221;25790;6;6;46.1374998027459;0.02308029;0.0123;0.0247;1999;1;1;1;1999;24216;0.0107;0.2376;24221;25790;0.0116
"mscorlib.dll!System.Collections.Generic::ArraySortHelper`1.SwapIfGreater()";0.0158;0.0033;0.1296;25533;25904;24698;14;46;7.51250000065193;0.02075276;0.0139;0.0212;2054;6;2;6;362;24568;0.0005;0.037;25904;25701;0
"UnityEngine.CoreModule.dll!UnityEngine::Behaviour.get_isActiveAndEnabled()";0.01570001;0.0004;0.8160005;24750;26084;25282;5;28;67.9683047506551;0.03398415;0.0084;0.03449998;135894;35;1;627;2000;24216;0.0002;0.363;24216;25743;0.0059
"UnityEngine.UI.dll!UnityEngine.EventSystems::PointerEventData..ctor()";0.0157;0.0157;0.0157;26018;26018;26018;10;10;0.0156999994069338;0.0157;0.0157;0.0157;3;3;3;3;1;26018;0.0034;0.0081;26018;26018;0
"Newtonsoft.Json.dll!Newtonsoft.Json::JsonTextWriter.WriteNumberToBuffer()";0.0156;0.0156;0.0156;25904;25904;25904;32;38;0.0156000014394522;0.0156;0.0156;0.0156;27;27;27;27;1;25904;0.0002;0.0024;25904;25904;0
"mscorlib.dll!System.IO::StreamWriter.Write()";0.0156;0.0156;0.0156;25904;25904;25904;19;20;0.0155999986454844;0.0156;0.0156;0.0156;4;4;4;4;1;25904;0.0028;0.0053;25904;25904;0
"Unity.Addressables.dll!::ResourceLocation.Hash()";0.0156;0.0156;0.0156;26017;26017;26017;19;21;0.0155999986454844;0.0156;0.0156;0.0156;12;12;12;12;1;26017;0.001;0.0018;26017;26017;0
"Newtonsoft.Json.dll!Newtonsoft.Json.Serialization::JsonSerializerInternalWriter.ShouldSerialize()";0.01559999;0.01559999;0.01559999;25904;25904;25904;28;33;0.0155999949201941;0.01559999;0.01559999;0.01559999;54;54;54;54;1;25904;0.0001;0.0013;25904;25904;0
"UnityEngine.UIModule.dll!UnityEngine::RectTransformUtility.PointInRectangle_Injected()";0.0155;0.0045;0.5311001;25885;26105;24445;14;14;44.6066020899452;0.02272369;0.0114;0.0304;52734;26;12;32;1963;24216;0.0001;0.4575;24549;24445;0.0116
"RenderForwardAlpha.Prepare";0.0155;0.0001;0.1505;25615;26018;24236;6;6;40.4941997705464;0.0202471;0.0139;0.0215;2000;1;1;1;2000;24216;0.0001;0.1505;26018;24236;0.0178
"UnityEngine.CoreModule.dll!UnityEngine::Mesh.ClearImpl_Injected()";0.0154;0.0051;0.2214;24813;25582;24486;16;19;22.1582998991944;0.01921795;0.0133;0.0195;1497;1;1;12;1153;24216;0.0006;0.2214;26017;24486;0
"mscorlib.dll!System::RuntimeTypeHandle.GetGenericTypeDefinition()";0.0153;0.0153;0.0153;25904;25904;25904;36;40;0.0153000010177493;0.0153;0.0153;0.0153;24;24;24;24;1;25904;0.0002;0.0044;25904;25904;0
"Assembly-CSharp.dll!::EnemyHpViewer.ApplyVisualStyle()";0.0153;0.0129;0.9785;24894;24929;25703;9;16;1.90540002845228;0.06570345;0.0138;0.0304;33;1;1;4;29;24220;0.0129;0.9785;24929;25703;0
"mscorlib.dll!System.Collections::Hashtable.ContainsKey()";0.0153;0.0153;0.0153;25904;25904;25904;39;47;0.0153000000864267;0.0153;0.0153;0.0153;14;14;14;14;1;25904;0.0008;0.0016;25904;25904;0
"Newtonsoft.Json.dll!Newtonsoft.Json.Serialization::JsonPrimitiveContract..ctor()";0.0153;0.0153;0.0153;25904;25904;25904;34;34;0.0153000000864267;0.0153;0.0153;0.0153;1;1;1;1;1;25904;0.0153;0.0153;25904;25904;0
"Unity.TextMeshPro.dll!TMPro::MaterialReference..ctor()";0.0151;0.0021;0.3805001;25236;24593;24236;12;27;33.2470006686635;0.01903091;0.0083;0.0218;25272;12;2;64;1747;24216;0.0007;0.095;24218;25421;0.009299999
"UnityEngine.UI.dll!UnityEngine.UI::CanvasUpdateRegistry.RegisterCanvasElementForGraphicRebuild()";0.0151;0.0056;0.6378;24582;25587;24220;7;27;25.1058998722583;0.02140315;0.0108;0.024;2463;2;1;48;1173;24216;0.003;0.1331;25669;24788;0
"Unity.TextMeshPro.dll!TMPro::TMP_ListPool`1.Release()";0.0151;0.0068;0.0431;26017;25904;24539;11;24;0.11619999492541;0.02324;0.0092;0.042;30;6;2;10;5;24539;0.001;0.0103;25452;24539;0
"mscorlib.dll!System.Reflection::FieldInfo.get_IsLiteral()";0.01509999;0.01509999;0.01509999;25904;25904;25904;31;39;0.0150999901816249;0.01509999;0.01509999;0.01509999;74;74;74;74;1;25904;0.0001;0.0005;25904;25904;0
"System.Core.dll!System.Collections.Generic::HashSet`1.InternalGetHashCode()";0.01500001;0.0021;0.2936001;25557;25941;24236;8;29;33.9824984464794;0.01944079;0.0088;0.02139999;76654;36;4;213;1748;24216;0.0002;0.0358;24216;24996;0.0082
"mscorlib.dll!System.Collections.Generic::ValueListBuilder`1.AsSpan()";0.015;0.015;0.015;25904;25904;25904;24;32;0.0149999996647239;0.015;0.015;0.015;20;20;20;20;1;25904;0.0004;0.0019;25904;25904;0
"mscorlib.dll!System.IO::Path.CleanPath()";0.0149;0.0149;0.0149;25904;25904;25904;19;27;0.0149000007659197;0.0149;0.0149;0.0149;7;7;7;7;1;25904;0.0002;0.0073;25904;25904;0
"Unity.ResourceManager.dll!UnityEngine.ResourceManagement::ResourceManager.CleanupSceneInstances()";0.0149;0.0149;0.0149;26017;26017;26017;13;13;0.0148999998345971;0.0149;0.0149;0.0149;1;1;1;1;1;26017;0.0149;0.0149;26017;26017;0
"UnityEngine.CoreModule.dll!UnityEngine::Component.GetComponent()";0.0149;0.0023;0.234;25270;24658;24220;5;22;29.8126000743359;0.01804637;0.0091;0.0232;10377;6;1;49;1652;24216;0.0005;0.0592;24221;25722;0.0027
"UnityEngine.CoreModule.dll!Unity.Collections.LowLevel.Unsafe::UnsafeUtility.As()";0.01489998;0;0.3904005;24372;26085;25282;8;33;48.9474523891186;0.02447373;0.01049999;0.02609997;582216;230;3;1593;2000;24216;0;0.2955;24216;25403;0.008199996
"UnityEngine.UI.dll!UnityEngine.UI::Slider.UpdateCachedReferences()";0.0148;0.0108;0.1603;24685;25699;24220;16;21;0.390499997884035;0.0355;0.0118;0.0367;13;1;1;3;11;24220;0.0108;0.056;25699;24220;0
"Unity.TextMeshPro.dll!TMPro::MaterialReference.AddMaterialReference()";0.0148;0.0023;0.3612;25177;24581;24236;14;27;32.235199555289;0.01845174;0.0081;0.0211;12636;6;1;32;1747;24216;0.0015;0.143;24218;24486;0.0093
"Unity.TextMeshPro.dll!TMPro::TMP_Text.GetUnderlineSpecialCharacter()";0.0147;0.0147;0.0147;26017;26017;26017;12;12;0.0147000011056662;0.0147;0.0147;0.0147;5;5;5;5;1;26017;0.0026;0.0042;26017;26017;0
"Newtonsoft.Json.dll!Newtonsoft.Json.Utilities::ReflectionUtils.CanReadMemberValue()";0.0147;0.0147;0.0147;25904;25904;25904;35;38;0.0147000001743436;0.0147;0.0147;0.0147;20;20;20;20;1;25904;0.0005;0.0016;25904;25904;0
"UnityEngine.UI.dll!UnityEngine.UIElements::UIToolkitInteroperabilityBridge.OnDisable()";0.0147;0.0147;0.0147;26017;26017;26017;13;13;0.0147000001743436;0.0147;0.0147;0.0147;1;1;1;1;1;26017;0.0147;0.0147;26017;26017;0
"mscorlib.dll!System.Runtime.InteropServices::GCHandle.CanDereferenceHandle()";0.01469998;0;0.4033987;24867;26081;24220;8;33;47.424454102118;0.02371223;0.01009999;0.02569996;568797;223;3;1539;2000;24216;0;0.0557;24216;24520;0.006199997
"mscorlib.dll!Mono::RuntimeGPtrArrayHandle.get_Length()";0.01469998;0.01469998;0.01469998;25904;25904;25904;38;54;0.0146999843418598;0.01469998;0.01469998;0.01469998;289;289;289;289;1;25904;0;0.0002;25904;25904;0
"UnityEngine.CoreModule.dll!UnityEngine::Material.GetFloat()";0.0145;0.0016;0.3812001;25334;25942;24539;13;15;33.6406968259253;0.01925627;0.0079;0.0201;49301;22;2;166;1747;24216;0.0003;0.0901;24217;24362;0.008899999
"Newtonsoft.Json.dll!Newtonsoft.Json.Serialization::DefaultContractResolver.IsConcurrentOrObservableCollection()";0.0145;0.0145;0.0145;25904;25904;25904;37;40;0.0145000014454126;0.0145;0.0145;0.0145;10;10;10;10;1;25904;0.0003;0.0068;25904;25904;0
"UnityEngine.IMGUIModule.dll!UnityEngine::GUILayoutEntry..ctor()";0.0145;0.0109;0.1366;25138;24250;24661;7;8;35.1180997230113;0.01949922;0.0126;0.0188;3814;2;2;6;1801;24216;0.0031;0.0692;25747;25229;0.0161
"sceneLoadedAfterAwake.Invoke";0.0145;0.0145;0.0145;26017;26017;26017;8;8;0.0144999995827675;0.0145;0.0145;0.0145;1;1;1;1;1;26017;0.0145;0.0145;26017;26017;0
"AudioManager.Update";0.0144;0.0065;0.2402;24581;24740;25499;3;3;33.4656997644342;0.01673285;0.0125;0.0169;2000;1;1;1;2000;24216;0.0065;0.2402;24740;25499;0.0345
"Unity.ResourceManager.dll!UnityEngine.ResourceManagement.Profiling::EngineEmitter.EmitFrameMetaData()";0.0144;0.0097;0.2576;24882;26137;24446;8;8;40.8728997558355;0.02043645;0.0126;0.02;8000;4;4;4;2000;24216;0.0009;0.2183;24265;24446;0.01
"UnityEngine.TextCoreFontEngineModule.dll!UnityEngine.TextCore.LowLevel::FontEngine.GetLigatureSubstitutionRecords()";0.0144;0.0111;0.0394;25452;25904;24539;22;23;0.0648999959230423;0.02163333;0.0111;0.0144;12;4;2;6;3;24539;0.0014;0.0213;25452;24539;0
"Newtonsoft.Json.dll!Newtonsoft.Json.Serialization::JsonSerializerInternalWriter.IsSpecified()";0.0144;0.0144;0.0144;25904;25904;25904;28;33;0.0143999978899956;0.0144;0.0144;0.0144;54;54;54;54;1;25904;0.0001;0.0013;25904;25904;0
"UnityEngine.CoreModule.dll!UnityEngine::Quaternion.Internal_FromEulerRad_Injected()";0.01439999;0.0009;0.3036992;25955;26074;24916;8;22;38.8041789983399;0.01940209;0.01149999;0.01999998;184110;101;2;114;2000;24216;0;0.2901;24217;24916;0.01049999
"UnityEngine.UI.dll!UnityEngine.UI::CanvasUpdateRegistry.InternalRegisterCanvasElementForGraphicRebuild()";0.0143;0.0052;0.6075;24573;25587;24220;8;28;23.7469998444431;0.02024467;0.0102;0.0227;2463;2;1;48;1173;24216;0.0029;0.1315;25184;24788;0
"DestroyCullResults";0.0143;0.0015;0.122;25387;26018;25198;4;4;36.1600998645881;0.01808005;0.0125;0.0188;2000;1;1;1;2000;24216;0.0015;0.122;26018;25198;0.0217
"mscorlib.dll!System.Collections.Generic::ComparisonComparer`1.Compare()";0.0142;0.0142;0.0142;25904;25904;25904;44;47;0.0142000028863549;0.0142;0.0142;0.0142;36;36;36;36;1;25904;0.0003;0.0009;25904;25904;0
"mscorlib.dll!::ListBuilder`1.ToArray()";0.0142;0.0142;0.0142;25904;25904;25904;35;49;0.0142000010237098;0.0142;0.0142;0.0142;38;38;38;38;1;25904;0.0001;0.0013;25904;25904;0
"Unity.TextMeshPro.dll!TMPro::TextMeshProUGUI.InternalUpdate()";0.0142;0.0041;0.2658;24500;26105;24446;8;8;35.6841988968663;0.0178421;0.0121;0.0181;26133;13;5;16;2000;24216;0.0005;0.2045;24220;24446;0.0104
"Assembly-CSharp.dll!::GridHoverOverlay.DrawCell()";0.0142;0.0114;0.0713;24580;24866;24870;5;5;1.72440000064671;0.01690588;0.0129;0.0172;102;1;1;1;102;24457;0.0114;0.0713;24866;24870;0
"Assembly-CSharp.dll!::WaveStartButtonView.SetBusy()";0.0142;0.0142;0.0142;25904;25904;25904;17;17;0.0142000000923872;0.0142;0.0142;0.0142;1;1;1;1;1;25904;0.0142;0.0142;25904;25904;0
"didChangeActiveScene.Invoke";0.0142;0.0142;0.0142;26017;26017;26017;7;7;0.0142000000923872;0.0142;0.0142;0.0142;1;1;1;1;1;26017;0.0142;0.0142;26017;26017;0
"Newtonsoft.Json.dll!Newtonsoft.Json.Serialization::JsonProperty.set_PropertyName()";0.01409999;0.01409999;0.01409999;25904;25904;25904;34;39;0.0140999937430024;0.01409999;0.01409999;0.01409999;40;40;40;40;1;25904;0.0002;0.0016;25904;25904;0
"mscorlib.dll!System::String.CreateTrimmedString()";0.01409998;0.01409998;0.01409998;25904;25904;25904;21;33;0.0140999834984541;0.01409998;0.01409998;0.01409998;232;232;232;232;1;25904;0;0.0001;25904;25904;0
"UnityEngine.UIModule.dll!UnityEngine::CanvasRenderer.get_cull()";0.014;0.0037;0.1858;25342;26018;24445;11;12;37.6416016707662;0.01916578;0.0112;0.0221;55717;28;12;38;1964;24216;0.0002;0.1339;24221;24352;0.0104
"SceneManager.LoadSceneAsyncInto";0.014;0.014;0.014;26016;26016;26016;24;24;0.0139999995008111;0.014;0.014;0.014;1;1;1;1;1;26016;0.014;0.014;26016;26016;0
"System.Core.dll!System.Linq::Enumerable.Count()";0.0139;0.0139;0.0139;25904;25904;25904;36;39;0.0139000033959746;0.0139;0.0139;0.0139;40;40;40;40;1;25904;0.0002;0.0025;25904;25904;0
"System.Core.dll!System.Linq::Enumerable.Contains()";0.0139;0.0139;0.0139;26017;26017;26017;13;14;0.0139000015333295;0.0139;0.0139;0.0139;30;30;30;30;1;26017;0.0003;0.0019;26017;26017;0
"mscorlib.dll!System.Reflection::RuntimeMethodInfo.GetMethodFromHandleInternalType_native()";0.0139;0.0139;0.06690001;26017;26017;25904;16;52;0.0808000052347779;0.0404;0.0139;0.0139;144;17;17;127;2;25904;0.0001;0.0037;25904;26017;0
"UnityEngine.CoreModule.dll!UnityEngine.Profiling::Profiler.EmitFrameMetaData()";0.0138;0.009000001;0.2517;24249;26137;26148;9;9;38.9734998997301;0.01948675;0.0121;0.0193;8000;4;4;4;2000;24216;0.0008;0.2138;24285;26148;0.0094
"Newtonsoft.Json.dll!Newtonsoft.Json::DefaultJsonNameTable.AddEntry()";0.0138;0.0138;0.0138;25904;25904;25904;35;38;0.0138000007718801;0.0138;0.0138;0.0138;17;17;17;17;1;25904;0.0005;0.0018;25904;25904;0
"mscorlib.dll!System.Text::StringBuilder.ExpandByABlock()";0.0138;0.0138;0.0138;25904;25904;25904;34;40;0.0137999998405576;0.0138;0.0138;0.0138;4;4;4;4;1;25904;0.0022;0.0042;25904;25904;0
"UnityEngine.UI.dll!UnityEngine.UI::CanvasUpdateRegistry.TryRegisterCanvasElementForLayoutRebuild()";0.0138;0.0138;0.0138;26017;26017;26017;13;22;0.013799998909235;0.0138;0.0138;0.0138;4;4;4;4;1;26017;0.0023;0.0044;26017;26017;0
"mscorlib.dll!System::RuntimeType.FilterApplyMethodBase()";0.01379999;0.01379999;0.01379999;25904;25904;25904;37;51;0.0137999877333641;0.01379999;0.01379999;0.01379999;129;129;129;129;1;25904;0;0.0028;25904;25904;0
"UnityEngine.UI.dll!UnityEngine.UI.Collections::IndexedSet`1.AddUnique()";0.0137;0.005;0.8428001;24526;25587;24539;9;29;24.3505000066943;0.02075917;0.0098;0.0215;2551;2;1;71;1173;24216;0.0027;0.1298;25669;24788;0
"UnityEngine.CoreModule.dll!UnityEngine::Sprite.CreateSprite_Injected()";0.0137;0.0137;0.0137;25308;25308;25308;20;20;0.0137000000104308;0.0137;0.0137;0.0137;1;1;1;1;1;25308;0.0137;0.0137;25308;25308;0
"mscorlib.dll!System::DefaultBinder.BindToMethod()";0.0137;0.0137;0.0137;25904;25904;25904;45;48;0.0137000000104308;0.0137;0.0137;0.0137;2;2;2;2;1;25904;0.0065;0.0072;25904;25904;0
"Unity.TextMeshPro.dll!TMPro::TMP_Text.set_text()";0.0136;0.0066;0.7646;24530;25317;24220;5;19;45.9145998074673;0.0254798;0.0086;0.0263;4164;2;2;8;1802;24216;0.0003;0.26;24689;24220;0.0089
"Unity.TextMeshPro.dll!TMPro::TMP_UpdateManager.InternalUnRegisterTextElementForGraphicRebuild()";0.0136;0.0057;0.2416;25464;25071;24220;14;14;4.09109995421022;0.02164603;0.0098;0.0242;226;1;1;5;189;24220;0.0041;0.1272;25330;24220;0
"Assembly-CSharp.dll!::Projectile.IsOffCamera()";0.0136;0.0054;0.2012;25803;25472;24289;5;5;18.3550999299623;0.02126895;0.0089;0.0253;1748;1;1;6;863;24216;0.0041;0.0782;24221;25768;0
"Unity.TextMeshPro.dll!TMPro::TMP_ObjectPool`1.Release()";0.0136;0.0062;0.0382;26017;25904;24539;12;25;0.103099997155368;0.02062;0.0082;0.0369;30;6;2;10;5;24539;0.001;0.0091;25452;24539;0
"Physics2D.CircleColliderPrepareShapes";0.01359999;0.0006;0.1681;25502;24275;25790;7;25;34.0378842888167;0.02234923;0.01039999;0.02459998;153627;101;1;117;1523;24216;0;0.1223;24216;25267;0
"ScheduleUpdateRendererBoundingVolumes";0.0135;0.0054;0.3464;25917;26007;25244;3;3;33.6634998302907;0.01869156;0.0113;0.0163;1801;1;1;1;1801;24216;0.0054;0.3464;26007;25244;0.0221
"Assembly-CSharp.dll!::TitleFlow.Wire()";0.0135;0.0135;0.0135;26017;26017;26017;10;10;0.0135000003501773;0.0135;0.0135;0.0135;3;3;3;3;1;26017;0.0034;0.0057;26017;26017;0
"System.Core.dll!System.Linq::Enumerable.Where()";0.0134;0.0134;0.0134;25904;25904;25904;34;41;0.0134000005200505;0.0134;0.0134;0.0134;9;9;9;9;1;25904;0.0004;0.0026;25904;25904;0
"UnityEngine.CoreModule.dll!UnityEngine::Texture2D.SetPixels32()";0.0134;0.0134;0.0134;25308;25308;25308;16;17;0.013399999588728;0.0134;0.0134;0.0134;2;2;2;2;1;25308;0.0065;0.0069;25308;25308;0
"UnityEngine.IMGUIModule.dll!UnityEngine::GUILayoutUtility.Layout()";0.0134;0.0096;0.1226;25652;25200;24386;5;6;32.2986998315901;0.01793376;0.0115;0.0175;1907;1;1;3;1801;24216;0.0061;0.1226;25786;24386;0.0118
"Physics2D.OverlapCircleAll";0.0134;0.0064;0.0774;25690;24732;24521;10;13;1.42149998340756;0.01895333;0.0099;0.0232;76;1;1;2;75;24225;0.0064;0.0774;24732;24521;0
"UnityEngine.UI.dll!UnityEngine.EventSystems::EventSystem.ChangeEventModule()";0.0134;0.0134;0.0134;26017;26017;26017;5;5;0.013399999588728;0.0134;0.0134;0.0134;1;1;1;1;1;26017;0.0134;0.0134;26017;26017;0
"mscorlib.dll!Mono::RuntimeGPtrArrayHandle.GPtrArrayFree()";0.01339999;0.01339999;0.01339999;25904;25904;25904;39;53;0.0133999902755022;0.01339999;0.01339999;0.01339999;102;102;102;102;1;25904;0.0001;0.0009;25904;25904;0
"TMP Calculate Vertices Position";0.0133;0.0013;0.4675;24519;25939;25075;13;15;31.3680976716569;0.01795541;0.0071;0.0186;24608;11;1;83;1747;24216;0.0007;0.4606;24217;25075;0.0079
"TMP.UnregisterTextElementForGraphicRebuild";0.0133;0.0054;0.2386;25464;25071;24220;15;15;3.9565999424085;0.02093439;0.0094;0.0234;226;1;1;5;189;24220;0.0037;0.1256;25330;24220;0
"Newtonsoft.Json.dll!Newtonsoft.Json.Serialization::JsonProperty.get_PropertyContract()";0.01329999;0.01329999;0.01329999;25904;25904;25904;28;33;0.0132999885827303;0.01329999;0.01329999;0.01329999;154;154;154;154;1;25904;0;0.0014;25904;25904;0
"mscorlib.dll!System.IO::StringWriter..ctor()";0.0132;0.0132;0.0132;25904;25904;25904;21;24;0.013200000859797;0.0132;0.0132;0.0132;8;8;8;8;1;25904;0.0006;0.0041;25904;25904;0
"UnityEngine.UI.dll!UnityEngine.UI::Image.TrackSprite()";0.0132;0.0083;0.1276;24625;24715;24220;8;23;0.49900000821799;0.0311875;0.0087;0.0277;47;2;2;7;16;24220;0.0035;0.0337;26017;24220;0
"mscorlib.dll!System.Reflection::FieldInfo.get_IsStatic()";0.0132;0.0132;0.0132;25904;25904;25904;31;36;0.0131999962031841;0.0132;0.0132;0.0132;54;54;54;54;1;25904;0.0001;0.0012;25904;25904;0
"UnityEngine.UI.dll!UnityEngine.UI::LayoutGroup.get_rectTransform()";0.0131;0.0131;0.0131;26017;26017;26017;10;16;0.0131000000983477;0.0131;0.0131;0.0131;12;12;12;12;1;26017;0.0005;0.002;26017;26017;0
"UnityEngine.InputLegacyModule.dll!UnityEngine::CameraRaycastHelper.RaycastTry2D()";0.013;0.0013;0.1262;24240;26024;25245;5;5;40.4355997943785;0.02058839;0.0078;0.0255;1964;1;1;1;1964;24216;0.0013;0.1262;26024;25245;0.0232
"UnityEngine.IMGUIModule.dll!UnityEngine::GUILayoutEntry.set_style()";0.013;0.0099;0.1224;25313;24250;24661;8;9;31.7416999358684;0.01762449;0.0114;0.0169;3814;2;2;6;1801;24216;0.0028;0.0657;25747;25229;0.0148
"UnityEngine.UI.dll!UnityEngine.EventSystems::ExecuteEvents.GetEventChain()";0.013;0.0006;0.1035;25729;25786;25702;10;10;0.736300000920892;0.01795854;0.0026;0.0197;41;1;1;1;41;24539;0.0006;0.1035;25786;25702;0
"UnityEngine.CoreModule.dll!UnityEngine::GameObject.CompareTag()";0.013;0.0035;0.1975;24223;24835;24311;6;22;22.4069998555351;0.01848762;0.0084;0.0235;5766;4;1;28;1212;24216;0.0009;0.1823;24226;24311;0
"UnityEngine.IMGUIModule.dll!UnityEngine::GUIUtility.ResetGlobalState()";0.013;0.0089;0.1531;25985;24629;25395;5;6;31.4843997815624;0.01748162;0.011;0.0171;3814;2;2;6;1801;24216;0.0024;0.1381;25747;25395;0.0103
"Assembly-CSharp.dll!::<MoveToPath>d__9.MoveNext()";0.0129;0.0048;0.1194;24331;24271;25400;5;9;22.7875999007374;0.01617289;0.0069;0.0182;1409;1;1;1;1409;24216;0.0048;0.1194;24271;25400;0.0057
"Render.OpaqueGeometry";0.0129;0.0046;0.1373;24508;26018;26130;5;5;32.011099814903;0.01600555;0.0113;0.016;2000;1;1;1;2000;24216;0.0046;0.1373;26018;26130;0.021
"mscorlib.dll!System.Text::StringBuilder..ctor()";0.0129;0.0129;0.0129;25904;25904;25904;21;41;0.0128999995067716;0.0129;0.0129;0.0129;12;12;12;12;1;25904;0.0001;0.0035;25904;25904;0
"RenderLoop.CleanupNodeQueue";0.0128;0.0003;0.1085;25125;26152;24271;4;5;32.306299750082;0.01615315;0.0112;0.017;12000;6;6;6;2000;24216;0;0.1054;24216;24271;0.0205
"UnityEngine.UI.dll!::<>c.<StripDisabledBehavioursFromList>b__10_0()";0.0128;0.0128;0.0128;26017;26017;26017;14;15;0.0128000006079674;0.0128;0.0128;0.0128;10;10;10;10;1;26017;0.0004;0.0037;26017;26017;0
"mscorlib.dll!System::RuntimeType.CreateInstanceDefaultCtor()";0.0128;0.0128;0.0128;25904;25904;25904;46;49;0.0127999996766448;0.0128;0.0128;0.0128;2;2;2;2;1;25904;0.0061;0.0067;25904;25904;0
"Unity.TextMeshPro.dll!TMPro::TMP_ListPool`1.Get()";0.0128;0.005;0.0304;26017;25904;24539;11;24;0.0830999994650483;0.01662;0.0082;0.0267;30;6;2;10;5;24539;0.0006;0.0091;25452;24539;0
"UnityEngine.UIModule.dll!UnityEngine::CanvasRenderer.get_absoluteDepth()";0.0127;0.003599999;0.2825001;25561;26101;24278;12;19;33.2738013102207;0.01695048;0.009000001;0.0193;56047;26;13;41;1963;24216;0.0002;0.2363;24218;24278;0.0081
"mscorlib.dll!System.Collections.Generic::ObjectEqualityComparer`1.LastIndexOf()";0.0127;0.0127;0.0127;26017;26017;26017;19;19;0.0127000007778406;0.0127;0.0127;0.0127;2;2;2;2;1;26017;0.0036;0.0091;26017;26017;0
"UnityEngine.UI.dll!::<Start>d__2.MoveNext()";0.0127;0.0062;0.1166;24853;24866;24220;5;31;5.65519995708019;0.01658416;0.0088;0.0219;347;1;1;3;341;24220;0.0062;0.0636;24866;25702;0
"UnityEngine.UI.dll!UnityEngine.EventSystems::UIBehaviour.IsActive()";0.0126;0.0005;0.3927;24695;26090;25743;5;27;33.9050970821991;0.01695255;0.006899999;0.02;46585;19;1;337;2000;24216;0.0003;0.364;24218;25743;0.006999999
"mscorlib.dll!System.IO::PathInternal.TrimEndingDirectorySeparator()";0.0126;0.0126;0.0126;25904;25904;25904;22;30;0.0126000000163913;0.0126;0.0126;0.0126;12;12;12;12;1;25904;0.0006;0.0031;25904;25904;0
"Assembly-CSharp.dll!::ChainLightning.ApplyLiveJitter()";0.0125;0.0068;0.1342;24904;24296;25400;6;22;9.25969996443018;0.0173728;0.0095;0.0186;663;1;1;2;533;24216;0.0065;0.0948;25498;24311;0
"Newtonsoft.Json.dll!Newtonsoft.Json.Serialization::DefaultContractResolver.ShouldSkipDeserialized()";0.0125;0.0125;0.0125;25904;25904;25904;36;39;0.0125000001862645;0.0125;0.0125;0.0125;5;5;5;5;1;25904;0.0015;0.0059;25904;25904;0
"UnityEngine.UI.dll!UnityEngine.UI::CanvasUpdateRegistry.DisableCanvasElementForRebuild()";0.0125;0.0095;0.0793;25448;25587;24358;14;24;0.472700000740588;0.02055217;0.0107;0.0176;66;2;2;17;23;24220;0.0022;0.0375;26017;24220;0
"UnityEngine.IMGUIModule.dll!UnityEngine::GUILayoutGroup.ApplyStyleSettings()";0.0124;0.0095;0.116;24449;24250;24661;9;10;30.3197000129148;0.01683493;0.0109;0.0162;3814;2;2;6;1801;24216;0.0027;0.064;25747;25229;0.0144
"UnityEngine.CoreModule.dll!UnityEngine::GameObject.GetComponentsInParent()";0.0124;0.0067;0.1610001;24655;25699;26017;11;27;0.602200107183307;0.03542354;0.0087;0.0429;405;6;1;266;17;24220;0.0004;0.0145;26017;25215;0
"mscorlib.dll!System::Array.Clear()";0.0124;0.0017;0.1951;25335;25963;24236;7;30;29.4953974810196;0.01499512;0.0086;0.0171;57347;24;2;118;1967;24216;0.0001;0.0883;24218;25980;0.007699999
"UnityEngine.CoreModule.dll!UnityEngine::Transform.get_parent()";0.0123;0.0027;0.8227999;24889;26105;24220;8;28;31.998899836326;0.02007459;0.0074;0.021;10559;4;2;197;1594;24216;0.0006;0.2792;24565;24817;0
"UnityEngine.CoreModule.dll!UnityEngine::Camera.ScreenPointToRay()";0.0122;0.0049;0.3892;25676;24740;25678;5;7;38.6291998378001;0.01966863;0.009099999;0.0273;5892;3;3;3;1964;24216;0.0013;0.1303;24740;25678;0.0113
"Newtonsoft.Json.dll!Newtonsoft.Json::JsonWriter.Dispose()";0.0122;0.0122;0.0122;25904;25904;25904;22;24;0.0122000006958842;0.0122;0.0122;0.0122;4;4;4;4;1;25904;0.002;0.0054;25904;25904;0
"Layout";0.0122;0.0082;1.0986;25527;24740;26017;8;8;34.476799800992;0.0172384;0.0106;0.0164;2000;1;1;1;2000;24216;0.0082;1.0986;24740;26017;0.0089
"Unity.TextMeshPro.dll!TMPro::TextMeshProUGUI.ValidateEnvMapProperty()";0.0122;0.0122;0.0122;26017;26017;26017;11;11;0.0121999997645617;0.0122;0.0122;0.0122;5;5;5;5;1;26017;0.0019;0.0035;26017;26017;0
"mscorlib.dll!System.Reflection::MemberInfo.op_Equality()";0.01219999;0.01219999;0.01219999;25904;25904;25904;34;50;0.0121999932453036;0.01219999;0.01219999;0.01219999;202;202;202;202;1;25904;0;0.0003;25904;25904;0
"Newtonsoft.Json.dll!Newtonsoft.Json.Serialization::DefaultContractResolver.CreateMemberValueProvider()";0.0121;0.0121;0.0121;25904;25904;25904;35;38;0.0121000008657575;0.0121;0.0121;0.0121;20;20;20;20;1;25904;0.0004;0.0012;25904;25904;0
"UnityEngine.UI.dll!UnityEngine.UI.CoroutineTween::ColorTween.AddOnChangedCallback()";0.0121;0.0077;0.132;25711;24806;24220;16;27;1.72160000167787;0.01793333;0.0104;0.0181;104;1;1;4;96;24220;0.0044;0.0482;25483;25702;0
"Newtonsoft.Json.dll!Newtonsoft.Json.Serialization::JsonContract.set_CreatedType()";0.0121;0.0121;0.0121;25904;25904;25904;36;39;0.0120999999344349;0.0121;0.0121;0.0121;4;4;4;4;1;25904;0.0021;0.0047;25904;25904;0
"mscorlib.dll!System::RuntimeTypeHandle.GetGenericTypeDefinition_impl()";0.0121;0.0121;0.0121;25904;25904;25904;37;41;0.0120999962091446;0.0121;0.0121;0.0121;24;24;24;24;1;25904;0.0001;0.0038;25904;25904;0
"mscorlib.dll!System::Char.IsWhiteSpace()";0.012;0.0008;0.6529;25856;25954;25008;13;33;29.2936008861871;0.01676795;0.0061;0.0173;74122;33;3;484;1747;24216;0.0002;0.6081;24216;25008;0.0071
"UnityEngine.CoreModule.dll!UnityEngine::GameObject.CompareTag_Internal()";0.012;0.0034;0.1959;24529;24835;24311;7;23;20.7926000144798;0.01715561;0.0078;0.0218;5766;4;1;28;1212;24216;0.0008;0.1818;24221;24311;0
"Assembly-CSharp.dll!::BuildModeController.Update()";0.012;0.0071;0.3071;24651;25543;25032;4;4;30.971099850256;0.01719661;0.0089;0.021;1801;1;1;1;1801;24216;0.0071;0.3071;25543;25032;0.0093
"Assembly-CSharp.dll!::EnemyHpViewer.Update()";0.012;0.0033;0.1504;25236;24472;24220;4;4;26.2780997916125;0.01556759;0.0073;0.0179;4843;2;1;9;1688;24216;0.0022;0.0952;24221;24759;0.0042
"UnityEngine.CoreModule.dll!UnityEngine::Component.GetComponentFastPath()";0.012;0.0018;0.1683;25285;24658;24220;6;23;24.0030998287257;0.01452972;0.0073;0.019;10377;6;1;49;1652;24216;0.0003;0.0372;24221;25419;0.0023
"mscorlib.dll!Mono.Globalization.Unicode::SimpleCollator.Level2()";0.012;0.012;0.012;25904;25904;25904;31;39;0.0120000001043081;0.012;0.012;0.012;24;24;24;24;1;25904;0.0002;0.0028;25904;25904;0
"mscorlib.dll!System::RuntimeType.CreateInstanceSlow()";0.012;0.012;0.012;25904;25904;25904;47;50;0.0120000001043081;0.012;0.012;0.012;2;2;2;2;1;25904;0.0057;0.0063;25904;25904;0
"UnityEngine.UI.dll!UnityEngine.EventSystems::StandaloneInputModule.GetRawMoveVector()";0.0119;0.0082;0.1539;25345;24221;25516;7;7;35.832999820821;0.01792546;0.0095;0.0192;1999;1;1;1;1999;24216;0.0082;0.1539;24221;25516;0.0089
"UnityEngine.UI.dll!UnityEngine.EventSystems::BaseInputModule.FindCommonRoot()";0.0119;0.0002;0.051;25683;24565;24778;10;10;0.361899996336433;0.01573478;0.0004;0.0246;23;1;1;1;23;24565;0.0002;0.051;24565;24778;0
"mscorlib.dll!System.IO::DisableMediaInsertionPrompt.Create()";0.0119;0.0119;0.0119;25904;25904;25904;22;30;0.0119000002741814;0.0119;0.0119;0.0119;12;12;12;12;1;25904;0.0002;0.005;25904;25904;0
"mscorlib.dll!System.Text::StringBuilder.AppendHelper()";0.0119;0.0119;0.0119;25904;25904;25904;32;32;0.0119000002741814;0.0119;0.0119;0.0119;2;2;2;2;1;25904;0.0058;0.0061;25904;25904;0
"PostLoadSceneStaticLightmapSettings";0.0119;0.0119;0.0119;26017;26017;26017;9;9;0.0119000002741814;0.0119;0.0119;0.0119;1;1;1;1;1;26017;0.0119;0.0119;26017;26017;0
"mscorlib.dll!System.IO::FileStream.InitBuffer()";0.0119;0.0119;0.0119;25904;25904;25904;25;26;0.0118999993428588;0.0119;0.0119;0.0119;4;4;4;4;1;25904;0.0017;0.0039;25904;25904;0
"Assembly-CSharp.dll!::Projectile.OnTriggerEnter2D()";0.0118;0.0032;10.6269;24786;24285;24220;7;7;63.1094007357024;0.2042375;0.0056;0.0502;884;1;1;22;309;24217;0.003;10.6042;24747;24220;0
"System.dll!System.ComponentModel::ReflectTypeDescriptionProvider.GetTypeData()";0.0118;0.0118;0.0118;25904;25904;25904;37;44;0.011799999512732;0.0118;0.0118;0.0118;4;4;4;4;1;25904;0.0012;0.0048;25904;25904;0
"UnityEngine.CoreModule.dll!UnityEngine::Mesh.set_uv2()";0.0117;0.0014;0.3251;25720;24604;24236;13;15;26.2730989636621;0.01503898;0.0061;0.0171;12635;6;1;32;1747;24216;0.0012;0.1264;24218;24539;0.0072
"mscorlib.dll!System.IO::StreamWriter.WriteSpan()";0.0117;0.0117;0.0117;25904;25904;25904;20;21;0.0117000006139278;0.0117;0.0117;0.0117;4;4;4;4;1;25904;0.0021;0.0042;25904;25904;0
"UnityEngine.CoreModule.dll!UnityEngine::Transform.set_position()";0.0117;0.0017;0.4652;25425;26000;25491;5;21;27.2054996083025;0.01510577;0.0083;0.0167;32850;16;4;63;1801;24216;0.0002;0.4517;24221;25491;0.006499999
"Assembly-CSharp.dll!::ChainLightning.SetLinesEnabled()";0.0117;0.0068;0.0381;25473;25582;24901;17;22;0.294099999126047;0.01400476;0.0099;0.0132;21;1;1;1;21;24296;0.0068;0.0381;25582;24901;0
"UnityEngine.UI.dll!UnityEngine.EventSystems::StandaloneInputModule.ActivateModule()";0.0117;0.0117;0.0117;26017;26017;26017;6;6;0.0116999996826053;0.0117;0.0117;0.0117;1;1;1;1;1;26017;0.0117;0.0117;26017;26017;0
"UnityEngine.CoreModule.dll!UnityEngine::Object.get_name()";0.0116;0.0041;0.0586;24978;25258;24289;8;8;2.18389998422936;0.01571151;0.0072;0.0206;188;1;1;7;139;24220;0.0016;0.0466;24221;25276;0
"UnityEngine.CoreModule.dll!UnityEngine::Transform.get_lossyScale()";0.0115;0.0021;0.2516;24849;26031;24446;6;19;28.2901001407299;0.01414505;0.0089;0.0146;41214;20;5;51;2000;24216;0.0002;0.2021;24247;24446;0.008099998
"System.Core.dll!::WhereListIterator`1.MoveNext()";0.0115;0.0115;0.0115;25904;25904;25904;35;38;0.0115000000223517;0.0115;0.0115;0.0115;22;22;22;22;1;25904;0.0004;0.0012;25904;25904;0
"mscorlib.dll!System::Array.InternalArray__IEnumerable_GetEnumerator()";0.0115;0.0115;0.0115;25904;25904;25904;38;44;0.0114999981597066;0.0115;0.0115;0.0115;28;28;28;28;1;25904;0;0.0011;25904;25904;0
"UnityEngine.UIModule.dll!UnityEngine::Canvas.SendPreWillRenderCanvases()";0.0114;0.0079;0.1734;25608;24271;24993;5;5;32.2571998350322;0.0161286;0.01;0.0154;2000;1;1;1;2000;24216;0.0079;0.1734;24271;24993;0.0118
"mscorlib.dll!System.Collections::Hashtable.Insert()";0.0114;0.0114;0.0114;25904;25904;25904;39;48;0.011400000192225;0.0114;0.0114;0.0114;10;10;10;10;1;25904;0.001;0.0014;25904;25904;0
"mscorlib.dll!System::DateTime.ToString()";0.0114;0.0114;0.0114;25904;25904;25904;18;18;0.011400000192225;0.0114;0.0114;0.0114;1;1;1;1;1;25904;0.0114;0.0114;25904;25904;0
"System.Core.dll!System.Collections.Generic::LargeArrayBuilder`1.AllocateBuffer()";0.0114;0.0114;0.0114;25904;25904;25904;44;50;0.0113999983295798;0.0114;0.0114;0.0114;15;15;15;15;1;25904;0.0006;0.0019;25904;25904;0
"Assembly-CSharp.dll!::ChainLightning.SetEnabled()";0.0113;0.0064;0.0367;24691;25582;24901;18;23;0.280999996233732;0.01338095;0.009399999;0.0127;63;3;3;3;21;24296;0.0013;0.0251;24705;24901;0
"Assembly-CSharp.dll!::Enemy.Update()";0.0113;0.0007;0.2202;25526;24496;24236;4;4;26.6356999429991;0.01577944;0.0049;0.0195;4843;2;1;9;1688;24216;0.0007;0.0668;24221;24343;0.0008
"Assembly-CSharp.dll!::Pathfinder.OnTriggerEnter2D()";0.0113;0.0038;0.0994;25526;24527;25080;7;7;0.75619999319315;0.0199;0.0053;0.0216;40;1;1;3;38;24242;0.0038;0.0994;24527;25080;0
"Assembly-CSharp.dll!::EndRunOverlay.PrepareTransientBanner()";0.0113;0.0113;0.0113;25904;25904;25904;19;19;0.0113000003620982;0.0113;0.0113;0.0113;1;1;1;1;1;25904;0.0113;0.0113;25904;25904;0
"UnityEngine.UI.dll!UnityEngine.UI::CanvasScaler.OnDisable()";0.0113;0.0113;0.0113;26017;26017;26017;12;12;0.0113000003620982;0.0113;0.0113;0.0113;1;1;1;1;1;26017;0.0113;0.0113;26017;26017;0
"UnityEngine.UI.dll!UnityEngine.UI::CanvasUpdateRegistry.InternalRegisterCanvasElementForLayoutRebuild()";0.0113;0.0113;0.0113;26017;26017;26017;14;23;0.0113000003620982;0.0113;0.0113;0.0113;4;4;4;4;1;26017;0.0021;0.004;26017;26017;0
"Newtonsoft.Json.dll!Newtonsoft.Json::JsonTextWriter.Close()";0.0113;0.0113;0.0113;25904;25904;25904;23;25;0.0112999994307756;0.0113;0.0113;0.0113;4;4;4;4;1;25904;0.0018;0.0051;25904;25904;0
"UnityEngine.CoreModule.dll!::MarshalledUnityObject.Marshal()";0.0113;0;0.2163001;24878;26082;26025;6;24;30.1630945773722;0.01508155;0.008999999;0.0161;130733;66;6;113;2000;24216;0;0.1957;24216;26025;0.007599997
"UnityEngine.CoreModule.dll!UnityEngine::Transform.get_parentInternal()";0.0112;0.0025;0.7682003;24654;26022;24220;9;29;29.2384999473579;0.01834285;0.0068;0.0193;10559;4;2;197;1594;24216;0.0005;0.097;24620;26101;0
"Assembly-CSharp.dll!::MapDirector.IndexOfSharedNode()";0.0112;0.0005;0.0826;24655;25140;24220;8;17;0.387199996504933;0.0184381;0.002;0.0162;23;1;1;3;21;24220;0.0005;0.0634;25140;25215;0
"UnityEngine.UI.dll!UnityEngine.UI::Selectable.ParentGroupAllowsInteraction()";0.0112;0.0074;0.1053;24655;25669;24220;10;23;0.425400002393872;0.0265875;0.0094;0.0308;20;1;1;3;16;24220;0.0074;0.0587;25669;24539;0
"UnityEngine.UI.dll!UnityEngine.UI::Image.get_multipliedPixelsPerUnit()";0.0112;0.0077;0.1495;25590;25452;25215;15;15;18.4783999901265;0.01602637;0.0087;0.0169;2960;2;2;12;1153;24216;0.0034;0.0833;24893;25395;0
"mscorlib.dll!Mono.Globalization.Unicode::SimpleCollator.Level1()";0.0112;0.0112;0.0112;25904;25904;25904;31;39;0.0111999996006489;0.0112;0.0112;0.0112;24;24;24;24;1;25904;0.0002;0.0024;25904;25904;0
"mscorlib.dll!System.IO::StringWriter.ToString()";0.0112;0.0112;0.0112;25904;25904;25904;21;23;0.0111999996006489;0.0112;0.0112;0.0112;4;4;4;4;1;25904;0.0015;0.0036;25904;25904;0
"System.Core.dll!System.Linq::Lookup`2.Resize()";0.0112;0.0112;0.0112;25904;25904;25904;39;39;0.0111999996006489;0.0112;0.0112;0.0112;4;4;4;4;1;25904;0.0015;0.0046;25904;25904;0
"UnityEngine.CoreModule.dll!UnityEngine::Object.set_name()";0.0112;0.0112;0.0112;26017;26017;26017;10;10;0.0111999996006489;0.0112;0.0112;0.0112;5;5;5;5;1;26017;0.0016;0.0042;26017;26017;0
"mscorlib.dll!System.Collections.Generic::GenericEqualityComparer`1.Equals()";0.0112;0.0004;0.2613005;25139;26145;24236;8;32;29.9393884341116;0.01497718;0.0064;0.01689999;124234;49;3;275;1999;24216;0.0001;0.1091;24216;26017;0.0085
"UnityEngine.UI.dll!UnityEngine.EventSystems::PointerInputModule.CopyFromTo()";0.0111;0.0072;0.1105;24754;25804;24654;9;9;32.6061998894438;0.01631126;0.0086;0.0208;3998;2;2;2;1999;24216;0.0028;0.1063;24627;24654;0.0089
"UnityEngine.CoreModule.dll!UnityEngine::Camera.ScreenToWorldPoint()";0.0111;0.0024;0.0937;25468;25519;25573;5;6;24.0027998711448;0.01332748;0.007499999;0.0163;6406;4;2;6;1801;24216;0.0009;0.0459;24902;25573;0.0062
"RenderForwardOpaque.Render";0.0111;0.0031;0.0871;24440;26018;25703;6;6;26.8433998646215;0.0134217;0.0097;0.0136;2000;1;1;1;2000;24216;0.0031;0.0871;26018;25703;0.017
"Assembly-CSharp.dll!::TowerChargeGaugeView.SetFill01()";0.0111;0.0043;0.1123;25464;24740;24289;7;18;20.3402998805977;0.01490132;0.0073;0.0186;2442;1;1;7;1365;24216;0.0021;0.0445;24286;24965;0.006
"Assembly-CSharp.dll!::ScrollImage.Update()";0.011;0.0056;0.0905;24456;24221;25047;4;4;28.0528998603113;0.01557629;0.0082;0.02;1801;1;1;1;1801;24216;0.0056;0.0905;24221;25047;0.0085
"Assembly-CSharp.dll!::BombProjectile.GetAimPosition()";0.011;0.0003;0.0618;25007;24221;24279;5;5;3.93119997330359;0.0157248;0.0086;0.0179;277;1;1;2;250;24216;0.0003;0.0569;24221;25901;0
"mscorlib.dll!System::SerializableAttribute..ctor()";0.011;0.011;0.011;25904;25904;25904;41;53;0.0109999971464276;0.011;0.011;0.011;56;56;56;56;1;25904;0.0001;0.0005;25904;25904;0
"Assembly-CSharp.dll!::EnemyHp.ClearForPool()";0.0109;0.0059;0.0542;24472;24251;24358;11;14;0.271399994380772;0.01428421;0.0084;0.0151;20;1;1;2;19;24220;0.0059;0.0402;24251;24358;0
"UnityEngine.CoreModule.dll!UnityEngine::Object.GetName()";0.0109;0.004;0.0563;24978;25258;24289;9;9;2.11409998545423;0.01520935;0.007;0.0199;188;1;1;7;139;24220;0.0015;0.0455;24221;25276;0
"Unity.TextMeshPro.dll!TMPro::TMP_FontAsset.AddCharacterToLookupCache()";0.0109;0.0008;0.3958;24990;25935;24539;15;28;25.7785996416933;0.01475592;0.0057;0.0158;24604;11;1;83;1747;24216;0.0006;0.0836;24216;24539;0.006499999
"Texture.AwakeFromLoad";0.0109;0.0109;0.0109;25308;25308;25308;21;21;0.0109000001102686;0.0109;0.0109;0.0109;1;1;1;1;1;25308;0.0109;0.0109;25308;25308;0
"Unity.TextMeshPro.dll!TMPro::TextMeshPro.SetMaterialDirty()";0.0108;0.0074;0.1079;24290;24404;24358;18;23;2.83959998888895;0.01641387;0.0084;0.0194;199;1;1;3;173;24220;0.0064;0.0522;24221;25198;0
"Assembly-CSharp.dll!::ChainLightning.ClearLines()";0.0108;0.008;0.0412;24746;24929;25718;6;6;0.320100001990795;0.01455;0.0099;0.0164;22;1;1;1;22;24251;0.008;0.0412;24929;25718;0
"UnityEngine.UI.dll!UnityEngine.UI::Image.get_pixelsPerUnit()";0.0108;0.0074;0.1451;25093;25389;25215;16;22;17.7044000420719;0.01535507;0.0083;0.0162;2962;2;2;12;1153;24216;0.0034;0.0813;24265;25395;0
"UnityEngine.CoreModule.dll!UnityEngine::Component.GetComponents()";0.0108;0.0023;0.4037;25183;26018;24387;8;29;24.9342998964712;0.0156426;0.0069;0.0182;11646;6;2;246;1594;24216;0.0004;0.3155;24381;24387;0
"Physics2D.OverlapPointAll";0.0108;0.0005;0.0692;25449;24694;24509;10;21;23.7766998553416;0.01320194;0.0045;0.0183;3769;2;1;5;1801;24216;0.0005;0.049;24694;24445;0.0072
"UnityEngine.UI.dll!UnityEngine.UI::CanvasScaler.Canvas_preWillRenderCanvases()";0.0108;0.0075;0.1717;25576;24271;24993;6;6;30.6071998360567;0.0153036;0.0095;0.0147;2000;1;1;1;2000;24216;0.0075;0.1717;24271;24993;0.0112
"UnityEngine.CoreModule.dll!UnityEngine::Mesh.set_colors32()";0.0108;0.0014;0.3056;25616;24580;24236;13;15;24.4191992371343;0.01397779;0.0057;0.0158;12635;6;1;32;1747;24216;0.0011;0.2081;24218;25371;0.0083
"Unity.TextMeshPro.dll!TMPro::TMP_TextParsingUtilities.IsEmoji()";0.0108;0.0012;0.2432;24877;25071;24236;14;27;24.7100991014158;0.0141443;0.0057;0.015;24604;11;1;83;1747;24216;0.0004;0.1089;24216;24486;0.0062
"mscorlib.dll!System.Collections.Generic::List`1.get_Item()";0.01079999;0.0015;0.2064013;25817;26085;24220;5;40;30.4248898489168;0.01521244;0.007399996;0.01729998;311203;126;35;932;2000;24216;0;0.0302;24216;24932;0.004999999
"UnityEngine.CoreModule.dll!UnityEngine::Material.GetFloatImpl()";0.0107;0.0012;0.2897;24878;25929;24539;14;16;24.9672018225538;0.01429147;0.0059;0.0149;49301;22;2;166;1747;24216;0.0002;0.0899;24217;24362;0.0063
"UnityEngine.CoreModule.dll!UnityEngine::Material.HasProperty()";0.0107;0.0014;0.2900999;24920;25940;25663;12;15;25.1110016092425;0.01437378;0.006;0.01500001;49291;22;2;166;1747;24216;0.0002;0.1401;24216;24494;0.0065
"UnityEngine.UI.dll!UnityEngine.UI::CanvasUpdateRegistry.UnRegisterCanvasElementForRebuild()";0.0107;0.0071;0.1562001;24923;25786;26017;11;21;0.193200081586838;0.03864001;0.0072;0.012;75;3;1;65;5;24923;0.0021;0.012;26017;25703;0
"Assembly-CSharp.dll!::AStarGrid.GetNodeFromWorld()";0.0107;0.0076;0.0778;24685;24221;24220;8;17;0.406899992376566;0.01937619;0.0092;0.0265;23;1;1;3;21;24220;0.0076;0.0439;24221;24662;0
"UnityEngine.CoreModule.dll!UnityEngine::Object.SetName()";0.0107;0.0107;0.0107;26017;26017;26017;11;11;0.0106999995186925;0.0107;0.0107;0.0107;5;5;5;5;1;26017;0.0016;0.0041;26017;26017;0
"UnityEngine.CoreModule.dll!UnityEngine::Resources.Load()";0.0106;0.01;0.0194;25669;24625;25153;13;14;0.0400000009685755;0.01333333;0.01;0.0106;6;2;2;2;3;24625;0.0047;0.0103;24625;25153;0
"System.dll!System.Collections.Specialized::OrderedDictionary.set_Item()";0.0106;0.0106;0.0106;25904;25904;25904;42;45;0.0106000006198883;0.0106;0.0106;0.0106;2;2;2;2;1;25904;0.0052;0.0054;25904;25904;0
"Assembly-CSharp.dll!::ChainLightning.BuildBaseHopPoints()";0.0106;0.0081;0.0511;24296;25488;24310;6;22;0.711600000038743;0.014825;0.0098;0.0138;48;1;1;1;48;24225;0.0081;0.0511;25488;24310;0
"FinalizeUpdateRendererBoundingVolumes";0.0106;0.0001;0.3047;24979;26019;25033;3;11;27.0906998615537;0.01354535;0.0074;0.0137;3802;2;1;2;2000;24216;0;0.3043;25185;25033;0.3047
"Newtonsoft.Json.dll!Newtonsoft.Json::JsonTextWriter..ctor()";0.0106;0.0106;0.0106;25904;25904;25904;21;23;0.0105999996885657;0.0106;0.0106;0.0106;4;4;4;4;1;25904;0.0013;0.0058;25904;25904;0
"TMP Compute Text Metrics";0.0106;0.0011;0.3510001;24858;25071;24278;13;15;24.8103996485006;0.01420172;0.005799999;0.0149;24608;11;1;83;1747;24216;0.0001;0.2202;24640;24278;0.0068
"mscorlib.dll!System::RuntimeType.FilterHelper()";0.01059999;0.01059999;0.01059999;25904;25904;25904;36;50;0.0105999931693077;0.01059999;0.01059999;0.01059999;122;122;122;122;1;25904;0;0.0007;25904;25904;0
"mscorlib.dll!System.Threading::Thread.get_Internal()";0.01059999;0.01059999;0.01059999;25904;25904;25904;37;53;0.0105999885126948;0.01059999;0.01059999;0.01059999;206;206;206;206;1;25904;0;0.0003;25904;25904;0
"UnityEngine.UI.dll!UnityEngine.UI::LayoutRebuilder.ValidController()";0.0105;0.0033;0.7398;24875;24775;24220;8;28;24.5729997018352;0.01996182;0.007;0.0191;3668;2;1;76;1231;24216;0.0029;0.327;24251;24387;0
"Assembly-CSharp.dll!::EnemySpawner.Contains()";0.0105;0.0029;0.2471;25300;25763;24220;8;18;21.2367999602575;0.01488213;0.0066;0.0168;3326;2;1;8;1427;24216;0.0018;0.2034;24418;24387;0
"UnityEngine.UI.dll!UnityEngine.UI.CoroutineTween::ColorTween.TweenValue()";0.0105;0.0054;0.1474;25541;25726;24220;6;32;4.97679998166859;0.01390168;0.0072;0.0176;369;1;1;4;358;24220;0.0054;0.0535;25726;25702;0
"mscorlib.dll!System.Reflection::RuntimeConstructorInfo.InternalInvoke()";0.0105;0.0105;0.0105;25904;25904;25904;49;53;0.0104999989271164;0.0105;0.0105;0.0105;4;4;4;4;1;25904;0.0024;0.0029;25904;25904;0
"UnityEngine.Physics2DModule.dll!UnityEngine::Physics2D.Raycast()";0.0104;0.0058;0.0238;24602;25452;24539;5;5;0.100900001358241;0.0126125;0.006;0.0125;8;1;1;1;8;24539;0.0058;0.0238;25452;24539;0
"Unity.TextMeshPro.dll!TMPro::TextMeshPro.UpdateMaterial()";0.0104;0.0071;0.1056;25581;24404;24358;19;24;2.74319998594001;0.01585665;0.0081;0.0182;199;1;1;3;173;24220;0.0062;0.0511;24221;25198;0
"mscorlib.dll!System.Collections::Hashtable.set_Item()";0.0104;0.0104;0.0104;25904;25904;25904;38;46;0.0104000000283122;0.0104;0.0104;0.0104;8;8;8;8;1;25904;0.0011;0.0016;25904;25904;0
"Unity.TextMeshPro.dll!TMPro::TMP_Text.InsertNewLine()";0.0104;0.0104;0.0104;25904;25904;25904;17;18;0.0104000000283122;0.0104;0.0104;0.0104;3;3;3;3;1;25904;0.0022;0.005;25904;25904;0
"UnityEngine.UI.dll!UnityEngine.EventSystems::EventSystem.Start()";0.0104;0.0104;0.0104;26017;26017;26017;4;4;0.0104000000283122;0.0104;0.0104;0.0104;1;1;1;1;1;26017;0.0104;0.0104;26017;26017;0
"UnityEngine.UI.dll!UnityEngine.UI::CanvasScaler.OnEnable()";0.0104;0.0104;0.0104;26017;26017;26017;9;9;0.0104000000283122;0.0104;0.0104;0.0104;1;1;1;1;1;26017;0.0104;0.0104;26017;26017;0
"Newtonsoft.Json.dll!Newtonsoft.Json.Serialization::JsonSerializerInternalWriter.HasFlag()";0.01039999;0.01039999;0.01039999;25904;25904;25904;25;34;0.0103999897837639;0.01039999;0.01039999;0.01039999;150;150;150;150;1;25904;0;0.0001;25904;25904;0
"Assembly-CSharp.dll!::ChainLightning.ClearLine()";0.0103;0.0077;0.0402;24746;24929;25718;7;7;0.31039999704808;0.01410909;0.0096;0.0163;66;3;3;3;22;24251;0.0018;0.0266;25689;25718;0
"Render.Prepare";0.0103;0.0002;0.2056;25168;26018;25780;5;5;25.7260998327547;0.01286305;0.0083;0.0141;2000;1;1;1;2000;24216;0.0002;0.2056;26018;25780;0.1011
"UnityEngine.InputLegacyModule.dll!UnityEngine::CameraRaycastHelper.RaycastTry2D_Injected()";0.0103;0.0007;0.113;25284;26022;24999;6;6;32.7737999177189;0.01668727;0.0059;0.0207;1964;1;1;1;1964;24216;0.0007;0.113;26022;24999;0.0185
"mscorlib.dll!System.Reflection::MethodBase.GetParametersNoCopy()";0.0103;0.0103;0.0103;25904;25904;25904;45;51;0.0102999992668629;0.0103;0.0103;0.0103;14;14;14;14;1;25904;0.0005;0.0024;25904;25904;0
"mscorlib.dll!::Kernel32.SetThreadErrorMode()";0.0103;0.0103;0.0103;25904;25904;25904;23;31;0.0102999983355403;0.0103;0.0103;0.0103;24;24;24;24;1;25904;0.0001;0.0034;25904;25904;0
"Newtonsoft.Json.dll!Newtonsoft.Json::JsonConverterAttribute[].System.Collections.Generic.ICollection`1.get_Count()";0.0103;0.0103;0.0103;25904;25904;25904;45;50;0.0102999955415726;0.0103;0.0103;0.0103;56;56;56;56;1;25904;0.0001;0.0006;25904;25904;0
"UnityEngine.CoreModule.dll!UnityEngine::Transform.GetParent()";0.0102;0.0021;0.7144002;25161;26022;24220;10;30;26.8580997220706;0.0168495;0.0061;0.0177;10559;4;2;197;1594;24216;0.0004;0.0955;24565;26101;0
"UnityEngine.UI.dll!UnityEngine.UI::Image.<set_sprite>g__ResetAlphaHitThresholdIfNeeded|11_0()";0.0102;0.0083;0.0433;25904;25452;25663;8;17;0.100600000470877;0.02515;0.0083;0.0388;4;1;1;1;4;24539;0.0083;0.0433;25452;25663;0
"UnityEngine.CoreModule.dll!UnityEngine::Material.SetFloat()";0.0102;0.0102;0.0102;26017;26017;26017;14;14;0.0102000003680587;0.0102;0.0102;0.0102;15;15;15;15;1;26017;0.0004;0.0021;26017;26017;0
"UnityEngine.CoreModule.dll!UnityEngine::Material.GetShaderKeywords_Injected()";0.0102;0.0102;0.0102;26017;26017;26017;15;16;0.0101999994367361;0.0102;0.0102;0.0102;25;25;25;25;1;26017;0.0002;0.0025;26017;26017;0
"mscorlib.dll!System::String.GetHashCode()";0.0102;0.0102;0.01989999;26017;26017;25904;10;44;0.030099987052381;0.01504999;0.0102;0.0102;132;34;34;98;2;25904;0.0001;0.0008;25904;26017;0
"Assembly-CSharp.dll!::EnemySpawner.GetEnemy()";0.01019999;0.0002;0.3733005;25112;24549;25282;7;12;20.1145993910468;0.0235534;0.0009999999;0.03229999;76059;57;1;396;854;24217;0.0001;0.0555;24217;25895;0
"UnityEngine.CoreModule.dll!UnityEngine::Transform.get_childCount()";0.0101;0.0101;0.0101;26017;26017;26017;12;15;0.0101000024005771;0.0101;0.0101;0.0101;19;19;19;19;1;26017;0.0003;0.0015;26017;26017;0
"mscorlib.dll!System::RuntimeType.get_Name()";0.0101;0.0101;0.0101;25904;25904;25904;36;40;0.0101000014692545;0.0101;0.0101;0.0101;24;24;24;24;1;25904;0.0002;0.001;25904;25904;0
"mscorlib.dll!System::String.op_Equality()";0.0101;0.0066;0.1280005;24456;25201;25904;6;40;24.5900005088188;0.01364595;0.0075;0.0159;4294;2;1;393;1802;24216;0.0001;0.0927;24221;25815;0.0078
"UnityEngine.InputLegacyModule.dll!UnityEngine::SendMouseEvents.SendEvents()";0.0101;0.0037;0.1397;24470;24817;26036;5;5;29.6669998017605;0.0148335;0.0076;0.018;6000;3;3;3;2000;24216;0.001;0.1288;24253;26036;0.0111
"MeshRendererFinalizeUpdate";0.0101;0.0003;0.3029;24969;24216;25033;4;4;24.4499998070823;0.01400344;0.0077;0.0129;1746;1;1;1;1746;24216;0.0003;0.3029;24216;25033;0.3029
"UnityEngine.UI.dll!UnityEngine.EventSystems::BaseInput.GetButtonDown()";0.0101;0.0056;0.2689;25550;24979;26109;6;8;28.2415997241624;0.0141208;0.0075;0.0167;8776;4;2;6;2000;24216;0.0009;0.2515;24860;26109;0.0061
"UnityEngine.UI.dll!UnityEngine.UI::CanvasScaler.Handle()";0.0101;0.0071;0.1701;25576;24271;24993;7;10;28.8948998521082;0.01444745;0.0089;0.0139;2001;1;1;2;2000;24216;0.0071;0.1701;24271;24993;0.0107
"UnityEngine.Physics2DModule.dll!UnityEngine::Collider2D.get_attachedRigidbody()";0.01;0.0025;0.1106;25575;25583;25329;7;19;14.1754998762626;0.01289854;0.0072;0.0146;8651;8;2;15;1099;24216;0.0004;0.0983;24867;25329;0
"System.dll!System.ComponentModel::AttributeCollection.get_Item()";0.01;0.01;0.01;25904;25904;25904;38;41;0.00999999977648258;0.01;0.01;0.01;2;2;2;2;1;25904;0.0048;0.0052;25904;25904;0
"Physics2D.Rigidbody2D.RecalculateContacts";0.01;0;0.0991;25970;25425;24237;6;24;22.58779995035;0.01485062;0.0073;0.0191;7330;4;1;17;1521;24216;0;0.0412;24247;24479;0
"Newtonsoft.Json.dll!Newtonsoft.Json.Serialization::JsonObjectContract.get_Properties()";0.009999994;0.009999994;0.009999994;25904;25904;25904;27;36;0.00999999418854713;0.009999994;0.009999994;0.009999994;125;125;125;125;1;25904;0;0.0014;25904;25904;0
"Assembly-CSharp.dll!::EndRunPresenter.EnsureBuilt()";0.0099;0.0099;0.0099;25904;25904;25904;17;17;0.00989999994635582;0.0099;0.0099;0.0099;1;1;1;1;1;25904;0.0099;0.0099;25904;25904;0
"UnityEngine.UI.dll!UnityEngine.UI::Image.<set_sprite>g__SpriteSupportsAlphaHitTest|11_1()";0.0099;0.008;0.0422;25904;25452;25663;9;18;0.0978999985381961;0.024475;0.008;0.0378;4;1;1;1;4;24539;0.008;0.0422;25452;25663;0
"UnityEngine.UI.dll!UnityEngine.UIElements::UIToolkitInteroperabilityBridge.Start()";0.0099;0.0099;0.0099;26017;26017;26017;5;5;0.00989999994635582;0.0099;0.0099;0.0099;1;1;1;1;1;26017;0.0099;0.0099;26017;26017;0
"Unity.TextMeshPro.dll!TMPro::TMP_TextParsingUtilities.IsEmojiPresentationForm()";0.009899999;0.0015;0.2323;25907;25941;24539;14;27;22.4962993412046;0.0128771;0.0059;0.0136;24604;11;1;83;1747;24216;0.0004;0.0371;24216;24996;0.0058
"mscorlib.dll!System::MemoryExtensions.AsSpan()";0.009800001;0.003599999;0.3433;24523;26187;26130;8;32;25.3811999857426;0.0126906;0.0076;0.0128;45502;22;14;92;2000;24216;0.0001;0.3238;24217;26130;0.0054
"UnityEngine.CoreModule.dll!UnityEngine::Transform.get_position_Injected()";0.0098;0.0013;0.3040002;24669;25985;25282;6;23;33.9795071865665;0.01886702;0.006399996;0.02309997;161970;40;7;519;1801;24216;0;0.0676;24216;25421;0.0028
"UnityEngine.UI.dll!UnityEngine.UI::Image.get_material()";0.0098;0.0071;0.1037;25452;24625;25215;14;14;0.363699994049966;0.02273125;0.0072;0.026;44;2;2;7;16;24220;0.0031;0.0777;24655;25215;0
"UnityEngine.CoreModule.dll!UnityEngine::Mesh.SetTangents()";0.0098;0.0065;0.2496;25885;24476;25304;14;16;15.4724999382161;0.01341934;0.0074;0.0137;4473;3;3;21;1153;24216;0.0016;0.0943;24243;25304;0
"System.Core.dll!System.Linq::EnumerableSorter`2.CompareAnyKeys()";0.0098;0.0098;0.0098;25904;25904;25904;45;48;0.00980000011622906;0.0098;0.0098;0.0098;36;36;36;36;1;25904;0.0002;0.0005;25904;25904;0
"TMP.InsertNewLine";0.0098;0.0098;0.0098;25904;25904;25904;18;19;0.00980000011622906;0.0098;0.0098;0.0098;3;3;3;3;1;25904;0.002;0.0048;25904;25904;0
"PrepareSceneNodesCombineJob";0.0098;0.0041;0.092;25920;25892;25703;9;9;8.49489995557815;0.01126645;0.0088;0.0105;754;1;1;1;754;24216;0.0041;0.092;25892;25703;0
"UnityEngine.CoreModule.dll!UnityEngine::Transform.Find()";0.0097;0.0037;0.1882;25025;24740;24358;7;21;18.2591998602729;0.01331816;0.0058;0.0163;2508;1;1;14;1371;24216;0.0017;0.1589;25556;24311;0.0041
"UnityEngine.CoreModule.dll!UnityEngine::Component.GetComponentsForListInternal()";0.009699999;0.002;0.3991;25555;26018;24387;9;30;22.2500997225288;0.01395866;0.0061;0.0163;11645;6;2;245;1594;24216;0.0003;0.3148;24251;24387;0
"mscorlib.dll!System::String.Equals()";0.0096;0.0062;0.0995;25440;25201;25815;7;45;23.5191001780331;0.01305166;0.0072;0.0152;4381;2;2;469;1802;24216;0;0.0923;24221;25815;0.0074
"Unity.TextMeshPro.dll!TMPro::TMP_FontAsset.LoadFontFace()";0.0096;0.0064;0.0241;25452;25904;24539;21;21;0.0400999998673797;0.01336667;0.0064;0.0096;6;2;1;3;3;24539;0.0017;0.0241;25452;24539;0
"System.dll!System.ComponentModel::TypeDescriptor.GetNodeForBaseType()";0.0096;0.0096;0.0096;25904;25904;25904;38;45;0.00959999952465296;0.0096;0.0096;0.0096;4;4;4;4;1;25904;0.0019;0.0036;25904;25904;0
"UnityEngine.UI.dll!UnityEngine.UIElements::UIToolkitInteroperabilityBridge.StartTrackingUIToolkitPanels()";0.0096;0.0096;0.0096;26017;26017;26017;6;6;0.00959999952465296;0.0096;0.0096;0.0096;1;1;1;1;1;26017;0.0096;0.0096;26017;26017;0
"Assembly-CSharp.dll!::TowerData.GetEffectiveTargetPriority()";0.009599998;0.0002;0.2165;24346;24378;24826;8;13;9.93959834304405;0.0110933;0.0008;0.01259999;29017;52;1;63;896;24217;0.0001;0.1615;24217;24826;0
"mscorlib.dll!System.Collections.Generic::Dictionary`2.TryInsert()";0.009500001;0.0008;0.4825002;24686;25960;24539;9;49;24.1749990321114;0.01379852;0.0052;0.014;39744;18;1;338;1752;24216;0.0001;0.1334;24216;24486;0.0054
"UnityEngine.CoreModule.dll!UnityEngine::Component.GetComponentFastPath_Injected()";0.009500001;0.0014;0.1035;25397;25716;24220;7;24;18.8604997321963;0.01141677;0.0059;0.0152;10377;6;1;49;1652;24216;0.0001;0.0368;24221;25419;0.0018
"UnityEngine.CoreModule.dll!UnityEngine::TrailRenderer.Clear()";0.009500001;0.0023;0.5033;25599;25848;25400;5;21;2.40579999168403;0.01494286;0.0061;0.0147;616;3;1;12;161;24220;0.0003;0.4404;24256;25400;0
"UnityEngine.Physics2DModule.dll!UnityEngine::PhysicsScene2D.Raycast()";0.0095;0.0052;0.0218;24876;25452;24539;6;6;0.0919999987818301;0.0115;0.0054;0.0112;8;1;1;1;8;24539;0.0052;0.0218;25452;24539;0
"Unity.TextMeshPro.dll!TMPro::TextMeshPro.ComputeMarginSize()";0.0095;0.0058;0.0792;24894;25343;24358;17;22;2.3999999826774;0.01387283;0.0071;0.0166;199;1;1;3;173;24220;0.0046;0.0577;24227;25812;0
"Assembly-CSharp.dll!::BombProjectile.OnTriggerEnter2D()";0.0095;0.0001;41.7307;25073;24244;25904;7;7;58.8742014088057;0.588742;0.004;0.019;147;1;1;4;100;24216;0.0001;41.7307;24244;25904;0
"UnityEngine.CoreModule.dll!UnityEngine::Mesh.SetColors()";0.0094;0.0063;0.9352;24602;24472;24486;14;16;16.139299815055;0.01399766;0.0078;0.0137;4473;3;3;21;1153;24216;0.0015;0.4553;24893;24486;0
"Physics2D.GetRayIntersectionAll";0.0094;0.0012;0.1106;24830;24694;24999;8;8;28.1101998987142;0.01560811;0.0057;0.019;1801;1;1;1;1801;24216;0.0012;0.1106;24694;24999;0.017
"UnityEngine.CoreModule.dll!UnityEngine.Bindings::BlittableArrayWrapper.Unmarshal()";0.0094;0.0037;0.4081;25249;24775;24805;9;23;13.6339999078773;0.01242844;0.006899999;0.0146;1972;2;1;6;1097;24216;0.0015;0.4062;25452;24805;0
"Newtonsoft.Json.dll!Newtonsoft.Json.Serialization::JsonSerializerInternalWriter..ctor()";0.0094;0.0094;0.0094;25904;25904;25904;23;25;0.00939999986439943;0.0094;0.0094;0.0094;4;4;4;4;1;25904;0.0015;0.0044;25904;25904;0
"System.Core.dll!System.Linq::EnumerableSorter`1.ComputeMap()";0.0094;0.0094;0.0094;25904;25904;25904;38;41;0.00939999986439943;0.0094;0.0094;0.0094;2;2;2;2;1;25904;0.0021;0.0073;25904;25904;0
"UnityEngine.InputLegacyModule.dll!UnityEngine::Input.GetButtonDown()";0.0093;0.005;0.2668;24840;24221;26109;7;9;25.9810999613255;0.01299055;0.007;0.0154;8776;4;2;6;2000;24216;0.0009;0.2508;24221;26109;0.0055
"Unity.TextMeshPro.dll!TMPro::TextMeshProUGUI.SetMaterialDirty()";0.0093;0.003;0.1452;25904;25587;24539;11;24;0.414599984651431;0.04606666;0.0034;0.08699999;58;3;1;28;9;24539;0.0009;0.0244;26017;24539;0
"UnityEngine.CoreModule.dll!UnityEngine::Transform.FindRelativeTransformWithPath()";0.0092;0.0034;0.185;25482;24740;24358;8;22;17.4511999255046;0.01272881;0.0056;0.0154;2508;1;1;14;1371;24216;0.0016;0.1585;25556;24311;0.0038
"mscorlib.dll!System.Collections.Generic::List`1.IndexOf()";0.009199999;0.0021;0.9341;24501;25745;24220;10;39;30.5674996366724;0.02086519;0.0053;0.0177;4716;2;1;59;1465;24216;0.0005;0.2002;24222;24387;0
"TMP Save Text Extent";0.009199999;0.0007;0.2565;24775;25071;24236;13;15;21.983599891013;0.01258363;0.0048;0.0133;24520;11;1;80;1747;24216;0.0001;0.0796;24665;24386;0.0055
"mscorlib.dll!System.Collections.Generic::Dictionary`2.TryAdd()";0.009199999;0.0007;0.3478;24784;25929;24539;16;29;21.6187998010428;0.01237481;0.004699999;0.0132;24604;11;1;83;1747;24216;0.0005;0.082;24216;24539;0.005299999
"mscorlib.dll!Microsoft.Win32.SafeHandles::SafeFileHandle..ctor()";0.0091;0.0091;0.0091;25904;25904;25904;25;26;0.00910000037401915;0.0091;0.0091;0.0091;4;4;4;4;1;25904;0.0016;0.0028;25904;25904;0
"mscorlib.dll!System::Type.get_IsPointer()";0.0091;0.0091;0.0091;25904;25904;25904;39;51;0.00910000037401915;0.0091;0.0091;0.0091;19;19;19;19;1;25904;0.0003;0.0017;25904;25904;0
"UnityEngine.UI.dll!UnityEngine.EventSystems::EventSystem.UpdateModules()";0.009099999;0.009099999;0.009099999;26017;26017;26017;10;13;0.00909999944269657;0.009099999;0.009099999;0.009099999;2;2;2;2;1;26017;0.0044;0.0047;26017;26017;0
"Newtonsoft.Json.dll!Newtonsoft.Json::JsonTextWriter.EnsureWriteBuffer()";0.009099998;0.009099998;0.009099998;25904;25904;25904;32;39;0.00909999758005142;0.009099998;0.009099998;0.009099998;36;36;36;36;1;25904;0;0.003;25904;25904;0
"Newtonsoft.Json.dll!Newtonsoft.Json.Serialization::JsonProperty.get_PropertyName()";0.009099991;0.009099991;0.009099991;25904;25904;25904;28;41;0.0090999910607934;0.009099991;0.009099991;0.009099991;134;134;134;134;1;25904;0;0.0002;25904;25904;0
"UnityEngine.UI.dll!UnityEngine.UI::VertexHelper.AddTriangle()";0.009000001;0.0036;0.09310003;24518;24812;25215;15;16;13.4073998848908;0.01162827;0.0062;0.0119;18510;18;8;72;1153;24216;0.0004;0.0506;24217;24872;0
"mscorlib.dll!System.Reflection::FieldInfo.GetHashCode()";0.009000001;0.009000001;0.009000001;25904;25904;25904;42;45;0.00900000054389238;0.009000001;0.009000001;0.009000001;20;20;20;20;1;25904;0.0003;0.001;25904;25904;0
"Unity.TextMeshPro.dll!TMPro::TMP_ObjectPool`1.Get()";0.009000001;0.004;0.0225;26017;25904;24539;12;25;0.0614000004716218;0.01228;0.0066;0.0193;30;6;2;10;5;24539;0.0005;0.0065;25452;24539;0
"mscorlib.dll!System::String.EqualsHelper()";0.009;0.0059;0.0985;25073;25412;25815;8;39;21.9913999079727;0.01220388;0.0067;0.014;3744;2;1;28;1802;24216;0.0011;0.0922;25904;25815;0.0068
"UnityEngine.UI.dll!UnityEngine.UI::GraphicRegistry.RegisterRaycastGraphicForCanvas()";0.009;0.0025;0.286;25153;25184;24539;11;26;0.78110001469031;0.04881875;0.0027;0.0419;58;2;2;12;16;24220;0.0012;0.0618;24625;24539;0
"UnityEngine.UI.dll!UnityEngine.UI::Image.get_mainTexture()";0.009;0.0059;0.0434;25452;24685;25215;13;13;0.285100002773106;0.01781875;0.0061;0.0247;44;2;2;7;16;24220;0.0028;0.0261;24655;25215;0
"WatermarkRender";0.009;0.0051;0.4718;25738;26018;25811;3;3;24.5117998505011;0.0122559;0.0078;0.0118;2000;1;1;1;2000;24216;0.0051;0.4718;26018;25811;0.0081
"Newtonsoft.Json.dll!Newtonsoft.Json.Converters::KeyValuePairConverter.CanConvert()";0.009;0.009;0.009;25904;25904;25904;35;38;0.00899999961256981;0.009;0.009;0.009;4;4;4;4;1;25904;0.0016;0.0033;25904;25904;0
"Newtonsoft.Json.dll!Newtonsoft.Json.Utilities::ReflectionUtils.EnsureNotByRefType()";0.009;0.009;0.009;25904;25904;25904;32;39;0.00899999961256981;0.009;0.009;0.009;8;8;8;8;1;25904;0.0005;0.0031;25904;25904;0
"Physics2D.GetRayIntersection";0.009;0.0001;0.1112;25911;26022;24999;7;7;29.6147998856832;0.01507882;0.005;0.0185;1964;1;1;1;1964;24216;0.0001;0.1112;26022;24999;0.0176
"mscorlib.dll!System.Collections.Generic::Queue`1.SetCapacity()";0.009;0.009;0.009;25962;25962;25962;9;9;0.00899999961256981;0.009;0.009;0.009;1;1;1;1;1;25962;0.009;0.009;25962;25962;0
"mscorlib.dll!System::Enum.ToUInt64()";0.0089;0.0089;0.0089;25308;25308;25308;24;24;0.00889999978244305;0.0089;0.0089;0.0089;1;1;1;1;1;25308;0.0089;0.0089;25308;25308;0
"Assembly-CSharp.dll!::LaserBehavior.ApplyWidth()";0.0089;0.007;0.0428;25540;25336;24237;12;17;0.479400004260242;0.0141;0.0078;0.0133;36;1;1;2;34;24220;0.0054;0.0419;24861;25152;0
"mscorlib.dll!System.Collections.Generic::List`1.System.Collections.Generic.IEnumerable<T>.GetEnumerator()";0.0089;0.0089;0.0089;25904;25904;25904;34;42;0.00889999978244305;0.0089;0.0089;0.0089;15;15;15;15;1;25904;0.0003;0.0013;25904;25904;0
"mscorlib.dll!System.Text::UTF8Encoding.GetBytes()";0.0089;0.0089;0.0089;25904;25904;25904;24;25;0.00889999978244305;0.0089;0.0089;0.0089;4;4;4;4;1;25904;0.0012;0.003;25904;25904;0
"mscorlib.dll!::HashtableEnumerator.MoveNext()";0.008899997;0.008899997;0.008899997;25904;25904;25904;39;42;0.00889999698847532;0.008899997;0.008899997;0.008899997;61;61;61;61;1;25904;0.0001;0.0016;25904;25904;0
"Unity.TextMeshPro.dll!TMPro::TMP_UpdateManager.RegisterTextObjectForUpdate()";0.0088;0.0029;0.0536;24226;24816;24358;10;23;2.04669998469763;0.01156328;0.0048;0.0152;214;1;1;5;177;24220;0.0022;0.0371;25452;25812;0
"UnityEngine.CoreModule.dll!UnityEngine::Material.SetFloatImpl()";0.008799999;0.008799999;0.008799999;26017;26017;26017;15;15;0.00879999902099371;0.008799999;0.008799999;0.008799999;15;15;15;15;1;26017;0.0004;0.0019;26017;26017;0
"UnityEngine.UI.dll!UnityEngine.UI::CanvasUpdateRegistry.InternalDisableCanvasElementForGraphicRebuild()";0.0087;0.0032;0.0538;24472;25587;24358;15;25;0.295899998396635;0.01286522;0.0069;0.0114;66;2;2;17;23;24220;0.0008;0.03;26017;24220;0
"Assembly-CSharp.dll!::Enemy.ApplyBossVisual()";0.0087;0.0065;0.0929;24685;24655;24220;10;15;0.225300000980496;0.02048182;0.007;0.0196;26;2;2;6;11;24220;0.0024;0.0258;24655;24220;0
"UnityEngine.UI.dll!UnityEngine.UI::MaskableGraphic.UpdateClipParent()";0.0087;0.0021;0.1998;24923;24929;24220;11;25;1.07459999085404;0.02985;0.0026;0.0208;147;2;2;42;36;24220;0.0009;0.0467;24929;24220;0
"UnityEngine.UI.dll!UnityEngine.EventSystems::PointerInputModule.StateForMouseButton()";0.0087;0.0061;0.1767;25549;25543;24872;9;9;25.8111998680979;0.01291206;0.007;0.0132;5997;3;3;3;1999;24216;0.0019;0.1697;24221;24872;0.0066
"mscorlib.dll!System.Text::Encoding.GetString()";0.0087;0.0087;0.0087;25904;25904;25904;28;29;0.00870000012218952;0.0087;0.0087;0.0087;2;2;2;2;1;25904;0.0042;0.0045;25904;25904;0
"UnityEngine.UI.dll!UnityEngine.EventSystems::PointerInputModule.GetPointerData()";0.0086;0.0033;0.1237;25817;26086;24894;9;9;23.4646997926757;0.01173822;0.006699999;0.014;9599;5;3;5;1999;24216;0.0006;0.1197;24221;24894;0.0057
"Physics2D.SolveDiscrete";0.0086;0.0019;0.2159;25856;25977;25500;5;5;19.879099892918;0.01317369;0.006;0.0157;1533;1;1;2;1509;24216;0.0019;0.144;25977;25500;0
"mscorlib.dll!System.Collections::Hashtable..ctor()";0.0086;0.0086;0.0086;25904;25904;25904;44;49;0.00860000029206276;0.0086;0.0086;0.0086;6;6;6;6;1;25904;0.0011;0.0019;25904;25904;0
"mscorlib.dll!System.Text::StringBuilderCache.GetStringAndRelease()";0.008599999;0.008599999;0.008599999;25904;25904;25904;20;23;0.00859999936074018;0.008599999;0.008599999;0.008599999;5;5;5;5;1;25904;0.0013;0.0024;25904;25904;0
"mscorlib.dll!System::Type.get_IsVisible()";0.008599999;0.008599999;0.008599999;25904;25904;25904;42;45;0.00859999936074018;0.008599999;0.008599999;0.008599999;4;4;4;4;1;25904;0.0017;0.0028;25904;25904;0
"Newtonsoft.Json.dll!Newtonsoft.Json::JsonTextWriter.WriteEnd()";0.008599999;0.008599999;0.008599999;25904;25904;25904;29;35;0.00859999936074018;0.008599999;0.008599999;0.008599999;24;24;24;24;1;25904;0.0002;0.0013;25904;25904;0
"System.Core.dll!System.Linq::EnumerableSorter`2.ComputeKeys()";0.0085;0.0085;0.0085;25904;25904;25904;39;42;0.008500000461936;0.0085;0.0085;0.0085;2;2;2;2;1;25904;0.0017;0.0068;25904;25904;0
"UnityEngine.CoreModule.dll!UnityEngine::TrailRenderer.Clear_Injected()";0.0085;0.002;0.4925;24350;25848;25400;6;22;2.15740001946688;0.0134;0.0055;0.0126;616;3;1;12;161;24220;0.0001;0.4383;24362;25400;0
"UnityEngine.UI.dll!UnityEngine.EventSystems::BaseInput.GetAxisRaw()";0.0085;0.0046;0.1457;24459;26017;24515;6;8;23.1652998058125;0.01158265;0.0059;0.0131;7998;4;2;4;2000;24216;0.001;0.1369;24222;24515;0.0058
"UnityEngine.InputLegacyModule.dll!UnityEngine.Internal::InputUnsafeUtility.GetButtonDown()";0.0085;0.0045;0.2649;24707;24345;26109;8;10;23.7391999699175;0.0118696;0.0063;0.014;8776;4;2;6;2000;24216;0.0008;0.25;24221;26109;0.0051
"Newtonsoft.Json.dll!Newtonsoft.Json.Serialization::JsonProperty.get_Ignored()";0.008499998;0.008499998;0.008499998;25904;25904;25904;28;33;0.00849999766796827;0.008499998;0.008499998;0.008499998;54;54;54;54;1;25904;0;0.0009;25904;25904;0
"UnityEngine.IMGUIModule.dll!UnityEngine::GUI.set_skin()";0.008400001;0.0058;0.1374;25447;25200;25395;6;7;20.7052999222651;0.01149656;0.0072;0.0114;3814;2;2;6;1801;24216;0.0015;0.1275;25747;25395;0.0069
"Audio.FMODSystemUpdate";0.0084;0.0032;0.2102;24893;25956;25499;4;4;19.7278998850379;0.00986395;0.0073;0.0099;2000;1;1;1;2000;24216;0.0032;0.2102;25956;25499;0.0231
"mscorlib.dll!System::Int32.ToString()";0.0084;0.0029;0.0408;25478;25587;24358;5;21;20.8928998764604;0.01159428;0.0063;0.0163;3750;2;2;6;1802;24216;0.0007;0.0303;24665;25676;0.0062
"mscorlib.dll!::InternalEnumerator`1.get_Current()";0.0084;0.0084;0.0084;25904;25904;25904;37;42;0.00839999970048666;0.0084;0.0084;0.0084;35;35;35;35;1;25904;0.0001;0.0021;25904;25904;0
"Newtonsoft.Json.dll!Newtonsoft.Json::JsonWriter.Peek()";0.008399993;0.008399993;0.008399993;25904;25904;25904;27;38;0.00839999318122864;0.008399993;0.008399993;0.008399993;142;142;142;142;1;25904;0;0.0001;25904;25904;0
"PostLateUpdate.PlayerSendFrameStarted";0.0083;0.0042;0.5275;25856;26094;25061;2;2;22.2681998671032;0.0111341;0.0072;0.0111;2000;1;1;1;2000;24216;0.0042;0.5275;26094;25061;0.0057
"mscorlib.dll!System.Reflection::FieldInfo.get_IsPublic()";0.0083;0.0083;0.0083;25904;25904;25904;36;39;0.0082999998703599;0.0083;0.0083;0.0083;40;40;40;40;1;25904;0.0001;0.0005;25904;25904;0
"Unity.TextMeshPro.dll!TMPro::TMP_Settings.get_useModernHangulLineBreakingRules()";0.0083;0.0069;0.0389;26017;25452;24539;16;16;0.0856999978423119;0.021425;0.0069;0.0316;27;5;5;11;4;24539;0.0007;0.0146;26017;24539;0
"UnityEngine.UI.dll!UnityEngine.EventSystems::EventSystem.OnEnable()";0.0083;0.0083;0.0083;26017;26017;26017;9;9;0.0082999998703599;0.0083;0.0083;0.0083;1;1;1;1;1;26017;0.0083;0.0083;26017;26017;0
"UnityEngine.CoreModule.dll!UnityEngine::Transform.set_localScale()";0.008299999;0.001;0.1177;25782;25960;24220;5;24;18.7238999510882;0.01071774;0.0055;0.0125;27700;14;1;63;1747;24216;0.0002;0.0485;24216;25579;0.0047
"mscorlib.dll!System::Array.GetValueImpl()";0.008299999;0.008299999;0.008299999;25904;25904;25904;40;51;0.00829999893903732;0.008299999;0.008299999;0.008299999;50;50;50;50;1;25904;0;0.0019;25904;25904;0
"mscorlib.dll!System::Array.SetValueImpl()";0.008299999;0.008299999;0.008299999;25904;25904;25904;40;50;0.00829999893903732;0.008299999;0.008299999;0.008299999;22;22;22;22;1;25904;0;0.0029;25904;25904;0
"mscorlib.dll!System.Collections.Generic::List`1.Contains()";0.008299997;0;0.2543994;25475;25671;24220;9;38;21.3701008791177;0.01223246;0.004699999;0.0144;53935;25;4;133;1747;24216;0;0.2007;24216;24387;0.0013
"mscorlib.dll!System::ReadOnlySpan`1.get_IsEmpty()";0.008299993;0.008299993;0.008299993;25904;25904;25904;25;33;0.00829999335110188;0.008299993;0.008299993;0.008299993;138;138;138;138;1;25904;0;0.0001;25904;25904;0
"Unity.TextMeshPro.dll!TMPro::TMP_FontAsset.UpdateGSUBFontFeaturesForNewGlyphIndex()";0.008200001;0.0063;0.0223;25452;25904;24539;21;21;0.0368000003509223;0.01226667;0.0063;0.008200001;6;2;1;3;3;24539;0.0019;0.0223;25452;24539;0
"Assembly-CSharp.dll!::ProjectileVfx.OnDisable()";0.0082;0.0051;0.0384;25190;24247;24445;13;17;1.12609999673441;0.01137475;0.0056;0.0132;133;1;1;4;99;24225;0.0048;0.0384;25459;24445;0
"UnityEngine.CoreModule.dll!UnityEngine::Mesh.set_bounds()";0.0082;0.0018;0.1889;25332;24594;25822;14;17;17.9099997717422;0.01025186;0.0051;0.0116;12641;6;1;32;1747;24216;0.0003;0.1596;26017;25822;0.0049
"UnityEngine.UIModule.dll!UnityEngine::Canvas.remove_preWillRenderCanvases()";0.0082;0.0082;0.0082;26017;26017;26017;13;13;0.00820000004023314;0.0082;0.0082;0.0082;1;1;1;1;1;26017;0.0082;0.0082;26017;26017;0
"mscorlib.dll!System.Collections.Generic::List`1.get_Count()";0.008199996;0.0009999999;0.5082988;25757;26213;25516;4;52;27.0996941420017;0.01354985;0.005399999;0.01439998;322888;119;34;1242;2000;24216;0;0.3164;24216;25516;0.0035
"UnityEngine.TextCoreFontEngineModule.dll!UnityEngine.TextCore.LowLevel::FontEngine.LoadFontFace()";0.008099999;0.0056;0.0203;25452;25904;24539;22;22;0.0339999981224537;0.01133333;0.0056;0.008099999;6;2;1;3;3;24539;0.0014;0.0203;25452;24539;0
"mscorlib.dll!System::RuntimeType.CreateInstanceMono()";0.008099999;0.008099999;0.008099999;25904;25904;25904;48;51;0.0080999992787838;0.008099999;0.008099999;0.008099999;2;2;2;2;1;25904;0.0039;0.0042;25904;25904;0
"mscorlib.dll!System.Globalization::CharUnicodeInfo.get_CategoriesValue()";0.008099998;0.0008;0.0333;26017;25904;24539;19;36;0.0643000017735176;0.01286;0.003400001;0.0187;113;20;5;44;5;24539;0.0001;0.0096;25452;24539;0
"mscorlib.dll!System.Collections.Generic::ValueListBuilder`1.Append()";0.008099994;0.008099994;0.008099994;25904;25904;25904;25;33;0.00809999369084835;0.008099994;0.008099994;0.008099994;138;138;138;138;1;25904;0;0.0001;25904;25904;0
"UnityEngine.CoreModule.dll!UnityEngine::Mesh.SetNormals()";0.008;0.006;0.0949;24517;24285;25215;14;16;13.987999941688;0.01213183;0.0066;0.0128;4473;3;3;21;1153;24216;0.0016;0.027;24243;25612;0
"UnityEngine.CoreModule.dll!UnityEngine.Bindings::OutStringMarshaller.GetStringAndDispose()";0.008;0.0025;0.0411;24776;24806;24289;10;10;1.54899999010377;0.01114388;0.005;0.0146;188;1;1;7;139;24220;0.0011;0.0353;24221;25276;0
"mscorlib.dll!System.Text::UTF8Encoding.GetEncoder()";0.008;0.008;0.008;25904;25904;25904;23;24;0.00800000037997961;0.008;0.008;0.008;4;4;4;4;1;25904;0.0018;0.0024;25904;25904;0
"Unity.TextMeshPro.dll!TMPro::TextMeshProUGUI.RecalculateClipping()";0.008;0.004;0.1011;25904;25587;24539;10;23;0.28829999640584;0.03203333;0.0057;0.04969999;38;3;1;18;9;24539;0.0012;0.0372;26017;24539;0
"UnityEngine.UI.dll!UnityEngine.UIElements::UIToolkitInteroperabilityBridge.StopTrackingUIToolkitPanels()";0.008;0.008;0.008;26017;26017;26017;14;14;0.00800000037997961;0.008;0.008;0.008;1;1;1;1;1;26017;0.008;0.008;26017;26017;0
"mscorlib.dll!System.Collections.Generic::GenericEqualityComparer`1.GetHashCode()";0.007999999;0.0008;0.1731001;24351;25929;24236;9;43;18.6021944271051;0.01064199;0.0044;0.0116;76694;36;4;213;1748;24216;0.0001;0.0228;24216;25822;0.0042
"mscorlib.dll!System.Reflection::RuntimeFieldInfo.get_Name()";0.007999997;0.007999997;0.007999997;25904;25904;25904;35;42;0.00799999665468931;0.007999997;0.007999997;0.007999997;120;120;120;120;1;25904;0;0.0003;25904;25904;0
"mscorlib.dll!System::SpanHelpers.SequenceEqual()";0.0079;0.0052;0.0964;24489;24435;25815;9;40;19.1775998505764;0.0106424;0.0058;0.0123;3744;2;1;28;1802;24216;0.0007;0.0918;25904;25815;0.0057
"TilemapRenderer.Render";0.0079;0.0056;0.0669;25079;24775;24719;9;9;18.4448999129236;0.01024148;0.0071;0.0101;3602;2;2;2;1801;24216;0.0024;0.0477;24776;24719;0.0085
"mscorlib.dll!System::RuntimeType.CreateInstanceCheckThis()";0.0079;0.0079;0.0079;25904;25904;25904;45;51;0.00789999961853027;0.0079;0.0079;0.0079;4;4;4;4;1;25904;0.0016;0.0029;25904;25904;0
"mscorlib.dll!System::Type.get_IsByRef()";0.0079;0.0079;0.0079;25904;25904;25904;33;40;0.00789999961853027;0.0079;0.0079;0.0079;10;10;10;10;1;25904;0.0004;0.0026;25904;25904;0
"Profiler.FlushCountersWithFlushOnEndOfFrame";0.0079;0.0057;0.1993;25906;26213;26148;4;4;22.1517999195494;0.0110759;0.0069;0.0105;2000;1;1;1;2000;24216;0.0057;0.1993;26213;26148;0.007
"UnityEngine.UI.dll!UnityEngine.UI::Selectable.DoSpriteSwap()";0.0079;0.0079;0.0079;26017;26017;26017;11;14;0.00789999961853027;0.0079;0.0079;0.0079;7;7;7;7;1;26017;0.0009;0.0014;26017;26017;0
"Image.AllocateImageData";0.0079;0.0042;0.0317;26056;26086;26161;6;6;0.128199999220669;0.01282;0.0066;0.0113;10;1;1;1;10;26026;0.0042;0.0317;26086;26161;0
"Newtonsoft.Json.dll!Newtonsoft.Json.Serialization::JsonPropertyCollection.GetKeyForItem()";0.007800001;0.007800001;0.007800001;25904;25904;25904;36;40;0.00780000071972609;0.007800001;0.007800001;0.007800001;40;40;40;40;1;25904;0.0001;0.0006;25904;25904;0
"mscorlib.dll!System.IO::FileStream.Write()";0.0078;0.0078;0.0078;25904;25904;25904;22;23;0.0078000002540648;0.0078;0.0078;0.0078;4;4;4;4;1;25904;0.0013;0.0023;25904;25904;0
"Mesh.AwakeFromLoad";0.0078;0.0078;0.0078;26017;26017;26017;12;12;0.0078000002540648;0.0078;0.0078;0.0078;5;5;5;5;1;26017;0.0008;0.0044;26017;26017;0
"Canvas.BuildBatch";0.0078;0.0043;0.1888;24239;25065;24392;5;5;19.8036998775788;0.01041204;0.0064;0.0102;1902;1;1;1;1902;24216;0.0043;0.1888;25065;24392;0.0112
"UnityEngine.CoreModule.dll!UnityEngine::MonoBehaviour.StopCoroutine()";0.0078;0.0024;0.08230004;24840;25587;26017;7;29;1.23750003241003;0.01262755;0.0063;0.0141;189;1;1;66;98;24220;0.001;0.0326;26017;25525;0
"UnityEngine.UI.dll!UnityEngine.UI.Collections::IndexedSet`1.Add()";0.0078;0.0037;0.3229;24922;24775;24539;10;30;13.12349991058;0.01118798;0.0053;0.0124;1689;1;1;39;1173;24216;0.0023;0.1216;26017;24788;0
"UnityEngine.CoreModule.dll!UnityEngine::MonoBehaviour.StopCoroutineManaged()";0.0078;0.0043;0.04620001;25011;25804;26017;10;16;0.168800006620586;0.01125333;0.0047;0.009;80;1;1;64;15;24220;0.0005;0.0182;26017;24220;0
"mscorlib.dll!System.Collections.Generic::Dictionary`2.Clear()";0.0078;0.0002;0.1716;25416;26000;24236;7;27;19.0252987307758;0.009512649;0.0048;0.0112;37276;16;6;70;2000;24216;0;0.0426;24216;24392;0.0054
"Newtonsoft.Json.dll!Newtonsoft.Json::JsonPosition..ctor()";0.0078;0.0078;0.0078;25904;25904;25904;29;36;0.00779999978840351;0.0078;0.0078;0.0078;24;24;24;24;1;25904;0.0001;0.0014;25904;25904;0
"System.dll!::OrderedDictionaryKeyValueCollection.System.Collections.ICollection.CopyTo()";0.0078;0.0078;0.0078;25904;25904;25904;42;45;0.00779999978840351;0.0078;0.0078;0.0078;2;2;2;2;1;25904;0.0036;0.0042;25904;25904;0
"mscorlib.dll!System::Char.IsLetter()";0.007799999;0.007799999;0.007799999;25904;25904;25904;22;30;0.00779999932274222;0.007799999;0.007799999;0.007799999;20;20;20;20;1;25904;0.0002;0.0008;25904;25904;0
"mscorlib.dll!System::Array.ClearInternal()";0.007799997;0.0011;0.1049;25308;25969;24236;8;31;18.3907967372797;0.009349667;0.0057;0.0108;57347;24;2;118;1967;24216;0;0.0873;24218;25980;0.0046
"mscorlib.dll!::ArrayEnumerator..ctor()";0.007799993;0.007799993;0.007799993;25904;25904;25904;45;52;0.00779999326914549;0.007799993;0.007799993;0.007799993;91;91;91;91;1;25904;0;0.0003;25904;25904;0
"Assembly-CSharp.dll!::EnemyHpViewer.SetFillThickness()";0.0077;0.0062;0.3432;24381;24929;25703;10;17;0.813699988648295;0.02805862;0.0068;0.014;33;1;1;4;29;24220;0.0062;0.3432;24929;25703;0
"mscorlib.dll!System::Array.IndexOf()";0.0077;0.0017;0.9109;24450;25745;24220;11;40;28.0373996933922;0.01913816;0.0043;0.0153;4718;2;1;61;1465;24216;0.0004;0.1989;24222;24387;0
"UnityEngine.UI.dll!UnityEngine.UI::Graphic.GetPixelAdjustedRect()";0.0077;0.0048;0.1129;24843;24472;25663;15;16;12.0044999131933;0.01041154;0.0057;0.0109;1491;1;1;7;1153;24216;0.0042;0.0673;24243;25663;0
"UnityEngine.UI.dll!UnityEngine.UI::MaskableGraphic.RecalculateClipping()";0.0077;0.0034;0.0991;25904;25587;24539;11;24;0.279100000858307;0.03101111;0.0049;0.0475;38;3;1;18;9;24539;0.0011;0.0366;25587;24539;0
"UnityEngine.CoreModule.dll!UnityEngine::Quaternion.op_Multiply()";0.007699994;0;0.2044;24472;26082;25400;7;17;20.925889326405;0.01046294;0.006399997;0.01029999;186107;101;2;113;2000;24216;0;0.177;24216;25389;0.006399997
"UnityEngine.CoreModule.dll!UnityEngine::Vector3.op_Addition()";0.007699994;0;0.2154;24780;26031;24236;5;20;20.8467939286274;0.01061446;0.0037;0.01229999;261797;100;1;761;1964;24216;0;0.0194;24216;25724;0.005899997
"System.Core.dll!System.Linq::Grouping`2.Add()";0.007600001;0.007600001;0.007600001;25904;25904;25904;38;41;0.00760000059381127;0.007600001;0.007600001;0.007600001;40;40;40;40;1;25904;0.0001;0.0003;25904;25904;0
"UnityEngine.UI.dll!UnityEngine.UI::MultipleDisplayUtilities.GetRelativeMousePositionForRaycast()";0.0076;0.0041;0.0876;24232;25745;25403;11;11;22.7659998773597;0.01138869;0.0057;0.0158;1999;1;1;1;1999;24216;0.0041;0.0876;25745;25403;0.0056
"Assembly-CSharp.dll!::Enemy.PauseMovementForSkill()";0.0076;0.0069;0.01;24625;25669;25153;6;6;0.0244999998249114;0.008166667;0.0069;0.0076;3;1;1;1;3;24625;0.0069;0.01;25669;25153;0
"SpriteRenderer.AwakeFromLoad";0.0076;0.0012;0.0706;25571;25308;24220;9;24;1.17149999656249;0.0097625;0.0057;0.0097;217;1;1;6;120;24220;0;0.0223;25308;25215;0
"mscorlib.dll!System.Collections.ObjectModel::KeyedCollection`2..ctor()";0.0076;0.0076;0.0076;25904;25904;25904;35;39;0.00760000012814999;0.0076;0.0076;0.0076;8;8;8;8;1;25904;0.0006;0.0016;25904;25904;0
"System.dll!System.Collections.Specialized::OrderedDictionary.Add()";0.0076;0.0076;0.0076;25904;25904;25904;43;46;0.00760000012814999;0.0076;0.0076;0.0076;2;2;2;2;1;25904;0.0035;0.0041;25904;25904;0
"UnityEngine.InputLegacyModule.dll!UnityEngine::Input.GetAxisRaw()";0.0076;0.0038;0.1444;26016;26017;24515;7;9;20.9019999895245;0.010451;0.0054;0.0118;7998;4;2;4;2000;24216;0.0009;0.1366;24221;24515;0.0053
"UnityEngine.CoreModule.dll!UnityEngine::Mesh.MarkDynamic()";0.0075;0.0012;0.2014;25206;24584;24236;13;15;16.3626996128587;0.009366171;0.0043;0.0107;12635;6;1;32;1747;24216;0.0007;0.0687;24216;25421;0.0047
"Assembly-CSharp.dll!::TowerChargeGaugeView.ApplySorting()";0.0075;0.0075;0.0075;25308;25308;25308;15;15;0.00750000029802322;0.0075;0.0075;0.0075;2;2;2;2;1;25308;0.0024;0.0051;25308;25308;0
"PostLateUpdate.EnlightenRuntimeUpdate";0.0075;0.0029;0.1165;24990;26019;25244;2;2;18.1126998970285;0.00905635;0.0067;0.0084;2000;1;1;1;2000;24216;0.0029;0.1165;26019;25244;0.0128
"mscorlib.dll!System.Text::ValueStringBuilder.ToString()";0.0075;0.0032;0.0429;25422;25533;24358;10;35;2.02579998364672;0.00997931;0.0057;0.0115;299;1;1;4;203;24220;0.0016;0.0314;24665;24831;0
"Newtonsoft.Json.dll!Newtonsoft.Json.Serialization::JsonSerializerInternalWriter.OnSerializing()";0.0075;0.0075;0.0075;25904;25904;25904;26;32;0.00749999983236194;0.0075;0.0075;0.0075;24;24;24;24;1;25904;0.0001;0.0015;25904;25904;0
"CullSceneDynamicObjects";0.0075;0.0042;0.5958;25989;24251;25127;8;8;12.8581999321468;0.01086915;0.0072;0.0083;1188;1;1;2;1183;24216;0.0039;0.5958;25430;25127;0
"mscorlib.dll!System.Collections.Generic::Dictionary`2.Remove()";0.007499999;0.0051;0.1717999;25786;25703;26017;9;29;0.200399942230433;0.04007999;0.0074;0.0086;130;6;1;111;5;24923;0.0005;0.0115;26017;26017;0
"mscorlib.dll!System.Reflection::RuntimeFieldInfo.get_BindingFlags()";0.007499995;0.007499995;0.007499995;25904;25904;25904;39;43;0.00749999517574906;0.007499995;0.007499995;0.007499995;120;120;120;120;1;25904;0;0.0015;25904;25904;0
"Newtonsoft.Json.dll!Newtonsoft.Json.Serialization::JsonContract.get_Converter()";0.007499995;0.007499995;0.007499995;25904;25904;25904;25;33;0.00749999517574906;0.007499995;0.007499995;0.007499995;75;75;75;75;1;25904;0;0.0023;25904;25904;0
"UnityEngine.TextCoreFontEngineModule.dll!UnityEngine.TextCore.LowLevel::MarkToBaseAdjustmentRecord.get_markGlyphID()";0.007499995;0.007499995;0.007499995;25904;25904;25904;18;18;0.00749999517574906;0.007499995;0.007499995;0.007499995;104;104;104;104;1;25904;0;0.0015;25904;25904;0
"TMP.RegisterTextObjectForUpdate";0.0074;0.0026;0.0477;24226;24816;24358;11;24;1.7878000009805;0.01010056;0.0042;0.0131;214;1;1;5;177;24220;0.002;0.0337;25452;25812;0
"ParticleSystem.ScheduleGeometryJobs";0.0074;0.0011;0.2028;25295;25758;25175;4;4;8.72339995193761;0.008983934;0.0064;0.0092;971;1;1;1;971;24216;0.0011;0.2028;25758;25175;0.0175
"mscorlib.dll!System::Array.BinarySearch()";0.0074;0.0074;0.0074;25308;25308;25308;24;25;0.00740000000223517;0.0074;0.0074;0.0074;2;2;2;2;1;25308;0.0036;0.0038;25308;25308;0
"mscorlib.dll!System::Object.__icall_wrapper_mono_marshal_isinst_with_cache()";0.0074;0.0013;0.08100001;25631;25657;25377;8;51;16.9745991106611;0.009160604;0.0051;0.0118;25992;12;2;121;1853;24216;0;0.0594;24565;25377;0.0025
"Newtonsoft.Json.dll!Newtonsoft.Json.Serialization::JsonPropertyCollection..ctor()";0.0074;0.0074;0.0074;25904;25904;25904;34;37;0.00740000000223517;0.0074;0.0074;0.0074;4;4;4;4;1;25904;0.0013;0.0026;25904;25904;0
"UnityEngine.TextCoreFontEngineModule.dll!UnityEngine.TextCore.LowLevel::FontEngine.GetMarkToMarkAdjustmentRecords()";0.0074;0.005;0.0221;25904;25452;24539;17;18;0.0344999996013939;0.0115;0.005;0.0074;8;2;2;4;3;24539;0.0013;0.0129;25904;24539;0
"UnityEngine.CoreModule.dll!UnityEngine::Component.GetComponentsForListInternal_Injected()";0.0074;0.0015;0.2603;24815;26018;25663;10;31;16.7570998384617;0.01051261;0.0045;0.0127;11645;6;2;245;1594;24216;0.0001;0.1268;24381;24395;0
"Assembly-CSharp.dll!::EnemyHp.RestoreHitVisual()";0.0073;0.002;0.0515;25904;24381;24358;8;11;0.192399999359623;0.01012632;0.0039;0.0125;20;1;1;2;19;24220;0.002;0.0297;24381;24358;0
"Newtonsoft.Json.dll!Newtonsoft.Json.Converters::BinaryConverter.CanConvert()";0.0073;0.0073;0.0073;25904;25904;25904;35;38;0.00730000017210841;0.0073;0.0073;0.0073;4;4;4;4;1;25904;0.0014;0.0029;25904;25904;0
"UnityEngine.UI.dll!UnityEngine.EventSystems::ExecuteEvents.ShouldSendToComponent()";0.0073;0.0022;0.1558;24812;25543;25702;9;16;5.45109990704805;0.01030454;0.0043;0.013;5711;4;4;40;529;24565;0.0002;0.0442;24565;26067;0
"UnityEngine.UI.dll!::MouseState.GetButtonState()";0.0073;0.0051;0.2252;25795;25660;24721;8;10;21.3875996284187;0.01069915;0.006;0.0105;15992;8;8;8;1999;24216;0.0004;0.2203;24221;24721;0.0058
"UnityEngine.UI.dll!UnityEngine.UI::CanvasScaler.HandleScaleWithScreenSize()";0.0072;0.0052;0.1007;24952;24326;26072;8;11;20.7706998805515;0.01038535;0.0064;0.0102;2001;1;1;2;2000;24216;0.0052;0.1007;24326;26072;0.0083
"UnityEngine.CoreModule.dll!UnityEngine::Shader.Find()";0.0072;0.0052;0.0335;25185;25543;24287;12;13;0.53169999551028;0.010225;0.0061;0.0128;54;1;1;2;52;24287;0.0052;0.0268;25543;24287;0
"Unity.TextMeshPro.dll!::SpecialCharacter..ctor()";0.0072;0.0014;0.0214;25663;25452;24539;13;17;0.0408999989740551;0.010225;0.0014;0.0109;13;1;1;10;4;24539;0.0008;0.0214;26017;24539;0
"FixedUpdate.PhysicsFixedUpdate";0.0072;0.0043;0.3125;25759;24313;24993;2;2;21.0252999267541;0.01255992;0.0061;0.0175;1698;1;1;2;1674;24216;0.0034;0.3125;24389;24993;0
"mscorlib.dll!Mono.Globalization.Unicode::MSCompatUnicodeTable.Level2()";0.0072;0.0072;0.0072;25904;25904;25904;32;40;0.00719999987632036;0.0072;0.0072;0.0072;24;24;24;24;1;25904;0.0001;0.0019;25904;25904;0
"System.dll!System.Collections.Specialized::OrderedDictionary.Contains()";0.0072;0.0072;0.0072;25904;25904;25904;42;45;0.00719999987632036;0.0072;0.0072;0.0072;2;2;2;2;1;25904;0.0033;0.0039;25904;25904;0
"mscorlib.dll!System::RuntimeType.IsAssignableFrom()";0.0072;0.0072;0.1045;26017;26017;25904;21;52;0.11170004773885;0.05585003;0.0072;0.0072;198;2;2;196;2;25904;0;0.0039;25904;26017;0
"mscorlib.dll!Mono::SafeStringMarshal..ctor()";0.007199995;0.007199995;0.007199995;25904;25904;25904;38;47;0.0071999947540462;0.007199995;0.007199995;0.007199995;83;83;83;83;1;25904;0;0.0003;25904;25904;0
"Physics2D.SolveDiscreteTraversal";0.0071;0.0014;0.1289;24766;25977;25500;6;6;15.8313999096863;0.01049132;0.0049;0.0126;1533;1;1;2;1509;24216;0.0014;0.1093;25907;25286;0
"Clear";0.0071;0.0008;0.0789;25294;26018;25703;7;7;16.9901998901623;0.0084951;0.0061;0.0087;2000;1;1;1;2000;24216;0.0008;0.0789;26018;25703;0.0114
"PlayerConnection.Poll";0.0071;0.0037;1.386;25300;24374;26130;3;4;38.3812996298075;0.01919065;0.006;0.0157;4000;2;2;2;2000;24216;0.0018;0.6933;24360;26130;0.0061
"UnityEngine.UI.dll!UnityEngine.UI.CoroutineTween::TweenRunner`1.StopTween()";0.0071;0;0.0335;25448;24715;25525;15;28;0.91039999271743;0.008753846;0.0037;0.0096;118;1;1;4;104;24220;0;0.0335;24635;25525;0
"mscorlib.dll!System.Collections.ObjectModel::KeyedCollection`2.CreateDictionary()";0.0071;0.0071;0.0071;25904;25904;25904;37;41;0.0071000000461936;0.0071;0.0071;0.0071;4;4;4;4;1;25904;0.0016;0.0021;25904;25904;0
"UnityEngine.CoreModule.dll!UnityEngine::Camera.WorldToViewportPoint()";0.007099999;0.0023;0.082;24290;24733;24798;6;7;8.79669992090203;0.01019316;0.0047;0.0122;3496;2;2;12;863;24216;0.0004;0.0414;24221;24798;0
"mscorlib.dll!::Node..ctor()";0.007099998;0.007099998;0.007099998;25904;25904;25904;32;45;0.00709999771788716;0.007099998;0.007099998;0.007099998;62;62;62;62;1;25904;0;0.0003;25904;25904;0
"UnityEngine.UI.dll!UnityEngine.UI.Collections::IndexedSet`1.get_Item()";0.007000001;0.0018;0.07009999;24734;26151;24322;9;12;18.6852994542569;0.0095139;0.0056;0.009899998;59228;30;12;59;1964;24216;0.0001;0.0327;24216;25958;0.004699999
"mscorlib.dll!System.Reflection::RuntimeParameterInfo[].System.Collections.Generic.IEnumerable`1.GetEnumerator()";0.007000001;0.007000001;0.007000001;25904;25904;25904;39;43;0.00700000068172812;0.007000001;0.007000001;0.007000001;15;15;15;15;1;25904;0.0001;0.0013;25904;25904;0
"Assembly-CSharp.dll!::ObjectDetector.Update()";0.007;0.004;4.2922;24463;25507;24539;4;4;28.9636999862269;0.01608201;0.0051;0.012;1801;1;1;1;1801;24216;0.004;4.2922;25507;24539;0.0056
"Physics2D.Collider2D.RecalculateContacts";0.007;0.0023;0.071;24905;25615;24288;7;7;15.8647998641245;0.01051345;0.005;0.0127;7187;4;1;17;1509;24216;0;0.0223;24450;24887;0
"Assembly-CSharp.dll!::PlayerService.remove_OnDied()";0.007;0.007;0.007;26017;26017;26017;11;11;0.00699999975040555;0.007;0.007;0.007;1;1;1;1;1;26017;0.007;0.007;26017;26017;0
"System.Core.dll!System.Collections.Generic::LargeArrayBuilder`1.TryMove()";0.006999996;0.006999996;0.006999996;25904;25904;25904;43;50;0.00699999555945396;0.006999996;0.006999996;0.006999996;91;91;91;91;1;25904;0;0.0002;25904;25904;0
"mscorlib.dll!System::Number.DoubleToNumber()";0.0069;0.0036;0.0301;25011;24732;24358;11;36;1.87079999456182;0.009215764;0.0052;0.0106;300;1;1;4;203;24220;0.0008;0.0242;24855;24702;0
"mscorlib.dll!System::String..ctor()";0.0069;0.0019;0.0417;25235;25135;24220;11;36;2.68379999091849;0.009866912;0.0044;0.0128;495;1;1;10;272;24220;0.0008;0.0321;24221;24292;0
"Unity.TextMeshPro.dll!TMPro::TMP_TextProcessingStack`1.Push()";0.0069;0.0012;0.007199999;25663;25452;24539;15;15;0.0152999991551042;0.0051;0.0012;0.0069;28;9;9;10;3;24539;0.0001;0.0012;25452;24539;0
"Assembly-CSharp.dll!::<PlayGather>d__23.MoveNext()";0.0069;0.0066;0.0133;25669;24625;25153;11;11;0.0267999996431172;0.008933334;0.0066;0.0069;3;1;1;1;3;24625;0.0066;0.0133;24625;25153;0
"Newtonsoft.Json.dll!Newtonsoft.Json.Serialization::JsonProperty.set_PropertyType()";0.0069;0.0069;0.0069;25904;25904;25904;35;38;0.00689999992027879;0.0069;0.0069;0.0069;20;20;20;20;1;25904;0.0001;0.0016;25904;25904;0
"Assembly-CSharp.dll!::LaserBehavior.SetWidth()";0.0068;0.0053;0.0384;24831;24324;24932;13;18;0.382399999536574;0.01124706;0.0062;0.0103;36;1;1;2;34;24220;0.0041;0.0384;24861;24932;0
"Update.ScriptRunDelayedTasks";0.0068;0.0044;0.1763;24908;25904;25956;2;2;19.3089999021031;0.0096545;0.0059;0.0101;2000;1;1;1;2000;24216;0.0044;0.1763;25904;25956;0.0052
"mscorlib.dll!System.Collections.Generic::ArraySortHelper`1.InsertionSort()";0.0068;0.0068;0.0068;25904;25904;25904;43;44;0.00680000009015203;0.0068;0.0068;0.0068;2;2;2;2;1;25904;0.0031;0.0037;25904;25904;0
"UnityEngine.UI.dll!UnityEngine.UI.Collections::IndexedSet`1.Contains()";0.0068;0.0068;0.0068;26017;26017;26017;15;24;0.00680000009015203;0.0068;0.0068;0.0068;4;4;4;4;1;26017;0.0008;0.0025;26017;26017;0
"UnityEngine.IMGUIModule.dll!UnityEngine::GUI.DoSetSkin()";0.0068;0.0046;0.1317;24585;24313;25395;7;8;16.7268999172375;0.009287562;0.0058;0.0093;3814;2;2;6;1801;24216;0.0012;0.1239;25747;25395;0.0056
"mscorlib.dll!System::Span`1.ToArray()";0.0068;0.0025;0.4009;25219;24775;24805;10;24;9.96269993204623;0.009081769;0.0048;0.0105;1972;2;1;6;1097;24216;0.0011;0.3997;24244;24805;0
"UnityEngine.InputLegacyModule.dll!UnityEngine.Internal::InputUnsafeUtility.GetAxisRaw()";0.0068;0.0034;0.1434;25748;26017;24515;8;10;18.7779998611659;0.009389;0.0048;0.0105;7998;4;2;4;2000;24216;0.0008;0.1365;24221;24515;0.0047
"UnityEngine.TextCoreFontEngineModule.dll!UnityEngine.TextCore.LowLevel::FontEngine.GetPairAdjustmentRecords()";0.0068;0.0039;0.0246;25904;25452;24539;17;18;0.0352999987080693;0.01176667;0.0039;0.0068;8;2;2;4;3;24539;0.0011;0.0147;25904;24539;0
"UnityEngine.CoreModule.dll!UnityEngine::Mathf.Clamp01()";0.006799996;0;0.1619003;25852;25972;24236;6;34;18.1222904016904;0.009061146;0.003700001;0.01089999;236453;99;1;583;2000;24216;0;0.1503;24216;24717;0.0032
"UnityEngine.UI.dll!UnityEngine.UI::MaskableGraphic.UnityEngine.UI.IClippable.get_gameObject()";0.0067;0.0032;0.0525;24685;24655;24220;13;27;0.250099995406345;0.01563125;0.0032;0.0155;58;2;2;12;16;24220;0.0015;0.0123;25699;24220;0
"PostLateUpdate.PlayerSendFrameComplete";0.0067;0.001;0.2401;24690;26018;24631;2;2;22.6704998607747;0.01133525;0.0056;0.0101;2000;1;1;1;2000;24216;0.001;0.2401;26018;24631;0.0053
"mscorlib.dll!System::Array.IndexOfImpl()";0.0067;0.0014;0.8961;25375;25745;24220;12;41;26.2930998674128;0.01794751;0.0038;0.0139;4718;2;1;61;1465;24216;0.0002;0.1981;24222;24387;0
"mscorlib.dll!Mono.Globalization.Unicode::MSCompatUnicodeTable.Level3()";0.006699998;0.006699998;0.006699998;25904;25904;25904;31;39;0.00669999839738011;0.006699998;0.006699998;0.006699998;24;24;24;24;1;25904;0.0001;0.0012;25904;25904;0
"Newtonsoft.Json.dll!Newtonsoft.Json.Serialization::JsonContract.get_UnderlyingType()";0.006699997;0.006699997;0.006699997;25904;25904;25904;25;37;0.00669999700039625;0.006699997;0.006699997;0.006699997;78;78;78;78;1;25904;0;0.0007;25904;25904;0
"mscorlib.dll!::ArrayEnumerator.MoveNext()";0.006699995;0.006699995;0.006699995;25904;25904;25904;44;51;0.0066999951377511;0.006699995;0.006699995;0.006699995;121;121;121;121;1;25904;0;0.0002;25904;25904;0
"UnityEngine.UI.dll!UnityEngine.UI::Slider.get_normalizedValue()";0.0066;0.0024;0.084;24955;24732;24220;12;22;9.58969992399216;0.008309965;0.0046;0.0092;2148;2;1;7;1154;24216;0.002;0.0268;24240;25118;0
"mscorlib.dll!System::String.Concat()";0.0066;0.0032;0.1562;25735;24689;25904;7;39;0.454500000923872;0.01228378;0.0057;0.0088;137;2;1;67;37;24539;0.0015;0.0145;25904;24539;0
"cleanupAfterLoad.Invoke";0.0066;0.0066;0.0066;26017;26017;26017;8;8;0.00659999996423721;0.0066;0.0066;0.0066;1;1;1;1;1;26017;0.0066;0.0066;26017;26017;0
"ApplyPass.PrepareKeywords";0.006599999;0.0004;0.06509999;24351;26215;24283;5;8;16.0342973583902;0.008017149;0.005699998;0.008099998;79396;42;6;59;2000;24216;0;0.0383;24216;24283;0.008499998
"mscorlib.dll!System.Reflection::ConstructorInfo[].System.Collections.Generic.IEnumerable`1.GetEnumerator()";0.006599999;0.006599999;0.006599999;25904;25904;25904;37;41;0.00659999949857593;0.006599999;0.006599999;0.006599999;9;9;9;9;1;25904;0.0004;0.0012;25904;25904;0
"mscorlib.dll!System::RuntimeType.IsPointerImpl()";0.006599999;0.006599999;0.006599999;25904;25904;25904;40;52;0.00659999949857593;0.006599999;0.006599999;0.006599999;19;19;19;19;1;25904;0.0003;0.001;25904;25904;0
"mscorlib.dll!System::String.CreateString()";0.0065;0.0016;0.0392;24776;25135;24220;12;37;2.51169998769183;0.009234191;0.004;0.012;495;1;1;10;272;24220;0.0007;0.0316;24221;24292;0
"PlayerEndOfFrame";0.0065;0.0009;0.2388;25353;26018;24631;3;3;22.2824998931028;0.01114125;0.0054;0.0099;2000;1;1;1;2000;24216;0.0009;0.2388;26018;24631;0.0052
"mscorlib.dll!System::Comparison`1.invoke_int_T_T()";0.0065;0.0022;0.0558;25491;24620;25701;15;15;3.27379999542609;0.009068698;0.0061;0.009500001;1025;3;1;3;361;24568;0.0016;0.0224;24707;25701;0
"UnityEngine.UI.dll!UnityEngine.UI::MaskableGraphic.RecalculateMasking()";0.0065;0.0046;0.08;25703;25587;24539;10;23;0.240800001658499;0.02675556;0.0052;0.0453;38;3;1;18;9;24539;0.0013;0.027;26017;24539;0
"EarlyUpdate.PhysicsResetInterpolatedTransformPosition";0.0065;0;0.0583;25776;24230;25176;2;2;19.1095999071113;0.0095548;0.0055;0.0123;2000;1;1;1;2000;24216;0;0.0583;24230;25176;0
"mscorlib.dll!Microsoft.Win32.SafeHandles::SafeHandleZeroOrMinusOneIsInvalid..ctor()";0.0065;0.0065;0.0065;25904;25904;25904;26;27;0.00650000013411045;0.0065;0.0065;0.0065;4;4;4;4;1;25904;0.0011;0.002;25904;25904;0
"Unity.ResourceManager.dll!UnityEngine.ResourceManagement.Util::GlobalLinkedListNodeCache`1.Release()";0.0065;0.0065;0.0065;26017;26017;26017;16;16;0.00650000013411045;0.0065;0.0065;0.0065;6;6;6;6;1;26017;0.0007;0.0026;26017;26017;0
"Newtonsoft.Json.dll!Newtonsoft.Json.Utilities::ReflectionUtils.IsNullable()";0.0065;0.0065;0.0065;25904;25904;25904;36;39;0.00649999966844916;0.0065;0.0065;0.0065;4;4;4;4;1;25904;0.0012;0.0028;25904;25904;0
"Newtonsoft.Json.dll!Newtonsoft.Json::JsonConverter[].System.Collections.Generic.ICollection`1.get_Count()";0.0065;0.0065;0.0065;25904;25904;25904;35;38;0.00649999966844916;0.0065;0.0065;0.0065;44;44;44;44;1;25904;0.0001;0.0002;25904;25904;0
"mscorlib.dll!Mono.Globalization.Unicode::MSCompatUnicodeTable.Level1()";0.006499999;0.006499999;0.006499999;25904;25904;25904;32;40;0.00649999920278788;0.006499999;0.006499999;0.006499999;24;24;24;24;1;25904;0.0001;0.0016;25904;25904;0
"Physics2D.FlagContactsForRecreation";0.006499999;0.0019;0.1377;24837;25967;25976;7;7;14.7615940172691;0.009782368;0.0046;0.01099999;153464;101;95;117;1509;24216;0;0.1315;24216;25976;0
"mscorlib.dll!System.Globalization::CharUnicodeInfo.get_CategoryLevel3Index()";0.006499999;0.0009;0.0247;26017;25904;24539;19;36;0.054599997238256;0.01092;0.0035;0.019;113;20;5;44;5;24539;0.0001;0.002;25452;24539;0
"UnityEngine.CoreModule.dll!UnityEngine::Vector3.op_Multiply()";0.006499996;0;0.07860009;25394;26023;25271;5;24;17.2539916010282;0.008626996;0.005399998;0.008299993;184169;100;2;132;2000;24216;0;0.0716;24216;25271;0.006599998
"UnityEngine.CoreModule.dll!UnityEngine.Events::UnityEvent.AddListener()";0.0064;0.0064;0.0064;26017;26017;26017;11;11;0.00640000030398369;0.0064;0.0064;0.0064;3;3;3;3;1;26017;0.0017;0.0029;26017;26017;0
"UnityEngine.CoreModule.dll!UnityEngine.Events::UnityEvent`1.AddListener()";0.0064;0.0037;0.0594;24848;24806;24220;17;28;0.874999997904524;0.009114583;0.0053;0.0089;104;1;1;4;96;24220;0.0021;0.0295;25483;25702;0
"Profiler.CollectLegacyStats";0.0064;0.0041;0.0502;25372;24266;25628;4;4;15.518599934876;0.0077593;0.0057;0.0077;2000;1;1;1;2000;24216;0.0041;0.0502;24266;25628;0.0076
"PreLateUpdate.UIElementsUpdatePanels";0.0064;0.0041;0.433;25546;25108;25949;2;2;18.2821998805739;0.0091411;0.0055;0.0096;2000;1;1;1;2000;24216;0.0041;0.433;25108;25949;0.0046
"Assembly-CSharp.dll!::BossIntroFx.ResolveSprites()";0.0064;0.0061;0.0123;25669;24625;25153;12;12;0.0247999993152916;0.008266667;0.0061;0.0064;3;1;1;1;3;24625;0.0061;0.0123;24625;25153;0
"TMP Handle Vertical Line Breaking";0.0064;0.0064;0.0064;25904;25904;25904;16;17;0.0063999998383224;0.0064;0.0064;0.0064;6;6;6;6;1;25904;0.0001;0.0055;25904;25904;0
"mscorlib.dll!System.Globalization::CharUnicodeInfo.get_CategoryLevel1Index()";0.0064;0.0009;0.0268;26017;25904;24539;19;36;0.059499999624677;0.0119;0.004499999;0.0209;113;20;5;44;5;24539;0.0001;0.0022;25452;24539;0
"UnityEngine.CoreModule.dll!UnityEngine::Camera.WorldToScreenPoint()";0.006399999;0.002;0.1133;25242;24600;25032;5;6;13.9950998364948;0.008290936;0.0043;0.0095;9696;4;2;18;1688;24216;0.0004;0.0569;24216;25032;0.0026
"Newtonsoft.Json.dll!Newtonsoft.Json::JsonConverter[].System.Collections.Generic.IList`1.get_Item()";0.006399999;0.006399999;0.006399999;25904;25904;25904;35;38;0.00639999937266111;0.006399999;0.006399999;0.006399999;40;40;40;40;1;25904;0.0001;0.0004;25904;25904;0
"mscorlib.dll!System::Char.IsLetterOrDigit()";0.006399999;0.0007;0.4778;25384;25951;24236;13;15;15.0495990511263;0.008614538;0.0035;0.008999999;24601;11;1;83;1747;24216;0.0003;0.34;24216;24236;0.0039
"mscorlib.dll!System.Globalization::CharUnicodeInfo.get_CategoryLevel2Index()";0.006399999;0.0009;0.0252;26017;25904;24539;19;36;0.0556999988621101;0.01114;0.0036;0.0196;113;20;5;44;5;24539;0.0001;0.002;25452;24539;0
"UnityEngine.CoreModule.dll!UnityEngine::Mathf.Cos()";0.0063;0.0063;0.0063;24220;24220;24220;12;12;0.00630000000819564;0.0063;0.0063;0.0063;3;3;3;3;1;24220;0.0016;0.0025;24220;24220;0
"mscorlib.dll!System::Number.FormatInt32()";0.0063;0.0017;0.0304;24766;25587;24358;6;22;15.9583998816088;0.008855938;0.0048;0.0128;3750;2;2;6;1802;24216;0.0005;0.0254;24224;25299;0.0048
"mscorlib.dll!System::Convert.ToInt64()";0.0063;0.0063;0.0063;25308;25308;25308;25;29;0.00630000000819564;0.0063;0.0063;0.0063;3;3;3;3;1;25308;0.0001;0.0052;25308;25308;0
"LowLevelPhysics2D.PhysicsWorld.Simulate";0.0063;0.0033;0.3383;25715;24485;25956;4;4;17.1750999202486;0.01025992;0.0045;0.0146;1698;1;1;2;1674;24216;0.0012;0.3383;24389;25956;0
"mscorlib.dll!System.IO::DisableMediaInsertionPrompt.Dispose()";0.0063;0.0063;0.0063;25904;25904;25904;22;30;0.00630000000819564;0.0063;0.0063;0.0063;12;12;12;12;1;25904;0.0003;0.0018;25904;25904;0
"UnityEngine.UI.dll!UnityEngine.UI::Selectable.OnApplicationFocus()";0.0063;0.0063;0.0063;26215;26215;26215;3;3;0.00630000000819564;0.0063;0.0063;0.0063;3;3;3;3;1;26215;0.0009;0.0044;26215;26215;0
"UnityEngine.CoreModule.dll!UnityEngine::Transform.set_position_Injected()";0.0063;0.0008;0.4592;24709;26000;25491;6;22;14.0949994274415;0.007826207;0.0045;0.009299999;32850;16;4;63;1801;24216;0;0.4509;24221;25491;0.0035
"LowLevelPhysics2D.PhysicsWorld.SimulateBatch";0.0063;0;0.3415;24848;24541;25956;3;3;19.8532996706999;0.00992665;0.0048;0.0153;3698;2;1;3;2000;24216;0;0.3414;24222;25956;0.0001
"UnityEngine.CoreModule.dll!UnityEngine::Mesh.RecalculateBoundsImpl()";0.0063;0.0012;0.1253;24922;25673;24236;15;17;13.4021996653173;0.007671551;0.0038;0.008799999;14126;7;1;35;1747;24216;0.0003;0.0354;25452;25245;0.0037
"Unity.TextMeshPro.dll!TMPro::TMP_TextParsingUtilities.IsCJK()";0.006299997;0.0005;0.0556;25505;25336;24539;16;24;0.339899859507568;0.007081247;0.0011;0.006899996;2998;82;8;108;48;24220;0;0.0022;24220;24539;0
"mscorlib.dll!Mono.Globalization.Unicode::SimpleCollator.GetExtenderType()";0.006299997;0.006299997;0.006299997;25904;25904;25904;31;39;0.00629999674856663;0.006299997;0.006299997;0.006299997;96;96;96;96;1;25904;0;0.0001;25904;25904;0
"System.Core.dll!::<CastIterator>d__34`1.System.IDisposable.Dispose()";0.006299997;0.006299997;0.006299997;25904;25904;25904;39;50;0.00629999674856663;0.006299997;0.006299997;0.006299997;95;95;95;95;1;25904;0;0.0003;25904;25904;0
"FixedUpdate.NewInputFixedUpdate";0.0062;0.0034;0.301;24458;24281;24962;2;2;17.6125998958014;0.01052127;0.005;0.015;1698;1;1;2;1674;24216;0.0016;0.301;24221;24962;0
"mscorlib.dll!System::String.Ctor()";0.0062;0.0016;0.037;24776;25135;24220;13;38;2.36669998650905;0.008701103;0.0038;0.0112;495;1;1;10;272;24220;0.0006;0.0311;24221;24292;0
"UnityEngine.UI.dll!UnityEngine.UI::MultipleDisplayUtilities.RelativeMouseAtScaled()";0.0062;0.0034;0.0867;24850;24806;25403;12;12;18.3980999046471;0.009203652;0.0047;0.0127;1999;1;1;1;1999;24216;0.0034;0.0867;24806;25403;0.0046
"Assembly-CSharp.dll!::ProjectileFacing.FacePoint()";0.0062;0.0043;0.0307;24891;25077;25173;7;17;0.353099999949336;0.007676087;0.005;0.0075;46;1;1;1;46;24245;0.0043;0.0307;25077;25173;0
"Mesh.CreateMesh";0.0062;0.0016;0.0889;25308;25074;25499;7;13;13.155799746397;0.007530509;0.0045;0.0085;12509;6;1;32;1747;24216;0.0001;0.0773;24218;25499;0.018
"Unity.TextMeshPro.dll!TMPro::TMP_TextInfo.Resize()";0.0062;0.0032;0.0067;25452;25904;26017;16;16;0.0160999998915941;0.005366667;0.0032;0.0062;3;1;1;1;3;25452;0.0032;0.0067;25904;26017;0
"UnityEngine.TextCoreFontEngineModule.dll!UnityEngine.TextCore.LowLevel::FontEngine.PopulateLigatureSubstitutionRecordMarshallingArray()";0.0062;0.0049;0.0169;25452;25904;24539;24;24;0.0279999994672835;0.009333333;0.0049;0.0062;6;2;1;3;3;24539;0.0013;0.0169;25452;24539;0
"mscorlib.dll!System::DateTimeFormat.TryFormatO()";0.0062;0.0062;0.0062;25904;25904;25904;21;21;0.00620000017806888;0.0062;0.0062;0.0062;1;1;1;1;1;25904;0.0062;0.0062;25904;25904;0
"Profiler.CollectPhysicsStats";0.0062;0.0038;0.0495;25997;25218;24445;3;3;16.5507999118418;0.009886977;0.0051;0.0145;1674;1;1;1;1674;24216;0.0038;0.0495;25218;24445;0
"UnityEngine.UI.dll!UnityEngine.UI::Graphic.get_canvas()";0.0062;0.0012;0.8772997;24960;25804;26017;10;25;10.849699557526;0.009369344;0.0045;0.009099999;12246;8;2;317;1158;24216;0.0004;0.031;24226;25144;0
"Newtonsoft.Json.dll!Newtonsoft.Json.Serialization::JsonSerializerInternalWriter.OnSerialized()";0.0062;0.0062;0.0062;25904;25904;25904;26;32;0.00619999971240759;0.0062;0.0062;0.0062;24;24;24;24;1;25904;0.0001;0.0012;25904;25904;0
"LowLevelPhysics2D.PhysicsWorld.WriteDefinition";0.0062;0.0062;0.0062;26017;26017;26017;10;11;0.00619999971240759;0.0062;0.0062;0.0062;2;2;2;2;1;26017;0.0026;0.0036;26017;26017;0
"Unity.TextMeshPro.dll!::<>c.<.cctor>b__3_0()";0.0062;0.0034;0.0186;26017;25904;24539;13;26;0.0497999978251755;0.009959999;0.0041;0.0175;30;6;2;10;5;24539;0.0004;0.0042;25452;24539;0
"Newtonsoft.Json.dll!Newtonsoft.Json.Utilities::JavaScriptUtils.ShouldEscapeJavaScriptString()";0.006199997;0.006199997;0.006199997;25904;25904;25904;35;40;0.00619999738410115;0.006199997;0.006199997;0.006199997;40;40;40;40;1;25904;0;0.0015;25904;25904;0
"UnityEngine.CoreModule.dll!UnityEngine::MonoBehaviour.Invoke()";0.0061;0.0028;0.0524;25345;25182;25400;7;19;0.564299999503419;0.008422388;0.0039;0.0082;131;1;1;3;67;24220;0.0015;0.0254;25509;25080;0
"mscorlib.dll!System.IO::TextWriter..ctor()";0.0061;0.0061;0.0061;25904;25904;25904;22;25;0.00609999988228083;0.0061;0.0061;0.0061;8;8;8;8;1;25904;0.0004;0.0022;25904;25904;0
"Newtonsoft.Json.dll!Newtonsoft.Json::JsonTextWriter.CloseBufferAndWriter()";0.0061;0.0061;0.0061;25904;25904;25904;24;26;0.00609999988228083;0.0061;0.0061;0.0061;4;4;4;4;1;25904;0.0009;0.0029;25904;25904;0
"System.Core.dll!System.Collections.Generic::LargeArrayBuilder`1.CopyTo()";0.0061;0.0061;0.0061;25904;25904;25904;43;49;0.00609999988228083;0.0061;0.0061;0.0061;14;14;14;14;1;25904;0.0004;0.0005;25904;25904;0
"UnityEngine.InputLegacyModule.dll!UnityEngine::CameraRaycastHelper.RaycastTry()";0.0061;0.0035;0.0404;25981;24221;25119;5;5;18.4533998863772;0.009395825;0.0047;0.0137;1964;1;1;1;1964;24216;0.0035;0.0404;24221;25119;0.0055
"mscorlib.dll!System::RuntimeTypeHandle.CanCastTo()";0.0061;0.0061;0.04439999;26017;26017;25904;22;53;0.0504999915137887;0.02525;0.0061;0.0061;144;2;2;142;2;25904;0.0002;0.0033;25904;26017;0
"Unity.ResourceManager.dll!UnityEngine.ResourceManagement.Util::LRUCacheAllocationStrategy.GetPool()";0.0061;0.0061;0.0061;26017;26017;26017;17;25;0.00609999988228083;0.0061;0.0061;0.0061;2;2;2;2;1;26017;0.0028;0.0033;26017;26017;0
"UnityEngine.CoreModule.dll!UnityEngine::RectTransform.get_sizeDelta()";0.0061;0.0061;0.0061;26017;26017;26017;15;16;0.00609999988228083;0.0061;0.0061;0.0061;10;10;10;10;1;26017;0.0002;0.0014;26017;26017;0
"Newtonsoft.Json.dll!::<>c.<CreateProperties>b__75_0()";0.006099999;0.006099999;0.006099999;25904;25904;25904;40;43;0.00609999941661954;0.006099999;0.006099999;0.006099999;20;20;20;20;1;25904;0.0002;0.0009;25904;25904;0
"mscorlib.dll!System::Math.Abs()";0.006099997;0.0009999999;0.0818;25529;26078;24236;6;25;15.7243932633428;0.007862196;0.004799999;0.007999994;149572;70;16;218;2000;24216;0;0.0201;24216;24993;0.005199998
"mscorlib.dll!System.Reflection::ParameterInfo..ctor()";0.006099997;0.006099997;0.006099997;25904;25904;25904;41;41;0.0060999970883131;0.006099997;0.006099997;0.006099997;113;113;113;113;1;25904;0;0.0001;25904;25904;0
"UnityEngine.TextCoreFontEngineModule.dll!UnityEngine.TextCore.LowLevel::MarkToBaseAdjustmentRecord.get_baseGlyphID()";0.006099997;0.006099997;0.006099997;25904;25904;25904;18;18;0.0060999970883131;0.006099997;0.006099997;0.006099997;106;106;106;106;1;25904;0;0.0001;25904;25904;0
"UnityEngine.CoreModule.dll!UnityEngine::Renderer.get_sharedMaterial()";0.006;0.0038;0.0562;24238;24404;24358;20;25;1.54219999653287;0.008914451;0.0046;0.011;398;2;2;6;173;24220;0.0013;0.0203;24296;24220;0
"UnityEngine.UI.dll!UnityEngine.UI::GraphicRegistry.GetRaycastableGraphicsForCanvas()";0.006;0.0019;0.2766;24718;25904;24445;11;11;18.7167999276426;0.009363081;0.0045;0.0133;1999;1;1;1;1999;24216;0.0019;0.2766;25904;24445;0.0043
"UnityEngine.UI.dll!UnityEngine.EventSystems::EventSystem.RaycastComparer()";0.006;0.002;0.0532;24722;24620;25701;16;16;2.95429995749146;0.008183656;0.0056;0.0084;1025;3;1;3;361;24568;0.0016;0.0214;24627;25701;0
"UnityEngine.CoreModule.dll!UnityEngine::MonoBehaviour.StopCoroutineFromEnumeratorManaged()";0.006;0.0016;0.0284;24843;25587;25525;18;30;0.699499995098449;0.008133721;0.0045;0.008;90;1;1;2;86;24220;0.0012;0.0284;26017;25525;0
"Assembly-CSharp.dll!::Slow.OnTriggerExit2D()";0.006;0.0028;0.0834;24969;25522;25629;7;20;1.35929998569191;0.01161795;0.0042;0.0157;126;1;1;2;117;24245;0.0027;0.0834;25339;25629;0
"UnityEngine.CoreModule.dll!UnityEngine::Texture2D.SetAllPixels32()";0.006;0.006;0.006;25308;25308;25308;18;18;0.00600000005215406;0.006;0.006;0.006;1;1;1;1;1;25308;0.006;0.006;25308;25308;0
"UnityEngine.CoreModule.dll!UnityEngine::MonoBehaviour.StopCoroutineManaged_Injected()";0.006;0.0035;0.0205;25703;24251;24358;11;17;0.119799997424707;0.007986667;0.0039;0.0077;80;1;1;64;15;24220;0.0001;0.0148;26017;24220;0
"Physics2D.WriteTransforms";0.006;0.0009;0.0856;25847;25977;25424;4;4;14.8798999350984;0.009860769;0.0037;0.0144;1533;1;1;2;1509;24216;0.0009;0.0856;25907;25424;0
"UnityEngine.CoreModule.dll!UnityEngine::LineRenderer.SetPosition()";0.006;0.0011;0.1658;25871;24359;25304;6;24;14.5314998923568;0.01090135;0.0027;0.01350001;24208;6;2;66;1333;24216;0.0002;0.0376;24216;25419;0
"Newtonsoft.Json.dll!::<>c.<GetFieldsAndProperties>b__31_0()";0.006;0.006;0.006;25904;25904;25904;38;41;0.00600000005215406;0.006;0.006;0.006;40;40;40;40;1;25904;0.0001;0.0002;25904;25904;0
"UnityEngine.UI.dll!UnityEngine.UI::Image.SetSecondaryTextures()";0.006;0.0049;0.0456;25904;24655;25215;12;12;0.230600000359118;0.0144125;0.0053;0.0181;44;2;2;7;16;24220;0.0019;0.0256;25452;25215;0
"ScriptableObject.OnDestroy";0.006;0.006;0.006;26017;26017;26017;9;9;0.00600000005215406;0.006;0.006;0.006;1;1;1;1;1;26017;0.006;0.006;26017;26017;0
"UnityEngine.CoreModule.dll!UnityEngine::Object.Equals()";0.005999999;0.0009;1.165199;24561;24740;24220;14;36;29.4602992965374;0.01473015;0.003;0.0114;23987;4;1;768;2000;24216;0.0005;0.1595;24221;25392;0.001
"Physics2D.SolveDiscreteIsland";0.005999999;0.0011;0.1106;24767;25977;25500;7;7;12.977299763239;0.008599933;0.0041;0.0103;14963;9;1;42;1509;24216;0.0003;0.0517;24217;25722;0
"TMP Compute Character Advance";0.005999999;0.0005;0.2183;24774;25924;25663;13;15;14.2417989886017;0.008152146;0.0032;0.008499999;24605;11;1;83;1747;24216;0.0003;0.0373;24216;25102;0.0036
"mscorlib.dll!System::RuntimeFieldHandle.get_Value()";0.005999997;0.005999997;0.005999997;25904;25904;25904;41;45;0.00599999725818634;0.005999997;0.005999997;0.005999997;120;120;120;120;1;25904;0;0.0001;25904;25904;0
"Newtonsoft.Json.dll!Newtonsoft.Json.Serialization::JsonPrimitiveContract.get_TypeCode()";0.005999997;0.005999997;0.005999997;25904;25904;25904;28;34;0.00599999725818634;0.005999997;0.005999997;0.005999997;102;102;102;102;1;25904;0;0.0001;25904;25904;0
"System.Core.dll!::<CastIterator>d__34`1.<>m__Finally1()";0.005999997;0.005999997;0.005999997;25904;25904;25904;40;51;0.00599999725818634;0.005999997;0.005999997;0.005999997;95;95;95;95;1;25904;0;0.0006;25904;25904;0
"Physics2D.TriggerContactsFinalUpdate";0.0059;0.0016;0.1518;24326;25941;25516;5;5;14.7198999322718;0.009754738;0.0038;0.0105;1533;1;1;2;1509;24216;0.0016;0.1518;25941;25516;0
"UnityEngine.UI.dll!UnityEngine.UI::Image.GetAdjustedBorders()";0.0059;0.0039;0.0814;24388;24626;25304;15;15;9.32449993537739;0.008087164;0.0044;0.0089;1480;1;1;6;1153;24216;0.0034;0.0456;24221;25304;0
"UnityEngine.CoreModule.dll!UnityEngine::GameObject.get_transform()";0.0059;0.0015;0.2493;25291;24997;24220;7;19;16.1410999123473;0.009373461;0.0032;0.0114;6076;2;1;26;1722;24216;0.0012;0.0417;24251;26025;0.0016
"UnityEngine.CoreModule.dll!UnityEngine::ResourcesAPI.FindShaderByName()";0.0059;0.0044;0.0295;25522;25543;24287;13;14;0.448499997146428;0.008625;0.0052;0.0108;54;1;1;2;52;24287;0.0044;0.0239;25543;24287;0
"UnityEngine.UI.dll!UnityEngine.UI::Image.get_activeSprite()";0.0059;0.0037;0.1531;25631;24321;25215;9;24;9.75159991509281;0.008457589;0.0044;0.008899999;18258;12;12;139;1153;24216;0.0003;0.0168;24216;25215;0
"UnityEngine.UI.dll!UnityEngine.EventSystems::BaseInputModule.OnEnable()";0.0059;0.0059;0.0059;26017;26017;26017;9;9;0.00589999975636601;0.0059;0.0059;0.0059;1;1;1;1;1;26017;0.0059;0.0059;26017;26017;0
"UnityEngine.CoreModule.dll!UnityEngine::Mathf.Round()";0.005899997;0.0003;0.1323;25203;25949;24236;13;16;13.5545934107213;0.007758783;0.0036;0.008899992;188772;96;12;492;1747;24216;0;0.0601;24216;25384;0.0029
"mscorlib.dll!System::Attribute..ctor()";0.005899997;0.005899997;0.005899997;25904;25904;25904;41;54;0.00589999742805958;0.005899997;0.005899997;0.005899997;88;88;88;88;1;25904;0;0.0002;25904;25904;0
"mscorlib.dll!Mono::SafeStringMarshal.GFree()";0.005899996;0.005899996;0.005899996;25904;25904;25904;39;48;0.00589999556541443;0.005899996;0.005899996;0.005899996;60;60;60;60;1;25904;0;0.0003;25904;25904;0
"UnityEngine.CoreModule.dll!UnityEngine::Transform.get_lossyScale_Injected()";0.0058;0.0009999999;0.2203;25238;26158;24446;7;20;14.2507989818696;0.0071254;0.004699998;0.007599999;41214;20;5;51;2000;24216;0;0.1963;24222;24446;0.0035
"mscorlib.dll!System.Reflection::MemberInfo.GetHashCode()";0.0058;0.0058;0.0058;25904;25904;25904;43;46;0.00580000039190054;0.0058;0.0058;0.0058;20;20;20;20;1;25904;0.0001;0.0007;25904;25904;0
"mscorlib.dll!System::RuntimeTypeHandle.type_is_assignable_from()";0.0058;0.0058;0.02619998;26017;26017;25904;23;54;0.0319999819621444;0.01599999;0.0058;0.0058;144;2;2;142;2;25904;0;0.0031;25904;26017;0
"Assembly-CSharp.dll!::EnemyShieldVisual.Clear()";0.0058;0.0004;0.0303;24290;25556;24358;8;15;0.127600000152597;0.006715789;0.0017;0.0081;40;2;2;4;19;24220;0.0002;0.015;25556;24358;0
"Unity.TextMeshPro.dll!TMPro::TMP_UpdateManager.InternalRegisterTextObjectForUpdate()";0.0058;0.0019;0.038;24608;24251;25663;12;25;1.4000999967102;0.00791017;0.0033;0.0102;214;1;1;5;177;24220;0.0016;0.0283;25452;25812;0
"mscorlib.dll!System::RuntimeType.get_IsEnum()";0.0058;0.0041;0.0159;25308;26017;25904;21;40;0.0258000008761883;0.0086;0.0041;0.0058;12;3;2;7;3;25308;0.0012;0.0065;25308;25904;0
"UnityEngine.CoreModule.dll!UnityEngine::ResourcesAPIInternal.FindShaderByName()";0.0058;0.0042;0.0285;25522;25543;24287;14;15;0.432099997531623;0.008309616;0.005;0.0104;54;1;1;2;52;24287;0.0042;0.023;25543;24287;0
"UnityEngine.UI.dll!UnityEngine.UI::GraphicRaycaster.get_canvas()";0.0058;0.0026;0.1284;25568;26088;25993;11;12;16.8228999197017;0.008415658;0.0041;0.0087;16445;7;5;13;1999;24216;0.0004;0.1038;24345;25993;0.004
"Newtonsoft.Json.dll!Newtonsoft.Json::JsonRequiredAttribute[].System.Collections.Generic.ICollection`1.get_Count()";0.0058;0.0058;0.0058;25904;25904;25904;41;44;0.00579999992623925;0.0058;0.0058;0.0058;20;20;20;20;1;25904;0.0001;0.0017;25904;25904;0
"UnityEngine.CoreModule.dll!UnityEngine::Quaternion.op_Inequality()";0.005799999;0.0004;0.1672;24722;25941;24539;13;15;13.76849896356;0.007881224;0.003;0.0083;24608;11;1;83;1747;24216;0.0003;0.0698;24216;25822;0.0034
"UnityEngine.CoreModule.dll!UnityEngine::Mesh.set_bounds_Injected()";0.005799999;0.0013;0.1768;25712;24556;25822;15;18;12.8471998238238;0.007353864;0.0037;0.008299999;12641;6;1;32;1747;24216;0.0001;0.1556;24658;25822;0.0035
"mscorlib.dll!System::Number.UInt32ToDecStr()";0.0057;0.0012;0.0275;26009;25587;25604;7;23;14.6062998849666;0.008105605;0.0043;0.0116;3750;2;2;6;1802;24216;0.0003;0.0244;24665;25646;0.0044
"Assembly-CSharp.dll!::Projectile.AddForceToTarget()";0.0057;0.0022;0.044;25751;24463;25152;9;19;0.332999997073784;0.008325;0.0055;0.008099999;104;3;1;3;40;24220;0.0016;0.0156;24247;25152;0
"mscorlib.dll!System.IO::StreamWriter.CheckAsyncTaskInProgress()";0.0057;0.0057;0.0057;25904;25904;25904;21;22;0.0056999996304512;0.0057;0.0057;0.0057;8;8;8;8;1;25904;0.0002;0.0023;25904;25904;0
"mscorlib.dll!System::String.GetLegacyNonRandomizedHashCode()";0.0057;0.0057;0.007999995;26017;26017;25904;11;45;0.0136999944224954;0.006849997;0.0057;0.0057;132;34;34;98;2;25904;0;0.0006;25904;26017;0
"Unity.ResourceManager.dll!UnityEngine.ResourceManagement.Util::LinkedListNodeCache`1.Release()";0.0057;0.0057;0.0057;26017;26017;26017;17;17;0.0056999996304512;0.0057;0.0057;0.0057;6;6;6;6;1;26017;0.0006;0.0024;26017;26017;0
"Unity.TextMeshPro.dll!TMPro::TMP_Asset.get_faceInfo()";0.0057;0.0057;0.0057;26017;26017;26017;24;24;0.0056999996304512;0.0057;0.0057;0.0057;8;8;8;8;1;26017;0.0003;0.0031;26017;26017;0
"UnityEngine.CoreModule.dll!UnityEngine::Vector3.get_forward()";0.005699998;0;0.07599996;25319;26090;24386;5;17;15.1187932561879;0.007559397;0.004699999;0.007499997;173328;94;2;108;2000;24216;0;0.0364;24216;24386;0.004999999
"mscorlib.dll!System::String.memset()";0.0056;0.0002;0.1491001;24683;26117;24236;6;36;14.6233947299334;0.007311698;0.0032;0.008299995;118538;49;12;244;2000;24216;0;0.0755;24216;24387;0.003800001
"EndGraphicsJobs";0.0056;0.0012;0.2992;24704;26018;26025;3;3;15.0604995201575;0.00753025;0.0048;0.0079;8000;4;4;4;2000;24216;0;0.2985;24216;26025;0.0035
"UnityEngine.CoreModule.dll!UnityEngine.Pool::CollectionPool`2.Release()";0.0056;0.0014;0.2494998;24471;24983;26017;8;28;14.2055996891577;0.008704412;0.0032;0.0101;9965;4;1;413;1632;24216;0.0003;0.1161;24565;24894;0
"UnityEngine.CoreModule.dll!UnityEngine::MonoBehaviour.InvokeDelayed()";0.0056;0.0025;0.0481;24840;25182;25400;8;20;0.512499999487773;0.007649254;0.0034;0.0077;131;1;1;3;67;24220;0.0014;0.0239;24247;25080;0
"UnityEngine.CoreModule.dll!UnityEngine::Renderer.get_enabled()";0.0056;0.0011;0.08589999;25181;24579;24236;6;10;11.9352998356335;0.006630722;0.0037;0.0075;16087;7;2;34;1800;24216;0.0002;0.0272;24548;25908;0.0037
"PreLateUpdate.EndGraphicsJobsAfterScriptUpdate";0.0056;0.0012;0.2992;25183;26018;26025;2;2;15.0378999138484;0.00751895;0.0048;0.0078;2000;1;1;1;2000;24216;0.0012;0.2992;26018;26025;0.0035
"UnityEngine.UI.dll!UnityEngine.EventSystems::PointerInputModule.IsPointerOverGameObject()";0.0056;0.003;0.07340001;25456;24985;25144;7;7;12.9448999385349;0.007187618;0.0045;0.0075;3602;2;2;2;1801;24216;0.0013;0.0693;24222;25144;0.0034
"Assembly-CSharp.dll!::ServiceLocator.TryGet()";0.0056;0.0035;0.0419;25763;25172;24220;7;12;1.56939999200404;0.00826;0.0047;0.0096;228;1;1;5;190;24220;0.0016;0.0327;25393;24220;0
"System.dll!System.ComponentModel::AttributeCollection.GetDefaultAttribute()";0.0056;0.0056;0.0056;25904;25904;25904;39;42;0.00559999980032444;0.0056;0.0056;0.0056;2;2;2;2;1;25904;0.0028;0.0028;25904;25904;0
"mscorlib.dll!System.Collections.Generic::Dictionary`2.get_Keys()";0.0056;0.0056;0.0056;26215;26215;26215;7;7;0.00559999980032444;0.0056;0.0056;0.0056;1;1;1;1;1;26215;0.0056;0.0056;26215;26215;0
"Unity.ResourceManager.dll!UnityEngine.ResourceManagement.AsyncOperations::AsyncOperationHandle.get_InternalOp()";0.005599999;0.005599999;0.005599999;26017;26017;26017;17;21;0.00559999933466315;0.005599999;0.005599999;0.005599999;16;16;16;16;1;26017;0.0002;0.0013;26017;26017;0
"UnityEngine.CoreModule.dll!UnityEngine::Component.get_gameObject_Injected()";0.005599999;0.0002;0.3846;24506;25921;24486;6;30;21.2887958336505;0.0106444;0.0028;0.0106;119422;26;1;606;2000;24216;0;0.3194;24217;24486;0.0007
"UnityEngine.TilemapModule.dll!UnityEngine.Tilemaps::Tilemap.HasTile()";0.0055;0.0028;0.0965;24483;24563;25099;5;5;10.5005999412388;0.007532712;0.0047;0.0075;1567;1;1;2;1394;24216;0.0009;0.0965;24563;25099;0.0039
"Assembly-CSharp.dll!::EnemyHp.TryPlayHitFlash()";0.0055;0.0021;0.1256;24842;25614;24358;8;18;10.9313998778816;0.009522125;0.0036;0.0094;2121;2;1;5;1148;24216;0.0021;0.1132;24295;25395;0
"UnityEngine.CoreModule.dll!UnityEngine::Renderer.GetSharedMaterial()";0.0055;0.0036;0.0525;25349;24404;24358;21;26;1.43639998603612;0.00830289;0.0043;0.0099;398;2;2;6;173;24220;0.0012;0.0194;24741;24220;0
"UnityEngine.TextCoreFontEngineModule.dll!UnityEngine.TextCore.LowLevel::FontEngine.LoadFontFace_With_Size_and_FaceIndex_FromFont_Internal()";0.0055;0.004;0.0133;25452;25904;24539;23;23;0.0227999999187887;0.0076;0.004;0.0055;6;2;1;3;3;24539;0.0007;0.0133;25452;24539;0
"UnityEngine.CoreModule.dll!UnityEngine::MonoBehaviour.StopCoroutineFromEnumeratorManaged_Injected()";0.0055;0.0013;0.0276;25747;25587;25525;19;31;0.647799998987466;0.007532558;0.0042;0.0075;90;1;1;2;86;24220;0.0009;0.0276;26017;25525;0
"mscorlib.dll!System.Runtime.InteropServices::SafeHandle..ctor()";0.0055;0.0055;0.0055;25904;25904;25904;27;28;0.00549999997019768;0.0055;0.0055;0.0055;4;4;4;4;1;25904;0.0009;0.0017;25904;25904;0
"mscorlib.dll!System::String.Replace()";0.0055;0.0055;0.0055;25904;25904;25904;19;19;0.00549999997019768;0.0055;0.0055;0.0055;1;1;1;1;1;25904;0.0055;0.0055;25904;25904;0
"Unity.ResourceManager.dll!UnityEngine.ResourceManagement.AsyncOperations::AsyncOperationHandle.get_Status()";0.0055;0.0055;0.0055;26017;26017;26017;17;17;0.00549999997019768;0.0055;0.0055;0.0055;6;6;6;6;1;26017;0.0006;0.0023;26017;26017;0
"UnityEngine.UI.dll!UnityEngine.UI::Selectable.IsPressed()";0.0055;0.0055;0.0055;26215;26215;26215;4;4;0.00549999997019768;0.0055;0.0055;0.0055;3;3;3;3;1;26215;0.0009;0.0037;26215;26215;0
"mscorlib.dll!System::RuntimeType.IsByRefImpl()";0.0055;0.0055;0.0055;25904;25904;25904;34;41;0.00549999950453639;0.0055;0.0055;0.0055;10;10;10;10;1;25904;0.0003;0.0017;25904;25904;0
"Newtonsoft.Json.dll!Newtonsoft.Json.Serialization::JsonProperty.get_ShouldSerialize()";0.0055;0.0055;0.0055;25904;25904;25904;29;34;0.00549999950453639;0.0055;0.0055;0.0055;54;54;54;54;1;25904;0;0.0005;25904;25904;0
"UnityEngine.UI.dll!UnityEngine.UI::LayoutGroup.get_rectChildren()";0.005499999;0.005499999;0.005499999;26017;26017;26017;15;15;0.00549999857321382;0.005499999;0.005499999;0.005499999;13;13;13;13;1;26017;0;0.0047;26017;26017;0
"UnityEngine.CoreModule.dll!UnityEngine::Vector4.get_zero()";0.005499998;0.001899999;0.05780002;25055;25856;25215;13;18;8.13159651972819;0.007052556;0.003800001;0.007499995;111070;108;48;432;1153;24216;0;0.0149;24216;25292;0
"mscorlib.dll!System::Nullable`1.GetValueOrDefault()";0.005499998;0.005499998;0.005499998;25904;25904;25904;22;34;0.00549999810755253;0.005499998;0.005499998;0.005499998;85;85;85;85;1;25904;0;0.0002;25904;25904;0
"UnityEngine.CoreModule.dll!UnityEngine::UnitySynchronizationContext.ExecuteTasks()";0.0054;0.0035;0.1743;24875;25904;25956;3;3;15.4706999207847;0.00773535;0.0047;0.008;2000;1;1;1;2000;24216;0.0035;0.1743;25904;25956;0.0043
"UnityEngine.CoreModule.dll!UnityEngine::GameObject.get_activeInHierarchy()";0.0054;0.0004;0.698901;24927;25924;25282;5;28;47.1578016642306;0.0235789;0.0027;0.0191;93511;11;1;428;2000;24216;0.0002;0.4827;24216;25271;0.0006
"UnityEngine.UI.dll!UnityEngine.EventSystems::BaseInputModule.ShouldActivateModule()";0.0054;0.0026;0.1842;25138;24356;24962;6;6;15.820399915101;0.0079102;0.0038;0.0098;2000;1;1;1;2000;24216;0.0026;0.1842;24356;24962;0.0039
"UnityEngine.IMGUIModule.dll!UnityEngine::GUILayoutUtility.SelectIDList()";0.0054;0.0039;0.0802;25536;24845;24661;5;7;14.3569998044986;0.007971683;0.0047;0.0076;7628;4;4;12;1801;24216;0.0007;0.0328;24270;25862;0.0045
"UnityEngine.IMGUIModule.dll!UnityEngine::GUILayoutEntry.ApplyStyleSettings()";0.0054;0.0042;0.0515;25664;24301;24661;10;11;13.6661999444477;0.007588118;0.0048;0.0074;3814;2;2;6;1801;24216;0.0013;0.03;24356;24278;0.0055
"UnityEngine.CoreModule.dll!UnityEngine::MonoBehaviour.CancelInvoke()";0.0054;0.0019;0.0337;25695;24682;25400;6;19;1.32699999026954;0.007539773;0.0037;0.0086;284;1;1;4;176;24220;0.0012;0.0336;24658;25959;0
"System.Core.dll!::Iterator`1..ctor()";0.0054;0.0054;0.0054;25904;25904;25904;36;40;0.00540000014007092;0.0054;0.0054;0.0054;9;9;9;9;1;25904;0.0005;0.0011;25904;25904;0
"Unity.TextMeshPro.dll!TMPro::TMP_FontAsset.UpdateGlyphAdjustmentRecords()";0.0054;0.0031;0.0201;25904;25452;24539;15;15;0.0285999996121973;0.009533334;0.0031;0.0054;4;1;1;2;3;24539;0.0023;0.0201;25904;24539;0
"AsyncReadManager.BeginRequest";0.0054;0.0054;0.0054;26017;26017;26017;9;9;0.00540000014007092;0.0054;0.0054;0.0054;4;4;4;4;1;26017;0.0001;0.0023;26017;26017;0
"Assembly-CSharp.dll!::EnemyShieldVisual.LateUpdate()";0.0054;0.0003;0.095;25231;24472;24278;4;4;12.9337999097188;0.007662204;0.0018;0.01;4848;2;1;9;1688;24216;0.0002;0.084;24221;24721;0.0003
"mscorlib.dll!System.IO::PathInternal.EnsureExtendedPrefixIfNeeded()";0.0054;0.0054;0.0054;25904;25904;25904;24;32;0.00539999967440963;0.0054;0.0054;0.0054;12;12;12;12;1;25904;0.0002;0.0007;25904;25904;0
"UnityEngine.UIModule.dll!UnityEngine::CanvasRenderer.get_cull_Injected()";0.005399999;0.0008;0.1101;24559;26018;24900;12;13;14.5043997988687;0.007385132;0.004199999;0.0106;55717;28;12;38;1964;24216;0;0.0974;24220;24900;0.0039
"Assembly-CSharp.dll!::AttackBehaviorBase.OnAttackStopped()";0.005399998;0.005399998;0.005399998;26017;26017;26017;12;14;0.00539999827742577;0.005399998;0.005399998;0.005399998;88;88;88;88;1;26017;0;0.0001;26017;26017;0
"mscorlib.dll!::Enumerator.MoveNext()";0.0053;0.0009999999;0.1221;24383;26078;25867;6;43;13.3488988784375;0.006674449;0.0043;0.006799999;37108;19;8;257;2000;24216;0;0.1143;24216;25659;0.0038
"UnityEngine.CoreModule.dll!UnityEngine.Experimental.Rendering::ScriptableRuntimeReflectionSystemWrapper.Internal_ScriptableRuntimeReflectionSystemWrapper_TickRealtimeProbes()";0.0053;0.0031;0.0371;25219;26173;25579;3;3;13.9232999270316;0.00696165;0.0049;0.0062;2000;1;1;1;2000;24216;0.0031;0.0371;26173;25579;0.011
"EarlyUpdate.UpdateCanvasRectTransform";0.0053;0.0016;0.1066;25602;26018;25717;2;2;16.7740999249509;0.00838705;0.0044;0.0106;2000;1;1;1;2000;24216;0.0016;0.1066;26018;25717;0.0051
"Assembly-CSharp.dll!::MetaProgressService.MarkStageCleared()";0.0053;0.0053;0.0053;25904;25904;25904;17;17;0.00529999984428287;0.0053;0.0053;0.0053;1;1;1;1;1;25904;0.0053;0.0053;25904;25904;0
"System.dll!System.Collections.Generic::LinkedList`1.Remove()";0.0053;0.0053;0.0053;26017;26017;26017;16;16;0.00529999984428287;0.0053;0.0053;0.0053;6;6;6;6;1;26017;0.0004;0.0026;26017;26017;0
"playerSessionStateChanged.Invoke";0.0053;0.0053;0.0053;26215;26215;26215;4;4;0.00529999984428287;0.0053;0.0053;0.0053;1;1;1;1;1;26215;0.0053;0.0053;26215;26215;0
"Newtonsoft.Json.dll!Newtonsoft.Json::JsonWriter.UpdateCurrentState()";0.005299999;0.005299999;0.005299999;25904;25904;25904;29;35;0.00529999891296029;0.005299999;0.005299999;0.005299999;24;24;24;24;1;25904;0.0001;0.0006;25904;25904;0
"mscorlib.dll!System.Collections::DictionaryEntry..ctor()";0.005299998;0.005299998;0.005299998;25904;25904;25904;40;47;0.005299998447299;0.005299998;0.005299998;0.005299998;61;61;61;61;1;25904;0;0.0001;25904;25904;0
"mscorlib.dll!System.IO::TextWriter.get_NewLine()";0.005299998;0.005299998;0.005299998;25904;25904;25904;32;38;0.005299998447299;0.005299998;0.005299998;0.005299998;90;90;90;90;1;25904;0;0.0001;25904;25904;0
"Newtonsoft.Json.dll!Newtonsoft.Json.Serialization::ReflectionAttributeProvider..ctor()";0.0052;0.0052;0.0052;25904;25904;25904;35;38;0.00520000047981739;0.0052;0.0052;0.0052;20;20;20;20;1;25904;0.0001;0.0006;25904;25904;0
"UnityEngine.Physics2DModule.dll!UnityEngine::PhysicsScene2D.Raycast_Internal()";0.0052;0.0028;0.0144;24902;25452;24539;7;7;0.0557999999728054;0.006975;0.0031;0.0074;8;1;1;1;8;24539;0.0028;0.0144;25452;24539;0
"UnityEngine.CoreModule.dll!UnityEngine::Behaviour.get_isActiveAndEnabled_Injected()";0.0052;0.0001;0.1712001;25124;26018;25282;6;29;18.2466943494219;0.009123347;0.0027;0.009799995;135894;35;1;627;2000;24216;0;0.0527;24216;25579;0.002
"Unity.TextMeshPro.dll!TMPro::TMP_FontAsset.RegisterFontAssetForFontFeatureUpdate()";0.0052;0.0042;0.0135;25452;25904;24539;21;21;0.022900000680238;0.007633334;0.0042;0.0052;6;2;1;3;3;24539;0.0013;0.0135;25452;24539;0
"UnityEngine.UI.dll!UnityEngine.EventSystems::EventSystem.TickModules()";0.0052;0.0034;0.4529;25621;24806;26017;4;5;16.6346999267116;0.00831735;0.004;0.0105;2001;1;1;2;2000;24216;0.0034;0.4529;24806;26017;0.0039
"mscorlib.dll!System.IO::FileStream.WriteInternal()";0.0052;0.0052;0.0052;25904;25904;25904;23;24;0.0052000000141561;0.0052;0.0052;0.0052;4;4;4;4;1;25904;0.0008;0.0016;25904;25904;0
"mscorlib.dll!System.Text::StringBuilderCache.Acquire()";0.0052;0.0052;0.0052;25904;25904;25904;20;23;0.0052000000141561;0.0052;0.0052;0.0052;5;5;5;5;1;25904;0.0005;0.0031;25904;25904;0
"Newtonsoft.Json.dll!Newtonsoft.Json.Utilities::ReflectionUtils.InheritsGenericDefinitionInternal()";0.0052;0.0052;0.0052;25904;25904;25904;37;37;0.0052000000141561;0.0052;0.0052;0.0052;1;1;1;1;1;25904;0.0052;0.0052;25904;25904;0
"UnityEngine.UI.dll!UnityEngine.UIElements::UIToolkitInteroperabilityBridge.Update()";0.0052;0.0029;0.059;26204;25804;25675;5;5;16.6107999228407;0.0083054;0.004;0.0124;2000;1;1;1;2000;24216;0.0029;0.059;25804;25675;0.0042
"UnityEngine.CoreModule.dll!UnityEngine::Mathf.Sin()";0.0052;0.0009;0.0746;24944;24564;25400;5;23;12.0360991653288;0.007113534;0.003199999;0.008700001;31564;14;2;70;1692;24216;0.0001;0.0385;24216;25355;0.002999999
"System.dll!::WeakKeyComparer.System.Collections.IEqualityComparer.GetHashCode()";0.0052;0.0052;0.0052;25904;25904;25904;41;48;0.00519999954849482;0.0052;0.0052;0.0052;8;8;8;8;1;25904;0.0006;0.0007;25904;25904;0
"UnityEngine.CoreModule.dll!UnityEngine::Material.SetFloatImpl_Injected()";0.0052;0.0052;0.0052;26017;26017;26017;16;16;0.00519999954849482;0.0052;0.0052;0.0052;15;15;15;15;1;26017;0.0001;0.0016;26017;26017;0
"UnityEngine.UIElementsModule.dll!UnityEngine.UIElements::UIElementsRuntimeUtilityNative.UpdatePanels()";0.0051;0.0033;0.4267;24550;25075;25949;3;3;14.61529992125;0.00730765;0.0044;0.0074;2000;1;1;1;2000;24216;0.0033;0.4267;25075;25949;0.0037
"UnityEngine.UI.dll!::MouseState.SetButtonState()";0.0051;0.0033;0.2246;24598;24221;24721;9;9;14.6142999208532;0.007310805;0.0039;0.007999999;5997;3;3;3;1999;24216;0.0009;0.2225;24221;24721;0.0039
"UnityEngine.CoreModule.dll!UnityEngine::Camera.get_main_Injected()";0.0051;0.0012;0.2894;25896;26000;25032;6;7;11.1487994141644;0.006190338;0.0037;0.0072;18241;9;3;28;1801;24216;0;0.2872;24524;25032;0.0025
"Assembly-CSharp.dll!::WaveRunRewards.OnAllWavesCleared()";0.0051;0.0051;0.0051;25904;25904;25904;15;15;0.00510000018402934;0.0051;0.0051;0.0051;1;1;1;1;1;25904;0.0051;0.0051;25904;25904;0
"UnityEngine.UI.dll!UnityEngine.EventSystems::BaseInputModule.OnDisable()";0.0051;0.0051;0.0051;26017;26017;26017;12;12;0.00510000018402934;0.0051;0.0051;0.0051;1;1;1;1;1;26017;0.0051;0.0051;26017;26017;0
"UnityEngine.CoreModule.dll!UnityEngine::AsyncOperation.add_completed()";0.0051;0.0051;0.0051;26017;26017;26017;25;25;0.00509999971836805;0.0051;0.0051;0.0051;3;3;3;3;1;26017;0.0007;0.003;26017;26017;0
"System.Runtime.Serialization.dll!System.Runtime.Serialization::DataContractAttribute[].System.Collections.Generic.ICollection`1.get_Count()";0.005099999;0.005099999;0.005099999;25904;25904;25904;43;48;0.00509999925270677;0.005099999;0.005099999;0.005099999;36;36;36;36;1;25904;0.0001;0.0002;25904;25904;0
"Newtonsoft.Json.dll!Newtonsoft.Json.Serialization::ReflectionValueProvider..ctor()";0.005;0.005;0.005;25904;25904;25904;36;39;0.00500000035390258;0.005;0.005;0.005;20;20;20;20;1;25904;0.0001;0.0006;25904;25904;0
"UnityEngine.CoreModule.dll!UnityEngine::MonoBehaviour.Internal_CancelInvokeAll()";0.005;0.0017;0.0325;24746;24472;25959;7;20;1.24059998814482;0.007048863;0.0035;0.0079;284;1;1;4;176;24220;0.0011;0.0325;24658;25959;0
"Physics.PrepareSimulationStage";0.005;0.0024;0.3028;25016;25268;24993;3;3;14.3325999346562;0.008561888;0.0042;0.0116;1698;1;1;2;1674;24216;0.0018;0.3028;24221;24993;0
"mscorlib.dll!System::String.FastAllocateString()";0.005;0.0009;0.1146003;25473;26017;25904;8;40;12.4658001898788;0.006917758;0.0034;0.0095;4637;2;2;304;1802;24216;0.0001;0.0264;24221;24292;0.0033
"UnityEngine.UI.dll!UnityEngine.EventSystems::BaseRaycaster.OnDisable()";0.005;0.005;0.005;26017;26017;26017;12;12;0.00499999988824129;0.005;0.005;0.005;1;1;1;1;1;26017;0.005;0.005;26017;26017;0
"mscorlib.dll!::ListBuilder`1..ctor()";0.004999998;0.004999998;0.004999998;25904;25904;25904;36;50;0.00499999849125743;0.004999998;0.004999998;0.004999998;82;82;82;82;1;25904;0;0.0003;25904;25904;0
"UnityEngine.CoreModule.dll!UnityEngine::NoAllocHelpers.SafeLength()";0.004999998;0.0001;0.06989995;25564;25924;24236;14;19;11.1249956731845;0.006368057;0.0026;0.007899996;90058;43;5;253;1747;24216;0;0.0247;24216;24351;0.0011
"Unity.TextMeshPro.dll!TMPro::TMP_FontAsset.UpdateFontAssetsInUpdateQueue()";0.004900001;0.0008;0.1185;24947;25939;24322;10;12;10.8262001897674;0.006197024;0.0028;0.0069;12635;6;1;32;1747;24216;0.0004;0.0744;24217;24539;0.0028
"UnityEngine.CoreModule.dll!UnityEngine::Renderer.set_enabled()";0.0049;0.0005;0.0335;24304;24256;24426;5;24;1.1989999965881;0.006180412;0.002;0.0077;482;2;1;9;194;24218;0.0002;0.0295;24247;24521;0
"UnityEngine.InputLegacyModule.dll!::HitInfo.SendMessage()";0.0049;0.0019;0.0928;24537;24221;24511;6;6;9.78999994299375;0.007068592;0.0031;0.0089;1636;1;1;5;1385;24216;0.001;0.0928;24611;24511;0.0054
"Physics2D.LinecastAll";0.0049;0.0008;0.0533;24765;24806;24445;9;9;13.2526999522815;0.007358523;0.003;0.0096;1801;1;1;1;1801;24216;0.0008;0.0533;24806;24445;0.0083
"Gfx.EndAsyncJobFrame";0.0049;0.0009;0.2974;24782;26018;26025;4;11;13.1971999596572;0.0065986;0.0042;0.0068;2042;1;1;43;2000;24216;0.0001;0.2974;26017;26025;0.0031
"mscorlib.dll!System::Enum.System.IConvertible.ToInt64()";0.0049;0.0049;0.0049;25308;25308;25308;26;26;0.00490000005811453;0.0049;0.0049;0.0049;1;1;1;1;1;25308;0.0049;0.0049;25308;25308;0
"mscorlib.dll!System::RuntimeType.GetBaseType()";0.0049;0.0033;0.3352996;25308;26017;25904;22;52;0.343499581329525;0.1144999;0.0033;0.0049;296;3;2;291;3;25308;0.0007;0.0058;25904;25904;0
"UnityEngine.CoreModule.dll!UnityEngine::Texture2D.SetAllPixels32_Injected()";0.0049;0.0049;0.0049;25308;25308;25308;19;19;0.00490000005811453;0.0049;0.0049;0.0049;1;1;1;1;1;25308;0.0049;0.0049;25308;25308;0
"UnityEngine.UI.dll!UnityEngine.UIElements::UIToolkitInteroperabilityBridge.UpdatePanelGameObjects()";0.0049;0.0028;0.0585;25687;24806;25675;6;6;15.667499928968;0.00783375;0.0038;0.0118;2000;1;1;1;2000;24216;0.0028;0.0585;24806;25675;0.0039
"UnityEngine.CoreModule.dll!UnityEngine::Gradient..ctor()";0.0049;0.0008;0.1078;25779;25558;25406;8;24;3.97529993986245;0.006614476;0.0037;0.007399999;2159;3;1;9;601;24216;0.0002;0.1047;24729;25406;0
"PrepareUpdateRendererBoundingVolumes";0.0049;0.0009;0.0537;25799;26018;24992;3;11;11.6135997303063;0.0058068;0.004199999;0.006299999;10002;5;5;7;2000;24216;0;0.0484;24224;24992;0.0059
"System.Core.dll!System.Linq::Buffer`1..ctor()";0.0049;0.0049;0.0049;25904;25904;25904;36;39;0.00490000005811453;0.0049;0.0049;0.0049;2;2;2;2;1;25904;0.0022;0.0027;25904;25904;0
"System.dll!System.Collections.Specialized::OrderedDictionary.get_objectsTable()";0.0049;0.0049;0.0049;25904;25904;25904;43;47;0.00490000005811453;0.0049;0.0049;0.0049;6;6;6;6;1;25904;0;0.0026;25904;25904;0
"UnityEngine.CoreModule.dll!UnityEngine::Sprite.get_rect()";0.0049;0.0021;0.0111;26017;25452;25663;8;22;0.0291999997571111;0.00584;0.0023;0.0088;32;6;4;10;5;24539;0.0002;0.0025;25452;25663;0
"mscorlib.dll!System::RuntimeType.GetElementType()";0.0049;0.0033;0.2255;24668;24265;26148;10;54;14.026200721506;0.0070131;0.0042;0.007;8605;4;4;609;2000;24216;0.0001;0.2092;24244;26148;0.0039
"mscorlib.dll!System.Collections.Generic::EqualityComparer`1.get_Default()";0.004899999;0.0003;0.1278001;24743;26018;24387;9;53;12.4140967148123;0.006207048;0.0032;0.006999998;120595;48;1;1286;2000;24216;0;0.1136;24216;24387;0.0027
"mscorlib.dll!System.Reflection::RuntimeMethodInfo.get_BindingFlags()";0.004899999;0.004899999;0.004899999;25904;25904;25904;40;40;0.00489999912679195;0.004899999;0.004899999;0.004899999;98;98;98;98;1;25904;0;0.0001;25904;25904;0
"mscorlib.dll!System::Array.InternalArray__get_Item()";0.004899999;0.004899999;0.004899999;25904;25904;25904;36;43;0.00489999912679195;0.004899999;0.004899999;0.004899999;77;77;77;77;1;25904;0;0.0001;25904;25904;0
"Newtonsoft.Json.dll!Newtonsoft.Json::JsonWriter.UpdateScopeWithFinishedValue()";0.004899999;0.004899999;0.004899999;25904;25904;25904;28;37;0.00489999912679195;0.004899999;0.004899999;0.004899999;75;75;75;75;1;25904;0;0.0001;25904;25904;0
"Newtonsoft.Json.dll!Newtonsoft.Json.Serialization::JsonContainerContract.get_ItemConverter()";0.004899999;0.004899999;0.004899999;25904;25904;25904;27;33;0.00489999866113067;0.004899999;0.004899999;0.004899999;71;71;71;71;1;25904;0;0.0002;25904;25904;0
"mscorlib.dll!System::Object.__icall_wrapper_ves_icall_array_new_specific()";0.0048;0.0013;1.202316;24307;24626;25904;8;53;10.2218163064681;0.007483028;0.003;0.0076;7951;3;1;1198;1366;24216;0.0001;0.8228;24217;25904;0
"Newtonsoft.Json.dll!Newtonsoft.Json.Converters::DataTableConverter.CanConvert()";0.0048;0.0048;0.0048;25904;25904;25904;35;38;0.00480000022798777;0.0048;0.0048;0.0048;4;4;4;4;1;25904;0.0007;0.0024;25904;25904;0
"Unity.TextMeshPro.dll!TMPro::TMP_Text.RestoreWordWrappingState()";0.0048;0.0048;0.0048;25904;25904;25904;17;17;0.00480000022798777;0.0048;0.0048;0.0048;3;3;3;3;1;25904;0.0015;0.0017;25904;25904;0
"CullObjectsWithoutUmbra";0.0048;0.0026;0.036;24374;24273;25376;9;9;7.49859993322752;0.00633863;0.0045;0.0051;1188;1;1;2;1183;24216;0.0025;0.036;25437;25376;0
"UnityEngine.Physics2DModule.dll!UnityEngine::PhysicsScene2D.Raycast_Internal_Injected()";0.0048;0.0026;0.0134;24902;25452;24539;8;8;0.0515999989584088;0.00645;0.0029;0.0071;8;1;1;1;8;24539;0.0026;0.0134;25452;24539;0
"Assembly-CSharp.dll!::<HitScalePunch>d__35.MoveNext()";0.0048;0.002;0.0655;25571;24285;24358;5;23;4.10149997053668;0.006916526;0.0031;0.0077;763;1;1;4;593;24216;0.002;0.0364;24285;25629;0
"Unity.TextMeshPro.dll!TMPro::TextMeshPro.get_transform()";0.0048;0.0005;0.1818;25690;24595;24267;13;13;10.7036997199175;0.006130412;0.0025;0.0071;12504;6;1;32;1746;24216;0.0005;0.1107;24217;24267;0.0029
"System.dll!System.ComponentModel::DefaultValueAttribute[].System.Collections.Generic.ICollection`1.get_Count()";0.0048;0.0048;0.0048;25904;25904;25904;41;44;0.00479999976232648;0.0048;0.0048;0.0048;20;20;20;20;1;25904;0.0001;0.0006;25904;25904;0
"UnityEngine.CoreModule.dll!UnityEngine::Mathf.Max()";0.004799999;0;0.1719002;24969;26091;25790;6;24;12.9106956900505;0.006455348;0.0031;0.006899996;158192;68;10;318;2000;24216;0;0.1304;24216;25790;0.0031
"TMP.UpdateGlyphAdjustmentRecords";0.0047;0.0027;0.0171;25904;25452;24539;16;16;0.0245000012218952;0.008166667;0.0027;0.0047;4;1;1;2;3;24539;0.002;0.0171;25904;24539;0
"mscorlib.dll!System.Globalization::CultureInfo.get_CurrentCulture()";0.0047;0.0015;0.0339;25531;25308;25904;10;33;0.230299995746464;0.00658;0.0042;0.0059;157;4;1;24;35;24539;0.0007;0.0063;24640;24658;0
"UnityEngine.CoreModule.dll!UnityEngine::SpriteRenderer.set_size()";0.0047;0.0016;0.038;25585;24740;24750;8;19;8.97529995720834;0.006575312;0.0033;0.0082;2468;1;1;8;1365;24216;0.0003;0.038;24221;24750;0.0025
"System.Core.dll!System.Collections.Generic::HashSet`1.Add()";0.0047;0.0006;0.0896;25746;24593;24236;6;27;10.8161999260192;0.006187757;0.0027;0.0071;13009;6;1;35;1748;24216;0.0004;0.0211;24216;25128;0.0026
"mscorlib.dll!System.Collections.Generic::Stack`1.Pop()";0.0047;0.001;0.0102;26017;25904;24539;13;26;0.0278999985894188;0.00558;0.0023;0.009699999;30;6;2;10;5;24539;0.0002;0.0026;25452;24539;0
"UnityEngine.UI.dll!UnityEngine.EventSystems::RaycasterManager.RemoveRaycasters()";0.0047;0.0047;0.0047;26017;26017;26017;13;13;0.00469999993219972;0.0047;0.0047;0.0047;1;1;1;1;1;26017;0.0047;0.0047;26017;26017;0
"UnityEngine.UI.dll!UnityEngine.UI.Collections::IndexedSet`1.EnableItem()";0.0046;0.0016;0.5385999;24476;24775;24220;11;31;9.20699990889989;0.007849105;0.0032;0.0068;2553;2;1;73;1173;24216;0.0011;0.1151;26017;24788;0
"Assembly-CSharp.dll!::EnemyHp.RefreshShieldVisual()";0.0046;0.0015;0.0434;24655;25669;24220;9;14;0.107499997364357;0.009772727;0.0041;0.0089;13;1;1;3;11;24220;0.0015;0.0202;25669;24220;0
"WaitForRenderJobs";0.0046;0.0008;0.2964;24822;26018;26025;5;12;12.3974999575294;0.00619875;0.0039;0.0064;2042;1;1;43;2000;24216;0;0.2964;26017;26025;0.0027
"UnityEngine.UIElementsModule.dll!UnityEngine.UIElements::UIElementsRuntimeUtility.UpdatePanels()";0.0046;0.003;0.4241;24933;25115;25949;4;4;13.3329999633133;0.0066665;0.004;0.0068;2000;1;1;1;2000;24216;0.003;0.4241;25115;25949;0.0035
"UnityEngine.ParticleSystemModule.dll!UnityEngine::ParticleSystem.Stop()";0.0046;0.0017;0.0162;25307;24435;25173;7;17;0.413999997545034;0.005447369;0.0024;0.0072;80;1;1;2;76;24256;0.0017;0.0162;24435;25173;0
"mscorlib.dll!System.Text::UTF8Encoding.get_Preamble()";0.0046;0.0046;0.0046;25904;25904;25904;22;23;0.00460000010207295;0.0046;0.0046;0.0046;4;4;4;4;1;25904;0.0008;0.0014;25904;25904;0
"Newtonsoft.Json.dll!::<>c__DisplayClass24_0.<TryBuildImmutableForArrayContract>b__0()";0.0046;0.0046;0.0046;25904;25904;25904;38;38;0.00460000010207295;0.0046;0.0046;0.0046;10;10;10;10;1;25904;0.0004;0.0007;25904;25904;0
"Assembly-CSharp.dll!::DamagePopupSpawner.OnDestroy()";0.0046;0.0046;0.0046;26017;26017;26017;10;10;0.00460000010207295;0.0046;0.0046;0.0046;1;1;1;1;1;26017;0.0046;0.0046;26017;26017;0
"ParticleSystem.CleanupAfterLoad";0.0046;0.0046;0.0046;26017;26017;26017;9;9;0.00460000010207295;0.0046;0.0046;0.0046;1;1;1;1;1;26017;0.0046;0.0046;26017;26017;0
"UnityEngine.UI.dll!UnityEngine.UIElements::UIToolkitInteroperabilityBridge.OnEnable()";0.0046;0.0046;0.0046;26017;26017;26017;10;10;0.00460000010207295;0.0046;0.0046;0.0046;1;1;1;1;1;26017;0.0046;0.0046;26017;26017;0
"UnityEngine.InputLegacyModule.dll!UnityEngine::CameraRaycastHelper.RaycastTry_Injected()";0.0046;0.0027;0.0366;26110;24362;25119;6;6;13.9703999334015;0.007113238;0.0035;0.0097;1964;1;1;1;1964;24216;0.0027;0.0366;24362;25119;0.004
"mscorlib.dll!System.Reflection::FieldInfo.get_IsInitOnly()";0.0046;0.0046;0.0046;25904;25904;25904;36;39;0.00459999963641167;0.0046;0.0046;0.0046;20;20;20;20;1;25904;0.0001;0.0006;25904;25904;0
"Newtonsoft.Json.dll!Newtonsoft.Json::JsonExtensionDataAttribute[].System.Collections.Generic.ICollection`1.get_Count()";0.0046;0.0046;0.0046;25904;25904;25904;41;44;0.00459999963641167;0.0046;0.0046;0.0046;20;20;20;20;1;25904;0.0001;0.0006;25904;25904;0
"Newtonsoft.Json.dll!Newtonsoft.Json::JsonPropertyAttribute[].System.Collections.Generic.ICollection`1.get_Count()";0.0046;0.0046;0.0046;25904;25904;25904;41;44;0.00459999963641167;0.0046;0.0046;0.0046;20;20;20;20;1;25904;0.0001;0.0007;25904;25904;0
"Unity.ResourceManager.dll!UnityEngine.ResourceManagement.AsyncOperations::AsyncOperationHandle.get_Result()";0.0046;0.0046;0.0046;26017;26017;26017;17;17;0.00459999963641167;0.0046;0.0046;0.0046;6;6;6;6;1;26017;0.0005;0.0016;26017;26017;0
"Unity.TextMeshPro.dll!TMPro::TextMeshProUGUI.get_canvasRenderer()";0.0045;0.0007;0.0089;26017;25904;24539;12;12;0.0260999996680766;0.00522;0.0036;0.0084;15;3;1;5;5;24539;0.0005;0.0037;25452;24539;0
"UnityEngine.CoreModule.dll!UnityEngine::GameObject.GetComponents()";0.0045;0.0015;0.08800001;24850;26045;25702;9;16;3.42279997409787;0.006458113;0.0027;0.0083;1463;1;1;11;530;24565;0.0005;0.0184;24565;25583;0
"UnityEngine.CoreModule.dll!UnityEngine::GameObject.SendMessage()";0.0045;0.0016;0.0857;24902;24290;24511;7;7;9.05989995924756;0.006541444;0.0028;0.0083;1636;1;1;5;1385;24216;0.0009;0.0857;24490;24511;0.0051
"UnityEngine.UI.dll!UnityEngine.UI::CanvasUpdateRegistry.InternalUnRegisterCanvasElementForGraphicRebuild()";0.0045;0.0029;0.0627;24923;25587;26017;12;22;0.0776000036858022;0.01552;0.0029;0.0046;75;3;1;65;5;24923;0.0009;0.0046;25587;25703;0
"Assembly-CSharp.dll!::ProjectileFacing.FaceDirection()";0.0045;0.0024;0.0515;24927;24225;25400;5;19;3.22949998942204;0.006446108;0.0033;0.0074;623;1;1;6;501;24216;0.0017;0.0331;25855;25419;0
"UnityEngine.TilemapModule.dll!UnityEngine.Tilemaps::Tilemap.GetTileAsset()";0.0045;0.002;0.0922;25178;25679;25099;6;6;8.64119995827787;0.006198852;0.0039;0.0063;1567;1;1;2;1394;24216;0.0006;0.0922;25679;25099;0.003
"UnityEngine.CoreModule.dll!UnityEngine.Pool::ObjectPool`1.Release()";0.0045;0.0011;0.2022999;25264;24983;26017;8;29;11.5703998535173;0.007085364;0.0025;0.0083;9970;4;1;417;1633;24216;0.0002;0.116;24565;24894;0
"UnityEngine.CoreModule.dll!UnityEngine::Texture2D.Apply()";0.0045;0.0045;0.0045;25308;25308;25308;16;16;0.0044999998062849;0.0045;0.0045;0.0045;1;1;1;1;1;25308;0.0045;0.0045;25308;25308;0
"PreUpdate.NewInputUpdate";0.0045;0.0011;0.3174;25664;26172;25251;2;2;12.4752999289194;0.00623765;0.0024;0.008;2000;1;1;1;2000;24216;0.0011;0.3174;26172;25251;0.0061
"UnityEngine.UI.dll!::ColorTweenCallback..ctor()";0.0045;0.0033;0.0628;25707;24668;24220;17;28;0.685099994530901;0.007136458;0.0039;0.0076;104;1;1;4;96;24220;0.002;0.0268;25483;24220;0
"mscorlib.dll!System.IO::FileStream.WriteSegment()";0.0045;0.0045;0.0045;25904;25904;25904;24;25;0.0044999998062849;0.0045;0.0045;0.0045;4;4;4;4;1;25904;0.0008;0.0013;25904;25904;0
"Unity.TextMeshPro.dll!::TextBackingContainer.Resize()";0.0045;0.0045;0.0139;25904;25904;26017;16;16;0.0183999994769692;0.009199999;0.0045;0.0045;6;2;2;4;2;25904;0.0014;0.0077;25904;26017;0
"mscorlib.dll!System::String[].System.Collections.Generic.ICollection`1.Contains()";0.0045;0.0045;0.0045;26017;26017;26017;14;15;0.0044999998062849;0.0045;0.0045;0.0045;30;30;30;30;1;26017;0.0001;0.0003;26017;26017;0
"UnityEngine.IMGUIModule.dll!UnityEngine::GUILayoutUtility.GetLayoutCache()";0.0044;0.0032;0.051;24613;24769;24661;6;8;11.5779999026563;0.006428651;0.0038;0.0062;7628;4;4;12;1801;24216;0.0006;0.0327;24240;25862;0.0035
"Assembly-CSharp.dll!::EnemyCatalog.TryGet()";0.0044;0.0034;0.015;24685;24625;24220;7;12;0.0722999996505678;0.006572727;0.0034;0.0063;11;1;1;1;11;24220;0.0034;0.015;24625;24220;0
"UnityEngine.CoreModule.dll!UnityEngine::Mesh.set_triangles()";0.0044;0.0031;0.022;25452;24834;26017;15;17;0.0344999998342246;0.008625;0.0031;0.005;9;1;1;5;4;24834;0.002;0.0117;26017;26017;0
"mscorlib.dll!System::Number.NumberToString()";0.0044;0.0031;0.0155;25531;25522;25663;13;36;0.17769999965094;0.005226471;0.0039;0.0049;67;2;1;2;34;24539;0.0008;0.0103;24649;24539;0
"TMP Handle Line Termination";0.0044;0.0008;0.1241;25558;24595;24236;13;15;10.4477997760405;0.005980424;0.0026;0.0063;12720;6;1;32;1747;24216;0.0003;0.0329;24251;24871;0.003
"Physics.SyncTransforms";0.0044;0.0019;0.3011;25817;25423;24993;4;4;12.7095999394078;0.007592354;0.0037;0.0102;1698;1;1;2;1674;24216;0.0015;0.3011;25617;24993;0
"mscorlib.dll!System.Runtime.InteropServices::SafeHandle.DangerousRelease()";0.0044;0.0044;0.0044;25904;25904;25904;23;27;0.00439999997615814;0.0044;0.0044;0.0044;16;16;16;16;1;25904;0.0002;0.0005;25904;25904;0
"System.Core.dll!System.Linq::Grouping`2.System.Collections.Generic.ICollection<TElement>.get_Count()";0.0044;0.0044;0.0044;25904;25904;25904;37;41;0.00439999997615814;0.0044;0.0044;0.0044;80;80;80;80;1;25904;0;0.0001;25904;25904;0
"UnityEngine.CoreModule.dll!::BindingsMarshaller.ConvertToManaged()";0.0044;0.0044;0.0044;26016;26016;26016;23;23;0.00439999997615814;0.0044;0.0044;0.0044;1;1;1;1;1;26016;0.0044;0.0044;26016;26016;0
"UnityEngine.CoreModule.dll!UnityEngine::RectTransform.get_anchoredPosition()";0.0044;0.0044;0.0044;26017;26017;26017;16;16;0.00439999997615814;0.0044;0.0044;0.0044;4;4;4;4;1;26017;0.0005;0.0019;26017;26017;0
"System.Runtime.Serialization.dll!System.Runtime.Serialization::IgnoreDataMemberAttribute[].System.Collections.Generic.ICollection`1.get_Count()";0.0044;0.0044;0.0044;25904;25904;25904;41;44;0.00439999951049685;0.0044;0.0044;0.0044;20;20;20;20;1;25904;0.0001;0.0006;25904;25904;0
"mscorlib.dll!System::NonSerializedAttribute[].System.Collections.Generic.ICollection`1.get_Count()";0.004399999;0.004399999;0.004399999;25904;25904;25904;40;43;0.00439999904483557;0.004399999;0.004399999;0.004399999;20;20;20;20;1;25904;0.0001;0.0006;25904;25904;0
"UnityEngine.CoreModule.dll!UnityEngine::Vector2..ctor()";0.0043;0;0.07129996;24617;25984;24236;5;24;10.5454954726229;0.005272748;0.0015;0.006699996;142329;75;2;456;2000;24216;0;0.0377;24216;24870;0.0009999999
"UnityEngine.UI.dll!::<>c.<Raycast>b__27_0()";0.0043;0.0014;0.0565;24813;24775;24698;17;17;2.1812999737449;0.006042382;0.0039;0.0062;1025;3;1;3;361;24568;0.001;0.0263;24627;24698;0
"UnityEngine.UI.dll!UnityEngine.UI::CanvasUpdateRegistry.InternalUnRegisterCanvasElementForLayoutRebuild()";0.0043;0.003;0.0674;24923;25786;26017;12;22;0.0832000016234815;0.01664;0.0031;0.0054;75;3;1;65;5;24923;0.0009;0.0054;25786;25703;0
"UnityEngine.CoreModule.dll!UnityEngine::MonoBehaviour.Internal_CancelInvokeAll_Injected()";0.0043;0.0013;0.031;25353;24472;25959;8;21;1.09659999527503;0.006230682;0.0029;0.007;284;1;1;4;176;24220;0.0008;0.031;24996;25959;0
"Unity.InternalAPIEngineBridge.004.dll!TMPro::ObjectUtilsBridge.MarkDirty()";0.0043;0.0004;0.09369998;25477;24583;24220;7;25;9.96639975797734;0.005701602;0.0025;0.0064;13473;6;1;41;1748;24216;0.0003;0.0543;24216;25600;0.0024
"UnityEngine.CoreModule.dll!UnityEngine.Events::UnityEvent`1..ctor()";0.0043;0.0031;0.0599;25505;24668;24220;18;29;0.652099995641038;0.006792708;0.0036;0.0073;104;1;1;4;96;24220;0.002;0.0258;25483;24220;0
"Assembly-CSharp.dll!::BossOrbitCrownUpright.LateUpdate()";0.0043;0.0027;0.2149;25699;25255;25619;4;4;9.09799997205846;0.006118359;0.0039;0.0055;1487;1;1;1;1487;24216;0.0027;0.2149;25255;25619;0.0043
"Assembly-CSharp.dll!::MetaProgressService.RecordScore()";0.0043;0.0043;0.0043;25904;25904;25904;17;17;0.00430000014603138;0.0043;0.0043;0.0043;1;1;1;1;1;25904;0.0043;0.0043;25904;25904;0
"mscorlib.dll!System::String.ToCharArray()";0.0043;0.0043;0.0043;25904;25904;25904;33;34;0.00430000014603138;0.0043;0.0043;0.0043;3;3;3;3;1;25904;0.0011;0.0019;25904;25904;0
"Newtonsoft.Json.dll!Newtonsoft.Json.Converters::DataSetConverter.CanConvert()";0.0043;0.0043;0.0043;25904;25904;25904;35;38;0.00430000014603138;0.0043;0.0043;0.0043;4;4;4;4;1;25904;0.0009;0.0013;25904;25904;0
"mscorlib.dll!System::RuntimeTypeHandle.GetElementType()";0.0043;0.0028;0.2231;24668;25308;26148;11;55;12.1927002856974;0.00609635;0.0037;0.006;8605;4;4;609;2000;24216;0;0.2083;24237;26148;0.0032
"UnityEngine.CoreModule.dll!UnityEngine::Gradient.Init()";0.0043;0.0006;0.1065;24707;25349;25406;9;25;3.43769994477043;0.005719967;0.0032;0.0064;2159;3;1;9;601;24216;0.0001;0.1042;24730;25406;0
"mscorlib.dll!System.Runtime::RuntimeImports._ecvt_s()";0.0043;0.0022;0.0171;24840;24732;25515;12;37;1.17149999015965;0.005770936;0.0033;0.007;300;1;1;4;203;24220;0.0002;0.0171;24855;25515;0
"mscorlib.dll!System::Int32.TryFormat()";0.0043;0.0043;0.0043;25904;25904;25904;21;21;0.00429999968037009;0.0043;0.0043;0.0043;6;6;6;6;1;25904;0.0006;0.0013;25904;25904;0
"Newtonsoft.Json.dll!Newtonsoft.Json.Converters::RegexConverter.CanConvert()";0.0043;0.0043;0.0043;25904;25904;25904;35;38;0.00429999968037009;0.0043;0.0043;0.0043;4;4;4;4;1;25904;0.0009;0.0012;25904;25904;0
"mscorlib.dll!::ListBuilder`1.get_Count()";0.0042;0.0042;0.0042;25904;25904;25904;38;48;0.00420000031590462;0.0042;0.0042;0.0042;44;44;44;44;1;25904;0;0.0014;25904;25904;0
"Newtonsoft.Json.dll!Newtonsoft.Json.Serialization::JsonContract.get_InternalConverter()";0.0042;0.0042;0.0042;25904;25904;25904;25;33;0.00420000031590462;0.0042;0.0042;0.0042;75;75;75;75;1;25904;0;0.0001;25904;25904;0
"Assembly-CSharp.dll!::TowerWeapon.set_AttackTarget()";0.0042;0;0.1863;24529;25488;24591;7;12;4.71339899819577;0.005079094;0.0002;0.005799998;29140;51;1;63;928;24217;0;0.1572;24217;24591;0
"mscorlib.dll!System.Collections.Generic::ObjectEqualityComparer`1.Equals()";0.0042;0.0011;0.5575024;24535;25938;26017;10;53;12.8205026390497;0.006410251;0.0022;0.0063;7244;2;1;719;2000;24216;0.0001;0.1119;24240;24788;0.0013
"UnityEngine.CoreModule.dll!UnityEngine::Camera.ScreenToWorldPoint_Injected()";0.0042;0.0007;0.0447;24931;24565;25573;7;7;8.83829995273845;0.00490744;0.0026;0.0061;3203;2;1;3;1801;24216;0.0005;0.044;25809;25573;0.002
"UnityEngine.Physics2DModule.dll!UnityEngine::ContactFilter2D.CreateLegacyFilter()";0.0042;0.0017;0.0594;25142;24731;25282;7;18;6.01349996868521;0.005350089;0.003;0.0065;2044;2;1;4;1124;24216;0.0007;0.049;24238;25282;0
"Tilemap.Update()";0.0042;0.0015;0.1585;25160;24286;25647;4;4;11.3198999544838;0.006285341;0.003;0.0089;7204;4;4;4;1801;24216;0;0.1515;24219;25647;0.0031
"UnityEngine.CoreModule.dll!UnityEngine.Experimental.Rendering::BuiltinRuntimeReflectionSystem.TickRealtimeProbes()";0.0042;0.002;0.0305;25361;26018;24452;4;4;11.0705999690108;0.0055353;0.0039;0.005;2000;1;1;1;2000;24216;0.002;0.0305;26018;24452;0.0081
"mscorlib.dll!System::Type.GetRootElementType()";0.0042;0.0042;0.0042;25904;25904;25904;36;52;0.00419999985024333;0.0042;0.0042;0.0042;8;8;8;8;1;25904;0.0005;0.0006;25904;25904;0
"Assembly-CSharp.dll!::TitleFlow.ResolveButtons()";0.0042;0.0042;0.0042;26017;26017;26017;10;10;0.00419999985024333;0.0042;0.0042;0.0042;1;1;1;1;1;26017;0.0042;0.0042;26017;26017;0
"Assembly-CSharp.dll!::TitleFlow.SetPanel()";0.0042;0.0042;0.0042;26017;26017;26017;11;11;0.00419999985024333;0.0042;0.0042;0.0042;4;4;4;4;1;26017;0.0009;0.0013;26017;26017;0
"Newtonsoft.Json.dll!Newtonsoft.Json::JsonIgnoreAttribute[].System.Collections.Generic.ICollection`1.get_Count()";0.004199999;0.004199999;0.004199999;25904;25904;25904;41;44;0.00419999938458204;0.004199999;0.004199999;0.004199999;20;20;20;20;1;25904;0.0001;0.0006;25904;25904;0
"UnityEngine.CoreModule.dll!UnityEngine::Vector4.op_Implicit()";0.0041;0;0.08839998;25865;25916;24236;15;18;10.1526967787358;0.005811504;0.0026;0.006299999;135044;64;4;440;1747;24216;0;0.0481;24216;24486;0.0013
"DelayedCallManager.CancelCallDelayed";0.0041;0.001;0.0696;24256;24624;24220;9;32;2.74090002768207;0.006272082;0.0024;0.0075;813;1;1;132;437;24218;0.0001;0.0295;26017;24396;0
"PrepareSceneCullingParameters";0.0041;0.0026;0.0382;24576;24280;24692;5;5;10.3835999527946;0.0051918;0.0036;0.0051;2000;1;1;1;2000;24216;0.0026;0.0382;24280;24692;0.0091
"UnityEngine.CoreModule.dll!UnityEngine::GameObject.CompareTag_Internal_Injected()";0.0041;0.0017;0.0959;24966;25615;25474;8;24;7.16859986784402;0.005914686;0.0027;0.008599999;5766;4;1;28;1212;24216;0.0001;0.0953;24217;25474;0
"Unity.ResourceManager.dll!::MonoBehaviourCallbackHooks.Update()";0.0041;0.0022;0.0953;25180;24831;24326;4;4;12.37289992976;0.00618645;0.0031;0.0091;2000;1;1;1;2000;24216;0.0022;0.0953;24831;24326;0.0036
"UnityEngine.CoreModule.dll!UnityEngine::Component.TryGetComponent()";0.0041;0.0028;0.038;25184;25699;24220;9;14;0.0963999980594963;0.008763636;0.003;0.0093;13;1;1;3;11;24220;0.0028;0.014;25699;24220;0
"mscorlib.dll!System.Collections.Generic::ObjectEqualityComparer`1.IndexOf()";0.0041;0.0008;0.8598999;25209;25690;24220;13;42;22.006299951754;0.01507281;0.0023;0.0099;4367;2;1;42;1460;24216;0;0.1793;24233;24220;0
"UnityEngine.ParticleSystemModule.dll!UnityEngine::ParticleSystem.Stop_Injected()";0.0041;0.0013;0.0147;25307;24435;25173;8;18;0.366899998742156;0.004827632;0.0021;0.0064;80;1;1;2;76;24256;0.0013;0.0147;24435;25173;0
"UnityEngine.UI.dll!UnityEngine.UI::Slider.ClampValue()";0.0041;0.001;0.1316;25655;25020;25204;8;22;8.96279996458907;0.005306572;0.0025;0.0063;7003;3;1;19;1689;24216;0.0004;0.1269;24217;25204;0.0011
"mscorlib.dll!System.Collections::Hashtable.Contains()";0.0041;0.0041;0.0041;25904;25904;25904;43;46;0.00410000002011657;0.0041;0.0041;0.0041;4;4;4;4;1;25904;0.001;0.0011;25904;25904;0
"Newtonsoft.Json.dll!Newtonsoft.Json.Utilities::BufferUtils.RentBuffer()";0.0041;0.0041;0.0041;25904;25904;25904;33;34;0.00410000002011657;0.0041;0.0041;0.0041;4;4;4;4;1;25904;0.0003;0.0016;25904;25904;0
"UnityEngine.CoreModule.dll!UnityEngine::RectTransform.set_anchoredPosition()";0.0041;0.0041;0.0041;26017;26017;26017;16;16;0.00410000002011657;0.0041;0.0041;0.0041;4;4;4;4;1;26017;0.0005;0.0017;26017;26017;0
"UnityEngine.CoreModule.dll!UnityEngine::Transform.GetChild_Injected()";0.0041;0.0041;0.0041;26017;26017;26017;13;16;0.00410000002011657;0.0041;0.0041;0.0041;10;10;10;10;1;26017;0;0.0022;26017;26017;0
"UnityEngine.UIElementsModule.dll!UnityEngine.UIElements::UIElementsRuntimeUtility.remove_onCreatePanel()";0.0041;0.0041;0.0041;26017;26017;26017;15;15;0.00410000002011657;0.0041;0.0041;0.0041;1;1;1;1;1;26017;0.0041;0.0041;26017;26017;0
"UnityEngine.CoreModule.dll!UnityEngine::Quaternion.op_Equality()";0.0041;0.0003;0.1228;24765;25071;24539;14;16;9.74649961650721;0.005578992;0.0021;0.005899999;24608;11;1;83;1747;24216;0.0002;0.0684;24216;24827;0.0024
"UnityEngine.CoreModule.dll!UnityEngine::Object.SetName_Injected()";0.0041;0.0041;0.0041;26017;26017;26017;12;12;0.00409999955445528;0.0041;0.0041;0.0041;5;5;5;5;1;26017;0.0005;0.0016;26017;26017;0
"UnityEngine.UI.dll!UnityEngine.UI::Graphic.get_canvasRenderer()";0.004000001;0.0006;0.3266997;24672;26102;25714;11;27;11.4234980092151;0.005816445;0.0031;0.006199997;116989;57;25;126;1964;24216;0;0.3199;24216;25714;0.0025
"System.Core.dll!::<GetEnumerator>d__13.MoveNext()";0.004000001;0.004000001;0.004000001;25904;25904;25904;36;39;0.00400000065565109;0.004000001;0.004000001;0.004000001;44;44;44;44;1;25904;0;0.0001;25904;25904;0
"UnityEngine.UI.dll!UnityEngine.EventSystems::UIBehaviour.OnCanvasHierarchyChanged()";0.004000001;0.004000001;0.004000001;26017;26017;26017;9;13;0.00400000065565109;0.004000001;0.004000001;0.004000001;75;75;75;75;1;26017;0;0.0001;26017;26017;0
"UnityEngine.CoreModule.dll!UnityEngine.Experimental.Rendering::BuiltinRuntimeReflectionSystem.BuiltinUpdate()";0.004;0.0017;0.0286;24239;26018;24452;5;5;10.2604999536416;0.00513025;0.0036;0.0046;2000;1;1;1;2000;24216;0.0017;0.0286;26018;24452;0.0072
"UnityEngine.UIModule.dll!UnityEngine::CanvasRenderer.get_absoluteDepth_Injected()";0.004;0.0008;0.03280001;24507;26118;25696;13;20;10.883999475278;0.005544574;0.0027;0.007699999;56047;26;13;41;1963;24216;0;0.0178;24218;25696;0.0029
"PreLateUpdate.Physics2DLateUpdate";0.004;0.001;0.3023;25050;24647;25849;2;2;9.80859995423816;0.0049043;0.003;0.0055;2000;1;1;1;2000;24216;0.001;0.3023;24647;25849;0.0027
"Assembly-CSharp.dll!::BossIntroFx.PlayGather()";0.004;0.0018;0.0043;25153;24625;25669;12;12;0.0101000003051013;0.003366667;0.0018;0.004;3;1;1;1;3;24625;0.0018;0.0043;24625;25669;0
"UnityEngine.CoreModule.dll!UnityEngine::Material.HasProperty_Injected()";0.004;0.0008;0.08979997;25320;25941;24236;13;16;9.14889823185513;0.00523692;0.0026;0.005399999;49291;22;2;166;1747;24216;0;0.0114;24216;25869;0.0024
"UnityEngine.CoreModule.dll!UnityEngine::SpriteRenderer.set_size_Injected()";0.004;0.0007;0.0375;25458;24732;24750;9;20;7.64029996911995;0.005597289;0.0029;0.0068;2468;1;1;8;1365;24216;0.0001;0.0375;24251;24750;0.0021
"mscorlib.dll!System::Number.NumberToStringFormat()";0.004;0.0022;0.0277;25510;24732;24358;11;24;1.16099999262951;0.005719212;0.003;0.0063;233;1;1;3;203;24220;0.0016;0.0207;24223;24279;0
"UnityEngine.CoreModule.dll!UnityEngine::ResourcesAPI.Load()";0.004;0.0034;0.0073;25669;24625;25153;15;15;0.0147000004071742;0.0049;0.0034;0.004;3;1;1;1;3;24625;0.0034;0.0073;24625;25153;0
"UnityEngine.TilemapModule.dll!UnityEngine.Tilemaps::Tilemap.GetCellCenterWorld()";0.004;0.003;0.0547;25671;24866;24870;6;6;0.527699998347089;0.005173529;0.0035;0.0049;102;1;1;1;102;24457;0.003;0.0547;24866;24870;0
"PostLateUpdate.UpdateCustomRenderTextures";0.004;0.002;0.1284;25742;25200;24341;2;2;10.4517999545205;0.0052259;0.0034;0.0054;2000;1;1;1;2000;24216;0.002;0.1284;25200;24341;0.0084
"mscorlib.dll!System.Collections.Concurrent::ConcurrentDictionary`2.GetBucketAndLockNo()";0.004;0.004;0.004;25904;25904;25904;32;45;0.00400000018998981;0.004;0.004;0.004;62;62;62;62;1;25904;0;0.0002;25904;25904;0
"mscorlib.dll!System::String.CreateStringFromEncoding()";0.004;0.004;0.004;25904;25904;25904;30;30;0.00400000018998981;0.004;0.004;0.004;1;1;1;1;1;25904;0.004;0.004;25904;25904;0
"UnityEngine.UI.dll!UnityEngine.EventSystems::StandaloneInputModule.ProcessMousePress()";0.004;0.0025;1.733;24399;25070;24848;8;8;34.563199553173;0.01729025;0.0029;0.0064;5997;3;3;3;1999;24216;0.0007;1.7281;24285;24848;0.0027
"mscorlib.dll!System::RuntimeType.GetEnumUnderlyingType()";0.004;0.004;0.004;25308;25308;25308;24;28;0.00399999972432852;0.004;0.004;0.004;2;2;2;2;1;25308;0.0015;0.0025;25308;25308;0
"UnityEngine.TextCoreFontEngineModule.dll!UnityEngine.TextCore.LowLevel::FontEngine.PopulateMarkToBaseAdjustmentRecordMarshallingArray()";0.004;0.0023;0.0095;25904;25452;24539;19;19;0.0157999994698912;0.005266666;0.0023;0.004;4;1;1;2;3;24539;0.0016;0.0095;25904;24539;0
"UnityEngine.CoreModule.dll!UnityEngine.Events::UnityEventBase.RemoveAllListeners()";0.004;0.004;0.004;26017;26017;26017;11;11;0.00399999972432852;0.004;0.004;0.004;3;3;3;3;1;26017;0.0008;0.0016;26017;26017;0
"Unity.ResourceManager.dll!UnityEngine.ResourceManagement.AsyncOperations::AsyncOperationHandle`1.IsValid()";0.003999999;0.003999999;0.003999999;26017;26017;26017;12;24;0.00399999925866723;0.003999999;0.003999999;0.003999999;18;18;18;18;1;26017;0;0.0009;26017;26017;0
"UnityEngine.CoreModule.dll!UnityEngine::Mesh.get_canAccess_Injected()";0.0039;0.0004;0.09879998;25754;25674;25376;15;21;8.95719770682626;0.005127188;0.0023;0.005699998;90756;42;6;234;1747;24216;0;0.0685;24216;25376;0.0024
"TrailRenderer.ScheduleGeometryJobs";0.0039;0.0014;0.0302;24366;25140;25579;4;4;8.7618999555707;0.00486502;0.0031;0.0054;1801;1;1;1;1801;24216;0.0014;0.0302;25140;25579;0.008
"UnityEngine.TextCoreFontEngineModule.dll!UnityEngine.TextCore.LowLevel::FontEngine.PopulateLigatureSubstitutionRecordMarshallingArray_Injected()";0.0039;0.0036;0.0114;25452;25904;24539;25;25;0.0189000000245869;0.0063;0.0036;0.0039;6;2;1;3;3;24539;0.0007;0.0114;25452;24539;0
"UnityEngine.CoreModule.dll!UnityEngine.Events::UnityEventBase..ctor()";0.0039;0.0028;0.0552;25514;24668;24220;19;30;0.595399997662753;0.006202083;0.0033;0.0069;104;1;1;4;96;24220;0.0018;0.0241;25483;24220;0
"UnityEngine.CoreModule.dll!UnityEngine.Events::InvokableCall`1.Invoke()";0.0039;0.0018;0.0331;25531;25804;24220;8;34;1.91439998964779;0.005347486;0.003;0.0072;369;1;1;4;358;24220;0.0013;0.0166;25483;25743;0
"mscorlib.dll!::UTF8Encoder..ctor()";0.0039;0.0039;0.0039;25904;25904;25904;24;25;0.00389999989420176;0.0039;0.0039;0.0039;4;4;4;4;1;25904;0.0008;0.0014;25904;25904;0
"System.dll!System.Collections.Specialized::OrderedDictionary.get_objectsArray()";0.0039;0.0039;0.0039;25904;25904;25904;43;47;0.00389999989420176;0.0039;0.0039;0.0039;6;6;6;6;1;25904;0;0.0014;25904;25904;0
"UnityEngine.CoreModule.dll!UnityEngine::GameObject.GetComponentInParent_Injected()";0.0039;0.0018;0.0187;26101;24626;24577;13;13;0.128699999768287;0.005595652;0.003;0.0057;23;1;1;1;23;24565;0.0018;0.0187;24626;24577;0
"Find dependency chain";0.003899999;0.0006;0.1255;24262;26123;25499;4;25;9.63999954442261;0.00482;0.0033;0.0051;26632;15;2;18;2000;24216;0;0.1096;24240;25499;0.0028
"UnityEngine.CoreModule.dll!UnityEngine::Material.GetFloatImpl_Injected()";0.003800001;0.0006;0.09470002;24833;25941;24362;15;17;8.89479836059036;0.00509147;0.0023;0.005199999;49301;22;2;166;1747;24216;0;0.0895;24216;24362;0.002099999
"Newtonsoft.Json.dll!Newtonsoft.Json.Serialization::JsonProperty.get_ValueProvider()";0.0038;0.0038;0.0038;25904;25904;25904;28;33;0.00380000029690564;0.0038;0.0038;0.0038;54;54;54;54;1;25904;0;0.0003;25904;25904;0
"mscorlib.dll!System::Math.Cos()";0.0038;0.0038;0.0038;24220;24220;24220;13;13;0.00380000006407499;0.0038;0.0038;0.0038;3;3;3;3;1;24220;0.0009;0.0015;24220;24220;0
"UnityEngine.CoreModule.dll!UnityEngine::GameObject.GetComponentsInternal()";0.0038;0.0013;0.1361999;24790;24774;26017;10;28;3.40489989123307;0.00630537;0.0023;0.0075;1868;2;1;267;540;24220;0.0003;0.0165;26017;25583;0
"Unity.TextMeshPro.dll!TMPro::TextMeshPro.GetTextContainerLocalCorners()";0.0038;0.0024;0.0341;25353;25343;24358;18;23;0.989399994956329;0.005719075;0.0028;0.0068;199;1;1;3;173;24220;0.002;0.0236;24223;25812;0
"mscorlib.dll!System::String.FillStringChecked()";0.0038;0.0021;0.1873998;25725;24682;25904;8;40;0.361499760998413;0.009770264;0.0032;0.0049;507;6;3;297;37;24539;0.0004;0.004;24682;24602;0
"UnityEngine.IMGUIModule.dll!UnityEngine::GUILayoutGroup.SetHorizontal()";0.0038;0.0028;0.0808;25781;24621;24386;6;7;9.89139993977733;0.005492171;0.0034;0.0056;1907;1;1;3;1801;24216;0.0019;0.0808;25747;24386;0.0035
"mscorlib.dll!System.Globalization::CultureInfo.Equals()";0.0038;0.0038;0.0038;25904;25904;25904;23;25;0.00380000006407499;0.0038;0.0038;0.0038;4;4;4;4;1;25904;0.0005;0.0015;25904;25904;0
"Newtonsoft.Json.dll!Newtonsoft.Json::JsonWriter..ctor()";0.0038;0.0038;0.0038;25904;25904;25904;22;24;0.00380000006407499;0.0038;0.0038;0.0038;4;4;4;4;1;25904;0.0005;0.002;25904;25904;0
"EarlyUpdate.PollPlayerConnection";0.0038;0.0021;0.6944;26206;24374;26130;2;2;20.1185999270529;0.0100593;0.0032;0.0085;2000;1;1;1;2000;24216;0.0021;0.6944;24374;26130;0.0033
"UnityEngine.UIModule.dll!UnityEngine::CanvasRenderer.Clear()";0.0038;0.0021;0.0155;24290;25804;26017;12;24;0.120300002861768;0.005230435;0.0027;0.0045;89;2;2;30;23;24220;0.0004;0.0075;26017;24247;0
"UnityEngine.CoreModule.dll!UnityEngine::Mesh.RecalculateBoundsImpl_Injected()";0.0038;0.0007;0.07229999;25197;24593;24236;16;18;8.04559987533139;0.00460538;0.0023;0.0053;14126;7;1;35;1747;24216;0.0001;0.0336;24237;25245;0.0023
"mscorlib.dll!System::RuntimeType.SanityCheckGenericArguments()";0.0038;0.0038;0.0038;25904;25904;25904;37;38;0.00379999983124435;0.0038;0.0038;0.0038;2;2;2;2;1;25904;0.0014;0.0024;25904;25904;0
"mscorlib.dll!System.Collections.Generic::List`1.Clear()";0.0038;0.0001;0.2616999;25359;26096;26067;5;36;11.5884990088744;0.005794249;0.0028;0.006999999;47513;24;9;568;2000;24216;0;0.2569;24216;26067;0.0014
"UnityEngine.UI.dll!::<>c.<GetMinHeight>b__6_0()";0.0038;0.0038;0.0038;26017;26017;26017;20;20;0.00379999959841371;0.0038;0.0038;0.0038;6;6;6;6;1;26017;0.0002;0.0015;26017;26017;0
"Assembly-CSharp.dll!::ProjectileVfx.SetTrailEnabled()";0.0037;0.003;0.051;25482;24247;24220;8;19;0.310999999754131;0.007775;0.0034;0.0092;112;3;2;3;40;24220;0.0008;0.0283;24247;24220;0
"BeginRenderQueueExtraction";0.0037;0.0004;0.0361;24659;26019;24236;5;5;9.00979996199021;0.0045049;0.0032;0.0048;2000;1;1;1;2000;24216;0.0004;0.0361;26019;24236;0.0086
"Physics2D.Raycast";0.0037;0.0019;0.0111;24902;25452;24539;9;9;0.041900000302121;0.0052375;0.0021;0.006;8;1;1;1;8;24539;0.0019;0.0111;25452;24539;0
"Assembly-CSharp.dll!::MapDirector.GetEnemySpanwerPosition()";0.0037;0.0028;0.0157;25140;25848;25376;5;5;0.0486999989952892;0.006957143;0.0029;0.006;7;1;1;1;7;24426;0.0028;0.0157;25848;25376;0
"UnityEngine.CoreModule.dll!UnityEngine::Renderer.set_enabled_Injected()";0.0037;0.0002;0.0326;25434;24245;24426;6;25;0.99289998896711;0.005118041;0.0007;0.0068;482;2;1;9;194;24218;0;0.0284;24273;24521;0
"mscorlib.dll!System::Object.__isinst_with_cache()";0.0037;0;0.1312009;25546;24435;25904;8;50;4.13770070694591;0.005811377;0.0008;0.008;7867;4;1;1370;712;24220;0;0.0263;24238;24839;0
"UnityEngine.CoreModule.dll!UnityEngine::ResourcesAPIInternal.Load()";0.0037;0.0034;0.0068;25669;24625;25153;16;16;0.0139000001363456;0.004633334;0.0034;0.0037;3;1;1;1;3;24625;0.0034;0.0068;24625;25153;0
"UnityEngine.CoreModule.dll!UnityEngine.Events::UnityEventBase.AddCall()";0.0037;0.0021;0.0324;25707;24806;24220;12;29;0.499800001038238;0.00520625;0.0031;0.0056;107;1;1;4;96;24220;0.001;0.0183;26017;25517;0
"UnityEngine.UI.dll!UnityEngine.EventSystems::PointerInputModule.ProcessMove()";0.0037;0.0018;0.5353;26024;24225;24778;8;8;18.4300999520347;0.009219659;0.0022;0.0066;1999;1;1;1;1999;24216;0.0018;0.5353;24225;24778;0.0022
"UnityEngine.CoreModule.dll!UnityEngine::Object.MarkDirty()";0.0037;0.0005;0.0715;25547;25674;24220;8;26;8.50289978977526;0.004864359;0.0022;0.0055;15607;8;1;45;1748;24216;0.0002;0.0542;24216;25600;0.0016
"Newtonsoft.Json.dll!Newtonsoft.Json::JsonWriter.Close()";0.0037;0.0037;0.0037;25904;25904;25904;24;26;0.00369999976828694;0.0037;0.0037;0.0037;4;4;4;4;1;25904;0.0006;0.0014;25904;25904;0
"UnityEngine.UI.dll!UnityEngine.EventSystems::PointerInputModule.GetLastPointerEventData()";0.0037;0.0019;0.0708;25988;24221;25144;8;8;8.73709994717501;0.004851249;0.0029;0.0051;3602;2;2;2;1801;24216;0.0008;0.0678;24221;25144;0.0021
"mscorlib.dll!System::RuntimeTypeHandle.IsPointer()";0.003699999;0.003699999;0.003699999;25904;25904;25904;41;53;0.00369999930262566;0.003699999;0.003699999;0.003699999;19;19;19;19;1;25904;0.0001;0.0005;25904;25904;0
"UnityEngine.CoreModule.dll!UnityEngine::Vector3..ctor()";0.0036;0;0.04659998;24786;26018;24236;5;26;8.98689783523878;0.004493449;0.001999999;0.005299998;116124;60;1;279;2000;24216;0;0.0141;24216;25290;0.001999999
"UnityEngine.UI.dll!UnityEngine.EventSystems::UIBehaviour.OnDestroy()";0.0036;0.0036;0.0036;26017;26017;26017;10;11;0.00360000040382147;0.0036;0.0036;0.0036;83;83;83;83;1;26017;0;0.0001;26017;26017;0
"mscorlib.dll!System::Math.Log()";0.0036;0.0024;0.0401;24300;24540;25303;10;14;10.1015998169314;0.0050508;0.0031;0.0051;12006;6;6;12;2000;24216;0;0.0301;24216;24750;0.0037
"Assembly-CSharp.dll!::GameObjectPoolManager.GetOrCreatePrefabPool()";0.0036;0.0015;0.0352;24268;24862;25400;8;19;0.417700000922196;0.004914118;0.0024;0.0054;150;1;1;4;85;24220;0.0011;0.0145;24247;25400;0
"UnityEngine.ParticleSystemModule.dll!::EmissionModule.SetBursts()";0.0036;0.0025;0.0314;24756;25804;25812;12;14;0.27940000128001;0.005373077;0.0031;0.0051;108;2;2;4;52;24287;0.001;0.0161;24860;25812;0
"UnityEngine.CoreModule.dll!UnityEngine::GameObject.GetComponent()";0.0036;0.0011;0.0896;25393;24725;24220;6;17;2.55969997402281;0.005481156;0.002;0.0062;1090;2;1;22;467;24218;0.0005;0.0218;25459;25959;0
"FrameEvents.NewInputBeforeRenderUpdate";0.0036;0.0014;0.0308;25592;25991;25931;3;3;9.22659995593131;0.0046133;0.003;0.0049;2000;1;1;1;2000;24216;0.0014;0.0308;25991;25931;0.0024
"Newtonsoft.Json.dll!Newtonsoft.Json.Utilities::ReflectionUtils.EnsureNotNullableType()";0.0036;0.0036;0.0036;25904;25904;25904;32;35;0.00359999993816018;0.0036;0.0036;0.0036;3;3;3;3;1;25904;0.0005;0.0025;25904;25904;0
"Newtonsoft.Json.dll!Newtonsoft.Json::JsonSerializer..ctor()";0.0036;0.0036;0.0036;25904;25904;25904;24;26;0.00359999993816018;0.0036;0.0036;0.0036;4;4;4;4;1;25904;0.0005;0.0017;25904;25904;0
"System.Core.dll!System.Linq::Lookup`2..ctor()";0.0036;0.0036;0.0036;25904;25904;25904;38;41;0.00359999993816018;0.0036;0.0036;0.0036;4;4;4;4;1;25904;0.0006;0.0013;25904;25904;0
"UnityEngine.UIModule.dll!UnityEngine::CanvasRenderer.SetMaterial()";0.0036;0.0017;0.0234;25904;25699;25663;12;13;0.107300000614487;0.00670625;0.002;0.0095;59;2;2;12;16;24220;0.0005;0.0084;24220;25215;0
"Unity.ResourceManager.dll!UnityEngine.ResourceManagement.AsyncOperations::AsyncOperationBase`1.UnityEngine.ResourceManagement.AsyncOperations.IAsyncOperation.get_Version()";0.0036;0.0036;0.0036;26017;26017;26017;17;22;0.00359999993816018;0.0036;0.0036;0.0036;20;20;20;20;1;26017;0.0001;0.0004;26017;26017;0
"mscorlib.dll!System.Reflection::MethodInfo.op_Inequality()";0.0036;0.0036;0.0036;26017;26017;26017;15;25;0.00359999970532954;0.0036;0.0036;0.0036;18;18;18;18;1;26017;0.0001;0.0005;26017;26017;0
"UnityEngine.CoreModule.dll!UnityEngine::Transform.set_localScale_Injected()";0.003599999;0.0005;0.0574;24832;25960;25579;6;25;7.88699935580371;0.004514596;0.0024;0.005599998;27700;14;1;63;1747;24216;0;0.0435;24216;25579;0.0019
"mscorlib.dll!System.IO::PathInternal.EndsInDirectorySeparator()";0.003599999;0.003599999;0.003599999;25904;25904;25904;23;31;0.00359999900683761;0.003599999;0.003599999;0.003599999;12;12;12;12;1;25904;0.0002;0.0012;25904;25904;0
"UnityEngine.UI.dll!UnityEngine.UI::Graphic.get_raycastTarget()";0.003500001;0.0008;0.1660001;24634;26129;24869;12;27;10.0188995082281;0.005101273;0.0026;0.0074;53884;26;12;37;1964;24216;0;0.1583;24216;24869;0.0028
"UnityEngine.CoreModule.dll!UnityEngine::Object.FindObjectFromInstanceID_Injected()";0.0035;0.0008;0.0269;24252;24222;25152;8;21;4.79689970688196;0.004364786;0.0024;0.005099999;30308;28;8;56;1099;24216;0;0.0074;24216;24965;0
"UnityEngine.CoreModule.dll!UnityEngine::Vector3.get_zero()";0.0035;0.0001;0.1180999;24399;25967;24236;5;17;9.17229701072938;0.004586149;0.0017;0.005699998;117908;47;2;290;2000;24216;0;0.0349;24216;24387;0.0029
"mscorlib.dll!Mono.Globalization.Unicode::SimpleCollator.FilterOptions()";0.0035;0.0035;0.0035;25904;25904;25904;31;39;0.00350000034086406;0.0035;0.0035;0.0035;48;48;48;48;1;25904;0;0.0001;25904;25904;0
"mscorlib.dll!System.Reflection::FieldInfo.op_Equality()";0.0035;0.0035;0.0035;25904;25904;25904;41;45;0.00350000034086406;0.0035;0.0035;0.0035;60;60;60;60;1;25904;0;0.0001;25904;25904;0
"System.Core.dll!::Iterator`1.GetEnumerator()";0.0035;0.0035;0.0035;25904;25904;25904;34;39;0.00350000034086406;0.0035;0.0035;0.0035;7;7;7;7;1;25904;0.0005;0.0005;25904;25904;0
"UnityEngine.UI.dll!UnityEngine.UI::CanvasUpdateRegistry.InternalDisableCanvasElementForLayoutRebuild()";0.0035;0.0023;0.0181;24287;25904;24358;15;25;0.12250000028871;0.005326087;0.0025;0.0054;66;2;2;17;23;24220;0.0009;0.0069;24381;24358;0
"mscorlib.dll!System::Buffer.BlockCopy()";0.0035;0.0035;0.0035;25904;25904;25904;25;26;0.00350000010803342;0.0035;0.0035;0.0035;4;4;4;4;1;25904;0.0006;0.001;25904;25904;0
"mscorlib.dll!System::Buffer.MemoryCopy()";0.0035;0.0035;0.0035;25904;25904;25904;21;22;0.00350000010803342;0.0035;0.0035;0.0035;4;4;4;4;1;25904;0.0008;0.001;25904;25904;0
"Physics2D.BeginContact";0.0035;0.0004;0.1244;24311;24564;25516;6;6;8.12219962381641;0.005872885;0.0016;0.0067;17014;10;1;47;1383;24216;0;0.1139;24216;25516;0
"Profiler.ScreenshotUpdate";0.0035;0.0001;0.2286;24379;26032;24631;4;4;15.2616999100937;0.00763085;0.0029;0.005;2000;1;1;1;2000;24216;0.0001;0.2286;26032;24631;0.0024
"Unity.TextMeshPro.dll!TMPro::TMP_Text.FillCharacterVertexBuffers()";0.0035;0.0003;0.05910001;24657;25927;24236;13;15;7.43759940919699;0.004257355;0.002;0.0049;24454;11;1;77;1747;24216;0;0.015;24217;25088;0.0015
"UnityEngine.UI.dll!UnityEngine.EventSystems::EventSystem.get_current()";0.0035;0.0007;0.0322;24713;26018;25433;5;23;8.99499981640838;0.0044975;0.0027;0.0057;9302;5;1;11;2000;24216;0.0002;0.0299;24221;25433;0.0026
"UnityEngine.UI.dll!UnityEngine.EventSystems::StandaloneInputModule.UpdateModule()";0.0035;0.0022;0.4511;24766;24288;26017;5;6;11.5766999372281;0.00578835;0.0027;0.0073;2001;1;1;2;2000;24216;0.0022;0.4511;24288;26017;0.0027
"System.Core.dll!System.Collections.Generic::HashSet`1.AddIfNotPresent()";0.0035;0.0004;0.0706;24781;24581;24236;7;28;8.05859990007593;0.004610183;0.002;0.005299999;13009;6;1;35;1748;24216;0.0003;0.0203;24216;25128;0.0018
"UnityEngine.CoreModule.dll!UnityEngine.Events::InvokableCallList.AddListener()";0.0035;0.0018;0.0295;24831;24806;24220;13;30;0.463499998673797;0.004828125;0.0028;0.0051;107;1;1;4;96;24220;0.0008;0.0177;26017;25517;0
"UnityEngine.CoreModule.dll!UnityEngine::Transform.FindRelativeTransformWithPath_Injected()";0.0035;0.0011;0.0247;24903;24819;24220;9;23;6.30009996681474;0.004595259;0.0022;0.0056;2508;1;1;14;1371;24216;0.0002;0.0125;24221;25057;0.0014
"mscorlib.dll!System::Buffer.Memmove()";0.0035;0.0003;0.2795009;24954;25801;25904;10;43;5.4839008160634;0.004577546;0.0023;0.0053;5583;4;1;713;1198;24216;0.0002;0.0122;24221;25152;0
"Audibility computation";0.0035;0.0009;0.0415;25141;25093;25251;5;5;8.09279998240527;0.0040464;0.003;0.0042;2000;1;1;1;2000;24216;0.0009;0.0415;25093;25251;0.0114
"UnityEngine.UI.dll!UnityEngine.EventSystems::PointerEventData.get_pointerCurrentRaycast()";0.0035;0.0024;0.1004;25149;25929;24540;8;10;10.34899999341;0.005177089;0.0029;0.0051;14034;7;7;8;1999;24216;0.0003;0.0913;24221;24540;0.0027
"UnityEngine.CoreModule.dll!UnityEngine::LineRenderer.SetPosition_Injected()";0.0035;0.0006;0.0558;25365;24504;25304;7;25;6.33999889803817;0.004756188;0.0017;0.005899998;24208;6;2;66;1333;24216;0;0.0371;24216;25419;0
"Assembly-CSharp.dll!::Enemy.get_CachedHp()";0.0035;0.0005;1.432801;25767;25498;25400;8;19;76.2694858144969;0.04946141;0.0016;0.05119999;79531;4;1;406;1542;24216;0.0004;0.4164;24217;25400;0
"Newtonsoft.Json.dll!Newtonsoft.Json::JsonConvert.EnsureFloatFormat()";0.0035;0.0035;0.0035;25904;25904;25904;33;33;0.00349999987520278;0.0035;0.0035;0.0035;1;1;1;1;1;25904;0.0035;0.0035;25904;25904;0
"UnityEngine.InputLegacyModule.dll!UnityEngine::SendMouseEvents.UpdateMouse()";0.0035;0.0019;0.038;25949;25201;25908;5;5;11.2846999426838;0.00564235;0.0029;0.0086;2000;1;1;1;2000;24216;0.0019;0.038;25201;25908;0.0027
"UnityEngine.CoreModule.dll!UnityEngine.Events::InvokableCallList.Clear()";0.0035;0.0035;0.0035;26017;26017;26017;12;12;0.00349999987520278;0.0035;0.0035;0.0035;3;3;3;3;1;26017;0.0007;0.0015;26017;26017;0
"mscorlib.dll!System.Threading.Tasks::Task.get_IsCompleted()";0.0035;0.0035;0.0035;25904;25904;25904;22;23;0.00349999964237213;0.0035;0.0035;0.0035;8;8;8;8;1;25904;0.0001;0.002;25904;25904;0
"Newtonsoft.Json.dll!Newtonsoft.Json.Serialization::DefaultContractResolver.ResolvePropertyName()";0.0035;0.0035;0.0035;25904;25904;25904;36;39;0.00349999964237213;0.0035;0.0035;0.0035;20;20;20;20;1;25904;0.0001;0.0004;25904;25904;0
"mscorlib.dll!System::AttributeUsageAttribute.get_Inherited()";0.003400001;0.003400001;0.003400001;25904;25904;25904;37;50;0.0034000005107373;0.003400001;0.003400001;0.003400001;51;51;51;51;1;25904;0;0.0013;25904;25904;0
"Newtonsoft.Json.dll!Newtonsoft.Json.Serialization::JsonProperty.get_DefaultValueHandling()";0.003400001;0.003400001;0.003400001;25904;25904;25904;29;34;0.0034000005107373;0.003400001;0.003400001;0.003400001;54;54;54;54;1;25904;0;0.0002;25904;25904;0
"Newtonsoft.Json.dll!Newtonsoft.Json.Serialization::JsonProperty.get_Converter()";0.0034;0.0034;0.0034;25904;25904;25904;28;33;0.00340000027790666;0.0034;0.0034;0.0034;54;54;54;54;1;25904;0;0.0001;25904;25904;0
"Assembly-CSharp.dll!::<SpawnLane>d__42.MoveNext()";0.0034;0.0034;0.0034;24216;24216;24216;5;5;0.00340000004507601;0.0034;0.0034;0.0034;1;1;1;1;1;24216;0.0034;0.0034;24216;24216;0
"ReflectionProbes.Update";0.0034;0.0013;0.0262;24583;26018;24452;6;6;8.78099995944649;0.0043905;0.0031;0.0039;2000;1;1;1;2000;24216;0.0013;0.0262;26018;24452;0.0053
"Assembly-CSharp.dll!::Enemy.BeginBossSummonSkill()";0.0034;0.0021;0.0442;24685;25699;24220;9;14;0.0901999983470887;0.0082;0.0024;0.0072;13;1;1;3;11;24220;0.0021;0.0252;25699;24220;0
"UnityEngine.UI.dll!UnityEngine.EventSystems::BaseRaycaster.get_rootRaycaster()";0.0034;0.001;0.0295;24846;24570;25701;17;17;1.68799998587929;0.0046759;0.0032;0.0048;2050;6;2;6;361;24568;0.0004;0.012;25521;26045;0
"UnityEngine.GridModule.dll!UnityEngine::GridLayout.WorldToCell()";0.0034;0.0019;0.2383;25104;25657;24424;5;18;6.53639997448772;0.004668857;0.0029;0.0047;1417;1;1;4;1400;24216;0.0006;0.2383;25610;24424;0.0023
"mscorlib.dll!System.Collections.Generic::Dictionary`2.ContainsKey()";0.0034;0.0006;0.2190999;25105;25587;26017;10;39;6.27069998899242;0.005345865;0.002;0.0051;2642;2;1;90;1173;24216;0.0004;0.1111;25452;26017;0
"UnityEngine.UI.dll!UnityEngine.UI::Image.get_hasBorder()";0.0034;0.0023;0.0473;25163;24271;25215;15;15;5.38189997593872;0.004667736;0.0026;0.005;1480;1;1;6;1153;24216;0.0018;0.0313;24326;25389;0
"mscorlib.dll!System.Collections.Generic::List`1.Reverse()";0.0034;0.0034;0.0034;25904;25904;25904;35;41;0.00340000004507601;0.0034;0.0034;0.0034;12;12;12;12;1;25904;0;0.0007;25904;25904;0
"mscorlib.dll!System.IO::MonoIO.RemapPath()";0.0034;0.0034;0.0034;25904;25904;25904;21;29;0.00340000004507601;0.0034;0.0034;0.0034;20;20;20;20;1;25904;0;0.001;25904;25904;0
"mscorlib.dll!System::Array.SetValue()";0.0034;0.0034;0.0034;25904;25904;25904;43;46;0.00340000004507601;0.0034;0.0034;0.0034;2;2;2;2;1;25904;0.0017;0.0017;25904;25904;0
"UnityEngine.TilemapModule.dll!UnityEngine.Tilemaps::Tilemap.get_cellBounds()";0.0034;0.0025;0.03;25140;25848;24220;9;18;0.140400001546368;0.006685714;0.0029;0.0076;46;2;2;6;21;24220;0.0008;0.0114;24221;24662;0
"Newtonsoft.Json.dll!Newtonsoft.Json.Utilities::TypeExtensions.IsGenericTypeDefinition()";0.0034;0.0034;0.0034;25904;25904;25904;35;38;0.00339999981224537;0.0034;0.0034;0.0034;8;8;8;8;1;25904;0.0002;0.0012;25904;25904;0
"mscorlib.dll!System::RuntimeType.get_IsGenericTypeDefinition()";0.003399999;0.003399999;0.003399999;25904;25904;25904;36;40;0.00339999934658408;0.003399999;0.003399999;0.003399999;14;14;14;14;1;25904;0.0001;0.0008;25904;25904;0
"UnityEngine.CoreModule.dll!UnityEngine.Profiling::Profiler.Internal_EmitGlobalMetaData_Array()";0.0033;0.0011;0.1914;24566;26175;25102;10;10;9.45159983623307;0.0047258;0.0028;0.0046;8000;4;4;4;2000;24216;0.0001;0.1895;24218;25102;0.0012
"UnityEngine.CoreModule.dll!UnityEngine::Sprite.get_associatedAlphaSplitTexture()";0.0033;0.0023;0.024;25452;24655;25215;12;15;0.114299996523187;0.00714375;0.0025;0.008999999;88;4;4;14;16;24220;0.0005;0.0106;24220;25215;0
"mscorlib.dll!Mono.Globalization.Unicode::SimpleCollator.ClearBuffer()";0.0033;0.0033;0.0033;25904;25904;25904;29;37;0.00330000021494925;0.0033;0.0033;0.0033;48;48;48;48;1;25904;0;0.0001;25904;25904;0
"mscorlib.dll!System.Collections::DictionaryEntry.get_Key()";0.0033;0.0033;0.0033;25904;25904;25904;39;42;0.00330000021494925;0.0033;0.0033;0.0033;59;59;59;59;1;25904;0;0.0001;25904;25904;0
"Newtonsoft.Json.dll!Newtonsoft.Json.Serialization::JsonProperty.get_GetIsSpecified()";0.0033;0.0033;0.0033;25904;25904;25904;29;34;0.00330000021494925;0.0033;0.0033;0.0033;54;54;54;54;1;25904;0;0.0001;25904;25904;0
"mscorlib.dll!System.Collections.Generic::List`1.set_Item()";0.0033;0.0011;0.05299997;24625;25699;26017;13;33;0.263599963160232;0.007322221;0.0018;0.0062;630;8;4;244;36;24220;0.0001;0.0036;24290;24247;0
"mscorlib.dll!System.Collections.Generic::EqualityComparer`1.IndexOf()";0.0033;0.0013;0.033;24640;24834;24539;18;31;0.221200002008118;0.004608334;0.0026;0.0037;348;8;4;24;48;24220;0.0003;0.0045;24247;24220;0
"Assembly-CSharp.dll!::EnemySpawner.get_SpawnWorldPosition()";0.0033;0.0024;0.0146;25140;25848;25376;6;6;0.0438999999314547;0.006271428;0.0025;0.005;7;1;1;1;7;24426;0.0024;0.0146;25848;25376;0
"UnityEngine.CoreModule.dll!UnityEngine.Events::UnityEvent`1.Invoke()";0.0033;0.001;0.1495;25312;25065;24220;7;33;8.08249993924983;0.006018243;0.002;0.0071;2503;2;1;8;1343;24216;0.0005;0.0501;24257;25702;0
"Unity.TextMeshPro.dll!TMPro::TMP_Settings.get_getFontFeaturesAtRuntime()";0.0033;0.002;0.0098;25452;25904;24539;21;21;0.0151000001933426;0.005033333;0.002;0.0033;6;2;1;3;3;24539;0.001;0.0098;25452;24539;0
"mscorlib.dll!System::Array.Clone()";0.0033;0.0033;0.0033;25904;25904;25904;46;49;0.00329999998211861;0.0033;0.0033;0.0033;2;2;2;2;1;25904;0.0016;0.0017;25904;25904;0
"Newtonsoft.Json.dll!::Entry..ctor()";0.0033;0.0033;0.0033;25904;25904;25904;36;39;0.00329999998211861;0.0033;0.0033;0.0033;17;17;17;17;1;25904;0.0001;0.0014;25904;25904;0
"Newtonsoft.Json.dll!Newtonsoft.Json::JsonTextWriter.WriteValueInternal()";0.0033;0.0033;0.0033;25904;25904;25904;32;32;0.00329999998211861;0.0033;0.0033;0.0033;1;1;1;1;1;25904;0.0033;0.0033;25904;25904;0
"System.Core.dll!::WhereListIterator`1..ctor()";0.0033;0.0033;0.0033;25904;25904;25904;36;39;0.00329999998211861;0.0033;0.0033;0.0033;4;4;4;4;1;25904;0.0006;0.0011;25904;25904;0
"Assembly-CSharp.dll!::BossIntroFx.OnDisable()";0.0033;0.0033;0.0033;26017;26017;26017;12;12;0.00329999998211861;0.0033;0.0033;0.0033;1;1;1;1;1;26017;0.0033;0.0033;26017;26017;0
"mscorlib.dll!System::RuntimeTypeHandle.IsByRef()";0.0033;0.0033;0.0033;25904;25904;25904;35;42;0.00329999951645732;0.0033;0.0033;0.0033;10;10;10;10;1;25904;0.0002;0.001;25904;25904;0
"UnityEngine.TextCoreFontEngineModule.dll!UnityEngine.TextCore.LowLevel::FontEngine.LoadFontFace_With_Size_and_FaceIndex_FromFont_Internal_Injected()";0.0032;0.0029;0.0084;25452;25904;24539;24;24;0.0144999998155981;0.004833333;0.0029;0.0032;6;2;1;3;3;24539;0.0003;0.0084;25452;24539;0
"mscorlib.dll!System::RuntimeFieldHandle..ctor()";0.0032;0.0032;0.0032;25904;25904;25904;40;44;0.00320000015199184;0.0032;0.0032;0.0032;60;60;60;60;1;25904;0;0.0001;25904;25904;0
"System.Core.dll!::<CastIterator>d__34`1.System.Collections.Generic.IEnumerator<TResult>.get_Current()";0.0032;0.0032;0.0032;25904;25904;25904;39;49;0.00320000015199184;0.0032;0.0032;0.0032;70;70;70;70;1;25904;0;0.0001;25904;25904;0
"PreLateUpdate.AccessibilityUpdate";0.0032;0.0018;0.0211;24490;25657;25283;2;2;8.7555999525357;0.0043778;0.0027;0.0047;2000;1;1;1;2000;24216;0.0018;0.0211;25657;25283;0.0022
"UnityEngine.CoreModule.dll!UnityEngine::Mesh.SetTrianglesImpl()";0.0032;0.0018;0.0645;24588;25531;25304;16;18;4.72229997208342;0.004095663;0.0025;0.004;1500;1;1;12;1153;24216;0.0008;0.0491;25452;25304;0
"Assembly-CSharp.dll!::EnemyHpViewer.CacheParts()";0.0032;0.0016;0.0577;24655;24929;24220;9;17;0.188600001391023;0.006503448;0.0018;0.0061;46;1;1;7;29;24220;0.0016;0.009;24655;24220;0
"UnityEngine.CoreModule.dll!UnityEngine::Camera.GetAllCameras()";0.0032;0.0015;0.0889;24795;24221;24264;5;5;9.6163999538403;0.0048082;0.0024;0.0069;2000;1;1;1;2000;24216;0.0015;0.0889;24221;24264;0.0029
"UIEvents.UpdateCanvasRectTransform";0.0032;0.0008;0.0182;24949;26129;25041;3;3;7.70819997566286;0.0038541;0.0024;0.0044;2000;1;1;1;2000;24216;0.0008;0.0182;26129;25041;0.0032
"PreUpdate.InputForUIUpdate";0.0032;0.0016;0.0869;25264;25498;25899;2;2;9.91659995599184;0.0049583;0.0025;0.0071;2000;1;1;1;2000;24216;0.0016;0.0869;25498;25899;0.0025
"System.Core.dll!System.Collections.Generic::HashSet`1.Remove()";0.0032;0.002;0.0349;25319;24735;24283;14;24;0.871099977986887;0.004490206;0.0024;0.0049;944;4;1;30;194;24220;0;0.008;24222;24283;0
"UnityEngine.CoreModule.dll!UnityEngine::Camera.ScreenPointToRay_Injected()";0.0032;0.0011;0.1281;25372;24740;25678;8;8;10.2156999449944;0.005201477;0.0024;0.007;1964;1;1;1;1964;24216;0.0011;0.1281;24740;25678;0.0031
"Physics.Raycast";0.0032;0.0018;0.0331;25594;24362;25119;7;7;9.71479993592948;0.004946436;0.0025;0.0066;1964;1;1;1;1964;24216;0.0018;0.0331;24362;25119;0.0029
"CustomRenderTextures.Update";0.0032;0.0016;0.1273;25749;25200;24341;3;3;8.55209994746838;0.00427605;0.0027;0.0044;2000;1;1;1;2000;24216;0.0016;0.1273;25200;24341;0.0071
"UnityEngine.UI.dll!UnityEngine.UI::Selectable.set_transition()";0.0032;0.0032;0.005;25786;25587;24923;7;7;0.0113999997265637;0.0038;0.0032;0.0032;12;4;4;4;3;24923;0.0005;0.0027;25587;24923;0
"mscorlib.dll!System.Reflection::RuntimeFieldInfo.get_FieldType()";0.0032;0.0032;0.0032;25904;25904;25904;36;41;0.0031999999191612;0.0032;0.0032;0.0032;40;40;40;40;1;25904;0;0.0013;25904;25904;0
"Newtonsoft.Json.dll!Newtonsoft.Json.Serialization::JsonProperty.get_Readable()";0.0032;0.0032;0.0032;25904;25904;25904;28;33;0.0031999999191612;0.0032;0.0032;0.0032;54;54;54;54;1;25904;0;0.0002;25904;25904;0
"System.Core.dll!::WhereArrayIterator`1..ctor()";0.0032;0.0032;0.0032;25904;25904;25904;35;38;0.0031999999191612;0.0032;0.0032;0.0032;3;3;3;3;1;25904;0.0007;0.0015;25904;25904;0
"PostLateUpdate.AccessibilityLateUpdate";0.0031;0.001;0.0432;24585;25991;25424;2;2;7.98879996803589;0.0039944;0.0023;0.0045;2000;1;1;1;2000;24216;0.001;0.0432;25991;25424;0.0037
"UnityEngine.CoreModule.dll!UnityEngine::MonoBehaviour.StopCoroutine_Injected()";0.0031;0.0017;0.0268;24655;24732;24220;8;16;0.0995999994920567;0.007114286;0.0021;0.0074;19;1;1;3;14;24220;0.0017;0.0121;24732;24625;0
"PostLateUpdate.MemoryFrameMaintenance";0.0031;0.0016;0.0642;24703;26018;24848;2;2;8.06359995820094;0.0040318;0.0025;0.0042;2000;1;1;1;2000;24216;0.0016;0.0642;26018;24848;0.0033
"Assembly-CSharp.dll!::EnemyShieldVisual.Refresh()";0.0031;0.0002;0.0303;24715;25669;24220;10;15;0.063499999101623;0.005772727;0.0014;0.0039;13;1;1;3;11;24220;0.0002;0.0152;25669;24220;0
"mscorlib.dll!System::Int32.GetHashCode()";0.0031;0;0.07779998;24769;26064;24236;9;31;8.06099807618739;0.004030499;0.0016;0.004799999;108424;44;3;252;2000;24216;0;0.0129;24216;25236;0.001999999
"UnityEngine.ParticleSystemModule.dll!UnityEngine::ParticleSystem.Play()";0.0031;0.0015;0.0869;25190;25185;24521;6;13;1.13089999207295;0.01449872;0.0018;0.0215;108;1;1;3;78;24227;0.0015;0.044;24860;24521;0
"UnityEngine.CoreModule.dll!UnityEngine::Texture2D.ApplyImpl()";0.0031;0.0031;0.0031;25308;25308;25308;17;17;0.00310000008903444;0.0031;0.0031;0.0031;1;1;1;1;1;25308;0.0031;0.0031;25308;25308;0
"mscorlib.dll!System.Collections.Concurrent::ConcurrentDictionary`2.ReleaseLocks()";0.0031;0.0031;0.0031;25904;25904;25904;43;43;0.00310000008903444;0.0031;0.0031;0.0031;1;1;1;1;1;25904;0.0031;0.0031;25904;25904;0
"UnityEngine.InputLegacyModule.dll!UnityEngine.Internal::InputUnsafeUtility.GetButtonDown_Injected()";0.0031;0.0014;0.2485;24703;24400;26109;9;11;9.22329986735713;0.00461165;0.0022;0.006;8776;4;2;6;2000;24216;0.0001;0.2431;24221;26109;0.0017
"UnityEngine.TextCoreFontEngineModule.dll!UnityEngine.TextCore.LowLevel::FontEngine.GetGlyphIndex()";0.0031;0.0026;0.0048;25452;25904;24539;21;21;0.0104999996256083;0.0035;0.0026;0.0031;6;2;1;3;3;24539;0.0007;0.0048;25904;24539;0
"mscorlib.dll!System.Collections.Generic::List`1.EnsureCapacity()";0.0031;0.0014;0.0521;25514;24929;25904;12;44;0.501299996045418;0.005168041;0.0024;0.005;273;2;2;51;97;24220;0.0004;0.0226;24251;26017;0
"UnityEngine.UI.dll!UnityEngine.UI.Collections::IndexedSet`1.Clear()";0.0031;0.0007;0.0382;25841;25786;25432;9;9;6.78469992836472;0.00339235;0.0014;0.0039;4000;2;2;2;2000;24216;0.0002;0.0375;24407;25432;0.0012
"mscorlib.dll!System.Reflection::FieldInfo[].System.Collections.Generic.ICollection`1.CopyTo()";0.0031;0.0031;0.0031;25904;25904;25904;38;41;0.00309999985620379;0.0031;0.0031;0.0031;4;4;4;4;1;25904;0.0006;0.0009;25904;25904;0
"mscorlib.dll!System.Text::EncoderNLS..ctor()";0.0031;0.0031;0.0031;25904;25904;25904;25;26;0.00309999985620379;0.0031;0.0031;0.0031;4;4;4;4;1;25904;0.0006;0.0011;25904;25904;0
"Newtonsoft.Json.dll!Newtonsoft.Json.Utilities::ConvertUtils.IsConvertible()";0.0031;0.0031;0.0031;25904;25904;25904;36;39;0.00309999985620379;0.0031;0.0031;0.0031;4;4;4;4;1;25904;0.0006;0.0011;25904;25904;0
"Newtonsoft.Json.dll!Newtonsoft.Json::JsonTextWriter.UpdateCharEscapeFlags()";0.0031;0.0031;0.0031;25904;25904;25904;22;24;0.00309999985620379;0.0031;0.0031;0.0031;4;4;4;4;1;25904;0.0005;0.0014;25904;25904;0
"mscorlib.dll!System::Object.__icall_wrapper___emul_frem()";0.0031;0.0004;0.06600001;24815;25927;24236;13;15;6.96059922187123;0.003984315;0.0017;0.004299999;24454;11;1;77;1747;24216;0.0001;0.0281;24216;24686;0.002
"Unity.ResourceManager.dll!UnityEngine.ResourceManagement.Util::LocationCacheKey.Equals()";0.0031;0.0031;0.0031;26017;26017;26017;19;22;0.00309999962337315;0.0031;0.0031;0.0031;24;24;24;24;1;26017;0;0.0004;26017;26017;0
"UnityEngine.CoreModule.dll!UnityEngine::Transform.get_childCount_Injected()";0.003000001;0.003000001;0.003000001;26017;26017;26017;13;16;0.00300000072456896;0.003000001;0.003000001;0.003000001;19;19;19;19;1;26017;0;0.001;26017;26017;0
"FindMainCamera";0.003;0.0005;0.0197;25219;25927;24925;7;8;6.37509975174908;0.003539755;0.0022;0.004499999;18241;9;3;28;1801;24216;0;0.0182;24216;24925;0.0014
"Assembly-CSharp.dll!::TowerTargetPriorityDefaults.FromWeapon()";0.003;0;0.1749001;24272;24246;24826;9;14;3.24739981221501;0.00362433;0.0002;0.004000001;29017;52;1;63;896;24217;0;0.1562;24217;24826;0
"UnityEngine.UI.dll!UnityEngine.UI::VertexHelper.InitializeListIfRequired()";0.003;0.0007;0.0385;24312;24458;25629;14;19;4.43579948873958;0.003847181;0.002099999;0.0041;57021;55;25;222;1153;24216;0;0.0211;24216;25629;0
"afterCullingOutputReady.Invoke";0.003;0.0013;0.0952;24451;26080;24267;7;7;8.39659994130488;0.0041983;0.0025;0.0046;2000;1;1;1;2000;24216;0.0013;0.0952;26080;24267;0.0063
"UnityEngine.CoreModule.dll!UnityEngine::Mathf.Log()";0.003;0.0021;0.0312;24928;24831;24750;9;12;8.64899999694899;0.0043245;0.0027;0.0042;4002;2;2;4;2000;24216;0.0007;0.0304;24221;24750;0.0032
"UnityEngine.CoreModule.dll!UnityEngine::Renderer.get_enabled_Injected()";0.003;0.0006;0.0359;25416;24579;24236;7;11;6.20619967777748;0.003447889;0.002;0.0041;16087;7;2;34;1800;24216;0.0001;0.0071;24216;24421;0.0022
"Assembly-CSharp.dll!::ProjectileVfx.RecaptureScale()";0.003;0.0026;0.0133;25425;24472;24220;8;8;0.0340999998152256;0.0042625;0.0027;0.0032;8;1;1;1;8;24220;0.0026;0.0133;24472;24220;0
"FontEngine.GetLigatureSubstitutionRecords";0.003;0.0026;0.0088;25452;25904;24539;26;26;0.0143999999854714;0.0048;0.0026;0.003;6;2;1;3;3;24539;0.0006;0.0088;25452;24539;0
"UnityEngine.CoreModule.dll!UnityEngine::LineRenderer.set_colorGradient()";0.003;0.0019;0.0526;25572;24217;25696;8;24;2.21470001060516;0.004155159;0.0022;0.0044;1989;3;3;6;533;24216;0.0004;0.0497;24296;25696;0
"Initialization.DirectorSampleTime";0.003;0.0015;0.0187;26001;24740;25215;2;2;9.78809994761832;0.00489405;0.0025;0.0058;2000;1;1;1;2000;24216;0.0015;0.0187;24740;25215;0.0026
"Unity.ResourceManager.dll!UnityEngine.ResourceManagement.AsyncOperations::AsyncOperationBase`1.get_Version()";0.003;0.003;0.003;26017;26017;26017;13;23;0.00300000002607703;0.003;0.003;0.003;56;56;56;56;1;26017;0;0.0001;26017;26017;0
"UnityEngine.CoreModule.dll!UnityEngine::Mesh.MarkDynamicImpl()";0.003;0.0005;0.08030001;24410;25927;24236;14;16;6.52709982357919;0.003736176;0.0017;0.004199999;12635;6;1;32;1747;24216;0.0002;0.0673;24218;25421;0.0019
"UnityEngine.TextCoreFontEngineModule.dll!UnityEngine.TextCore.LowLevel::GlyphValueRecord.get_yPlacement()";0.003;0;0.08310009;24470;25071;25663;13;24;7.2078983290412;0.004125872;0.0015;0.0044;98441;44;4;332;1747;24216;0;0.0497;24216;24488;0.0017
"mscorlib.dll!System.Collections.Generic::Stack`1.Push()";0.003;0.001;0.0079;26017;25904;24539;13;26;0.0213999997358769;0.00428;0.0017;0.0078;30;6;2;10;5;24539;0.0001;0.0019;25452;24539;0
"UnityEngine.UI.dll!UnityEngine.UI::LayoutGroup.GetAlignmentOnAxis()";0.003;0.003;0.003;26017;26017;26017;15;16;0.00299999979324639;0.003;0.003;0.003;5;5;5;5;1;26017;0.0002;0.0012;26017;26017;0
"mscorlib.dll!System::UInt32.GetHashCode()";0.0029;0.0001;0.1006999;25408;25065;24539;17;32;7.09469816162164;0.004061075;0.0015;0.0043;98551;44;4;354;1747;24216;0;0.0357;24216;24242;0.0017
"mscorlib.dll!::InternalEnumerator`1.Dispose()";0.0029;0.0029;0.0029;25904;25904;25904;37;42;0.00290000019595027;0.0029;0.0029;0.0029;17;17;17;17;1;25904;0;0.0015;25904;25904;0
"UnityEngine.UI.dll!UnityEngine.UI.Collections::IndexedSet`1..ctor()";0.0029;0.0029;0.0029;26017;26017;26017;11;12;0.00290000019595027;0.0029;0.0029;0.0029;2;2;2;2;1;26017;0.0009;0.002;26017;26017;0
"GeneralConnection.Poll";0.0029;0.0014;0.0478;24414;24332;25812;5;5;8.68789996486157;0.00434395;0.0023;0.0054;2000;1;1;1;2000;24216;0.0014;0.0478;24332;25812;0.0025
"UnityEngine.CoreModule.dll!UnityEngine::RectTransform.GetLocalCorners()";0.0029;0.0017;0.0238;24521;24804;24358;12;25;0.788099999190308;0.004452542;0.0021;0.0055;217;1;1;8;177;24220;0.0013;0.0184;25452;25812;0
"LowLevelPhysics2D.PhysicsWorld.PreSimulate";0.0029;0.0013;0.1371;24756;24485;25174;5;5;7.66949995409232;0.004581541;0.0019;0.0063;1698;1;1;2;1674;24216;0.0004;0.1371;24389;25174;0
"UnityEngine.IMGUIModule.dll!UnityEngine::GUISkin.MakeCurrent()";0.0029;0.0019;0.0554;25884;24629;24283;8;9;7.39109993039165;0.004103887;0.0025;0.0041;3814;2;2;6;1801;24216;0.0006;0.0514;24419;24283;0.0025
"mscorlib.dll!System::Span`1.ToString()";0.0029;0.0029;0.0029;25904;25904;25904;21;21;0.00289999996311963;0.0029;0.0029;0.0029;1;1;1;1;1;25904;0.0029;0.0029;25904;25904;0
"System.Core.dll!System.Linq::Enumerable.SelectMany()";0.0029;0.0029;0.0029;25904;25904;25904;34;37;0.00289999996311963;0.0029;0.0029;0.0029;2;2;2;2;1;25904;0.0012;0.0017;25904;25904;0
"UnityEngine.TextCoreFontEngineModule.dll!UnityEngine.TextCore.LowLevel::FontEngine.PopulateMarkToBaseAdjustmentRecordMarshallingArray_Injected()";0.0029;0.0016;0.0055;25904;25452;24539;20;20;0.0099999998928979;0.003333333;0.0016;0.0029;4;1;1;2;3;24539;0.0012;0.0055;25904;24539;0
"UnityEngine.TextCoreFontEngineModule.dll!UnityEngine.TextCore.LowLevel::FontEngine.PopulateMarkToMarkAdjustmentRecordMarshallingArray()";0.0029;0.0019;0.008;25904;25452;24539;19;19;0.0128000003751367;0.004266667;0.0019;0.0029;4;1;1;2;3;24539;0.0012;0.008;25904;24539;0
"sceneLoadedBeforeAwake.Invoke";0.0029;0.0029;0.0029;26017;26017;26017;8;8;0.00289999996311963;0.0029;0.0029;0.0029;1;1;1;1;1;26017;0.0029;0.0029;26017;26017;0
"UnityEngine.UI.dll!UnityEngine.UI::LayoutRebuilder.Initialize()";0.0029;0.0029;0.0029;26017;26017;26017;13;22;0.00289999973028898;0.0029;0.0029;0.0029;4;4;4;4;1;26017;0.0003;0.0016;26017;26017;0
"Newtonsoft.Json.dll!Newtonsoft.Json.Serialization::DefaultContractResolver.get_NamingStrategy()";0.0028;0.0028;0.0028;25904;25904;25904;36;40;0.00280000036582351;0.0028;0.0028;0.0028;40;40;40;40;1;25904;0;0.0002;25904;25904;0
"mscorlib.dll!System::Char.IsLatin1()";0.0028;0;0.6167999;24426;25934;25008;14;42;7.6980982659079;0.004406467;0.0015;0.0045;98853;44;4;614;1747;24216;0;0.6051;24216;25008;0.001999999
"UnityEngine.UIModule.dll!UnityEngine::CanvasRenderer.Clear_Injected()";0.0028;0.0015;0.0102;25011;25804;24358;13;25;0.0866999985883012;0.003769565;0.0021;0.0036;89;2;2;30;23;24220;0.0002;0.0066;25804;24247;0
"mscorlib.dll!System::Math.Sin()";0.0028;0.0006;0.03129999;25546;24647;25400;6;24;6.07539928110782;0.003590662;0.0017;0.004499999;31564;14;2;70;1692;24216;0;0.0281;24216;25634;0.0011
"Camera.FindStacks";0.0028;0.0018;0.2914;25950;26183;24661;3;3;7.84839987254236;0.0039242;0.0025;0.0035;4000;2;2;2;2000;24216;0.0001;0.2906;24216;24661;0.0058
"UnityEngine.UI.dll!UnityEngine.EventSystems::PointerInputModule.ProcessDrag()";0.0028;0.0009;0.1429;24297;24654;25456;8;8;6.85549994790927;0.003429465;0.0015;0.004;5997;3;3;3;1999;24216;0.0003;0.1413;24218;25456;0.0014
"UnityEngine.CoreModule.dll!UnityEngine::GameObject.GetComponentsInternal_Injected()";0.0028;0.0008;0.07089997;24718;24620;26017;11;29;2.55289993796032;0.004727593;0.0018;0.0055;1868;2;1;267;540;24220;0.0001;0.0146;26017;25583;0
"UnityEngine.CoreModule.dll!UnityEngine::UnitySynchronizationContext.Exec()";0.0028;0.0018;0.1718;24806;25423;25956;4;4;8.0046999535989;0.00400235;0.0024;0.0041;2000;1;1;1;2000;24216;0.0018;0.1718;25423;25956;0.002
"UnityEngine.GridModule.dll!UnityEngine::GridLayout.WorldToCell_Injected()";0.0028;0.0015;0.2375;24935;24280;24424;6;19;5.33839996892493;0.003813143;0.0024;0.0038;1417;1;1;4;1400;24216;0.0003;0.2375;25848;24424;0.0019
"CanvasUpdate.LatePreRender";0.0028;0.0002;0.0565;24946;26005;25215;9;9;6.51279995363439;0.0032564;0.0004;0.0043;2000;1;1;1;2000;24216;0.0002;0.0565;26005;25215;0.0004
"mscorlib.dll!System::Convert.GetTypeCode()";0.0028;0.0028;0.0028;25308;25308;25308;25;25;0.00279999990016222;0.0028;0.0028;0.0028;1;1;1;1;1;25308;0.0028;0.0028;25308;25308;0
"Director.SampleTime";0.0028;0.0013;0.0174;25498;24740;25392;3;3;9.01969995652325;0.00450985;0.0023;0.0054;2000;1;1;1;2000;24216;0.0013;0.0174;24740;25392;0.0024
"Assembly-CSharp.dll!::ChainLightning.EnsureRenderers()";0.0028;0.0025;0.0201;25676;24296;25662;12;17;0.0981999989598989;0.00467619;0.0027;0.0048;21;1;1;1;21;24296;0.0025;0.0201;24296;25662;0
"mscorlib.dll!System.Collections.Generic::List`1.AddWithResize()";0.0028;0.0015;0.0445;25747;24806;25904;11;43;0.45700000342913;0.00471134;0.0023;0.0043;148;1;1;30;97;24220;0.0006;0.0247;26017;26017;0
"UnityEngine.CoreModule.dll!UnityEngine::Object.op_Implicit()";0.0028;0.0003;0.0586;25891;24418;25215;8;23;7.05159984758939;0.003597755;0.0009;0.0046;11929;7;1;89;1960;24216;0.0001;0.0389;24216;25395;0.0005
"mscorlib.dll!::InternalEnumerator`1.MoveNext()";0.0028;0.0028;0.0028;25904;25904;25904;37;42;0.00279999990016222;0.0028;0.0028;0.0028;52;52;52;52;1;25904;0;0.0001;25904;25904;0
"Newtonsoft.Json.dll!Newtonsoft.Json.Serialization::DefaultContractResolver.IsIConvertible()";0.0028;0.0028;0.0028;25904;25904;25904;32;35;0.00279999990016222;0.0028;0.0028;0.0028;2;2;2;2;1;25904;0.0014;0.0014;25904;25904;0
"PostLateUpdate.PresentAfterDraw";0.0028;0.0012;0.1302;25974;26018;25628;2;2;7.47839995508548;0.0037392;0.0024;0.0038;2000;1;1;1;2000;24216;0.0012;0.1302;26018;25628;0.0024
"System.dll!System.Collections.Generic::LinkedList`1.AddLast()";0.0028;0.0028;0.0028;26017;26017;26017;18;18;0.00279999990016222;0.0028;0.0028;0.0028;6;6;6;6;1;26017;0.0003;0.0008;26017;26017;0
"Unity.TextMeshPro.dll!TMPro::TMPro_EventManager.ON_TEXT_CHANGED()";0.0028;0.0005;0.1571;24658;24583;25704;13;15;6.16969977325061;0.003531597;0.0016;0.0039;12635;6;1;32;1747;24216;0.0002;0.1542;24216;25704;0.0017
"mscorlib.dll!System.Collections.Generic::Dictionary`2.set_Item()";0.0028;0.0004;0.3283007;25204;24581;26017;8;33;7.79380045246216;0.004451057;0.0016;0.004;13365;6;1;251;1751;24216;0.0002;0.1351;24216;24486;0.0017
"Assembly-CSharp.dll!::EnemySpawner.MarkLaneFinished()";0.0027;0.0027;0.0027;24216;24216;24216;6;6;0.00270000007003546;0.0027;0.0027;0.0027;1;1;1;1;1;24216;0.0027;0.0027;24216;24216;0
"EarlyUpdate.UpdateInputManager";0.0027;0.0015;0.1203;24521;24303;24311;2;2;10.6399999629939;0.00532;0.0021;0.007;2000;1;1;1;2000;24216;0.0015;0.1203;24303;24311;0.0025
"Profiler.SerializeStats";0.0027;0.0012;0.0361;24884;24242;25628;5;5;6.27679997077212;0.0031384;0.0023;0.0032;2000;1;1;1;2000;24216;0.0012;0.0361;24242;25628;0.003
"UnityEngine.UI.dll!UnityEngine.UI::Image.CheckSecondaryTexturesChanged()";0.0027;0.0022;0.0169;25184;24625;25215;13;13;0.094499999191612;0.00590625;0.0022;0.0077;44;2;2;7;16;24220;0.0008;0.0085;25452;25215;0
"UnityEngine.UIModule.dll!UnityEngine::CanvasRenderer.SetTexture()";0.0027;0.0018;0.0116;25184;25699;25215;13;13;0.0796999980229884;0.00498125;0.002;0.006399999;44;2;2;7;16;24220;0.0006;0.0067;24220;25215;0
"UnityEngine.CoreModule.dll!UnityEngine::Texture2D.ApplyImpl_Injected()";0.0027;0.0027;0.0027;25308;25308;25308;18;18;0.00270000007003546;0.0027;0.0027;0.0027;1;1;1;1;1;25308;0.0027;0.0027;25308;25308;0
"Unity.ResourceManager.dll!UnityEngine.ResourceManagement::ResourceManager.Update()";0.0027;0.0015;0.0396;25342;24222;25119;5;5;8.03259996976703;0.0040163;0.002;0.006;2000;1;1;1;2000;24216;0.0015;0.0396;24222;25119;0.0023
"EarlyUpdate.PlayerCleanupCachedData";0.0027;0.0013;0.1322;25708;24291;26130;2;2;8.95379996486008;0.0044769;0.0023;0.0055;2000;1;1;1;2000;24216;0.0013;0.1322;24291;26130;0.0027
"mscorlib.dll!System.IO::StreamWriter.get_UTF8NoBOM()";0.0027;0.0027;0.0027;25904;25904;25904;21;22;0.00270000007003546;0.0027;0.0027;0.0027;4;4;4;4;1;25904;0.0004;0.001;25904;25904;0
"mscorlib.dll!System::Number.TryFormatInt32()";0.0027;0.0027;0.0027;25904;25904;25904;22;22;0.00270000007003546;0.0027;0.0027;0.0027;6;6;6;6;1;25904;0.0004;0.0007;25904;25904;0
"System.dll!System.ComponentModel::TypeDescriptionProvider.GetTypeDescriptor()";0.0027;0.0027;0.0027;25904;25904;25904;36;43;0.00270000007003546;0.0027;0.0027;0.0027;4;4;4;4;1;25904;0.0005;0.0008;25904;25904;0
"Unity.TextMeshPro.dll!TMPro::TMP_FontAsset.get_atlasTexture()";0.0027;0.0027;0.0027;26017;26017;26017;11;11;0.00270000007003546;0.0027;0.0027;0.0027;5;5;5;5;1;26017;0.0005;0.0006;26017;26017;0
"UnityEngine.CoreModule.dll!UnityEngine::Mathf.Min()";0.0027;0;0.07090008;24664;25963;25663;6;24;6.75749875025213;0.003749999;0.0014;0.004000001;77233;35;2;236;1802;24216;0;0.0384;24216;24994;0.0017
"UnityEngine.UIModule.dll!UnityEngine::Canvas.get_renderMode()";0.0027;0.0012;0.1447;25278;26080;24993;8;17;7.21919986978173;0.0036096;0.0021;0.004;9584;5;3;14;2000;24216;0.0002;0.1373;24221;24993;0.0016
"mscorlib.dll!System::Type.get_IsInterface()";0.0027;0.0019;0.2715997;25308;26017;25904;23;53;0.276199679938145;0.09206656;0.0019;0.0027;379;3;2;374;3;25308;0.0005;0.0043;25904;25904;0
"UnityEngine.Physics2DModule.dll!UnityEngine::Collider2D.get_attachedRigidbody_Injected()";0.0027;0.0007;0.1008;25337;24222;25329;8;20;3.9444998652325;0.003589172;0.0019;0.0041;8651;8;2;15;1099;24216;0;0.0972;24239;25329;0
"Newtonsoft.Json.dll!Newtonsoft.Json.Serialization::JsonContract.get_IsReference()";0.0027;0.0027;0.0027;25904;25904;25904;26;34;0.00269999983720481;0.0027;0.0027;0.0027;48;48;48;48;1;25904;0;0.0001;25904;25904;0
"UnityEngine.CoreModule.dll!UnityEngine::Color.get_white()";0.0027;0.0002;0.07460001;24399;25671;24236;8;24;5.81959943077527;0.003331196;0.0014;0.0038;25303;12;2;64;1747;24216;0.0001;0.0081;24216;24965;0.0016
"mscorlib.dll!System.IO::PathInternal.EndsWithPeriodOrSpace()";0.0027;0.0027;0.0027;25904;25904;25904;25;33;0.00269999960437417;0.0027;0.0027;0.0027;12;12;12;12;1;25904;0.0001;0.0004;25904;25904;0
"UnityEngine.IMGUIModule.dll!UnityEngine::Event.Internal_MakeMasterEventCurrent()";0.0026;0.0015;0.215;24528;24780;26030;4;5;7.01839997444768;0.0035092;0.0022;0.0034;2111;1;1;3;2000;24216;0.0005;0.215;26127;26030;0.0023
"PlayerCleanupCachedData";0.0026;0.0012;0.1317;24545;24291;26130;4;4;8.37279995647259;0.0041864;0.0021;0.0051;2000;1;1;1;2000;24216;0.0012;0.1317;24291;26130;0.0025
"PrepareSceneNodes";0.0026;0.0019;0.3142;24949;24253;25902;6;6;9.23259995435365;0.0046163;0.0023;0.0043;2000;1;1;1;2000;24216;0.0019;0.3142;24253;25902;0.0072
"Cleanup Unused Cached Data";0.0026;0.0013;0.132;25089;24291;26130;3;3;8.55179995403159;0.0042759;0.0021;0.0053;2000;1;1;1;2000;24216;0.0013;0.132;24291;26130;0.0025
"UnityEngine.CoreModule.dll!UnityEngine::Camera.GetAllCamerasImpl()";0.0026;0.0011;0.0875;25302;24221;24264;6;6;7.87219995306805;0.0039361;0.0019;0.0056;2000;1;1;1;2000;24216;0.0011;0.0875;24221;24264;0.0024
"PreUpdate.AIUpdate";0.0026;0.0014;0.0235;25321;24253;24453;2;2;8.22689996066038;0.00411345;0.0019;0.0061;2000;1;1;1;2000;24216;0.0014;0.0235;24253;24453;0.0028
"UnityEngine.UIModule.dll!UnityEngine::CanvasRenderer.SetMesh()";0.0026;0.0014;0.0348;25394;24756;25663;13;15;3.9622999925632;0.00337792;0.0021;0.0036;1622;1;1;12;1173;24216;0.0006;0.0263;24242;25177;0
"mscorlib.dll!System.Collections.Generic::List`1.set_Capacity()";0.0026;0.0012;0.0441;25717;24929;25904;13;45;0.422699999646284;0.004357732;0.002;0.0045;273;2;2;51;97;24220;0.0003;0.0216;24251;26017;0
"Assembly-CSharp.dll!::GameObjectPoolManager.get_Root()";0.0026;0.0015;0.0474;25856;24404;24220;8;14;0.811199996620417;0.004432787;0.0021;0.0052;212;1;1;5;183;24220;0.0014;0.0218;24221;24358;0
"mscorlib.dll!System::RuntimeType.ThrowIfTypeNeverValidGenericArgument()";0.0026;0.0026;0.0026;25904;25904;25904;38;39;0.00260000000707805;0.0026;0.0026;0.0026;2;2;2;2;1;25904;0.0011;0.0015;25904;25904;0
"System.Core.dll!System.Linq::Enumerable.GroupBy()";0.0026;0.0026;0.0026;25904;25904;25904;36;39;0.00260000000707805;0.0026;0.0026;0.0026;4;4;4;4;1;25904;0.0004;0.0009;25904;25904;0
"Unity.TextMeshPro.dll!TMPro::TMP_Character..ctor()";0.0026;0.0015;0.01;25904;26017;24539;10;21;0.0182999999960884;0.004575;0.0015;0.0042;11;2;1;5;4;24539;0.0002;0.01;26017;24539;0
"Unity.TextMeshPro.dll!TMPro::TMP_Text.ResizeLineExtents()";0.0026;0.0026;0.0026;25904;25904;25904;20;20;0.00260000000707805;0.0026;0.0026;0.0026;1;1;1;1;1;25904;0.0026;0.0026;25904;25904;0
"UnityEngine.CoreModule.dll!UnityEngine::AsyncOperation.get_isDone()";0.0026;0.0026;0.0026;26017;26017;26017;26;26;0.00260000000707805;0.0026;0.0026;0.0026;3;3;3;3;1;26017;0.0003;0.0017;26017;26017;0
"UnityEngine.UI.dll!UnityEngine.UI::Image.PreserveSpriteAspectRatio()";0.0026;0.0026;0.0026;26017;26017;26017;16;16;0.00260000000707805;0.0026;0.0026;0.0026;1;1;1;1;1;26017;0.0026;0.0026;26017;26017;0
"UnityEngine.UI.dll!UnityEngine.UI::LayoutGroup.GetTotalPreferredSize()";0.0026;0.0026;0.0026;26017;26017;26017;15;15;0.00260000000707805;0.0026;0.0026;0.0026;3;3;3;3;1;26017;0.0005;0.0011;26017;26017;0
"UnityEngine.CoreModule.dll!UnityEngine::Camera.WorldToViewportPoint_Injected()";0.0026;0.0007;0.0225;24518;24733;24486;8;8;3.25279996811878;0.003769177;0.0017;0.0046;1748;1;1;6;863;24216;0.0002;0.0206;24221;25768;0
"mscorlib.dll!System::Object.MemberwiseClone()";0.0026;0.0026;0.0026;25904;25904;25904;47;50;0.00259999977424741;0.0026;0.0026;0.0026;2;2;2;2;1;25904;0.0012;0.0014;25904;25904;0
"Newtonsoft.Json.dll!Newtonsoft.Json.Serialization::JsonContainerContract.get_ItemIsReference()";0.0026;0.0026;0.0026;25904;25904;25904;30;34;0.00259999977424741;0.0026;0.0026;0.0026;40;40;40;40;1;25904;0;0.0001;25904;25904;0
"Unity.ResourceManager.dll!UnityEngine.ResourceManagement.AsyncOperations::AsyncOperationHandle`1.get_InternalOp()";0.002599999;0.002599999;0.002599999;26017;26017;26017;14;17;0.00259999930858612;0.002599999;0.002599999;0.002599999;15;15;15;15;1;26017;0.0001;0.0003;26017;26017;0
"UnityEngine.UI.dll!UnityEngine.UI::SetPropertyUtility.SetStruct()";0.0025;0.0018;0.0044;25786;25904;24923;8;19;0.0113000004785135;0.002825;0.0018;0.0026;15;4;3;4;4;24923;0.0004;0.0024;25904;24923;0
"Newtonsoft.Json.dll!Newtonsoft.Json.Utilities::TypeExtensions.IsSealed()";0.0025;0.0025;0.0025;25904;25904;25904;32;40;0.00250000017695129;0.0025;0.0025;0.0025;5;5;5;5;1;25904;0.0004;0.0006;25904;25904;0
"UnityEngine.CoreModule.dll!UnityEngine::Transform.SetParent()";0.0025;0.001;0.0655;24226;24225;24220;8;20;1.70779998484068;0.003664807;0.0016;0.0043;818;1;1;16;466;24218;0.0006;0.0296;24222;25215;0
"UnityEngine.UI.dll!UnityEngine.UI::Graphic.SetMaterialDirty()";0.0025;0.001;0.3959;24923;24381;24220;9;26;1.24489998223726;0.03458055;0.0012;0.0292;156;3;2;31;36;24220;0.0004;0.055;26017;24220;0
"mscorlib.dll!System.Globalization::NumberFormatInfo.get_CurrentInfo()";0.0025;0.0007;0.0176;24954;24682;24358;9;23;0.739799997245427;0.003644335;0.0019;0.0048;233;1;1;3;203;24220;0.0007;0.012;24682;25515;0
"UnityEngine.CoreModule.dll!UnityEngine::GameObject.GetComponentFastPath()";0.0025;0.0007;0.0603;24968;24263;24220;7;18;1.85849998926278;0.003979657;0.0014;0.0047;1090;2;1;22;467;24218;0.0003;0.0196;24498;24358;0
"UnityEngine.UIModule.dll!UnityEngine::CanvasRenderer.set_materialCount()";0.0025;0.0009;0.0177;25153;24655;25663;12;13;0.0772999994223937;0.00483125;0.0011;0.0054;59;2;2;12;16;24220;0.0003;0.0065;24220;25663;0
"UnityEngine.CoreModule.dll!UnityEngine::Mesh.SetIndicesImpl()";0.0025;0.0014;0.0274;25155;25531;25304;17;19;3.74899998900946;0.003251518;0.0019;0.0033;1500;1;1;12;1153;24216;0.0006;0.0248;25353;25389;0
"UnityEngine.CoreModule.dll!UnityEngine::LineRenderer.set_positionCount()";0.0025;0.0007;0.0224;25157;24775;25304;7;24;4.11259996361332;0.003132216;0.0016;0.0038;4010;3;1;8;1313;24216;0.0002;0.0093;24602;24315;0
"UnityEngine.InputLegacyModule.dll!::HitInfo.op_Implicit()";0.0025;0.0012;0.0481;25373;24801;25174;6;6;7.80979987478349;0.0039049;0.0022;0.004;12146;6;6;7;2000;24216;0.0002;0.0331;24219;25354;0.0024
"mscorlib.dll!System::Math.Round()";0.0025;0.0018;0.0079;25452;25904;24539;23;24;0.012199999531731;0.004066667;0.0018;0.0025;12;4;2;6;3;24539;0.0002;0.0048;25452;24539;0
"UnityEngine.CoreModule.dll!UnityEngine::MonoBehaviour.InvokeDelayed_Injected()";0.0025;0.0012;0.0213;25482;25182;25400;9;21;0.264099999214523;0.003941791;0.0018;0.0037;131;1;1;3;67;24220;0.0005;0.0142;24247;25080;0
"mscorlib.dll!System.Collections::Stack.Clear()";0.0025;0.0016;0.09290001;25554;24933;25980;6;7;6.30489998054691;0.003500777;0.0021;0.0033;5721;3;3;9;1801;24216;0.0003;0.0903;24216;25980;0.002
"UnityEngine.CoreModule.dll!UnityEngine::LineRenderer.set_startWidth()";0.0025;0.0005;0.1217;25794;24458;24999;6;23;2.48769998381613;0.003899216;0.002;0.0043;2127;3;1;7;638;24216;0.0003;0.1204;24391;24999;0
"mscorlib.dll!System.Text::UTF8Encoding.GetMaxByteCount()";0.0025;0.0025;0.0025;25904;25904;25904;23;24;0.00249999994412065;0.0025;0.0025;0.0025;4;4;4;4;1;25904;0.0005;0.0007;25904;25904;0
"Newtonsoft.Json.dll!Newtonsoft.Json.Utilities::StringUtils.IndexOf()";0.0025;0.0025;0.0025;25904;25904;25904;34;34;0.00249999994412065;0.0025;0.0025;0.0025;1;1;1;1;1;25904;0.0025;0.0025;25904;25904;0
"UnityEngine.UI.dll!UnityEngine.UI::Selectable.set_interactable()";0.0025;0.0025;0.0025;25904;25904;25904;17;18;0.00249999994412065;0.0025;0.0025;0.0025;3;3;3;3;1;25904;0.0006;0.0013;25904;25904;0
"Unity.ResourceManager.dll!UnityEngine.ResourceManagement.Util::IdCacheKey.GetHashCode()";0.0025;0.0025;0.0025;26017;26017;26017;26;28;0.00249999994412065;0.0025;0.0025;0.0025;6;6;6;6;1;26017;0.0003;0.0005;26017;26017;0
"Unity.TextMeshPro.dll!TMPro::TMP_Text.LoadDefaultSettings()";0.0025;0.0025;0.0025;26017;26017;26017;10;10;0.00249999994412065;0.0025;0.0025;0.0025;5;5;5;5;1;26017;0.0003;0.0008;26017;26017;0
"UnityEngine.CoreModule.dll!UnityEngine.Events::UnityEvent.GetDelegate()";0.0025;0.0025;0.0025;26017;26017;26017;12;12;0.00249999994412065;0.0025;0.0025;0.0025;3;3;3;3;1;26017;0.0006;0.0012;26017;26017;0
"UnityEngine.CoreModule.dll!UnityEngine::Material.GetTextureImpl_Injected()";0.0025;0.0025;0.0025;26017;26017;26017;13;14;0.00249999994412065;0.0025;0.0025;0.0025;15;15;15;15;1;26017;0;0.0012;26017;26017;0
"UnityEngine.UI.dll!UnityEngine.UI::LayoutGroup.OnChildRectTransformDimensionsChange()";0.0025;0.0025;0.0025;26017;26017;26017;18;18;0.00249999994412065;0.0025;0.0025;0.0025;6;6;6;6;1;26017;0.0003;0.0008;26017;26017;0
"Assembly-CSharp.dll!::TowerWeapon.get_ProjectilePrefab()";0.0025;0.0011;0.0204;24839;24273;25400;7;17;0.147299993899651;0.0036825;0.0022;0.0033;144;4;2;4;40;24220;0.0005;0.0074;24247;25400;0
"mscorlib.dll!System::Char.Equals()";0.0025;0.0025;0.0025;25904;25904;25904;23;31;0.00249999971129;0.0025;0.0025;0.0025;40;40;40;40;1;25904;0;0.0001;25904;25904;0
"UnityEngine.CoreModule.dll!UnityEngine::Sprite.get_texture_Injected()";0.0025;0.0011;0.0186;25904;25699;24539;9;25;0.0673999972641468;0.0042125;0.0012;0.0045;111;4;4;14;16;24220;0;0.0112;25452;24539;0
"mscorlib.dll!System.Threading.Tasks::Task.IsCompletedMethod()";0.0024;0.0024;0.0024;25904;25904;25904;23;24;0.00240000034682453;0.0024;0.0024;0.0024;8;8;8;8;1;25904;0;0.0019;25904;25904;0
"UnityEngine.CoreModule.dll!UnityEngine::MeshFilter.set_sharedMesh()";0.0024;0.0013;0.0198;24270;24271;24220;13;22;1.15829999407288;0.003426923;0.0018;0.0043;425;1;1;6;338;24220;0.0005;0.0117;24262;25769;0
"mscorlib.dll!System.Collections.Generic::List`1.RemoveAt()";0.0024;0.0003;0.02849998;24777;24635;26017;11;36;0.774099969217787;0.003518636;0.0019;0.0042;662;2;1;99;220;24220;0;0.0193;25904;25914;0
"ParticleSystem.Update2";0.0024;0.0011;0.0204;24792;24682;24267;4;4;2.92729998112191;0.002959858;0.002;0.0032;1595;1;1;6;989;24216;0.0002;0.0204;24280;24267;0.0047
"Assembly-CSharp.dll!::TowerWeapon.IsBossEnemy()";0.0024;0.0019;0.0278;25552;24294;24220;8;13;0.0459000011906028;0.006557143;0.002;0.0045;18;2;2;4;7;24220;0.0009;0.0106;24294;24220;0
"UnityEngine.InputLegacyModule.dll!UnityEngine::Input.get_mousePosition()";0.0024;0.0007;0.1125;24232;26127;24446;5;10;6.42629992612638;0.00321315;0.0018;0.0037;9205;5;3;6;2000;24216;0.0001;0.1062;24225;24446;0.0017
"UnityEngine.CoreModule.dll!UnityEngine::MonoBehaviour.StopAllCoroutines()";0.0024;0.0006;0.0257;24292;24256;24220;5;18;0.303299995604903;0.003332967;0.0009;0.0032;130;1;1;8;91;24218;0.0003;0.0124;24715;24247;0
"PreUpdate.WindUpdate";0.0024;0.0012;0.1675;24406;24291;25993;2;2;7.29579996620305;0.0036479;0.0017;0.005;2000;1;1;1;2000;24216;0.0012;0.1675;24291;25993;0.0016
"ScheduleGeometryJobs";0.0024;0.0008;0.0722;24472;24652;24539;5;5;2.80599999189144;0.00309713;0.002;0.0028;906;1;1;1;906;24216;0.0008;0.0722;24652;24539;0.0031
"UnityEngine.CoreModule.dll!UnityEngine.Bindings::StringMarshaller.TryMarshalEmptyOrNullString()";0.0024;0.0004;0.0207;24558;26204;25579;8;26;5.80909967396292;0.00290455;0.0017;0.0034;41136;20;14;47;2000;24216;0;0.0121;24216;24421;0.0013
"Graphics.PresentAndSync";0.0024;0.0009;0.1281;24623;26018;25628;3;3;6.30209997831844;0.00315105;0.002;0.0032;2000;1;1;1;2000;24216;0.0009;0.1281;26018;25628;0.002
"UnityEngine.CoreModule.dll!UnityEngine.Pool::CollectionPool`2.Get()";0.0024;0.0004;0.09260013;25058;26019;26017;7;28;5.46970003258321;0.00334948;0.0015;0.0039;9966;4;1;413;1633;24216;0.0001;0.0302;24220;24558;0
"UnityEngine.ParticleSystemModule.dll!UnityEngine::ParticleSystem.Play_Injected()";0.0024;0.001;0.0415;25190;25543;25081;8;14;0.57519999332726;0.007374359;0.0014;0.0101;81;1;1;2;78;24227;0.001;0.0415;25543;25081;0
"UnityEngine.CoreModule.dll!UnityEngine::ResourcesAPIInternal.FindShaderByName_Injected()";0.0024;0.0016;0.009500001;25307;25543;24860;15;16;0.174599998979829;0.003357692;0.0021;0.0039;54;1;1;2;52;24287;0.0014;0.0088;24860;24324;0
"UnityEngine.CoreModule.dll!UnityEngine::SpriteRenderer.set_sprite()";0.0024;0.001;0.0277;25331;25284;24220;7;19;0.460199996829033;0.003567442;0.0018;0.0038;246;2;1;7;129;24220;0.0005;0.0139;24247;25308;0
"UnityEngine.UI.dll!UnityEngine.EventSystems::StandaloneInputModule.ProcessTouchEvents()";0.0024;0.002;0.3161;25515;24337;25993;6;6;8.5596999777481;0.004281991;0.0023;0.0044;1999;1;1;1;1999;24216;0.002;0.3161;24337;25993;0.0022
"UnityEngine.CoreModule.dll!UnityEngine::LineRenderer.SetColorGradient()";0.0024;0.0014;0.0516;25585;24248;25696;9;25;1.79949998646043;0.003376173;0.0017;0.0036;1989;3;3;6;533;24216;0.0003;0.0494;24248;25696;0
"UnityEngine.CoreModule.dll!UnityEngine::ResourcesAPIInternal.Load_Injected()";0.0024;0.0019;0.0036;25669;24625;25153;17;17;0.00789999985136092;0.002633333;0.0019;0.0024;3;1;1;1;3;24625;0.0019;0.0036;24625;25153;0
"System.Core.dll!System.Linq::Enumerable.OrderBy()";0.0024;0.0024;0.0024;25904;25904;25904;34;37;0.00239999988116324;0.0024;0.0024;0.0024;2;2;2;2;1;25904;0.0012;0.0012;25904;25904;0
"UnityEngine.CoreModule.dll!::<>c.<.cctor>b__5_1()";0.0024;0.0005;0.1194;26002;24764;24894;9;30;7.13709996448597;0.004370545;0.0012;0.0051;9966;4;1;413;1633;24216;0.0001;0.1155;24221;24894;0
"Unity.ResourceManager.dll!UnityEngine.ResourceManagement.AsyncOperations::AsyncOperationBase`1.get_Handle()";0.0024;0.0024;0.0024;26017;26017;26017;15;15;0.00239999988116324;0.0024;0.0024;0.0024;6;6;6;6;1;26017;0.0003;0.0008;26017;26017;0
"Unity.ResourceManager.dll!UnityEngine.ResourceManagement.AsyncOperations::AsyncOperationHandle.IsValid()";0.0024;0.0024;0.0024;26017;26017;26017;16;20;0.00239999988116324;0.0024;0.0024;0.0024;4;4;4;4;1;26017;0.0003;0.0008;26017;26017;0
"UnityEngine.CoreModule.dll!UnityEngine::RectTransform.get_anchoredPosition_Injected()";0.0024;0.0024;0.0024;26017;26017;26017;17;17;0.00239999988116324;0.0024;0.0024;0.0024;4;4;4;4;1;26017;0.0002;0.0014;26017;26017;0
"UnityEngine.UI.dll!UnityEngine.UI::LayoutRebuilder.LayoutComplete()";0.0024;0.0024;0.0024;26017;26017;26017;9;9;0.00239999988116324;0.0024;0.0024;0.0024;1;1;1;1;1;26017;0.0024;0.0024;26017;26017;0
"UnityEngine.UIElementsModule.dll!UnityEngine.UIElements::UIElementsRuntimeUtility.RegisterEventSystem()";0.0024;0.0024;0.0024;26017;26017;26017;11;11;0.00239999988116324;0.0024;0.0024;0.0024;1;1;1;1;1;26017;0.0024;0.0024;26017;26017;0
"UnityEngine.CoreModule.dll!UnityEngine::Time.get_deltaTime()";0.0024;0.0006;0.06550001;24307;24636;25303;5;24;5.7480996401282;0.003191615;0.0018;0.0032;38158;20;9;57;1801;24216;0;0.0531;24216;25303;0.0013
"Unity.TextMeshPro.dll!TMPro::TMP_TextParsingUtilities.IsHangul()";0.0024;0.0002;0.0201;25514;24472;24539;16;24;0.130799990802188;0.002725;0.0004;0.0029;1526;41;4;59;48;24220;0;0.0018;24247;24848;0
"mscorlib.dll!System.Globalization::CompareInfo.get_UseManagedCollation()";0.0024;0.0024;0.0024;25904;25904;25904;27;35;0.0023999996483326;0.0024;0.0024;0.0024;24;24;24;24;1;25904;0;0.0004;25904;25904;0
"UnityEngine.UI.dll!::<>c.<GetFlexibleHeight>b__8_0()";0.0024;0.0024;0.0024;26017;26017;26017;20;20;0.0023999996483326;0.0024;0.0024;0.0024;6;6;6;6;1;26017;0.0002;0.0007;26017;26017;0
"LineRenderer.ScheduleGeometryJobs";0.0023;0.001;0.0599;24321;25448;25383;4;4;4.75159997679293;0.002777089;0.0018;0.0029;1711;1;1;1;1711;24216;0.001;0.0599;25448;25383;0.0044
"System.Core.dll!System.Collections.Generic::HashSet`1.Initialize()";0.0023;0.002;0.0094;25302;25288;24387;10;19;0.0189000000245869;0.00378;0.0023;0.0029;5;1;1;1;5;24296;0.002;0.0094;25288;24387;0
"Newtonsoft.Json.dll!Newtonsoft.Json::JsonSerializer.get_Formatting()";0.0023;0.0023;0.0023;25904;25904;25904;21;23;0.00230000005103648;0.0023;0.0023;0.0023;4;4;4;4;1;25904;0.0003;0.0013;25904;25904;0
"System.dll!System.Collections.Generic::LinkedList`1.ValidateNode()";0.0023;0.0023;0.0023;26017;26017;26017;17;17;0.00230000005103648;0.0023;0.0023;0.0023;6;6;6;6;1;26017;0;0.0022;26017;26017;0
"UnityEngine.CoreModule.dll!UnityEngine::ReflectionProbe.CallSetDefaultReflection()";0.0023;0.0023;0.0023;26017;26017;26017;8;8;0.00230000005103648;0.0023;0.0023;0.0023;1;1;1;1;1;26017;0.0023;0.0023;26017;26017;0
"EarlyUpdate.RendererNotifyInvisible";0.0023;0.0006;0.0371;26173;26018;25747;2;2;7.58969997474924;0.00379485;0.0019;0.0051;2000;1;1;1;2000;24216;0.0006;0.0371;26018;25747;0.0024
"UnityEngine.UI.dll!UnityEngine.EventSystems::BaseInputModule.FindFirstRaycast()";0.0023;0.0009;0.0246;26208;24288;26159;9;9;6.96789997513406;0.003485693;0.0019;0.0047;1999;1;1;1;1999;24216;0.0009;0.0246;24288;26159;0.0018
"FontEngine.LoadFontFace";0.0023;0.0022;0.0066;25452;25904;24539;25;25;0.0110999997705221;0.0037;0.0022;0.0023;6;2;1;3;3;24539;0.0002;0.0066;25452;24539;0
"TMP Save Page Info";0.0023;0.0001;0.0662;25878;25924;25663;13;15;5.57489945732959;0.003191127;0.0012;0.003399999;24605;11;1;83;1747;24216;0.0001;0.0111;24216;25445;0.0015
"mscorlib.dll!System.Collections.Generic::GenericEqualityComparer`1.IndexOf()";0.0023;0.0023;0.0023;25904;25904;25904;22;38;0.00229999981820583;0.0023;0.0023;0.0023;3;3;3;3;1;25904;0.0007;0.0009;25904;25904;0
"mscorlib.dll!System.Collections::Hashtable.Add()";0.0023;0.0023;0.0023;25904;25904;25904;44;47;0.00229999981820583;0.0023;0.0023;0.0023;2;2;2;2;1;25904;0.0011;0.0012;25904;25904;0
"Newtonsoft.Json.dll!Newtonsoft.Json.Utilities::StringUtils.IsNullOrEmpty()";0.0023;0.0023;0.0023;25904;25904;25904;33;34;0.00229999981820583;0.0023;0.0023;0.0023;9;9;9;9;1;25904;0.0001;0.0009;25904;25904;0
"UnityEngine.TextCoreFontEngineModule.dll!UnityEngine.TextCore.LowLevel::FontEngine.PopulatePairAdjustmentRecordMarshallingArray()";0.0023;0.0013;0.0085;25904;25452;24539;19;19;0.0120999993523583;0.004033333;0.0013;0.0023;4;1;1;2;3;24539;0.0009;0.0085;25904;24539;0
"Unity.TextMeshPro.dll!TMPro::TMP_Text.get_textInfo()";0.0023;0;0.018;24658;24251;24539;16;24;0.11879999829398;0.002475;0.0003;0.0027;1589;44;3;62;48;24220;0;0.0034;24247;24848;0
"Assembly-CSharp.dll!::<SearchTarget>d__13.System.Collections.IEnumerator.get_Current()";0.0023;0;0.0304;25382;24218;25370;4;9;2.54059980320017;0.002725965;0.0001;0.0033;29038;51;1;63;932;24217;0;0.0122;24217;25370;0
"mscorlib.dll!System.Collections.Generic::List`1.System.Collections.Generic.ICollection<T>.get_IsReadOnly()";0.0023;0.0023;0.0023;25904;25904;25904;35;39;0.00229999958537519;0.0023;0.0023;0.0023;40;40;40;40;1;25904;0;0.0001;25904;25904;0
"Gfx.WaitForPresentOnGfxThread";0.0022;0.0015;0.0289;24338;24256;24397;3;3;5.49059998511802;0.0027453;0.0019;0.0026;2000;1;1;1;2000;24216;0.0015;0.0289;24256;24397;0.0054
"UnityEngine.CoreModule.dll!UnityEngine::TrailRenderer.set_colorGradient()";0.0022;0.0008;0.0173;24350;25714;25400;9;21;0.143899998685811;0.002767308;0.0013;0.0025;116;3;1;3;52;24245;0.0005;0.0066;24350;25400;0
"FrameEvents.OnBeforeRenderCallback";0.0022;0.0013;0.5133;24602;25657;25061;3;3;6.543699981994;0.00327185;0.0018;0.0031;2000;1;1;1;2000;24216;0.0013;0.5133;25657;25061;0.0016
"UnityEngine.CoreModule.dll!UnityEngine::Transform.get_rotation()";0.0022;0.0007;0.027;24846;25976;25518;11;12;1.6163999713026;0.002840773;0.0015;0.0031;2524;6;2;6;569;24565;0.0002;0.0221;24621;25518;0
"UnityEngine.UI.dll!UnityEngine.UI::VertexHelper.Clear()";0.0022;0.0013;0.0225;24968;24222;24322;15;15;3.3472999855876;0.002903122;0.0017;0.0031;1491;1;1;7;1153;24216;0.0009;0.0225;24242;24322;0
"UnityEngine.CoreModule.dll!UnityEngine::Camera.GetAllCamerasImpl_Injected()";0.0022;0.0008;0.0863;24995;24221;24264;7;7;6.72139996499754;0.0033607;0.0016;0.0047;2000;1;1;1;2000;24216;0.0008;0.0863;24221;24264;0.002
"UnityEngine.UI.dll!UnityEngine.UI::GraphicRaycaster.get_eventCamera()";0.0022;0.0014;0.1222;25066;24716;25993;11;11;6.64599997212645;0.003324662;0.0017;0.0041;1999;1;1;1;1999;24216;0.0014;0.1222;24716;25993;0.0016
"Assembly-CSharp.dll!::EnemyHp.AggregateDamagePopupRoutine()";0.0022;0.001;0.0066;25168;24221;24540;9;14;0.0772999995388091;0.002576667;0.0014;0.0031;32;1;1;2;30;24221;0.001;0.0066;24221;24540;0
"Unity.TextMeshPro.dll!TMPro::TextMeshPro.SetActiveSubTextObjectRenderers()";0.0022;0.0002;0.06119999;25190;24580;24236;10;10;4.93429973503225;0.002826059;0.0012;0.0032;12504;6;1;32;1746;24216;0.0002;0.0148;24216;24330;0.0015
"UnityEngine.InputLegacyModule.dll!UnityEngine.Internal::InputUnsafeUtility.GetAxisRaw_Injected()";0.0022;0.0009999999;0.0281;25264;24399;25869;9;11;6.1039999332279;0.003052;0.0014;0.0039;7998;4;2;4;2000;24216;0.0001;0.0246;24216;25869;0.0013
"mscorlib.dll!System.Collections.Generic::ArraySortHelper`1.BinarySearch()";0.0022;0.0022;0.0022;25308;25308;25308;26;26;0.00219999998807907;0.0022;0.0022;0.0022;1;1;1;1;1;25308;0.0022;0.0022;25308;25308;0
"UnityEngine.UI.dll!UnityEngine.UI::GraphicRegistry.DisableRaycastGraphicForCanvas()";0.0022;0.0013;0.1124;25336;24929;26017;15;25;0.207899986533448;0.00903913;0.0015;0.0056;66;2;2;17;23;24220;0.0006;0.0086;24251;26017;0
"UnityEngine.CoreModule.dll!UnityEngine::Texture2D.get_isReadable()";0.0022;0.0005;0.0063;25452;25308;24539;10;21;0.0131000002729706;0.00262;0.0017;0.0024;11;2;1;4;5;24539;0.0003;0.004;25452;24539;0
"UnityEngine.CoreModule.dll!UnityEngine::Vector3.Lerp()";0.0022;0.0001;0.0379;25503;25980;24236;6;24;5.49719969910075;0.003052304;0.0013;0.003499999;20461;10;1;50;1801;24216;0.0001;0.0115;24216;25875;0.0013
"EarlyUpdate.ScriptRunDelayedStartupFrame";0.0022;0.0002;0.062;25518;26018;25704;2;2;7.40299996857357;0.0037015;0.0014;0.0042;2000;1;1;1;2000;24216;0.0002;0.062;26018;25704;0.0018
"UnityEngine.CoreModule.dll!UnityEngine::NoAllocHelpers.ExtractArrayFromList()";0.0022;0.0013;0.1358;25856;24608;25075;18;19;3.90009979880415;0.003382567;0.0018;0.0034;13419;9;9;63;1153;24216;0.0001;0.1337;24216;25075;0
"Device.Present";0.0022;0.0008;0.1272;25881;26018;25628;4;4;5.95929997455096;0.00297965;0.0019;0.003;2000;1;1;1;2000;24216;0.0008;0.1272;26018;25628;0.0019
"FontEngine.GetMarkToBaseFeatures";0.0022;0.0013;0.0044;25904;25452;24539;21;21;0.00789999996777624;0.002633333;0.0013;0.0022;4;1;1;2;3;24539;0.001;0.0044;25904;24539;0
"mscorlib.dll!System::Span`1.TryCopyTo()";0.0022;0.0022;0.0022;25904;25904;25904;24;24;0.00219999998807907;0.0022;0.0022;0.0022;1;1;1;1;1;25904;0.0022;0.0022;25904;25904;0
"Newtonsoft.Json.dll!Newtonsoft.Json.Utilities::TypeExtensions.IsAbstract()";0.0022;0.0022;0.0022;25904;25904;25904;37;40;0.00219999998807907;0.0022;0.0022;0.0022;4;4;4;4;1;25904;0.0004;0.0008;25904;25904;0
"System.dll!::TypeDescriptionNode.GetTypeDescriptor()";0.0022;0.0022;0.0022;25904;25904;25904;37;44;0.00219999998807907;0.0022;0.0022;0.0022;4;4;4;4;1;25904;0.0004;0.0007;25904;25904;0
"UnityEngine.UI.dll!UnityEngine.UI::LayoutRebuilder.Equals()";0.0022;0.0022;0.0022;26017;26017;26017;13;28;0.00219999998807907;0.0022;0.0022;0.0022;5;5;5;5;1;26017;0.0003;0.0006;26017;26017;0
"mscorlib.dll!System.Runtime.CompilerServices::IsReadOnlyAttribute..ctor()";0.0022;0.0022;0.0022;25904;25904;25904;41;50;0.00219999975524843;0.0022;0.0022;0.0022;13;13;13;13;1;25904;0.0001;0.0002;25904;25904;0
"Newtonsoft.Json.dll!Newtonsoft.Json.Serialization::JsonProperty.set_UnderlyingName()";0.0022;0.0022;0.0022;25904;25904;25904;36;39;0.00219999975524843;0.0022;0.0022;0.0022;20;20;20;20;1;25904;0;0.0003;25904;25904;0
"Newtonsoft.Json.dll!Newtonsoft.Json.Utilities::JavaScriptUtils.FirstCharToEscape()";0.0022;0.0022;0.0022;25904;25904;25904;33;34;0.00219999975524843;0.0022;0.0022;0.0022;9;9;9;9;1;25904;0;0.0008;25904;25904;0
"mscorlib.dll!System::Char.IsWhiteSpaceLatin1()";0.0022;0;0.06299997;25502;25941;24236;14;34;5.53509889740235;0.003168345;0.0011;0.0034;74036;33;3;479;1747;24216;0;0.0269;24216;25204;0.0014
"System.Core.dll!System.Linq::Grouping`2.System.Collections.Generic.IList<TElement>.get_Item()";0.0022;0.0022;0.0022;25904;25904;25904;38;41;0.00219999952241778;0.0022;0.0022;0.0022;40;40;40;40;1;25904;0;0.0001;25904;25904;0
"UnityEngine.CoreModule.dll!UnityEngine::TrailRenderer.set_emitting()";0.0021;0.0006;0.0171;25262;25418;25400;8;21;0.409499991335906;0.002659091;0.0013;0.0031;617;3;1;12;154;24220;0.0002;0.0067;24247;25500;0
"mscorlib.dll!System.IO::FileStream.get_Position()";0.0021;0.0021;0.0021;25904;25904;25904;23;24;0.00210000015795231;0.0021;0.0021;0.0021;4;4;4;4;1;25904;0.0005;0.0006;25904;25904;0
"Assembly-CSharp.dll!::EnemySpawner.TryFinishWave()";0.0021;0.0015;41.0103;24216;24381;25904;7;13;41.0683996825246;2.05342;0.0016;0.0037;21;1;1;2;20;24216;0.0015;41.0103;24381;25904;0
"mscorlib.dll!System::RuntimeType.GetHashCode()";0.0021;0.0013;0.3507001;24247;24271;25904;10;53;0.93160007847473;0.004877487;0.0016;0.0037;727;1;1;477;191;24220;0.0005;0.0233;25904;24220;0
"PreUpdate.Physics2DUpdate";0.0021;0.0007;0.1106;24268;24319;25271;2;2;5.87679997616215;0.0029384;0.001;0.0037;2000;1;1;1;2000;24216;0.0007;0.1106;24319;25271;0.0033
"Assembly-CSharp.dll!::AttackBehaviorBase.SearchTarget()";0.0021;0.0006;0.0166;24576;24225;24486;6;6;0.41349999740487;0.003062963;0.0016;0.0033;146;1;1;3;135;24220;0.0004;0.0166;24324;24486;0
"mscorlib.dll!System.Collections.Generic::List`1.GetEnumerator()";0.0021;0.0006;0.4156;24580;26063;25949;6;42;5.44809988327324;0.00272405;0.0016;0.003;7944;4;2;19;2000;24216;0.0001;0.4145;24219;25949;0.0017
"mscorlib.dll!System::Number.FormatGeneral()";0.0021;0.0014;0.0088;24689;25522;25663;14;37;0.0866999982390553;0.00255;0.0018;0.0023;67;2;1;2;34;24539;0.0003;0.0056;24649;24539;0
"UnityEngine.CoreModule.dll!UnityEngine::Transform.set_rotation()";0.0021;0.0006;0.0503;24807;25861;25218;5;20;4.68179995351238;0.002854756;0.0016;0.0032;4763;3;1;12;1640;24216;0.0002;0.0503;24513;25218;0.0012
"PreUpdate.PhysicsUpdate";0.0021;0.0004;0.1137;24864;26050;24612;2;2;5.99429996794788;0.00299715;0.0012;0.0041;2000;1;1;1;2000;24216;0.0004;0.1137;26050;24612;0.0024
"UnityEngine.UI.dll!UnityEngine.EventSystems::BaseInputModule.HandlePointerExitAndEnter()";0.0021;0.0009;0.5294;24873;24221;24778;9;15;14.5866999705322;0.00729335;0.0011;0.0041;2002;1;1;3;2000;24216;0.0009;0.5294;24221;24778;0.0013
"UnityEngine.CoreModule.dll!UnityEngine::RectTransform.get_rect()";0.0021;0.0009;0.0365;24930;25448;25663;11;26;3.58369989693165;0.003089397;0.0015;0.0034;6396;4;2;49;1160;24216;0.0002;0.0304;24216;25571;0
"Semaphore.WaitForSignal";0.0021;0.0015;0.1025;25098;24223;26017;4;10;5.38139999634586;0.0026907;0.0019;0.0025;2001;1;1;2;2000;24216;0.0015;0.0989;24223;26017;0.0053
"UnityEngine.CoreModule.dll!UnityEngine::Mesh.SetIndicesImpl_Injected()";0.0021;0.0012;0.0245;25179;24269;25389;18;20;3.17109998106025;0.002750304;0.0016;0.0028;1500;1;1;12;1153;24216;0.0004;0.0245;24308;25389;0
"PostLateUpdate.RenderAs2DUpdate";0.0021;0.0013;0.0274;25363;24226;24452;2;2;5.89599998493213;0.002948;0.0018;0.0031;2000;1;1;1;2000;24216;0.0013;0.0274;24226;24452;0.0054
"UnityEngine.IMGUIModule.dll!UnityEngine::GUIStyle.SetDefaultFont()";0.0021;0.0013;0.0521;25538;24564;24283;9;10;5.29939998383634;0.002942476;0.0018;0.0029;3814;2;2;6;1801;24216;0.0004;0.0496;24216;24283;0.0019
"UnityEngine.CoreModule.dll!UnityEngine::Renderer.set_sharedMaterial()";0.0021;0.0014;0.0984;25852;25745;24894;12;13;0.246599996229634;0.004742308;0.0017;0.004;54;1;1;2;52;24287;0.0014;0.0984;25745;24894;0
"UnityEngine.CoreModule.dll!UnityEngine::RectTransform.set_anchorMin()";0.0021;0.0007;0.1662;25880;24731;25703;11;22;3.52339997916715;0.003050563;0.0015;0.0033;2218;2;1;15;1155;24216;0.0003;0.0892;24381;26017;0
"mscorlib.dll!System::Array.InternalArray__ICollection_CopyTo()";0.0021;0.0021;0.0021;25904;25904;25904;39;42;0.00209999992512167;0.0021;0.0021;0.0021;4;4;4;4;1;25904;0.0004;0.0006;25904;25904;0
"mscorlib.dll!System::Buffer.InternalBlockCopy()";0.0021;0.0021;0.0021;25904;25904;25904;26;27;0.00209999992512167;0.0021;0.0021;0.0021;4;4;4;4;1;25904;0.0003;0.0007;25904;25904;0
"mscorlib.dll!System::Type.get_IsNested()";0.0021;0.0021;0.0021;25904;25904;25904;43;46;0.00209999992512167;0.0021;0.0021;0.0021;4;4;4;4;1;25904;0.0003;0.0009;25904;25904;0
"System.dll!System.Collections.Specialized::OrderedDictionary.get_Count()";0.0021;0.0021;0.0021;25904;25904;25904;42;45;0.00209999992512167;0.0021;0.0021;0.0021;2;2;2;2;1;25904;0.0004;0.0017;25904;25904;0
"UnityEngine.CoreModule.dll!UnityEngine::AsyncOperation..ctor()";0.0021;0.0021;0.013;26016;26016;26017;24;29;0.0151000001933426;0.00755;0.0021;0.0021;4;1;1;3;2;26016;0.0005;0.011;26017;26017;0
"UnityEngine.CoreModule.dll!UnityEngine.Pool::PooledObject`1.System.IDisposable.Dispose()";0.0021;0.0021;0.0021;26215;26215;26215;7;7;0.00209999992512167;0.0021;0.0021;0.0021;1;1;1;1;1;26215;0.0021;0.0021;26215;26215;0
"mscorlib.dll!::AttributeInfo..ctor()";0.0021;0.0021;0.0021;25904;25904;25904;38;48;0.00209999969229102;0.0021;0.0021;0.0021;26;26;26;26;1;25904;0;0.0002;25904;25904;0
"mscorlib.dll!System.Runtime.InteropServices::SafeHandle.DangerousReleaseInternal()";0.0021;0.0021;0.0021;25904;25904;25904;24;28;0.00209999969229102;0.0021;0.0021;0.0021;16;16;16;16;1;25904;0.0001;0.0003;25904;25904;0
"Newtonsoft.Json.dll!Newtonsoft.Json.Serialization::JsonProperty.set_AttributeProvider()";0.0021;0.0021;0.0021;25904;25904;25904;35;38;0.00209999969229102;0.0021;0.0021;0.0021;20;20;20;20;1;25904;0;0.0003;25904;25904;0
"Assembly-CSharp.dll!::TowerChargeGaugeView.ApplyBarSize()";0.002;0.0012;0.0114;24287;25308;24220;8;18;0.0659000005107373;0.002745833;0.0015;0.0024;24;1;1;1;24;24220;0.0012;0.0114;25308;24220;0
"EarlyUpdate.UpdatePreloading";0.002;0.0011;33.3315;24513;24291;26017;2;2;39.7178009811323;0.0198589;0.0016;0.0041;2000;1;1;1;2000;24216;0.0011;33.3315;24291;26017;0.0016
"UnityEngine.CoreModule.dll!UnityEngine::SpriteRenderer.get_sprite()";0.002;0.002;0.0029;24732;24221;25262;7;7;0.00690000015310943;0.0023;0.002;0.002;3;1;1;1;3;24221;0.002;0.0029;24221;25262;0
"UnityEngine.InputLegacyModule.dll!UnityEngine::Input.GetKeyDown()";0.002;0.0009;0.0221;24980;24401;25875;5;5;4.66329993202817;0.002589284;0.0015;0.0029;7843;4;4;5;1801;24216;0.0001;0.0159;24218;25875;0.0014
"UnityEngine.UI.dll!UnityEngine.EventSystems::BaseInput.get_touchCount()";0.002;0.0008;0.0241;25298;25845;25790;6;7;6.17399991536513;0.003087;0.0013;0.0045;5998;3;1;3;2000;24216;0.0001;0.021;24222;24307;0.0012
"mscorlib.dll!System.Threading::SynchronizationContext.get_Current()";0.002;0.0011;0.027;25417;24249;25271;4;4;5.78819997550454;0.0028941;0.0017;0.0031;2000;1;1;1;2000;24216;0.0011;0.027;24249;25271;0.0019
"UnityEngine.IMGUIModule.dll!UnityEngine::GUILayoutGroup.CalcWidth()";0.002;0.0014;0.0232;25433;24973;25290;6;7;4.85429998522159;0.002695336;0.0018;0.0026;1907;1;1;3;1801;24216;0.0008;0.0232;25747;25290;0.0018
"FixedUpdate.ScriptRunDelayedFixedFrameRate";0.002;0.0001;0.2966;25512;26041;25517;2;2;5.84769996053365;0.00349325;0.001;0.0042;1698;1;1;2;1674;24216;0.0001;0.2934;26041;25517;0
"Unity.TextMeshPro.dll!TMPro::TextMeshPro.InternalUpdate()";0.002;0.0002;0.0347;25816;25075;25408;8;8;4.46409980434692;0.002556758;0.0012;0.0031;12507;6;1;32;1746;24216;0.0001;0.0335;24216;25408;0.0009
"SpeedTreeWindManager.Update";0.002;0.001;0.1665;26012;25201;25993;3;3;6.35539996088482;0.0031777;0.0015;0.0043;2000;1;1;1;2000;24216;0.001;0.1665;25201;25993;0.0012
"PostLateUpdate.ParticleSystemEndUpdateAll";0.002;0.0001;0.0294;26026;24548;25499;2;2;5.41099996720732;0.0027055;0.0005;0.0038;2000;1;1;1;2000;24216;0.0001;0.0294;24548;25499;0.007
"Assembly-CSharp.dll!::DamagePopup.PlayRoutine()";0.002;0.0007;0.013;24247;24296;25718;10;15;0.501999995845836;0.002901734;0.0014;0.0035;199;1;1;3;173;24220;0.0005;0.013;24221;25718;0
"UnityEngine.CoreModule.dll!UnityEngine::GameObject.get_activeSelf()";0.002;0.0006;0.0252;24425;24564;24267;5;19;4.07819993124576;0.002476138;0.0013;0.003;4945;3;1;12;1647;24216;0.0002;0.0117;24221;25662;0.0007
"UnityEngine.UIModule.dll!UnityEngine::Canvas.get_worldCamera()";0.002;0.0007;0.0124;24682;24929;24539;15;15;0.125199997040909;0.002362264;0.0013;0.0023;131;3;1;6;53;24220;0.0005;0.0057;24247;24539;0
"UnityEngine.Physics2DModule.dll!UnityEngine::Rigidbody2D.set_linearVelocity()";0.002;0.0007;0.0163;25430;24677;25400;6;20;0.269499995338265;0.002264706;0.001;0.0026;322;2;1;6;119;24220;0.0002;0.0045;24440;25959;0
"mscorlib.dll!System::Object.virt_stelemref_class()";0.002;0.0002;0.0355;25751;25987;26017;10;31;4.91809979901882;0.00252081;0.0013;0.0032;16645;7;1;378;1951;24216;0;0.0257;24216;25714;0.0013
"UnityEngine.CoreModule.dll!UnityEngine::RectTransform.set_anchoredPosition_Injected()";0.002;0.002;0.002;26017;26017;26017;17;17;0.00199999986216426;0.002;0.002;0.002;4;4;4;4;1;26017;0.0002;0.0007;26017;26017;0
"Newtonsoft.Json.dll!Newtonsoft.Json.Serialization::JsonProperty.set_DeclaringType()";0.002;0.002;0.002;25904;25904;25904;35;38;0.00199999962933362;0.002;0.002;0.002;20;20;20;20;1;25904;0;0.0003;25904;25904;0
"mscorlib.dll!System::UInt32.Equals()";0.001999999;0;0.0611;24990;25067;25378;17;33;4.83479915427597;0.002767487;0.0009999999;0.003;67534;30;3;190;1747;24216;0;0.0536;24216;25378;0.0009999999
"UnityEngine.UI.dll!UnityEngine.UI::Graphic.get_rectTransform()";0.001999999;0.0003;0.0318;25782;26059;25701;10;27;5.44389946840238;0.002771843;0.0016;0.0028;62462;32;12;72;1964;24216;0;0.0144;24216;24811;0.0014
"Newtonsoft.Json.dll!Newtonsoft.Json.Utilities::MathUtils.IntLength()";0.001999999;0.001999999;0.001999999;25904;25904;25904;33;39;0.00199999939650297;0.001999999;0.001999999;0.001999999;27;27;27;27;1;25904;0;0.0001;25904;25904;0
"System.Core.dll!::Iterator`1.get_Current()";0.001999999;0.001999999;0.001999999;25904;25904;25904;35;39;0.00199999939650297;0.001999999;0.001999999;0.001999999;40;40;40;40;1;25904;0;0.0001;25904;25904;0
"System.Core.dll!System.Linq::Grouping`2..ctor()";0.001999999;0.001999999;0.001999999;25904;25904;25904;39;42;0.00199999939650297;0.001999999;0.001999999;0.001999999;40;40;40;40;1;25904;0;0.0001;25904;25904;0
"UnityEngine.CoreModule.dll!UnityEngine::Camera.WorldToScreenPoint_Injected()";0.0019;0.0005;0.0538;24343;24537;25032;7;7;4.44409990304848;0.002632761;0.0014;0.003;4848;2;1;9;1688;24216;0.0002;0.0538;24216;25032;0.0007
"UnityEngine.CoreModule.dll!UnityEngine::Renderer.SetMaterial()";0.0019;0.0012;0.0981;24645;25543;24894;13;14;0.225599998491816;0.004338461;0.0015;0.0034;54;1;1;2;52;24287;0.0012;0.0981;25543;24894;0
"UnityEngine.CoreModule.dll!UnityEngine.Events::UnityEvent`1.GetDelegate()";0.0019;0.0013;0.0199;24825;24806;24220;18;29;0.277099997969344;0.002886458;0.0016;0.003;104;1;1;4;96;24220;0.0007;0.0139;25483;25702;0
"Assembly-CSharp.dll!::GridHoverOverlay.SetVisible()";0.0019;0.001;0.0396;25166;24221;25895;5;5;4.75129997741897;0.002638145;0.0016;0.0028;1801;1;1;1;1801;24216;0.001;0.0396;24221;25895;0.0015
"mscorlib.dll!System::Enum.GetTypeCode()";0.0019;0.0019;0.0019;25308;25308;25308;26;26;0.0019000000320375;0.0019;0.0019;0.0019;1;1;1;1;1;25308;0.0019;0.0019;25308;25308;0
"TilemapRenderer.CameraBoundsJob";0.0019;0.0006;0.0323;25335;24218;24830;7;7;4.08089994377224;0.002288783;0.0009999999;0.0026;3483;2;1;3;1783;24216;0.0002;0.0316;24223;24830;0.009099999
"UnityEngine.CoreModule.dll!UnityEngine::Object.Destroy()";0.0019;0.0013;0.0148;25353;25558;26017;12;16;0.170099999872036;0.00315;0.0015;0.004;68;1;1;12;54;24287;0.0008;0.0066;26017;24860;0
"UnityEngine.UI.dll!UnityEngine.UI::CanvasUpdateRegistry.CleanInvalidItems()";0.0019;0.0004;0.049;25413;24762;24539;9;9;4.85959997517057;0.0024298;0.0009;0.0028;2000;1;1;1;2000;24216;0.0004;0.049;24762;24539;0.0004
"UnityEngine.UIModule.dll!UnityEngine::CanvasRenderer.SetColor()";0.0019;0.0006;0.0106;25513;26017;24220;9;35;0.920399995113257;0.00257095;0.0015;0.0034;369;1;1;4;358;24220;0.0004;0.0076;25483;24815;0
"Physics2D.CollectProfileInfo";0.0019;0.0004;0.046;25592;24564;24811;3;3;4.69349997091922;0.00234675;0.0014;0.0027;2000;1;1;1;2000;24216;0.0004;0.046;24564;24811;0.0011
"Assembly-CSharp.dll!::Pathfinder.MoveToPath()";0.0019;0.001;0.0061;25610;25848;24662;5;5;0.019399999990128;0.002771429;0.0015;0.0036;7;1;1;1;7;24426;0.001;0.0061;25848;24662;0
"UnityEngine.UIElementsModule.dll!UnityEngine.UIElements::UIElementsRuntimeUtility.RemoveUnusedPanels()";0.0019;0.0011;0.4174;25850;26203;25949;5;5;5.9578999846708;0.00297895;0.0016;0.0029;2000;1;1;1;2000;24216;0.0011;0.4174;26203;25949;0.0016
"Assembly-CSharp.dll!::WaveStartButtonView.ResolveImage()";0.0019;0.0019;0.0019;25904;25904;25904;18;18;0.0019000000320375;0.0019;0.0019;0.0019;1;1;1;1;1;25904;0.0019;0.0019;25904;25904;0
"Newtonsoft.Json.dll!Newtonsoft.Json.Utilities::TypeExtensions.IsClass()";0.0019;0.0019;0.0019;25904;25904;25904;37;37;0.0019000000320375;0.0019;0.0019;0.0019;1;1;1;1;1;25904;0.0019;0.0019;25904;25904;0
"System.Core.dll!System.Linq::OrderedEnumerable`1.GetEnumerableSorter()";0.0019;0.0019;0.0019;25904;25904;25904;37;40;0.0019000000320375;0.0019;0.0019;0.0019;2;2;2;2;1;25904;0.0009;0.001;25904;25904;0
"UnityEngine.TextCoreFontEngineModule.dll!UnityEngine.TextCore.LowLevel::FontEngine.GenericListToMarshallingArray()";0.0019;0.0016;0.0071;25904;25452;24539;18;18;0.010600000154227;0.003533333;0.0016;0.0019;12;3;3;6;3;24539;0.0002;0.003;25904;24539;0
"UnityEngine.UI.dll!UnityEngine.UI::Graphic.set_raycastTarget()";0.0019;0.0019;0.0019;25904;25904;25904;18;18;0.0019000000320375;0.0019;0.0019;0.0019;1;1;1;1;1;25904;0.0019;0.0019;25904;25904;0
"Assembly-CSharp.dll!::BossIntroFx.Cancel()";0.0019;0.0019;0.0068;26017;26017;25904;13;17;0.00870000012218952;0.00435;0.0019;0.0019;2;1;1;1;2;25904;0.0019;0.0068;26017;25904;0
"mscorlib.dll!System.Reflection::MethodBase.Equals()";0.0019;0.0019;0.0019;26017;26017;26017;16;16;0.0019000000320375;0.0019;0.0019;0.0019;1;1;1;1;1;26017;0.0019;0.0019;26017;26017;0
"UnityEngine.CoreModule.dll!UnityEngine::Transform.get_localScale()";0.0019;0.0005;0.0172;24839;25669;25400;8;20;0.169199997617397;0.002452174;0.0009;0.0023;269;3;1;7;69;24220;0.0002;0.0043;24247;25400;0
"Unity.ResourceManager.dll!UnityEngine.ResourceManagement.AsyncOperations::AsyncOperationBase`1.UnityEngine.ResourceManagement.AsyncOperations.IAsyncOperation.get_Status()";0.0019;0.0012;0.0291;24846;24808;25009;10;18;4.81679970200639;0.00267303;0.0017;0.0025;16215;9;6;9;1802;24216;0.0001;0.0193;24216;25009;0.0012
"mscorlib.dll!System.Collections.Generic::Stack`1.get_Count()";0.0019;0.0003;0.0035;25452;25904;24539;13;26;0.0102999990631361;0.00206;0.0011;0.0035;60;12;4;20;5;24539;0;0.0016;25452;25452;0
"mscorlib.dll!System.Reflection::ConstructorInfo.op_Inequality()";0.0019;0.0019;0.0019;25904;25904;25904;33;45;0.00189999991562217;0.0019;0.0019;0.0019;8;8;8;8;1;25904;0.0002;0.0003;25904;25904;0
"UnityEngine.CoreModule.dll!UnityEngine::Transform.get_forward()";0.0019;0.0006;0.0178;24851;24565;24631;11;11;1.2958999593975;0.002277504;0.001;0.0024;1262;3;1;3;569;24565;0.0005;0.0146;24634;25725;0
"Physics2D.EndContact";0.0019;0.0001;0.0891;24983;25136;25757;6;20;4.07409976058261;0.002933117;0.0011;0.0036;17056;10;1;55;1389;24216;0;0.083;24216;25757;0
"GC.Alloc";0.0019;0.0004;0.1669021;25372;26045;25904;6;55;4.55690182957915;0.002523202;0.0013;0.0029;28162;9;1;3906;1806;24216;0;0.0299;24216;24827;0.0008
"UnityEngine.CoreModule.dll!UnityEngine::Sprite.get_rect_Injected()";0.0019;0.0008;0.003;26017;25452;25663;9;23;0.00929999927757308;0.00186;0.0011;0.0025;32;6;4;10;5;24539;0;0.0014;26017;26017;0
"UnityEngine.TextCoreFontEngineModule.dll!UnityEngine.TextCore::FaceInfo.get_scale()";0.001899999;0;0.04910003;25340;24630;25663;12;24;4.55159925717453;0.00260538;0.0009999999;0.0028;61883;28;3;192;1747;24216;0;0.0195;24216;24387;0.0013
"Newtonsoft.Json.dll!Newtonsoft.Json::JsonWriter.CalculateLevelsToComplete()";0.001899999;0.001899999;0.001899999;25904;25904;25904;29;35;0.00189999944996089;0.001899999;0.001899999;0.001899999;24;24;24;24;1;25904;0;0.0001;25904;25904;0
"mscorlib.dll!System::Array.InternalArray__ICollection_Contains()";0.001899999;0.001899999;0.001899999;26017;26017;26017;15;16;0.00189999944996089;0.001899999;0.001899999;0.001899999;30;30;30;30;1;26017;0;0.0001;26017;26017;0
"mscorlib.dll!System::RuntimeTypeHandle.IsInterface()";0.0018;0.0012;0.1791003;25308;26017;25904;24;54;0.182100334670395;0.06070011;0.0012;0.0018;379;3;2;374;3;25308;0.0003;0.0034;25904;25904;0
"mscorlib.dll!System.Threading::Thread.get_CurrentCulture()";0.0018;0.0009;0.0238;24290;24458;25904;10;34;0.566599995363504;0.002777451;0.0011;0.0036;390;1;1;26;204;24220;0.0005;0.0065;24640;25336;0
"mscorlib.dll!System::String.wstrcpy()";0.0018;0.0004;0.3625015;24404;25595;25904;9;42;1.1902014768857;0.004343801;0.0009;0.0035;1633;1;1;699;274;24220;0.0003;0.0126;24221;24220;0
"UnityEngine.CoreModule.dll!UnityEngine::GameObject.SendMessage_Injected()";0.0018;0.0004;0.0282;24544;24356;25403;8;8;3.68389997453778;0.002659856;0.001;0.0032;1636;1;1;5;1385;24216;0.0001;0.0282;24462;25403;0.0023
"UnityEngine.UI.dll!UnityEngine.UI::Graphic.get_defaultMaterial()";0.0018;0.0014;0.0614;24655;24685;25215;15;15;0.113499999744818;0.00709375;0.0015;0.0051;44;2;2;7;16;24220;0.0006;0.0573;24685;25215;0
"UnityEngine.ParticleSystemModule.dll!::MinMaxGradient.op_Implicit()";0.0018;0.0013;0.0072;24756;24435;24976;12;13;0.129599998705089;0.002492308;0.0015;0.0026;108;2;2;4;52;24287;0.0006;0.004;24435;24324;0
"TMP Handle White Space & Control Character";0.0018;0.0012;0.0137;24840;24682;24539;15;15;0.0802999997977167;0.002676667;0.0017;0.002;147;5;3;6;30;24539;0.0001;0.0046;24658;24539;0
"Unity.TextMeshPro.dll!TMPro::TMP_UpdateManager.InternalUnRegisterTextElementForLayoutRebuild()";0.0018;0.0012;0.0192;25142;25735;24283;14;14;0.487999996403232;0.002582011;0.0014;0.0028;226;1;1;5;189;24220;0.0011;0.0082;24222;24309;0
"UnityEngine.CoreModule.dll!UnityEngine::Mesh.set_tangents()";0.0018;0.0017;0.014;25452;24834;26017;15;17;0.0217000002739951;0.005425;0.0017;0.0042;9;1;1;5;4;24834;0.0017;0.0051;24834;26017;0
"System.Core.dll!System.Collections.Generic::HashSet`1.Clear()";0.0018;0.0008;0.1593;25494;24502;25445;6;29;4.49809987511253;0.002574757;0.0014;0.0025;26594;12;2;85;1747;24216;0;0.1465;24216;25445;0.0018
"ParticleSystem.EndUpdateAll";0.0018;0;0.0301;25598;25846;25499;3;11;5.61089985797298;0.00280545;0.0004;0.0041;8003;4;4;7;2000;24216;0;0.0285;24219;25499;0.007
"Assembly-CSharp.dll!::TowerWeapon.GetEnemyCurrentHp()";0.0018;0.0016;0.0276;25714;24341;24220;7;12;0.395400000037625;0.003438261;0.0017;0.0035;146;1;1;3;115;24220;0.0015;0.0138;24247;25152;0
"UnityEngine.CoreModule.dll!UnityEngine.Rendering::SupportedRenderingFeatures.IsLightmapBakeTypeSupportedByRef()";0.0018;0.0011;0.0584;25859;26019;25812;3;3;5.15649998642039;0.00257825;0.0016;0.0023;2000;1;1;1;2000;24216;0.0011;0.0584;26019;25812;0.0038
"mscorlib.dll!System.Text::UTF8Encoding.GetChars()";0.0018;0.0018;0.0018;25904;25904;25904;31;31;0.00179999996908009;0.0018;0.0018;0.0018;1;1;1;1;1;25904;0.0018;0.0018;25904;25904;0
"UnityEngine.UI.dll!UnityEngine.UI::Selectable.Awake()";0.0018;0.0018;0.0018;26017;26017;26017;9;9;0.00179999996908009;0.0018;0.0018;0.0018;3;3;3;3;1;26017;0.0005;0.0008;26017;26017;0
"Loading.UpdatePreloading";0.0018;0.0011;33.3312;26051;24291;26017;3;3;39.3194996198872;0.01965975;0.0015;0.0038;2000;1;1;1;2000;24216;0.0011;33.3312;24291;26017;0.0014
"UnityEngine.CoreModule.dll!UnityEngine.Profiling::Profiler.ValidateArguments()";0.0018;0.0011;0.0592;24441;25751;24916;9;9;4.78899990057107;0.0023945;0.0015;0.0023;12000;6;6;6;2000;24216;0.0001;0.0574;24221;24916;0.0013
"Newtonsoft.Json.dll!Newtonsoft.Json.Serialization::JsonProperty.set_PropertyContract()";0.0018;0.0018;0.0018;25904;25904;25904;29;33;0.00179999973624945;0.0018;0.0018;0.0018;20;20;20;20;1;25904;0;0.0002;25904;25904;0
"Newtonsoft.Json.dll!::<>c__DisplayClass80_0..ctor()";0.0018;0.0018;0.0018;25904;25904;25904;36;39;0.00179999961983413;0.0018;0.0018;0.0018;20;20;20;20;1;25904;0;0.0002;25904;25904;0
"UnityEngine.UI.dll!UnityEngine.UI::Graphic.get_raycastPadding()";0.0018;0.0003;0.02729999;24951;26018;24445;12;12;4.84659947027103;0.002468976;0.0014;0.0025;52734;26;12;32;1963;24216;0;0.017;24216;24445;0.0012
"mscorlib.dll!System.Globalization::CultureInfo.get_CompareInfo()";0.0018;0.0018;0.0018;25904;25904;25904;25;33;0.0017999995034188;0.0018;0.0018;0.0018;24;24;24;24;1;25904;0;0.0002;25904;25904;0
"Newtonsoft.Json.dll!Newtonsoft.Json::JsonPosition.TypeHasIndex()";0.0018;0.0018;0.0018;25904;25904;25904;30;37;0.0017999995034188;0.0018;0.0018;0.0018;24;24;24;24;1;25904;0;0.0001;25904;25904;0
"UnityEngine.CoreModule.dll!UnityEngine::TrailRenderer.SetColorGradient()";0.0017;0.0007;0.014;25331;25301;25400;10;22;0.117200000328012;0.002253846;0.0011;0.0021;116;3;1;3;52;24245;0.0004;0.0053;24247;25400;0
"UnityEngine.CoreModule.dll!UnityEngine::GameObject.GetComponentFastPath_Injected()";0.0017;0.0003;0.0332;24305;24657;24220;8;19;1.33559998605051;0.002859957;0.001;0.0036;1090;2;1;22;467;24218;0.0001;0.0189;24252;24358;0
"UnityEngine.UI.dll!UnityEngine.UI::CanvasUpdateRegistry.ObjectValidForUpdate()";0.0017;0.0011;0.038;24469;24464;24539;10;10;3.03519991657231;0.002587553;0.0013;0.0026;3247;2;2;27;1173;24216;0.0001;0.0137;26017;24976;0
"Assembly-CSharp.dll!::AttackBehaviorBase.AttackThenSearch()";0.0017;0.0007;0.0159;24682;24247;24220;6;11;0.276399996015243;0.002403478;0.0012;0.0026;125;1;1;2;115;24220;0.0007;0.0128;24247;24220;0
"UnityEngine.CoreModule.dll!UnityEngine::MonoBehaviour.StopAllCoroutines_Injected()";0.0017;0.0002;0.0143;24816;25848;24220;6;19;0.220399999103392;0.002421978;0.0004;0.0026;130;1;1;8;91;24218;0.0001;0.012;24625;24247;0
"PostLateUpdate.PhysicsSkinnedClothBeginUpdate";0.0017;0.0007;0.0396;24864;24341;24999;2;2;4.3164999759174;0.00215825;0.0014;0.0023;2000;1;1;1;2000;24216;0.0007;0.0396;24341;24999;0.0012
"UnityEngine.CoreModule.dll!UnityEngine::Object.GetName_Injected()";0.0017;0.0007;0.0096;24978;24435;24247;10;10;0.333399998198729;0.002398561;0.0011;0.0033;188;1;1;7;139;24220;0.0001;0.007;24221;25276;0
"Physics.RunSimulationStage";0.0017;0.0011;0.094;25204;24227;24456;3;3;4.75029997096863;0.002837694;0.0014;0.004;1698;1;1;2;1674;24216;0.0009;0.094;24389;24456;0
"EndDynamicVBOFrame";0.0017;0.0006;0.0196;25248;26018;26165;5;5;4.40119997796137;0.0022006;0.0014;0.0023;2000;1;1;1;2000;24216;0.0006;0.0196;26018;26165;0.0014
"UnityEngine.CoreModule.dll!UnityEngine::Mesh.CheckCanAccessSubmeshTriangles()";0.0017;0.0011;0.0183;25293;24381;25245;18;18;2.68939997325651;0.002332524;0.0014;0.0024;1491;1;1;7;1153;24216;0.0007;0.0179;24243;24392;0
"UnityEngine.CoreModule.dll!UnityEngine::Quaternion.AngleAxis()";0.0017;0.0013;0.0108;25329;25571;25152;7;17;0.0805000005057082;0.002515625;0.0016;0.002;96;3;3;3;32;24247;0.0003;0.0052;24247;25400;0
"Connections.Process";0.0017;0.0009;0.04;25389;24234;25961;6;6;5.20129996701144;0.00260065;0.0014;0.0034;2000;1;1;1;2000;24216;0.0009;0.04;24234;25961;0.0014
"mscorlib.dll!System.Collections.Generic::Dictionary`2.GetEnumerator()";0.0017;0.0011;0.0589;25543;24682;26017;9;12;5.0344998401124;0.00251725;0.0015;0.0024;12001;6;6;7;2000;24216;0.0001;0.0567;24216;26017;0.0016
"UnityEngine.CoreModule.dll!UnityEngine.Events::InvokableCallList..ctor()";0.0017;0.0012;0.0328;25699;24668;24220;20;31;0.273199998075143;0.002845833;0.0014;0.0032;104;1;1;4;96;24220;0.0009;0.0165;25483;24220;0
"Render.LineOrTrail";0.0017;0.0004;0.03730001;25809;25976;25814;9;9;4.12639981557732;0.002291172;0.0013;0.0024;13140;6;1;20;1801;24216;0;0.0366;24216;25814;0.0013
"mscorlib.dll!System::Type.get_IsClass()";0.0017;0.0017;0.0017;25904;25904;25904;38;38;0.00170000002253801;0.0017;0.0017;0.0017;1;1;1;1;1;25904;0.0017;0.0017;25904;25904;0
"Unity.TextMeshPro.dll!TMPro::TMP_Text.get_rectTransform()";0.0017;0.0005;0.0357;25962;24413;24358;7;25;1.02349998120917;0.002788828;0.0008;0.0031;988;3;1;19;367;24220;0.0005;0.0048;24221;25582;0
"UnityEngine.UI.dll!UnityEngine.EventSystems::BaseInput..ctor()";0.0017;0.0017;0.0017;26017;26017;26017;13;13;0.00170000002253801;0.0017;0.0017;0.0017;1;1;1;1;1;26017;0.0017;0.0017;26017;26017;0
"UnityEngine.CoreModule.dll!UnityEngine::Camera.get_targetTexture()";0.0017;0.0008;0.0633;26196;24222;25947;5;5;4.95549997891067;0.00247775;0.0012;0.0031;2000;1;1;1;2000;24216;0.0008;0.0633;24222;25947;0.0019
"UnityEngine.UIModule.dll!UnityEngine::CanvasRenderer.SetMesh_Injected()";0.0017;0.0008;0.0236;24327;24626;25177;14;16;2.42639997665538;0.002068542;0.0014;0.0022;1622;1;1;12;1173;24216;0.0002;0.0236;24221;25177;0
"UnityEngine.IMGUIModule.dll!UnityEngine::GUIUtility.GetDefaultSkin()";0.0017;0.0009999999;0.06439999;24684;24812;24779;8;9;3.97629995190073;0.002207829;0.0014;0.0023;3814;2;2;6;1801;24216;0.0001;0.0641;25751;24779;0.0013
"UnityEngine.UIModule.dll!UnityEngine::CanvasRenderer.GetColor()";0.0017;0.0003;0.0172;24894;24724;24220;15;27;0.221899998054141;0.00203578;0.0008;0.0022;353;3;1;10;109;24220;0.0002;0.0049;24381;25153;0
"Unity.ResourceManager.dll!UnityEngine.ResourceManagement.AsyncOperations::AsyncOperationBase`1.UnityEngine.ResourceManagement.AsyncOperations.IAsyncOperation.get_PercentComplete()";0.0017;0.0011;0.0198;24947;24419;25395;10;10;4.28919975960162;0.002381566;0.0015;0.0022;16209;9;9;9;1801;24216;0.0001;0.0131;24216;25395;0.0013
"UnityEngine.UI.dll!UnityEngine.UI::Graphic.get_workerMesh()";0.0017;0.0011;0.0366;25102;25065;24392;13;13;2.84709991980344;0.002469297;0.0013;0.0026;2982;2;2;14;1153;24216;0.0005;0.0324;24218;24392;0
"Unity.TextMeshPro.dll!TMPro::TMP_Text.get_transform()";0.0017;0.0005;0.0279;25735;24834;24539;15;15;0.164600000600331;0.00310566;0.0012;0.002;161;3;1;15;53;24220;0.0005;0.0043;24649;24539;0
"mscorlib.dll!System::Type.get_IsAbstract()";0.0017;0.0017;0.0017;25904;25904;25904;38;52;0.00169999990612268;0.0017;0.0017;0.0017;6;6;6;6;1;25904;0.0002;0.0003;25904;25904;0
"Newtonsoft.Json.dll!Newtonsoft.Json::JsonWriter.AutoCompleteAll()";0.0017;0.0017;0.0017;25904;25904;25904;25;27;0.00169999990612268;0.0017;0.0017;0.0017;4;4;4;4;1;25904;0.0003;0.0006;25904;25904;0
"System.Core.dll!System.Linq::Lookup`2.GetEnumerator()";0.0017;0.0017;0.0017;25904;25904;25904;37;40;0.00169999990612268;0.0017;0.0017;0.0017;4;4;4;4;1;25904;0.0003;0.0005;25904;25904;0
"Unity.ResourceManager.dll!UnityEngine.ResourceManagement.AsyncOperations::AsyncOperationBase`1.set_Result()";0.0017;0.0017;0.0017;26017;26017;26017;15;24;0.00169999978970736;0.0017;0.0017;0.0017;21;21;21;21;1;26017;0;0.0002;26017;26017;0
"UnityEngine.CoreModule.dll!UnityEngine::Gradient.SetKeys_Injected()";0.0017;0.0007;0.0219;25678;25745;25400;10;26;1.34549994504778;0.002238769;0.0013;0.0026;2159;3;1;9;601;24216;0;0.0074;24230;24824;0
"mscorlib.dll!System::Object.__icall_wrapper_mono_marshal_string_to_utf16()";0.0017;0.0017;0.0017;25904;25904;25904;25;33;0.00169999967329204;0.0017;0.0017;0.0017;12;12;12;12;1;25904;0.0001;0.0004;25904;25904;0
"Newtonsoft.Json.dll!Newtonsoft.Json.Serialization::JsonContainerContract.get_ItemReferenceLoopHandling()";0.0017;0.0017;0.0017;25904;25904;25904;29;31;0.00169999967329204;0.0017;0.0017;0.0017;20;20;20;20;1;25904;0;0.0002;25904;25904;0
"mscorlib.dll!System::Int32.Equals()";0.0017;0;0.03379998;24922;26022;24236;9;32;4.39269943979889;0.002197448;0.0009999999;0.0025;56654;24;3;115;1999;24216;0;0.0152;24216;25385;0.0011
"mscorlib.dll!System.Globalization::GlobalizationMode.get_Invariant()";0.0017;0.0017;0.0017;25904;25904;25904;26;34;0.00169999955687672;0.0017;0.0017;0.0017;24;24;24;24;1;25904;0;0.0001;25904;25904;0
"mscorlib.dll!System.Reflection::RuntimeConstructorInfo.get_BindingFlags()";0.0017;0.0017;0.0017;25904;25904;25904;37;51;0.00169999955687672;0.0017;0.0017;0.0017;31;31;31;31;1;25904;0;0.0001;25904;25904;0
"Newtonsoft.Json.dll!Newtonsoft.Json.Serialization::JsonContract.InvokeOnSerializing()";0.0017;0.0017;0.0017;25904;25904;25904;27;33;0.00169999955687672;0.0017;0.0017;0.0017;24;24;24;24;1;25904;0;0.0001;25904;25904;0
"Newtonsoft.Json.dll!Newtonsoft.Json.Serialization::JsonProperty.set_ValueProvider()";0.0017;0.0017;0.0017;25904;25904;25904;35;38;0.00169999955687672;0.0017;0.0017;0.0017;20;20;20;20;1;25904;0;0.0001;25904;25904;0
"System.Core.dll!::<GetEnumerator>d__13.System.Collections.Generic.IEnumerator<System.Linq.IGrouping<TKey,TElement>>.get_Current()";0.0017;0.0017;0.0017;25904;25904;25904;36;39;0.00169999955687672;0.0017;0.0017;0.0017;40;40;40;40;1;25904;0;0.0001;25904;25904;0
"UnityEngine.TextCoreFontEngineModule.dll!UnityEngine.TextCore.LowLevel::FontEngine.GetMarkToBaseAdjustmentRecordsFromMarshallingArray()";0.0016;0.0016;0.0016;25904;25904;25904;19;19;0.00160000007599592;0.0016;0.0016;0.0016;2;2;2;2;1;25904;0.0005;0.0011;25904;25904;0
"UnityEngine.TextCoreFontEngineModule.dll!UnityEngine.TextCore.LowLevel::FontEngine.PopulateMarkToMarkAdjustmentRecordMarshallingArray_Injected()";0.0016;0.0014;0.0041;25904;25452;24539;20;20;0.0071000000461936;0.002366667;0.0014;0.0016;4;1;1;2;3;24539;0.0006;0.0041;25904;24539;0
"UnityEngine.CoreModule.dll!UnityEngine::Renderer.get_bounds()";0.0016;0.0014;0.0019;24221;24732;25262;7;7;0.00489999994169921;0.001633333;0.0014;0.0016;3;1;1;1;3;24221;0.0014;0.0019;24732;25262;0
"UnityEngine.CoreModule.dll!UnityEngine::Camera.get_pixelRect()";0.0016;0.0007;0.0133;24341;24775;24350;5;5;4.8503999846871;0.0024252;0.0011;0.0037;2000;1;1;1;2000;24216;0.0007;0.0133;24775;24350;0.0012
"ParticleSystem.Draw";0.0016;0.0006;0.0241;24483;25210;25033;9;9;1.92699998710304;0.001984552;0.0012;0.0022;1393;1;1;5;971;24216;0.0003;0.0241;24216;25033;0.0241
"mscorlib.dll!System.Collections.Generic::Queue`1.Dequeue()";0.0016;0.0004;0.019;24806;24251;24220;9;20;0.594199998333352;0.002367331;0.0012;0.0029;375;1;1;9;251;24220;0.0003;0.0163;24227;24700;0
"Physics.Simulate";0.0016;0.001;0.0939;25161;24346;24456;4;4;4.4602999703493;0.002664456;0.0013;0.0037;1698;1;1;2;1674;24216;0.0009;0.0939;24389;24456;0
"UnityEngine.CoreModule.dll!UnityEngine.Events::UnityEventBase.PrepareInvoke()";0.0016;0.0006;0.09589999;25183;25054;24220;8;34;3.69369995518355;0.002750335;0.0011;0.0027;2532;2;1;8;1343;24216;0.0002;0.031;25150;25702;0
"Unity.TextMeshPro.dll!TMPro::FastAction`1.Call()";0.0016;0.0002;0.1559;25193;25080;25704;14;16;3.64659983318415;0.00208735;0.0009;0.0023;12635;6;1;32;1747;24216;0.0001;0.154;24216;25704;0.0008
"PostLateUpdate.PlayerEmitCanvasGeometry";0.0016;0.0007;0.0203;25234;26073;25120;2;2;4.11469997599488;0.00205735;0.0014;0.0021;2000;1;1;1;2000;24216;0.0007;0.0203;26073;25120;0.0033
"mscorlib.dll!System.Collections.Generic::ArraySortHelper`1.InternalBinarySearch()";0.0016;0.0016;0.0016;25308;25308;25308;27;27;0.0015999999595806;0.0016;0.0016;0.0016;1;1;1;1;1;25308;0.0016;0.0016;25308;25308;0
"mscorlib.dll!System::IntPtr.op_Addition()";0.0016;0.0012;0.0246;25318;24223;25516;10;41;4.47409993992187;0.002482852;0.0014;0.0024;7424;4;4;18;1802;24216;0.0003;0.0189;24216;25516;0.0013
"UnityEngine.TilemapModule.dll!UnityEngine.Tilemaps::Tilemap.GetTileAsset_Injected()";0.0016;0.0009;0.0786;25428;24280;25099;7;7;2.99489997536875;0.002148422;0.0013;0.0023;1567;1;1;2;1394;24216;0.0002;0.0786;24563;25099;0.0011
"UnityEngine.CoreModule.dll!UnityEngine::Mesh.set_normals()";0.0016;0.0015;0.0178;25452;24834;26017;15;17;0.0249999995576218;0.00625;0.0015;0.0041;9;1;1;5;4;24834;0.0015;0.008;24834;26017;0
"mscorlib.dll!System.Collections.Generic::Queue`1.Enqueue()";0.0016;0.0008;0.0111;25478;25258;25962;8;17;0.71599999582395;0.002317152;0.0013;0.0029;427;1;1;5;309;24218;0.0003;0.0111;24247;25962;0
"UnityEngine.UIModule.dll!UnityEngine::Canvas.get_targetDisplay()";0.0016;0.0008;0.0965;25539;24472;26072;9;12;4.13019996776711;0.0020651;0.0012;0.0024;4000;2;2;2;2000;24216;0.0003;0.0937;24271;26072;0.0013
"UnityEngine.CoreModule.dll!UnityEngine.Events::BaseInvokableCall.AllowInvoke()";0.0016;0.0008;0.0175;25548;26017;24220;9;35;0.747499997785781;0.002087989;0.0011;0.0026;398;1;1;4;358;24220;0.0007;0.0077;25483;25743;0
"Unity.ResourceManager.dll!UnityEngine.ResourceManagement.AsyncOperations::AsyncOperationBase`1.UnityEngine.ResourceManagement.AsyncOperations.IAsyncOperation.get_ReferenceCount()";0.0016;0.0009999999;0.0291;25802;24318;25421;10;10;4.45919977000449;0.002475958;0.0014;0.0023;16209;9;9;9;1801;24216;0.0001;0.0185;24216;25421;0.0014
"UnityEngine.ParticleSystemModule.dll!::MainModule.set_startLifetime()";0.0016;0.0012;0.0086;25804;25714;24860;12;13;0.127700000652112;0.002455769;0.0015;0.0021;54;1;1;2;52;24287;0.001;0.0076;24860;24860;0
"mscorlib.dll!System.Collections.Generic::Comparer`1.Create()";0.0016;0.0016;0.0016;25904;25904;25904;39;42;0.0015999999595806;0.0016;0.0016;0.0016;2;2;2;2;1;25904;0.0008;0.0008;25904;25904;0
"mscorlib.dll!System.Collections.ObjectModel::KeyedCollection`2.get_Items()";0.0016;0.0016;0.0016;25904;25904;25904;36;42;0.0015999999595806;0.0016;0.0016;0.0016;6;6;6;6;1;25904;0.0002;0.0004;25904;25904;0
"mscorlib.dll!System.IO::StringWriter.Close()";0.0016;0.0016;0.0016;25904;25904;25904;25;27;0.0015999999595806;0.0016;0.0016;0.0016;4;4;4;4;1;25904;0.0002;0.0006;25904;25904;0
"mscorlib.dll!System.Runtime.InteropServices::ComVisibleAttribute..ctor()";0.0016;0.0016;0.0016;25904;25904;25904;40;50;0.0015999999595806;0.0016;0.0016;0.0016;9;9;9;9;1;25904;0.0001;0.0002;25904;25904;0
"mscorlib.dll!System::Double.IsInfinity()";0.0016;0.0016;0.0016;25904;25904;25904;34;34;0.0015999999595806;0.0016;0.0016;0.0016;2;2;2;2;1;25904;0.0004;0.0012;25904;25904;0
"System.Core.dll!System.Linq::OrderedEnumerable`2.GetEnumerableSorter()";0.0016;0.0016;0.0016;25904;25904;25904;38;41;0.0015999999595806;0.0016;0.0016;0.0016;2;2;2;2;1;25904;0.0007;0.0009;25904;25904;0
"UnityEngine.UI.dll!UnityEngine.UI::VertexHelper.get_currentVertCount()";0.0016;0.0005;0.0337;24543;24218;24694;16;16;2.34609987237491;0.002034779;0.0011;0.0021;9244;9;4;36;1153;24216;0.0001;0.0319;24216;24694;0
"UnityEngine.UI.dll!UnityEngine.UI::HorizontalOrVerticalLayoutGroup.get_spacing()";0.0016;0.0016;0.0016;26017;26017;26017;15;15;0.00159999984316528;0.0016;0.0016;0.0016;8;8;8;8;1;26017;0.0001;0.0006;26017;26017;0
"UnityEngine.CoreModule.dll!UnityEngine::Vector2.get_up()";0.0016;0.0016;0.0016;26017;26017;26017;16;16;0.00159999972674996;0.0016;0.0016;0.0016;8;8;8;8;1;26017;0;0.0007;26017;26017;0
"mscorlib.dll!::Context..ctor()";0.0016;0.0016;0.0016;25904;25904;25904;29;37;0.00159999961033463;0.0016;0.0016;0.0016;24;24;24;24;1;25904;0;0.0001;25904;25904;0
"Newtonsoft.Json.dll!Newtonsoft.Json.Serialization::JsonContainerContract.get_ItemTypeNameHandling()";0.0016;0.0016;0.0016;25904;25904;25904;31;34;0.00159999961033463;0.0016;0.0016;0.0016;20;20;20;20;1;25904;0;0.0001;25904;25904;0
"Newtonsoft.Json.dll!Newtonsoft.Json.Serialization::JsonProperty.get_PropertyType()";0.0016;0.0016;0.0016;25904;25904;25904;29;33;0.00159999961033463;0.0016;0.0016;0.0016;20;20;20;20;1;25904;0;0.0001;25904;25904;0
"Newtonsoft.Json.dll!Newtonsoft.Json.Serialization::JsonProperty.set_TypeNameHandling()";0.0016;0.0016;0.0016;25904;25904;25904;36;39;0.00159999961033463;0.0016;0.0016;0.0016;20;20;20;20;1;25904;0;0.0003;25904;25904;0
"UnityEngine.UI.dll!UnityEngine.UI::LayoutRebuilder.GetHashCode()";0.0016;0.0016;0.0016;26017;26017;26017;12;29;0.00159999961033463;0.0016;0.0016;0.0016;18;18;18;18;1;26017;0;0.0001;26017;26017;0
"UnityEngine.CoreModule.dll!UnityEngine::Camera.get_eventMask()";0.0015;0.0009;0.0583;24353;24285;25176;5;5;4.48599993175594;0.002284114;0.0012;0.0026;5892;3;3;3;1964;24216;0.0002;0.0569;24221;25176;0.0012
"UnityEngine.CoreModule.dll!UnityEngine::Mesh.CheckCanAccessSubmesh()";0.0015;0.0009;0.0159;24534;25531;25251;19;19;2.30819997249637;0.002001908;0.0012;0.002;1491;1;1;7;1153;24216;0.0007;0.0159;24221;25251;0
"Unity.TextMeshPro.dll!TMPro::TMP_FontAsset.UpdateAtlasTexturesInQueue()";0.0015;0.0002;0.0364;24688;25673;24236;11;13;3.42979981446115;0.001963251;0.0009;0.0022;12635;6;1;32;1747;24216;0.0001;0.0294;24216;25736;0.0011
"UnityEngine.IMGUIModule.dll!UnityEngine::GUILayoutGroup.SetVertical()";0.0015;0.0009;0.0422;24717;25200;25138;6;7;3.51589996402618;0.001952193;0.0013;0.0019;1907;1;1;3;1801;24216;0.0006;0.0422;25786;25138;0.0017
"UnityEngine.IMGUIModule.dll!UnityEngine::GUILayoutGroup.CalcHeight()";0.0015;0.0011;0.0144;24768;24218;25046;6;7;3.58299996482674;0.00198945;0.0013;0.0019;1907;1;1;3;1801;24216;0.0008;0.0144;25747;25046;0.0012
"TimeManager.Update";0.0015;0.0005;0.0108;24822;26017;25126;3;3;3.79419997287914;0.0018971;0.0013;0.0018;2000;1;1;1;2000;24216;0.0005;0.0108;26017;25126;0.0014
"UnityEngine.IMGUIModule.dll!UnityEngine::Event.get_type()";0.0015;0.0011;0.0226;24849;24650;25662;5;7;4.19699991680682;0.002330372;0.0014;0.0021;7628;4;4;12;1801;24216;0.0002;0.0169;24219;24992;0.0012
"UnityEngine.CoreModule.dll!UnityEngine.Events::PersistentCallGroup.Initialize()";0.0015;0.0009;0.02;24851;24795;24220;17;36;0.21849999926053;0.002276042;0.0011;0.0021;105;1;1;4;96;24220;0.0007;0.008;25483;24247;0
"Unity.TextMeshPro.dll!TMPro::TMP_FontAsset.UpdateFontFeaturesForFontAssetsInQueue()";0.0015;0.0002;0.08900001;24979;25071;25904;11;13;3.64209983892215;0.002084774;0.0009;0.0022;12635;6;1;32;1747;24216;0.0001;0.071;24216;24539;0.0007
"UnityEngine.CoreModule.dll!UnityEngine.Sprites::DataUtility.GetOuterUV()";0.0015;0.0009;0.0126;25082;24265;25304;15;15;2.24049997597467;0.001943192;0.0012;0.0021;1491;1;1;7;1153;24216;0.0004;0.0076;24241;25304;0
"UpdatePreloading";0.0015;0.0009;33.3307;25206;24224;26017;4;4;38.209599888185;0.0191048;0.0012;0.0031;2000;1;1;1;2000;24216;0.0009;33.3307;24224;26017;0.0011
"FrameEvents.XRBeginFrame";0.0015;0.0007;0.0656;25228;24271;24651;3;3;3.88939997123089;0.0019447;0.0013;0.002;2000;1;1;1;2000;24216;0.0007;0.0656;24271;24651;0.001
"mscorlib.dll!System::Enum.GetUnderlyingType()";0.0015;0.0015;0.0015;25308;25308;25308;27;27;0.00150000001303852;0.0015;0.0015;0.0015;1;1;1;1;1;25308;0.0015;0.0015;25308;25308;0
"mscorlib.dll!System::Enum.GetValue()";0.0015;0.0015;0.0015;25308;25308;25308;27;27;0.00150000001303852;0.0015;0.0015;0.0015;1;1;1;1;1;25308;0.0015;0.0015;25308;25308;0
"UnityEngine.CoreModule.dll!UnityEngine::SpriteRenderer.set_drawMode()";0.0015;0.0015;0.0015;25308;25308;25308;15;15;0.00150000001303852;0.0015;0.0015;0.0015;2;2;2;2;1;25308;0.0005;0.001;25308;25308;0
"UnityEngine.CoreModule.dll!UnityEngine::SystemInfo.SupportsTextureFormatNative()";0.0015;0.0015;0.0015;25308;25308;25308;21;21;0.00150000001303852;0.0015;0.0015;0.0015;1;1;1;1;1;25308;0.0015;0.0015;25308;25308;0
"UnityEngine.CoreModule.dll!UnityEngine::LineRenderer.set_startWidth_Injected()";0.0015;0.0001;0.1203;25513;25650;24999;7;24;1.55799997470604;0.002442006;0.0012;0.0025;2127;3;1;7;638;24216;0.0001;0.1197;24596;24999;0
"UnityEngine.InputLegacyModule.dll!::HitInfo.Compare()";0.0015;0.0009999999;0.0554;25549;25988;25735;6;6;5.09469994727988;0.00254735;0.0014;0.0024;6009;3;3;4;2000;24216;0.0002;0.0542;24490;25735;0.0014
"Assembly-CSharp.dll!::PanelPlayerTMP.RefreshCrystal()";0.0015;0.0009;0.0328;25698;25075;25904;5;5;3.99939996784087;0.002220655;0.0012;0.0028;1801;1;1;1;1801;24216;0.0009;0.0328;25075;25904;0.0011
"UnityEngine.InputForUIModule.dll!UnityEngine.InputForUI::EventProvider.NotifyUpdate()";0.0015;0.0006;0.0788;25748;25904;25899;3;3;4.77709997701459;0.00238855;0.0011;0.0032;2000;1;1;1;2000;24216;0.0006;0.0788;25904;25899;0.0011
"mscorlib.dll!System.Text::StringBuilder.ToString()";0.0015;0.0012;0.0164;25751;24840;25904;8;24;0.090399999753572;0.002658824;0.0014;0.0021;42;1;1;9;34;24539;0.001;0.0104;25904;24539;0
"UnityEngine.CoreModule.dll!UnityEngine::Object.GetHashCode()";0.0015;0.0003;0.1699018;25863;24403;26017;12;35;4.46040135851945;0.002230201;0.0007;0.0023;10402;4;1;1049;2000;24216;0.0001;0.1607;24216;24643;0.0005
"Assembly-CSharp.dll!::PlaySessionStatsService.RecordWaveCleared()";0.0015;0.0015;0.0015;25904;25904;25904;15;15;0.00150000001303852;0.0015;0.0015;0.0015;1;1;1;1;1;25904;0.0015;0.0015;25904;25904;0
"mscorlib.dll!System.Reflection::FieldInfo[].System.Collections.Generic.IEnumerable`1.GetEnumerator()";0.0015;0.0015;0.0015;25904;25904;25904;39;42;0.00150000001303852;0.0015;0.0015;0.0015;2;2;2;2;1;25904;0.0006;0.0009;25904;25904;0
"mscorlib.dll!System.Text::StringBuilder.get_RemainingCurrentChunk()";0.0015;0.0015;0.0015;25904;25904;25904;21;21;0.00150000001303852;0.0015;0.0015;0.0015;7;7;7;7;1;25904;0.0002;0.0003;25904;25904;0
"mscorlib.dll!System::Number.TryUInt32ToDecStr()";0.0015;0.0015;0.0015;25904;25904;25904;23;23;0.00150000001303852;0.0015;0.0015;0.0015;6;6;6;6;1;25904;0.0002;0.0004;25904;25904;0
"Unity.TextMeshPro.dll!TMPro::TMP_Text.ResizeInternalArray()";0.0015;0.0015;0.0069;25904;25904;26017;15;15;0.0083999999333173;0.0042;0.0015;0.0015;3;1;1;2;2;25904;0.0014;0.0055;26017;26017;0
"UnityEngine.UI.dll!::<>c.<.cctor>b__5_1()";0.0015;0.0015;0.0015;26017;26017;26017;11;23;0.00150000001303852;0.0015;0.0015;0.0015;4;4;4;4;1;26017;0.0003;0.0005;26017;26017;0
"UnityEngine.UI.dll!UnityEngine.EventSystems::BaseRaycaster.OnEnable()";0.0015;0.0015;0.0015;26017;26017;26017;9;9;0.00150000001303852;0.0015;0.0015;0.0015;1;1;1;1;1;26017;0.0015;0.0015;26017;26017;0
"UnityEngine.UI.dll!UnityEngine.UI::LayoutGroup.SetLayoutInputForAxis()";0.0015;0.0015;0.0015;26017;26017;26017;15;15;0.00150000001303852;0.0015;0.0015;0.0015;2;2;2;2;1;26017;0.0004;0.0011;26017;26017;0
"UpdateRendererBoundingVolumes";0.0015;0.0001;0.0728;26124;26069;25914;4;11;6.71649985039403;0.00335825;0.0008;0.0044;7502;3;1;17;2000;24216;0;0.066;24272;25385;0.0003
"UnityEngine.InputLegacyModule.dll!UnityEngine::Input.get_touchCount()";0.0015;0.0004;0.0211;24596;25472;24307;7;8;4.48819990950869;0.0022441;0.0008;0.0034;5998;3;1;3;2000;24216;0;0.0202;24221;24307;0.0008
"Assembly-CSharp.dll!::TowerWeapon.get_CanGoldUpgrade()";0.0015;0.0003;0.0031;24674;24755;24658;7;18;0.0484999984328169;0.001469697;0.0013;0.0016;85;3;1;3;33;24539;0.0002;0.0024;24640;24640;0
"UnityEngine.CoreModule.dll!UnityEngine::Camera.get_clearFlags()";0.0015;0.0007;0.1667;25602;24381;25380;5;5;4.30009993619751;0.00218946;0.0009999999;0.0025;4824;2;2;4;1964;24216;0.0002;0.1632;24222;25380;0.002
"Newtonsoft.Json.dll!Newtonsoft.Json.Serialization::JsonSerializerInternalBase..ctor()";0.0015;0.0015;0.0015;25904;25904;25904;24;26;0.00149999989662319;0.0015;0.0015;0.0015;4;4;4;4;1;25904;0.0003;0.0005;25904;25904;0
"UnityEngine.CoreModule.dll!UnityEngine::QualitySettings.get_activeColorSpace()";0.0015;0.0003;0.03529999;24798;25924;24236;13;13;3.46889965541777;0.001986769;0.0009999999;0.0021;22756;11;1;57;1746;24216;0;0.0104;24216;24430;0.0011
"Unity.TextMeshPro.dll!TMPro::TMP_TextInfo.ClearLineInfo()";0.0015;0.0001;0.0268;25296;25941;25455;12;14;3.0930998107724;0.001770521;0.0009;0.0021;12635;6;1;32;1747;24216;0;0.0244;24217;25455;0.0009999999
"UnityEngine.CoreModule.dll!UnityEngine::GameObject.get_activeInHierarchy_Injected()";0.0015;0.0001;0.2463999;25704;24761;25395;6;29;11.2789957351852;0.005639498;0.0008;0.004699999;93511;11;1;428;2000;24216;0;0.1223;24216;25395;0.0002
"Newtonsoft.Json.dll!Newtonsoft.Json.Serialization::DefaultContractResolver.get_IgnoreIsSpecifiedMembers()";0.0015;0.0015;0.0015;25904;25904;25904;35;38;0.00149999978020787;0.0015;0.0015;0.0015;20;20;20;20;1;25904;0;0.0002;25904;25904;0
"Newtonsoft.Json.dll!Newtonsoft.Json.Serialization::JsonProperty.set_ShouldSerialize()";0.0015;0.0015;0.0015;25904;25904;25904;35;38;0.00149999978020787;0.0015;0.0015;0.0015;20;20;20;20;1;25904;0;0.0003;25904;25904;0
"UnityEngine.TextCoreFontEngineModule.dll!UnityEngine.TextCore::GlyphMetrics.get_horizontalAdvance()";0.0015;0;0.07030001;24407;24555;25663;14;24;3.57649944203149;0.002047224;0.0007;0.0022;49100;22;2;170;1747;24216;0;0.023;24216;25663;0.0009
"UnityEngine.CoreModule.dll!UnityEngine::Mathf.Clamp()";0.0015;0;0.1269;24665;25935;25204;7;27;3.56879956371995;0.002042816;0.0008;0.0023;44963;21;3;109;1747;24216;0;0.1257;24216;25204;0.0009
"Unity.TextMeshPro.dll!TMPro::TMP_Asset.get_instanceID()";0.0015;0;0.04470001;24782;25054;24539;14;27;3.74229941038357;0.002142129;0.0008;0.0024;49214;22;2;169;1747;24216;0;0.0254;24216;25455;0.0007
"Assembly-CSharp.dll!::AttackBehaviorBase.get_Tower()";0.0015;0;0.05659997;24810;24997;25152;6;18;7.43449757066264;0.004681673;0.0007;0.007899997;45101;16;1;104;1588;24216;0;0.0429;24216;25063;0
"UnityEngine.CoreModule.dll!UnityEngine::Quaternion.get_identity()";0.0015;0.0001;0.03339998;25333;24602;24236;5;19;3.50199952859839;0.002004579;0.0009;0.0022;41745;19;2;102;1747;24216;0;0.0143;24216;25445;0.0008
"mscorlib.dll!System::ReadOnlySpan`1..ctor()";0.0015;0;0.04189997;25547;26095;24539;7;37;4.38559940081905;0.0021928;0.0012;0.0021;50299;24;14;250;2000;24216;0;0.027;24216;24900;0.0007
"mscorlib.dll!System::String.GetRawStringData()";0.0015;0;0.1351;25882;26095;24515;9;40;4.41599947689974;0.002208;0.0012;0.001999999;48921;24;14;166;2000;24216;0;0.1332;24216;24515;0.0009999999
"mscorlib.dll!System.Collections.Generic::ValueListBuilder`1..ctor()";0.0015;0.0015;0.0015;25904;25904;25904;24;32;0.00149999966379255;0.0015;0.0015;0.0015;20;20;20;20;1;25904;0;0.0001;25904;25904;0
"mscorlib.dll!System.Text::UTF8Encoding.PtrDiff()";0.0015;0.0015;0.0015;25904;25904;25904;25;32;0.00149999966379255;0.0015;0.0015;0.0015;21;21;21;21;1;25904;0;0.0001;25904;25904;0
"Newtonsoft.Json.dll!Newtonsoft.Json.Serialization::JsonContract.InvokeOnSerialized()";0.0015;0.0015;0.0015;25904;25904;25904;27;33;0.00149999966379255;0.0015;0.0015;0.0015;24;24;24;24;1;25904;0;0.0001;25904;25904;0
"Newtonsoft.Json.dll!Newtonsoft.Json.Serialization::JsonProperty.get_HasMemberAttribute()";0.0015;0.0015;0.0015;25904;25904;25904;35;38;0.00149999966379255;0.0015;0.0015;0.0015;20;20;20;20;1;25904;0;0.0002;25904;25904;0
"Newtonsoft.Json.dll!Newtonsoft.Json.Serialization::JsonProperty.set_Converter()";0.0015;0.0015;0.0015;25904;25904;25904;36;39;0.00149999966379255;0.0015;0.0015;0.0015;20;20;20;20;1;25904;0;0.0002;25904;25904;0
"Newtonsoft.Json.dll!Newtonsoft.Json.Serialization::JsonProperty.set_ItemConverter()";0.0015;0.0015;0.0015;25904;25904;25904;36;39;0.00149999966379255;0.0015;0.0015;0.0015;20;20;20;20;1;25904;0;0.0003;25904;25904;0
"Newtonsoft.Json.dll!Newtonsoft.Json.Serialization::JsonProperty.set_ObjectCreationHandling()";0.0015;0.0015;0.0015;25904;25904;25904;36;39;0.00149999966379255;0.0015;0.0015;0.0015;20;20;20;20;1;25904;0;0.0003;25904;25904;0
"mscorlib.dll!System.Reflection::MethodInfo.op_Equality()";0.0015;0.0015;0.01319999;26017;26017;25904;16;53;0.0146999902790412;0.007349995;0.0015;0.0015;211;26;26;185;2;25904;0;0.0013;25904;25904;0
"UnityEngine.CoreModule.dll!UnityEngine::RectTransform.set_anchorMin_Injected()";0.0014;0.0003;0.1623;24375;24731;25703;12;23;2.34879998202086;0.002033593;0.0009999999;0.0021;2218;2;1;15;1155;24216;0.0001;0.0889;24290;26017;0
"UnityEngine.ParticleSystemModule.dll!::ColorOverLifetimeModule.set_color()";0.0014;0.001;0.0056;24381;25804;24287;12;13;0.102699998882599;0.001975;0.0012;0.0021;54;1;1;2;52;24287;0.001;0.0055;24860;25812;0
"SpriteRenderer.OnChangeSprite";0.0014;0.0003;0.0153;24557;24463;25308;10;17;0.0682999995478895;0.002134375;0.0007;0.0023;34;1;1;2;32;24220;0.0003;0.012;24463;25308;0
"Render.Mesh";0.0014;0.0009;0.0052;24584;24582;25941;9;9;0.126799999736249;0.001625641;0.0011;0.0018;78;1;1;1;78;24580;0.0009;0.0052;24582;25941;0
"UnityEngine.UI.dll!UnityEngine.EventSystems::BaseInput.get_mousePresent()";0.0014;0.0008;0.0239;24593;24222;26120;6;6;4.29749998333864;0.002149825;0.001;0.0032;1999;1;1;1;1999;24216;0.0008;0.0239;24222;26120;0.001
"Assembly-CSharp.dll!::EnemyHp.HitScalePunch()";0.0014;0.0006;0.0093;24612;24227;24788;9;19;0.209999996877741;0.001962617;0.0009;0.0023;115;1;1;3;107;24221;0.0004;0.0093;24223;24788;0
"UnityEngine.GridModule.dll!UnityEngine::GridLayout.CellToLocalInterpolated()";0.0014;0.0011;0.0087;24613;24461;25619;7;7;0.164999997825362;0.001617647;0.0012;0.0016;204;2;2;2;102;24457;0.0002;0.0084;24461;25619;0
"UnityEngine.UI.dll!UnityEngine.EventSystems::BaseInput.get_mousePosition()";0.0014;0.0008;0.0295;24766;24627;25768;7;9;4.75069994619116;0.00237535;0.0011;0.0028;4002;2;2;3;2000;24216;0.0003;0.0265;24627;25768;0.0011
"mscorlib.dll!System::Span`1.op_Implicit()";0.0014;0.0001;0.0281;24837;24290;25400;9;36;1.34139992669225;0.001999106;0.0011;0.0023;4647;6;1;32;671;24216;0.0001;0.0266;24216;24831;0
"mscorlib.dll!System::Array.Copy()";0.0014;0.0007;0.7412995;24892;24665;25904;10;53;1.32229950261535;0.004722498;0.0011;0.0024;909;1;1;503;280;24220;0.0002;0.0163;24280;25904;0
"UnityEngine.CoreModule.dll!UnityEngine::LineRenderer.set_endWidth()";0.0014;0.0004;0.0257;24926;24354;24322;6;23;1.2965999825683;0.002032288;0.0011;0.0021;2127;3;1;7;638;24216;0.0002;0.022;24221;24322;0
"Assembly-CSharp.dll!::BombProjectile.ReleaseAfterVfx()";0.0014;0.0008;0.0048;25081;24290;24267;6;9;0.0478999997139908;0.001774074;0.0011;0.0018;27;1;1;1;27;24227;0.0008;0.0048;24290;24267;0
"UnityEngine.AccessibilityModule.dll!UnityEngine.Accessibility::AccessibilityManager.Internal_Update()";0.0014;0.0008;0.0135;25223;24682;24516;3;3;3.87899998039939;0.0019395;0.0011;0.0021;2000;1;1;1;2000;24216;0.0008;0.0135;24682;24516;0.001
"UnityEngine.CoreModule.dll!UnityEngine.Experimental.Rendering::GraphicsFormatUtility.GetGraphicsFormat()";0.0014;0.0014;0.0014;25308;25308;25308;18;18;0.00139999995008111;0.0014;0.0014;0.0014;1;1;1;1;1;25308;0.0014;0.0014;25308;25308;0
"UnityEngine.CoreModule.dll!UnityEngine::MeshFilter.set_sharedMesh_Injected()";0.0014;0.0007;0.0081;25349;24271;24220;14;23;0.647799997183029;0.001916568;0.001;0.0024;425;1;1;6;338;24220;0.0002;0.0068;24240;24396;0
"UnityEngine.CoreModule.dll!UnityEngine::RectOffset.get_left()";0.0014;0.0009;0.0137;25470;24316;25702;10;16;3.32969994121231;0.00184778;0.0012;0.0018;3816;2;2;6;1802;24216;0.0002;0.0082;24222;25516;0.0013
"ClothManager.LateUpdate";0.0014;0.0005;0.0394;25569;26069;24999;3;3;3.63729997968767;0.00181865;0.0011;0.002;2000;1;1;1;2000;24216;0.0005;0.0394;26069;24999;0.0009
"UnityEngine.UIModule.dll!UnityEngine::CanvasRenderer.SetColor_Injected()";0.0014;0.0003;0.0062;25710;25804;24675;10;36;0.705499995325226;0.00197067;0.0011;0.0026;369;1;1;4;358;24220;0.0001;0.0062;25483;24675;0
"PreUpdate.UpdateVideo";0.0014;0.0007;0.115;25732;24244;25889;2;2;4.58379997947486;0.0022919;0.001;0.0034;2000;1;1;1;2000;24216;0.0007;0.115;24244;25889;0.001
"mscorlib.dll!System.Collections.Generic::List`1.CopyTo()";0.0014;0.0004;0.5746;25744;24929;25904;19;52;0.749199979094556;0.007804167;0.0011;0.002;367;1;1;263;96;24220;0.0003;0.0054;25904;25904;0
"UnityEngine.CoreModule.dll!UnityEngine::SpriteRenderer.set_color()";0.0014;0.0005;0.0208;25751;25258;24220;7;19;0.264399994222913;0.001902158;0.0009;0.0018;279;2;1;11;139;24220;0.0003;0.0038;24247;24860;0
"Unity.TextMeshPro.dll!::TextBackingContainer.get_Capacity()";0.0014;0.0001;0.0188;25755;24584;24236;14;27;2.97089982123725;0.001700572;0.0008;0.0021;12636;6;1;32;1747;24216;0;0.0144;24216;24399;0.0005
"UnityEngine.CoreModule.dll!UnityEngine::Transform.set_localPosition()";0.0014;0.0006;0.0153;25784;24564;24289;8;19;2.66719997639302;0.001953993;0.001;0.0024;2444;1;1;7;1365;24216;0.0002;0.0106;24286;24539;0.0011
"Assembly-CSharp.dll!::MetaProgressService.GetStageBestScore()";0.0014;0.0014;0.0014;25904;25904;25904;18;18;0.00139999995008111;0.0014;0.0014;0.0014;1;1;1;1;1;25904;0.0014;0.0014;25904;25904;0
"mscorlib.dll!System.Runtime.InteropServices::ClassInterfaceAttribute..ctor()";0.0014;0.0014;0.0014;25904;25904;25904;40;50;0.00139999995008111;0.0014;0.0014;0.0014;7;7;7;7;1;25904;0.0001;0.0003;25904;25904;0
"System.Core.dll!::SelectManySingleSelectorIterator`2..ctor()";0.0014;0.0014;0.0014;25904;25904;25904;35;38;0.00139999995008111;0.0014;0.0014;0.0014;2;2;2;2;1;25904;0.0007;0.0007;25904;25904;0
"System.dll!System.Collections.Specialized::OrderedDictionary.get_Values()";0.0014;0.0014;0.0014;25904;25904;25904;42;45;0.00139999995008111;0.0014;0.0014;0.0014;2;2;2;2;1;25904;0.0007;0.0007;25904;25904;0
"mscorlib.dll!System.Collections.Generic::Dictionary`2..ctor()";0.0014;0.0014;0.1667001;26017;26017;25904;12;51;0.168100094888359;0.08405004;0.0014;0.0014;86;4;4;82;2;25904;0.0002;0.0184;25904;25904;0
"Unity.ResourceManager.dll!UnityEngine.ResourceManagement.AsyncOperations::AsyncOperationHandle`1.op_Implicit()";0.0014;0.0014;0.0014;26017;26017;26017;15;15;0.00139999995008111;0.0014;0.0014;0.0014;6;6;6;6;1;26017;0.0002;0.0003;26017;26017;0
"UnityEngine.CoreModule.dll!UnityEngine::AsyncOperation.get_isDone_Injected()";0.0014;0.0014;0.0014;26017;26017;26017;27;27;0.00139999995008111;0.0014;0.0014;0.0014;3;3;3;3;1;26017;0.0001;0.0011;26017;26017;0
"Initialization.UpdateCameraMotionVectors";0.0014;0.0003;0.0267;26174;24221;24894;2;2;4.35029997004312;0.00217515;0.0011;0.0025;2000;1;1;1;2000;24216;0.0003;0.0267;24221;24894;0.0011
"UnityEngine.CoreModule.dll!UnityEngine::Random.get_value()";0.0014;0.0006;0.03600002;25383;25797;25410;7;23;1.02199993905379;0.001917448;0.0011;0.0021;5688;8;8;24;533;24216;0;0.0346;24216;25410;0
"mscorlib.dll!System::ParamsArray.get_Item()";0.0014;0.0014;0.0014;25904;25904;25904;21;24;0.00139999983366579;0.0014;0.0014;0.0014;9;9;9;9;1;25904;0.0001;0.0003;25904;25904;0
"Unity.ResourceManager.dll!UnityEngine.ResourceManagement.AsyncOperations::AsyncOperationBase`1.UnityEngine.ResourceManagement.AsyncOperations.IAsyncOperation.GetResultAsObject()";0.0014;0.0014;0.0014;26017;26017;26017;18;18;0.00139999983366579;0.0014;0.0014;0.0014;6;6;6;6;1;26017;0.0001;0.0006;26017;26017;0
"UnityEngine.CoreModule.dll!UnityEngine.Bindings::ManagedSpanWrapper..ctor()";0.0014;0.0002;0.0172;24546;26210;24393;8;26;3.80189953888475;0.00190095;0.0009999999;0.001899999;45474;22;14;53;2000;24216;0;0.011;24216;24393;0.0009999999
"UnityEngine.TextCoreFontEngineModule.dll!UnityEngine.TextCore::GlyphRect.get_y()";0.0014;0;0.03609999;24690;24494;24539;16;18;3.40619936367148;0.001949742;0.0007;0.0022;48916;22;2;154;1747;24216;0;0.0119;24216;24283;0.0002
"UnityEngine.CoreModule.dll!UnityEngine::Time.get_time()";0.0014;0.0002;0.022;24741;24652;25282;5;21;3.29289973436971;0.001828373;0.0009;0.0021;20461;11;1;30;1801;24216;0;0.0145;24216;25768;0.0008
"Unity.TextMeshPro.dll!TMPro::TMP_TextElement.get_elementType()";0.0014;0;0.06500004;24843;24634;24539;14;27;3.49779944101465;0.002002175;0.0007;0.0022;49208;22;2;166;1747;24216;0;0.0159;24216;24322;0.0007
"Unity.TextMeshPro.dll!TMPro::TMP_TextElement.get_textAsset()";0.0014;0;0.1051;24991;24497;25655;14;30;3.62949946361914;0.002077561;0.0007;0.0022;49228;22;2;165;1747;24216;0;0.102;24216;25655;0.0008
"mscorlib.dll!System::ReadOnlySpan`1.GetPinnableReference()";0.0014;0.0002;0.01969999;25082;26094;25038;8;26;3.88559950461786;0.0019428;0.0009999999;0.001999999;45453;22;14;53;2000;24216;0;0.0139;24216;25038;0.0009999999
"UnityEngine.TextCoreFontEngineModule.dll!UnityEngine.TextCore::GlyphRect.get_x()";0.0014;0;0.1463;25182;24578;24698;16;18;3.63909943038743;0.002083056;0.0007;0.0022;48916;22;2;154;1747;24216;0;0.1328;24216;24698;0.0007
"UnityEngine.TextCoreFontEngineModule.dll!UnityEngine.TextCore.LowLevel::GlyphValueRecord.get_xPlacement()";0.0014;0;0.4549;25352;25062;25075;13;24;3.98289934898639;0.002279851;0.0007;0.0022;49219;22;2;166;1747;24216;0;0.4544;24216;25075;0.0005
"CanvasRenderer.SyncTransform";0.0014;0.0003;0.0291;25460;26086;25215;5;5;3.22989983082516;0.001710752;0.0009;0.0019;11456;5;2;47;1888;24216;0;0.0282;24217;25106;0.0015
"UnityEngine.TextCoreFontEngineModule.dll!UnityEngine.TextCore.LowLevel::GlyphValueRecord.get_xAdvance()";0.0014;0;0.0543;25728;24498;24539;13;24;3.58559942793363;0.002052432;0.0007;0.0023;49219;22;2;166;1747;24216;0;0.0138;24216;24539;0.0012
"mscorlib.dll!System.Globalization::CompareInfo.GetCollator()";0.0014;0.0014;0.0014;25904;25904;25904;27;35;0.00139999971725047;0.0014;0.0014;0.0014;24;24;24;24;1;25904;0;0.0001;25904;25904;0
"mscorlib.dll!System::RuntimeTypeHandle.IsGenericTypeDefinition()";0.0014;0.0014;0.0014;25904;25904;25904;37;41;0.00139999971725047;0.0014;0.0014;0.0014;14;14;14;14;1;25904;0;0.0004;25904;25904;0
"Newtonsoft.Json.dll!::<>c__DisplayClass81_0..ctor()";0.0014;0.0014;0.0014;25904;25904;25904;36;39;0.00139999971725047;0.0014;0.0014;0.0014;20;20;20;20;1;25904;0;0.0003;25904;25904;0
"Newtonsoft.Json.dll!Newtonsoft.Json.Serialization::DefaultContractResolver.get_DefaultMembersSearchFlags()";0.0014;0.0014;0.0014;25904;25904;25904;35;39;0.00139999971725047;0.0014;0.0014;0.0014;22;22;22;22;1;25904;0;0.0002;25904;25904;0
"Newtonsoft.Json.dll!Newtonsoft.Json.Serialization::DefaultContractResolver.get_SerializeCompilerGeneratedMembers()";0.0014;0.0014;0.0014;25904;25904;25904;35;38;0.00139999971725047;0.0014;0.0014;0.0014;20;20;20;20;1;25904;0;0.0006;25904;25904;0
"Newtonsoft.Json.dll!Newtonsoft.Json.Serialization::JsonProperty.set_HasMemberAttribute()";0.0014;0.0014;0.0014;25904;25904;25904;36;39;0.00139999971725047;0.0014;0.0014;0.0014;20;20;20;20;1;25904;0;0.0002;25904;25904;0
"Newtonsoft.Json.dll!Newtonsoft.Json.Serialization::JsonProperty.set_ItemTypeNameHandling()";0.0014;0.0014;0.0014;25904;25904;25904;36;39;0.00139999971725047;0.0014;0.0014;0.0014;20;20;20;20;1;25904;0;0.0002;25904;25904;0
"Newtonsoft.Json.dll!Newtonsoft.Json.Serialization::JsonProperty.set_Writable()";0.0014;0.0014;0.0014;25904;25904;25904;35;38;0.00139999971725047;0.0014;0.0014;0.0014;20;20;20;20;1;25904;0;0.0003;25904;25904;0
"Unity.Profiling.Core.dll!Unity.Profiling::ProfilerCounterValue`1.get_Value()";0.0014;0.0014;0.0014;26017;26017;26017;28;28;0.00139999971725047;0.0014;0.0014;0.0014;9;9;9;9;1;26017;0;0.0007;26017;26017;0
"UnityEngine.CoreModule.dll!UnityEngine.Events::InvokableCall`1..ctor()";0.0013;0.0009;0.0125;24251;24652;24220;19;30;0.184099999256432;0.001917708;0.0011;0.002;104;1;1;4;96;24220;0.0005;0.0107;25483;25702;0
"UnityEngine.CoreModule.dll!UnityEngine::Sprite.get_border()";0.0013;0.0007;0.017;24396;25591;24976;15;16;1.93129995610798;0.001675022;0.0009999999;0.0018;2960;2;2;12;1153;24216;0.0002;0.0143;24220;24976;0
"UnityEngine.CoreModule.dll!UnityEngine::Object.Destroy_Injected()";0.0013;0.0007;0.0059;24458;25804;24860;13;17;0.109400000190362;0.002025926;0.001;0.0029;61;1;1;6;54;24287;0.0005;0.0051;26017;24860;0
"UnityEngine.CoreModule.dll!UnityEngine::Renderer.get_sortingLayerID()";0.0013;0.0008;0.0041;24458;25258;24860;12;16;0.0849999994970858;0.001603774;0.001;0.002;56;1;1;2;53;24287;0.0003;0.0036;25308;25273;0
"UnityEngine.UI.dll!UnityEngine.UI::Graphic.get_defaultGraphicMaterial()";0.0013;0.0012;0.0589;24655;24625;25215;16;16;0.0997999981045723;0.0062375;0.0012;0.0042;44;2;2;7;16;24220;0.0005;0.0557;24220;25215;0
"UnityEngine.CoreModule.dll!UnityEngine::GameObject.TryGetComponent()";0.0013;0.0009;0.0121;24685;25699;24220;10;15;0.0312999997986481;0.002845454;0.0011;0.0029;13;1;1;3;11;24220;0.0009;0.0047;25699;24220;0
"Assembly-CSharp.dll!::TowerWeapon.UPGrade()";0.0013;0.001;0.0229;24802;24665;24640;17;17;0.0646999997552484;0.002695833;0.0011;0.0016;24;1;1;1;24;24640;0.001;0.0229;24665;24640;0
"Assembly-CSharp.dll!::TowerWeapon.get_DisplayName()";0.0013;0.001;0.0049;24811;24665;24539;7;18;0.0518000001320615;0.001569697;0.0011;0.0015;33;1;1;1;33;24539;0.001;0.0049;24665;24539;0
"Batch.DrawDynamic";0.0013;0.0008;0.0145;24918;24497;25401;9;9;2.88079998077592;0.001727098;0.0011;0.0017;1668;1;1;1;1668;24216;0.0008;0.0145;24497;25401;0.0011
"UnityEngine.ParticleSystemModule.dll!::MinMaxGradient..ctor()";0.0013;0.001;0.0057;24929;25543;24976;13;14;0.0964999990537763;0.001855769;0.0011;0.0016;108;2;2;4;52;24287;0.0005;0.0033;24435;24324;0
"UnityEngine.UIModule.dll!UnityEngine::CanvasRenderer.SetMaterial_Injected()";0.0013;0.0006;0.0079;25153;24715;25663;13;14;0.0367999993031844;0.0023;0.0007;0.0026;59;2;2;12;16;24220;0.0001;0.0038;24220;25215;0
"TilemapRenderer.PrepareChunkMode";0.0013;0.0005;0.0144;25185;24775;24509;9;9;2.26919996947981;0.001554247;0.0011;0.0016;4380;3;3;3;1460;24216;0.0001;0.0124;24626;24509;0.0017
"mscorlib.dll!System.Collections.Generic::Dictionary`2.Add()";0.0013;0.0006;0.1157001;25240;24280;26017;10;48;2.30870004271856;0.001966525;0.0009;0.0021;1775;1;1;80;1174;24216;0.0003;0.0803;26018;26017;0
"Assembly-CSharp.dll!::ChargePierceBehavior.AttackLoop()";0.0013;0.0006;0.0061;25308;24251;25580;11;16;0.0227999997441657;0.001628571;0.0007;0.0014;14;1;1;1;14;24220;0.0006;0.0061;24251;25580;0
"UnityEngine.Physics2DModule.dll!UnityEngine::ContactFilter2D.SetDepth()";0.0013;0.0005;0.009099999;25341;24359;24278;8;19;1.97029997356003;0.001752936;0.0009999999;0.0022;2044;2;1;4;1124;24216;0.0002;0.0078;24225;24278;0
"UnityEngine.CoreModule.dll!UnityEngine::Camera.get_allCamerasCount()";0.0013;0.0005;0.0144;25384;25543;25527;5;6;4.03959994087927;0.0020198;0.0009;0.003;4000;2;2;2;2000;24216;0.0001;0.0138;24230;25527;0.0009
"UnityEngine.ParticleSystemModule.dll!::MainModule.set_startSize()";0.0013;0.001;0.0056;25426;24435;24324;12;13;0.0991999988909811;0.001907692;0.0011;0.0017;54;1;1;2;52;24287;0.001;0.0056;24435;24324;0
"UnityEngine.CoreModule.dll!UnityEngine::Transform.SetPositionAndRotation()";0.0013;0.0006;0.0171;25519;24731;24220;9;20;0.486399995454121;0.001937849;0.0009;0.0022;362;1;1;6;251;24220;0.0003;0.0113;24247;25812;0
"UnityEngine.CoreModule.dll!UnityEngine::Color.Equals()";0.0013;0.0008;0.0127;25582;24668;24220;15;27;0.192899999092333;0.001854808;0.001;0.0021;118;1;1;4;104;24220;0.0005;0.0039;25483;24220;0
"Unity.TextMeshPro.dll!TMPro::TextMeshProUGUI.SetActiveSubMeshes()";0.0013;0.0004;0.006499999;25703;25904;26017;10;23;0.0225999989488628;0.002511111;0.0011;0.0047;38;3;1;18;9;24539;0.0002;0.0019;26017;24539;0
"UnityEngine.UI.dll!UnityEngine.UI.CoroutineTween::TweenRunner`1.Start()";0.0013;0.0007;0.0133;25720;24626;24643;19;27;0.161700000055134;0.002073077;0.0011;0.0024;82;1;1;3;78;24220;0.0005;0.0133;25483;24643;0
"UnityEngine.ParticleSystemModule.dll!::MainModule.set_startColor()";0.0013;0.001;0.0071;25866;24435;24287;12;13;0.11179999972228;0.00215;0.0012;0.0027;54;1;1;2;52;24287;0.001;0.0063;24435;25855;0
"mscorlib.dll!System.Collections::HashHelpers.ExpandPrime()";0.0013;0.0008;0.0029;25904;26017;24661;11;41;0.00719999993452802;0.0018;0.0008;0.0022;12;1;1;6;4;24226;0.0001;0.0029;25904;24661;0
"mscorlib.dll!System.Collections::Hashtable.GetEnumerator()";0.0013;0.0013;0.0013;25904;25904;25904;39;42;0.00130000000353903;0.0013;0.0013;0.0013;2;2;2;2;1;25904;0.0005;0.0008;25904;25904;0
"Newtonsoft.Json.dll!Newtonsoft.Json::JsonWriter.get_Culture()";0.0013;0.0013;0.0013;25904;25904;25904;23;25;0.00130000000353903;0.0013;0.0013;0.0013;4;4;4;4;1;25904;0.0002;0.0007;25904;25904;0
"UnityEngine.CoreModule.dll!UnityEngine::Time.get_realtimeSinceStartup()";0.0013;0.0013;0.0013;25904;25904;25904;18;18;0.00130000000353903;0.0013;0.0013;0.0013;1;1;1;1;1;25904;0.0013;0.0013;25904;25904;0
"UnityEngine.CoreModule.dll!UnityEngine::LineRenderer.set_positionCount_Injected()";0.0013;0.0003;0.0115;24790;25522;25718;8;25;2.1533999502135;0.001640061;0.0009;0.002;4010;3;1;8;1313;24216;0;0.0073;24331;25718;0
"UnityEngine.UI.dll!UnityEngine.EventSystems::ExecuteEvents.ValidateEventData()";0.0013;0.0007;0.0038;24822;24626;24658;12;12;0.0925999990431592;0.00138209;0.0008;0.0016;96;1;1;2;67;24626;0.0005;0.0033;24640;24658;0
"mscorlib.dll!System::Type.get_Attributes()";0.0013;0.0009;0.1710004;25308;26017;25904;25;55;0.173200391116552;0.05773346;0.0009;0.0013;477;3;2;472;3;25308;0.0002;0.0027;25308;25904;0
"Assembly-CSharp.dll!::ChainLightning.EnsureChildLine()";0.0013;0.0011;0.0078;25676;25567;25380;13;18;0.048399998806417;0.002304762;0.0012;0.0031;42;2;2;2;21;24296;0.0005;0.0061;24705;25380;0
"mscorlib.dll!System.Collections::ArrayList.GetEnumerator()";0.0013;0.0013;0.0013;25904;25904;25904;43;46;0.0012999998871237;0.0013;0.0013;0.0013;2;2;2;2;1;25904;0.0006;0.0007;25904;25904;0
"mscorlib.dll!System::Type.get_IsPublic()";0.0013;0.0013;0.0013;25904;25904;25904;43;46;0.0012999998871237;0.0013;0.0013;0.0013;4;4;4;4;1;25904;0.0003;0.0004;25904;25904;0
"System.Core.dll!System.Linq::OrderedEnumerable`2..ctor()";0.0013;0.0013;0.0013;25904;25904;25904;35;38;0.0012999998871237;0.0013;0.0013;0.0013;2;2;2;2;1;25904;0.0006;0.0007;25904;25904;0
"UnityEngine.CoreModule.dll!UnityEngine.Events::InvokableCall..ctor()";0.0013;0.0013;0.0013;26017;26017;26017;13;13;0.0012999998871237;0.0013;0.0013;0.0013;3;3;3;3;1;26017;0.0003;0.0006;26017;26017;0
"UnityEngine.UI.dll!UnityEngine.UI::Image.set_overrideSprite()";0.0013;0.0013;0.0013;26017;26017;26017;12;15;0.0012999998871237;0.0013;0.0013;0.0013;7;7;7;7;1;26017;0.0001;0.0002;26017;26017;0
"UnityEngine.UI.dll!UnityEngine.UI::LayoutGroup.get_padding()";0.0013;0.0013;0.0013;26017;26017;26017;15;16;0.0012999998871237;0.0013;0.0013;0.0013;11;11;11;11;1;26017;0;0.0004;26017;26017;0
"Unity.TextMeshPro.dll!TMPro::TMP_Asset.get_material()";0.0013;0.0001;0.0333;24350;24587;25290;13;28;2.91969962740404;0.001671265;0.0007;0.0019;37921;18;3;96;1747;24216;0;0.0147;24216;25290;0.0009999999
"UnityEngine.TextCoreFontEngineModule.dll!UnityEngine.TextCore::FaceInfo.get_descentLine()";0.0013;0;0.05210001;24355;25924;24962;12;24;3.10049963369238;0.001774756;0.0007;0.001899999;37247;18;2;99;1747;24216;0;0.0506;24216;24962;0.0008
"UnityEngine.InputLegacyModule.dll!UnityEngine::Input.GetMouseButtonDown()";0.0013;0.0003;0.0272;24507;25513;24358;5;11;3.41209980045096;0.00170605;0.0009;0.002;16379;9;2;9;2000;24216;0;0.024;24216;24358;0.0008
"Unity.TextMeshPro.dll!TMPro::TMP_TextProcessingStack`1.Clear()";0.0013;0;0.06600001;24682;24581;24505;12;24;2.9739996330245;0.001702347;0.0007;0.0019;37906;18;3;96;1747;24216;0;0.0657;24216;24505;0.0005
"Unity.TextMeshPro.dll!TMPro::TMP_FontAsset.get_characterLookupTable()";0.0013;0.0001;0.03019998;24758;24595;24236;11;30;3.01029961212043;0.001723125;0.0007;0.001899999;37258;18;2;100;1747;24216;0;0.0092;24216;24392;0.0011
"Newtonsoft.Json.dll!::<>c.<GetSerializableMembers>b__40_0()";0.0013;0.0013;0.0013;25904;25904;25904;36;39;0.00129999977070838;0.0013;0.0013;0.0013;20;20;20;20;1;25904;0;0.0001;25904;25904;0
"Newtonsoft.Json.dll!Newtonsoft.Json.Serialization::JsonProperty..ctor()";0.0013;0.0013;0.0013;25904;25904;25904;35;38;0.00129999977070838;0.0013;0.0013;0.0013;20;20;20;20;1;25904;0;0.0002;25904;25904;0
"Newtonsoft.Json.dll!Newtonsoft.Json.Serialization::JsonProperty.get_ItemIsReference()";0.0013;0.0013;0.0013;25904;25904;25904;31;34;0.00129999977070838;0.0013;0.0013;0.0013;24;24;24;24;1;25904;0;0.0001;25904;25904;0
"Newtonsoft.Json.dll!Newtonsoft.Json.Serialization::JsonProperty.set_ItemIsReference()";0.0013;0.0013;0.0013;25904;25904;25904;36;39;0.00129999977070838;0.0013;0.0013;0.0013;20;20;20;20;1;25904;0;0.0002;25904;25904;0
"Newtonsoft.Json.dll!Newtonsoft.Json.Serialization::JsonProperty.set_ItemReferenceLoopHandling()";0.0013;0.0013;0.0013;25904;25904;25904;36;39;0.00129999977070838;0.0013;0.0013;0.0013;20;20;20;20;1;25904;0;0.0002;25904;25904;0
"Unity.TextMeshPro.dll!TMPro::TextMeshProUGUI.UpdateEnvMapMatrix()";0.0013;0.0003;0.0147;25943;25273;25198;9;9;3.29459964871057;0.0016473;0.0009999999;0.0018;26133;13;5;16;2000;24216;0;0.0093;24216;25198;0.0005
"System.dll!System.Collections.Generic::LinkedListNode`1.get_Value()";0.0013;0.0013;0.0013;26017;26017;26017;16;16;0.00129999977070838;0.0013;0.0013;0.0013;18;18;18;18;1;26017;0;0.0001;26017;26017;0
"Unity.ResourceManager.dll!UnityEngine.ResourceManagement.AsyncOperations::AsyncOperationBase`1.get_Result()";0.0013;0.0013;0.0013;26017;26017;26017;16;24;0.00129999977070838;0.0013;0.0013;0.0013;26;26;26;26;1;26017;0;0.0001;26017;26017;0
"UnityEngine.UIModule.dll!UnityEngine::CanvasRenderer.SetTexture_Injected()";0.0012;0.0008;0.0053;24655;24715;25663;14;14;0.0354000002844259;0.0022125;0.0009999999;0.0029;44;2;2;7;16;24220;0.0002;0.0029;24220;25663;0
"FontEngine.GetMarkToMarkFeatures";0.0012;0.0011;0.0029;25904;25452;24539;21;21;0.0052000000141561;0.001733333;0.0011;0.0012;4;1;1;2;3;24539;0.0005;0.0029;25904;24539;0
"UnityEngine.CoreModule.dll!UnityEngine::Texture.get_height()";0.0012;0.001;0.0045;25904;25308;24539;19;21;0.00849999987985939;0.002125;0.001;0.0018;7;1;1;3;4;24539;0.0004;0.0045;25452;24539;0
"Unity.TextMeshPro.dll!TMPro::TextMeshProUGUI.UpdateSubObjectPivot()";0.0012;0.0012;0.0012;26017;26017;26017;19;19;0.00120000005699694;0.0012;0.0012;0.0012;3;3;3;3;1;26017;0.0003;0.0005;26017;26017;0
"Assembly-CSharp.dll!::SliderPositionAutoSetter.Setup()";0.0012;0.0008;0.0172;24251;25184;24220;9;16;0.0739000004250556;0.002548276;0.001;0.0022;33;1;1;4;29;24220;0.0008;0.0087;25184;25153;0
"Assembly-CSharp.dll!::TowerVisualLibrary.PickRandomMeteo()";0.0012;0.001;0.0031;24372;24463;24220;8;8;0.0114000000758097;0.001425;0.001;0.0013;8;1;1;1;8;24220;0.001;0.0031;24463;24220;0
"Physics2D.SolveDiscreteIslandVelocityConstraints";0.0012;0.0004;0.0152;24374;25148;25317;8;8;2.57639994513011;0.001707356;0.0009;0.0023;14963;9;1;42;1509;24216;0;0.014;24216;25317;0
"UnityEngine.CoreModule.dll!UnityEngine::MonoBehaviour.IsObjectMonoBehaviour()";0.0012;0.0005;0.0276;24389;24243;24220;6;30;0.809999993711244;0.001730769;0.0008;0.0017;943;1;1;66;468;24220;0.0002;0.0102;24221;24267;0
"UnityEngine.CoreModule.dll!UnityEngine.Rendering::SupportedRenderingFeatures.IsUIOverlayRenderedBySRP()";0.0012;0.0006;0.0123;24500;24708;25229;3;3;3.07639998209197;0.0015382;0.0009;0.0016;2000;1;1;1;2000;24216;0.0006;0.0123;24708;25229;0.0012
"GarbageCollector.CollectIncremental";0.0012;0.0005;0.9164;24557;24249;25405;5;5;4.7334000034607;0.0023667;0.0009;0.0015;2000;1;1;1;2000;24216;0.0005;0.9164;24249;25405;0.0011
"UnityEngine.CoreModule.dll!UnityEngine::Sprite.GetOuterUVs()";0.0012;0.0007;0.0102;24582;24280;25304;16;16;1.75879999366589;0.001525412;0.001;0.0016;1491;1;1;7;1153;24216;0.0003;0.0065;24220;25304;0
"Assembly-CSharp.dll!::Enemy.Move()";0.0012;0.0005;0.0075;24715;24221;24220;12;19;0.0268000002251938;0.001914286;0.001;0.0023;16;1;1;3;14;24220;0.0005;0.003;24221;24220;0
"SpeedTreeWindManager.UpdateGlobalAndLocalWinds";0.0012;0.0005;0.1648;24805;25334;25993;4;4;3.66649997694185;0.00183325;0.0008;0.0023;2000;1;1;1;2000;24216;0.0005;0.1648;25334;25993;0.0008
"UnityEngine.CoreModule.dll!UnityEngine::Transform.SetParent_Injected()";0.0012;0.0005;0.0266;24848;24271;25215;9;21;0.843899986823089;0.001810944;0.0008;0.0021;818;1;1;16;466;24218;0.0001;0.0236;24251;25215;0
"UnityEngine.ParticleSystemModule.dll!::MainModule.set_gravityModifier()";0.0012;0.0009;0.0044;24929;24381;25812;12;13;0.0888000002596527;0.001707692;0.001;0.0019;54;1;1;2;52;24287;0.0009;0.0044;24381;25812;0
"UnityEngine.InputLegacyModule.dll!UnityEngine::Input.get_mousePosition_Injected()";0.0012;0.0003;0.0185;24960;24814;25355;6;11;3.03519991299254;0.0015176;0.0008;0.0018;9205;5;3;6;2000;24216;0;0.0168;24222;25355;0.0009
"FixedUpdate.AudioFixedUpdate";0.0012;0.0006;0.0137;24996;24374;25992;2;2;3.20879997778684;0.001916846;0.0009;0.0026;1698;1;1;2;1674;24216;0.0004;0.0137;24389;25992;0
"PxScene.simulate";0.0012;0.0007;0.0924;25125;24300;24456;5;5;3.35799998074071;0.002005974;0.0009;0.0028;1698;1;1;2;1674;24216;0.0007;0.0924;24300;24456;0
"UnityEngine.ParticleSystemModule.dll!::MainModule.set_startSpeed()";0.0012;0.0009;0.0052;25190;24435;24860;12;13;0.0896000001812354;0.001723077;0.001;0.002;54;1;1;2;52;24287;0.0008;0.0044;24860;24860;0
"UnityEngine.CoreModule.dll!UnityEngine::Quaternion.Internal_AngleAxis()";0.0012;0.0009;0.0076;25243;25695;25400;8;18;0.0565999994869344;0.00176875;0.0011;0.0014;96;3;3;3;32;24247;0.0002;0.004;24350;25400;0
"UnityEngine.CoreModule.dll!UnityEngine.Experimental.Rendering::GraphicsFormatUtility.GetGraphicsFormat_Native_TextureFormat()";0.0012;0.0012;0.0012;25308;25308;25308;19;19;0.00119999994058162;0.0012;0.0012;0.0012;1;1;1;1;1;25308;0.0012;0.0012;25308;25308;0
"Renderers.OncePerFrameUpdate";0.0012;0.0005;0.0374;25311;24775;25384;3;8;3.03999995277263;0.00152;0.0009999999;0.0015;4001;2;2;3;2000;24216;0.0001;0.037;24272;25384;0.0023
"UnityEngine.CoreModule.dll!UnityEngine::SpriteRenderer.get_color()";0.0012;0.0006;0.0093;25345;25552;25400;9;21;0.0830999987665564;0.001598077;0.0009;0.0014;116;3;1;3;52;24245;0.0003;0.0038;24247;25400;0
"PreUpdate.IMGUISendQueuedEvents";0.0012;0.0002;0.3766;25358;25425;24652;2;2;18.1368999090919;0.00906845;0.0006;0.0021;2000;1;1;1;2000;24216;0.0002;0.3766;25425;24652;0.0007
"UnityEngine.Physics2DModule.dll!UnityEngine::Rigidbody2D.set_angularVelocity()";0.0012;0.0005;0.0083;25430;24866;25400;6;19;0.18239999684738;0.001532773;0.0008;0.0018;218;1;1;4;119;24220;0.0003;0.0043;24247;25959;0
"EarlyUpdate.Physics2DEarlyUpdate";0.0012;0.0005;0.0097;25472;24332;24551;2;2;3.67349998315331;0.00183675;0.0009;0.0022;2000;1;1;1;2000;24216;0.0005;0.0097;24332;24551;0.0012
"UnityEngine.UIModule.dll!UnityEngine::Canvas.get_additionalShaderChannels()";0.0012;0.0004;0.0066;25531;24359;24539;15;15;0.075899998890236;0.001432075;0.0009;0.0015;131;3;1;6;53;24220;0.0003;0.0031;24247;24539;0
"UnityEngine.UIModule.dll!UnityEngine::CanvasRenderer.get_cullTransparentMesh()";0.0012;0.0005;0.0065;25539;24251;24539;15;15;0.0775999987963587;0.001464151;0.0009999999;0.0016;131;3;1;6;53;24220;0.0003;0.003;24472;24539;0
"UnityEngine.IMGUIModule.dll!UnityEngine::GUIStyle.get_fixedWidth()";0.0012;0.0008;0.0116;25572;24315;24661;11;12;2.9808999520028;0.001655136;0.0011;0.0016;3814;2;2;6;1801;24216;0.0002;0.0064;24227;24392;0.0009999999
"Assembly-CSharp.dll!::BossIntroFx.PlaySummonGatherThenClear()";0.0012;0.0009;0.0018;25669;24625;25153;7;7;0.00389999989420176;0.0013;0.0009;0.0012;3;1;1;1;3;24625;0.0009;0.0018;24625;25153;0
"Assembly-CSharp.dll!::PlayerService.TrySpendGold()";0.0012;0.0009;0.0053;25735;24665;24658;17;17;0.0449999994598329;0.001875;0.001;0.0018;24;1;1;1;24;24640;0.0009;0.0053;24665;24658;0
"RenderTexture.GarbageCollectTemporary";0.0012;0.0004;0.0232;25776;24228;24818;5;8;4.20999997365288;0.002105;0.001;0.0025;2001;1;1;2;2000;24216;0.0004;0.0232;24228;24818;0.0013
"UnityEngine.CoreModule.dll!UnityEngine::Renderer.GetSharedMaterial_Injected()";0.0012;0.0006;0.0061;25855;24657;24358;22;27;0.314199993037619;0.001816185;0.0011;0.0024;398;2;2;6;173;24220;0;0.0052;24221;25262;0
"mscorlib.dll!System.Collections.ObjectModel::Collection`1.CopyTo()";0.0012;0.0012;0.0012;25904;25904;25904;38;41;0.00119999994058162;0.0012;0.0012;0.0012;2;2;2;2;1;25904;0.0006;0.0006;25904;25904;0
"mscorlib.dll!System::DateTime.get_UtcNow()";0.0012;0.0012;0.0012;25904;25904;25904;18;18;0.00119999994058162;0.0012;0.0012;0.0012;1;1;1;1;1;25904;0.0012;0.0012;25904;25904;0
"Newtonsoft.Json.dll!Newtonsoft.Json.Serialization::JsonArrayContract.get_IsMultidimensionalArray()";0.0012;0.0012;0.0012;25904;25904;25904;25;29;0.00119999994058162;0.0012;0.0012;0.0012;9;9;9;9;1;25904;0;0.0005;25904;25904;0
"Newtonsoft.Json.dll!Newtonsoft.Json.Serialization::JsonTypeReflector.get_ReflectionDelegateFactory()";0.0012;0.0012;0.0012;25904;25904;25904;35;38;0.00119999994058162;0.0012;0.0012;0.0012;4;4;4;4;1;25904;0.0002;0.0004;25904;25904;0
"Newtonsoft.Json.dll!Newtonsoft.Json::JsonSerializer.set_Formatting()";0.0012;0.0012;0.0012;25904;25904;25904;21;22;0.00119999994058162;0.0012;0.0012;0.0012;3;3;3;3;1;25904;0.0003;0.0006;25904;25904;0
"UnityEngine.UI.dll!UnityEngine.UI::Image.IsRaycastLocationValid()";0.0012;0.0003;0.0097;25986;26057;24698;14;14;0.862899979547365;0.00151652;0.0008;0.0018;1926;5;1;5;569;24565;0.0001;0.0042;24574;24720;0
"UnityEngine.CoreModule.dll!UnityEngine::AsyncOperation.InternalSetManagedObject()";0.0012;0.0012;0.0066;26016;26016;26017;25;30;0.00779999990481883;0.0039;0.0012;0.0012;4;1;1;3;2;26016;0.0001;0.0057;26017;26017;0
"UnityEngine.CoreModule.dll!UnityEngine::RectTransform.get_sizeDelta_Injected()";0.0012;0.0012;0.0012;26017;26017;26017;16;17;0.00119999994058162;0.0012;0.0012;0.0012;10;10;10;10;1;26017;0;0.0004;26017;26017;0
"UnityEngine.UI.dll!UnityEngine.EventSystems::UIBehaviour..ctor()";0.0012;0.0012;0.0012;26017;26017;26017;14;14;0.00119999994058162;0.0012;0.0012;0.0012;1;1;1;1;1;26017;0.0012;0.0012;26017;26017;0
"UnityEngine.CoreModule.dll!UnityEngine::Transform.set_rotation_Injected()";0.0012;0.0003;0.0231;24500;25844;25421;6;21;2.52929993538419;0.001542256;0.0009;0.0017;4763;3;1;12;1640;24216;0.0001;0.0183;24216;25421;0.0008
"UnityEngine.CoreModule.dll!UnityEngine::Color..ctor()";0.0012;0;0.03839998;25746;24584;24236;6;25;2.90559964569547;0.001663194;0.0006;0.001899999;38092;18;3;96;1747;24216;0;0.0304;24216;24387;0.0007
"mscorlib.dll!::PreviousInfo..ctor()";0.0012;0.0012;0.0012;25904;25904;25904;31;39;0.0011999998241663;0.0012;0.0012;0.0012;24;24;24;24;1;25904;0;0.0001;25904;25904;0
"mscorlib.dll!Mono.Globalization.Unicode::MSCompatUnicodeTable.HasSpecialWeight()";0.0012;0.0012;0.0012;25904;25904;25904;31;39;0.0011999998241663;0.0012;0.0012;0.0012;24;24;24;24;1;25904;0;0.0001;25904;25904;0
"mscorlib.dll!System.Collections.Generic::ValueListBuilder`1.Dispose()";0.0012;0.0012;0.0012;25904;25904;25904;24;32;0.0011999998241663;0.0012;0.0012;0.0012;20;20;20;20;1;25904;0;0.0001;25904;25904;0
"mscorlib.dll!System::Char.IsAscii()";0.0012;0.0012;0.0012;25904;25904;25904;23;31;0.0011999998241663;0.0012;0.0012;0.0012;20;20;20;20;1;25904;0;0.0001;25904;25904;0
"Newtonsoft.Json.dll!Newtonsoft.Json.Serialization::JsonProperty.get_Order()";0.0012;0.0012;0.0012;25904;25904;25904;41;44;0.0011999998241663;0.0012;0.0012;0.0012;20;20;20;20;1;25904;0;0.0001;25904;25904;0
"Newtonsoft.Json.dll!Newtonsoft.Json.Serialization::JsonProperty.set_IsReference()";0.0012;0.0012;0.0012;25904;25904;25904;36;39;0.0011999998241663;0.0012;0.0012;0.0012;20;20;20;20;1;25904;0;0.0002;25904;25904;0
"Newtonsoft.Json.dll!Newtonsoft.Json.Serialization::JsonProperty.set_NullValueHandling()";0.0012;0.0012;0.0012;25904;25904;25904;36;39;0.0011999998241663;0.0012;0.0012;0.0012;20;20;20;20;1;25904;0;0.0003;25904;25904;0
"Newtonsoft.Json.dll!Newtonsoft.Json.Serialization::JsonProperty.set_Readable()";0.0012;0.0012;0.0012;25904;25904;25904;35;38;0.0011999998241663;0.0012;0.0012;0.0012;20;20;20;20;1;25904;0;0.0002;25904;25904;0
"Newtonsoft.Json.dll!Newtonsoft.Json::JsonWriter.GetCloseTokenForType()";0.0012;0.0012;0.0012;25904;25904;25904;29;35;0.0011999998241663;0.0012;0.0012;0.0012;24;24;24;24;1;25904;0;0.0001;25904;25904;0
"System.dll!System.Collections.Generic::LinkedListNode`1.get_Next()";0.0012;0.0012;0.0012;26017;26017;26017;16;16;0.0011999998241663;0.0012;0.0012;0.0012;18;18;18;18;1;26017;0;0.0001;26017;26017;0
"UnityEngine.UIElementsModule.dll!UnityEngine.UIElements.UIR::UIRenderDevice.ProcessDeviceFreeQueue()";0.0011;0.0007;0.0165;24409;24293;24253;5;5;2.90349998284364;0.00145175;0.0009;0.0016;2000;1;1;1;2000;24216;0.0007;0.0165;24293;24253;0.0008
"UnityEngine.CoreModule.dll!UnityEngine.Sprites::DataUtility.GetInnerUV()";0.0011;0.0007;0.0099;24532;24222;25628;15;15;1.61389998783125;0.00139974;0.0008;0.0015;1480;1;1;6;1153;24216;0.0004;0.0099;24220;25628;0
"UGUI.Rendering.EmitWorldScreenspaceCameraGeometry";0.0011;0.0003;0.0184;24577;26122;25120;4;4;2.69619995338144;0.0013481;0.0009;0.0014;4000;2;2;2;2000;24216;0.0001;0.0168;24226;25912;0.0024
"Assembly-CSharp.dll!::ChainLightningBehavior.AttackLoop()";0.0011;0.0007;0.003;24595;25098;24901;11;16;0.0257999997120351;0.001228571;0.0008;0.0013;21;1;1;1;21;24296;0.0007;0.003;25098;24901;0
"UnityEngine.CoreModule.dll!UnityEngine::Sprite.get_pixelsPerUnit()";0.0011;0.0006;0.0117;24616;24272;25215;17;23;1.63159998890478;0.001415091;0.0008;0.0015;2962;2;2;12;1153;24216;0.0002;0.0086;24219;25251;0
"UnityEngine.CoreModule.dll!UnityEngine.Sprites::DataUtility.GetPadding()";0.0011;0.0006;0.0127;24622;24251;24661;15;16;1.63259999151342;0.001415958;0.0009;0.0015;1491;1;1;7;1153;24216;0.0004;0.0127;24220;24661;0
"UnityEngine.IMGUIModule.dll!UnityEngine::Event.set_displayIndex()";0.0011;0.0006;0.2133;24676;24740;26030;5;6;3.11609997961204;0.00155805;0.0009;0.0015;2111;1;1;3;2000;24216;0.0003;0.2133;25747;26030;0.0013
"UnityEngine.TilemapModule.dll!UnityEngine.Tilemaps::Tilemap.get_origin()";0.0011;0.0007;0.0114;24685;24221;24662;10;19;0.051899999321904;0.002471429;0.0009;0.0027;46;2;2;6;21;24220;0.0002;0.0084;24221;24662;0
"UnityEngine.CoreModule.dll!UnityEngine::Renderer.get_bounds_Injected()";0.0011;0.0011;0.0015;24732;24221;25262;8;8;0.00370000000111759;0.001233333;0.0011;0.0011;3;1;1;1;3;24221;0.0011;0.0015;24221;25262;0
"UnityEngine.InputLegacyModule.dll!UnityEngine::Input.get_mousePresent()";0.0011;0.0006;0.0227;24884;24222;26120;7;7;3.36559997365111;0.001683642;0.0008;0.0025;1999;1;1;1;1999;24216;0.0006;0.0227;24222;26120;0.0008
"Assembly-CSharp.dll!::Enemy.get_CanSplitOnKill()";0.0011;0.0008;0.0069;24894;24381;24358;10;13;0.0352999999304302;0.001857895;0.0008;0.0019;20;1;1;2;19;24220;0.0008;0.0041;24381;24220;0
"UnityEngine.CoreModule.dll!UnityEngine::RectTransform.set_sizeDelta()";0.0011;0.0006;0.2003;24894;24655;25703;10;17;0.334299990034197;0.01114333;0.0008;0.0021;35;1;1;4;30;24220;0.0006;0.2003;24655;25703;0
"UnityEngine.CoreModule.dll!UnityEngine::Application.InvokeOnBeforeRender()";0.0011;0.0007;0.017;24984;24227;24973;4;4;3.13329998491099;0.00156665;0.0009;0.0016;2000;1;1;1;2000;24216;0.0007;0.017;24227;24973;0.0008
"UnityEngine.CoreModule.dll!UnityEngine::LineRenderer.set_useWorldSpace()";0.0011;0.0004;0.0113;25083;25588;24309;7;17;1.57659998201416;0.001442452;0.0008;0.0016;1955;2;1;3;1093;24216;0.0003;0.0103;24238;25395;0
"LowLevelPhysics2D.PhysicsWorld.PostSimulate";0.0011;0.0006;0.0285;25306;24339;24698;5;5;2.64919997833204;0.001582557;0.0008;0.0022;1698;1;1;2;1674;24216;0.0003;0.0285;24221;24698;0
"Assembly-CSharp.dll!::TowerChargeGaugeView..ctor()";0.0011;0.0011;0.0011;25308;25308;25308;19;19;0.00109999999403954;0.0011;0.0011;0.0011;1;1;1;1;1;25308;0.0011;0.0011;25308;25308;0
"mscorlib.dll!System::Enum.get_value()";0.0011;0.0011;0.0011;25308;25308;25308;28;28;0.00109999999403954;0.0011;0.0011;0.0011;1;1;1;1;1;25308;0.0011;0.0011;25308;25308;0
"mscorlib.dll!System::Enum.InternalGetValues()";0.0011;0.0011;0.0011;25308;25308;25308;24;24;0.00109999999403954;0.0011;0.0011;0.0011;1;1;1;1;1;25308;0.0011;0.0011;25308;25308;0
"mscorlib.dll!System::RuntimeType.GetAttributeFlagsImpl()";0.0011;0.0005;0.2262018;25308;26017;25904;26;56;0.227801757748239;0.07593392;0.0005;0.0011;949;3;2;944;3;25308;0.0001;0.0027;25904;25904;0
"mscorlib.dll!System.Threading::Thread.GetCurrentCultureNoAppX()";0.0011;0.0005;0.0156;25422;24657;25904;11;35;0.363299996650312;0.001780882;0.0007;0.0024;390;1;1;26;204;24220;0.0003;0.0052;24223;25336;0
"UnityEngine.CoreModule.dll!UnityEngine::Vector2.get_normalized()";0.0011;0.0003;0.0085;25482;24463;25400;10;20;0.0689999992318917;0.001725;0.0009999999;0.0014;104;3;1;3;40;24220;0.0003;0.0035;24247;24876;0
"Application.Integrate Assets in Background";0.0011;0.0006;0.018;25504;24228;25215;5;5;3.65679997607367;0.001829315;0.0009;0.0024;1999;1;1;1;1999;24216;0.0006;0.018;24228;25215;0.0008
"UnityEngine.UIModule.dll!UnityEngine::Canvas.get_overrideSorting()";0.0011;0.0004;0.1932;25536;24772;25696;14;16;1.03279998444486;0.00178069;0.0008;0.0016;1320;3;1;12;580;24220;0.0002;0.1916;24620;25696;0
"UnityEngine.ParticleSystemModule.dll!::MinMaxCurve.op_Implicit()";0.0011;0.0008;0.0055;25582;25498;25812;12;14;0.0870999968028627;0.001675;0.0009999999;0.0017;324;6;6;12;52;24287;0.0001;0.0025;24381;24894;0
"UnityEngine.CoreModule.dll!UnityEngine::Camera.get_pixelRect_Injected()";0.0011;0.0004;0.0104;25587;24224;25421;6;6;3.42999996893923;0.001715;0.0008;0.0025;2000;1;1;1;2000;24216;0.0004;0.0104;24224;25421;0.0008
"CanvasRenderer.SyncWorldRect";0.0011;0.0003;0.028;25602;24481;24694;5;5;2.66379984698142;0.001410911;0.0008;0.0016;11600;5;2;47;1888;24216;0;0.0272;24217;24694;0.0009
"UnityEngine.UIModule.dll!UnityEngine::Canvas.get_sortingLayerID()";0.0011;0.0004;0.013;25745;24565;26124;11;11;0.826099994126707;0.001451845;0.0009;0.0016;1262;3;1;3;569;24565;0.0002;0.013;24627;26124;0
"EarlyUpdate.UpdateContentLoading";0.0011;0.0006;0.0119;25784;24383;25099;2;2;3.30119997862494;0.0016506;0.0009;0.0022;2000;1;1;1;2000;24216;0.0006;0.0119;24383;25099;0.001
"UnityEngine.InputModule.dll!UnityEngineInternal.Input::NativeInputSystem.NotifyUpdate()";0.0011;0.0003;0.0145;25832;24775;25291;3;4;2.89949994414928;0.00144975;0.0008;0.0017;5698;3;2;4;2000;24216;0.0001;0.0129;24222;25291;0.0005
"Assembly-CSharp.dll!::WaveSystem.get_StageId()";0.0011;0.0011;0.0011;25904;25904;25904;16;16;0.00109999999403954;0.0011;0.0011;0.0011;1;1;1;1;1;25904;0.0011;0.0011;25904;25904;0
"mscorlib.dll!System.IO::StringWriter.Dispose()";0.0011;0.0011;0.0011;25904;25904;25904;26;28;0.00109999999403954;0.0011;0.0011;0.0011;4;4;4;4;1;25904;0.0002;0.0005;25904;25904;0
"mscorlib.dll!System.Text::StringBuilderCache.Release()";0.0011;0.0011;0.0011;25904;25904;25904;21;24;0.00109999999403954;0.0011;0.0011;0.0011;5;5;5;5;1;25904;0.0002;0.0003;25904;25904;0
"mscorlib.dll!System::Array.GetUpperBound()";0.0011;0.0011;0.0011;25904;25904;25904;44;47;0.00109999999403954;0.0011;0.0011;0.0011;2;2;2;2;1;25904;0.0005;0.0006;25904;25904;0
"UnityEngine.CoreModule.dll!UnityEngine::Texture.get_width()";0.0011;0.0009;0.0041;25904;25308;24539;19;21;0.00770000007469207;0.001925;0.0009;0.0016;7;1;1;3;4;24539;0.0004;0.0041;25452;24539;0
"UnityEngine.UI.dll!UnityEngine.EventSystems::BaseInput.GetMouseButtonDown()";0.0011;0.0003;0.0307;25969;26017;25056;6;10;3.49679991157609;0.0017484;0.0009;0.0019;7997;4;1;4;2000;24216;0.0001;0.0262;24221;25056;0.0009
"Assembly-CSharp.dll!::WaveSystem.OnDestroy()";0.0011;0.0011;0.0011;26017;26017;26017;10;10;0.00109999999403954;0.0011;0.0011;0.0011;1;1;1;1;1;26017;0.0011;0.0011;26017;26017;0
"UnityEngine.UI.dll!UnityEngine.EventSystems::RaycasterManager.AddRaycaster()";0.0011;0.0011;0.0011;26017;26017;26017;10;10;0.00109999999403954;0.0011;0.0011;0.0011;1;1;1;1;1;26017;0.0011;0.0011;26017;26017;0
"ClipperRegistry.Cull";0.0011;0.0007;0.0636;26141;25763;25370;9;9;3.26469998393441;0.00163235;0.001;0.0016;2000;1;1;1;2000;24216;0.0007;0.0636;25763;25370;0.0009
"UnityEngine.UI.dll!UnityEngine.EventSystems::PointerEventData.IsPointerMoving()";0.0011;0.0006;0.1417;26145;24740;25456;9;10;3.6312999294023;0.001816558;0.0009;0.0017;6543;3;3;4;1999;24216;0.0002;0.1405;24221;25456;0.0009
"UnityEngine.TextCoreFontEngineModule.dll!UnityEngine.TextCore::FaceInfo.get_ascentLine()";0.0011;0;0.2772;24978;24500;25303;12;24;2.89749965757801;0.001658557;0.0006;0.0017;37247;18;2;99;1747;24216;0;0.2681;24216;25303;0.0008
"Unity.TextMeshPro.dll!::TextBackingContainer.set_Item()";0.0011;0;0.03049998;25033;24491;24236;14;27;2.63949965410575;0.001510876;0.0006;0.0018;37240;18;2;99;1747;24216;0;0.0048;24216;25899;0.0011
"UnityEngine.UI.dll!UnityEngine.UI.Collections::IndexedSet`1.get_Count()";0.0011;0.0003;0.0131;25087;24858;24719;9;23;2.87089972369722;0.00143545;0.0009;0.0015;28855;15;11;63;2000;24216;0;0.0089;24216;24719;0.0007
"mscorlib.dll!System.Collections.Generic::KeyValuePair`2.get_Value()";0.0011;0.0002;0.017;25228;24300;24539;9;12;2.65459971514065;0.001473141;0.0009;0.0014;32434;18;16;18;1802;24216;0;0.0098;24216;24539;0.0011
"UnityEngine.UI.dll!::ButtonState.get_button()";0.0011;0;0.0138;25324;25054;26035;9;11;3.00089965084044;0.0015012;0.0008;0.0015;33980;17;14;17;1999;24216;0;0.0066;24216;24422;0.0012
"UnityEngine.CoreModule.dll!UnityEngine::Vector2.op_Implicit()";0.0011;0;0.02549999;25359;26052;25768;5;23;3.08549969152955;0.00154275;0.0008;0.0016;33769;16;6;39;2000;24216;0;0.021;24216;25768;0.0005
"mscorlib.dll!::InternalEnumerator`1..ctor()";0.0011;0.0011;0.0011;25904;25904;25904;39;44;0.00109999987762421;0.0011;0.0011;0.0011;17;17;17;17;1;25904;0;0.0002;25904;25904;0
"mscorlib.dll!System.Runtime.InteropServices::SafeHandle.DangerousGetHandle()";0.0011;0.0011;0.0011;25904;25904;25904;23;27;0.00109999987762421;0.0011;0.0011;0.0011;16;16;16;16;1;25904;0;0.0001;25904;25904;0
"mscorlib.dll!System.Runtime.InteropServices::SafeHandle.get_IsClosed()";0.0011;0.0011;0.0011;25904;25904;25904;23;25;0.00109999987762421;0.0011;0.0011;0.0011;16;16;16;16;1;25904;0;0.0001;25904;25904;0
"mscorlib.dll!System::Object..ctor()";0.0011;0.0011;0.0011;25904;25904;25904;43;43;0.00109999987762421;0.0011;0.0011;0.0011;24;24;24;24;1;25904;0;0.0001;25904;25904;0
"Newtonsoft.Json.dll!Newtonsoft.Json.Serialization::DefaultContractResolver.get_IgnoreShouldSerializeMembers()";0.0011;0.0011;0.0011;25904;25904;25904;35;38;0.00109999987762421;0.0011;0.0011;0.0011;20;20;20;20;1;25904;0;0.0002;25904;25904;0
"Newtonsoft.Json.dll!Newtonsoft.Json.Serialization::JsonProperty.set_ReferenceLoopHandling()";0.0011;0.0011;0.0011;25904;25904;25904;36;39;0.00109999987762421;0.0011;0.0011;0.0011;20;20;20;20;1;25904;0;0.0001;25904;25904;0
"UnityEngine.TextCoreFontEngineModule.dll!UnityEngine.TextCore::FaceInfo.get_pointSize()";0.0011;0;0.02819998;25914;24594;24236;12;24;2.78959963623493;0.001596794;0.0006;0.0018;37283;18;2;112;1747;24216;0;0.0163;24216;25870;0.0009
"Unity.Addressables.dll!::ResourceLocation.get_InternalId()";0.0011;0.0011;0.0011;26017;26017;26017;9;25;0.00109999987762421;0.0011;0.0011;0.0011;18;18;18;18;1;26017;0;0.0001;26017;26017;0
"FixedUpdate.DirectorFixedUpdate";0.001;0.0003;0.0133;24475;24313;24552;2;2;2.57029997557402;0.001535424;0.0008;0.002;1698;1;1;2;1674;24216;0.0001;0.0133;24221;24552;0
"Assembly-CSharp.dll!::MultiShotBehavior.AttackLoop()";0.001;0.0007;0.0042;24658;24247;25152;11;16;0.0302999994601123;0.001377273;0.0008;0.0012;22;1;1;1;22;24247;0.0007;0.0042;24247;25152;0
"Assembly-CSharp.dll!::MapDirector.Update()";0.001;0.0005;0.0176;24776;24221;25875;4;4;2.68059997493401;0.001488395;0.0007;0.0019;1801;1;1;1;1801;24216;0.0005;0.0176;24221;25875;0.0021
"UnityEngine.ParticleSystemModule.dll!::EmissionModule.set_rateOverTime()";0.001;0.0007;0.0043;24929;25543;25812;12;13;0.078899999614805;0.001517308;0.0009;0.0021;54;1;1;2;52;24287;0.0007;0.0043;25543;25812;0
"mscorlib.dll!System::Array.FastCopy()";0.001;0.0004;0.06960031;24947;24806;25904;11;54;0.479800307977712;0.001713573;0.0007;0.0017;928;1;1;523;280;24220;0;0.0131;25904;25914;0
"Initialization.XREarlyUpdate";0.001;0.0005;0.0093;25002;24273;24966;2;2;2.98809997283388;0.00149405;0.0007;0.0019;2000;1;1;1;2000;24216;0.0005;0.0093;24273;24966;0.001
"Physics.Interpolation";0.001;0.0003;0.0099;25264;24224;25029;3;3;2.68309997630422;0.00134155;0.0006;0.0019;3674;2;1;2;2000;24216;0;0.0089;24816;25029;0.0005
"UnityEngine.CoreModule.dll!UnityEngine::Object.set_hideFlags()";0.001;0.001;0.0019;25308;25308;26017;10;16;0.0028999998467043;0.00145;0.001;0.001;6;1;1;5;2;25308;0.0003;0.001;26017;25308;0
"PreLateUpdate.ConstraintManagerUpdate";0.001;0.0006;0.0148;25316;24271;24512;2;2;2.71309997729259;0.00135655;0.0008;0.0015;2000;1;1;1;2000;24216;0.0006;0.0148;24271;24512;0.0006
"Assembly-CSharp.dll!::ChainLightning.AnimateHop()";0.001;0.0005;0.0126;25420;25394;24901;6;22;0.0730999995721504;0.001522917;0.0008;0.0013;48;1;1;1;48;24225;0.0005;0.0126;25394;24901;0
"UnityEngine.CoreModule.dll!UnityEngine::Renderer.SetMaterial_Injected()";0.001;0.0006;0.0037;25459;25543;24324;14;15;0.0698999994783662;0.001344231;0.0008;0.0019;54;1;1;2;52;24287;0.0005;0.0037;24860;24324;0
"Update.DirectorUpdate";0.001;0.0002;0.0176;25473;24484;24995;2;2;2.61589998094132;0.00130795;0.0008;0.0015;2000;1;1;1;2000;24216;0.0002;0.0176;24484;24995;0.0013
"UnityEngine.UI.dll!UnityEngine.UI::Image.set_sprite()";0.001;0.0008;0.2257;25547;24649;24539;7;18;0.482700001331978;0.01304595;0.0009;0.0015;47;1;1;4;37;24539;0.0008;0.2257;24649;24539;0
"Assembly-CSharp.dll!::CannonBehavior.AttackLoop()";0.001;0.0007;0.0036;25835;25534;24429;11;16;0.0249999997904524;0.001388889;0.0009;0.0014;18;1;1;1;18;24245;0.0007;0.0036;25534;24429;0
"Assembly-CSharp.dll!::TowerWeapon.get_MultiShotCount()";0.001;0.0007;0.006;25841;25329;25152;7;17;0.0472999997437;0.001478125;0.0009;0.0012;32;1;1;1;32;24247;0.0007;0.006;25329;25152;0
"mscorlib.dll!System::Type.get_IsArray()";0.001;0.001;0.001;25904;25904;25904;35;35;0.00100000004749745;0.001;0.001;0.001;1;1;1;1;1;25904;0.001;0.001;25904;25904;0
"UnityEngine.CoreModule.dll!UnityEngine::Sprite.GetSecondaryTextureCount()";0.001;0.0008;0.0057;25904;24685;25215;14;14;0.0321999994921498;0.0020125;0.0008;0.0025;44;2;2;7;16;24220;0.0003;0.0029;24220;25215;0
"UnityEngine.CoreModule.dll!UnityEngine::Texture2D.get_format()";0.001;0.001;0.003;25904;25452;25663;10;19;0.00790000008419156;0.001975;0.001;0.0029;4;1;1;1;4;24539;0.001;0.003;25452;25663;0
"mscorlib.dll!System::Delegate.AllocDelegateLike_internal()";0.001;0.001;0.001;26017;26017;26017;16;16;0.00100000004749745;0.001;0.001;0.001;1;1;1;1;1;26017;0.001;0.001;26017;26017;0
"UnityEngine.UI.dll!UnityEngine.UIElements::UIToolkitInteroperabilityBridge.set_eventSystem()";0.001;0.001;0.001;26017;26017;26017;10;10;0.00100000004749745;0.001;0.001;0.001;1;1;1;1;1;26017;0.001;0.001;26017;26017;0
"UnityEngine.UIElementsModule.dll!UnityEngine.UIElements::UIElementsRuntimeUtility.add_onCreatePanel()";0.001;0.001;0.001;26017;26017;26017;7;7;0.00100000004749745;0.001;0.001;0.001;1;1;1;1;1;26017;0.001;0.001;26017;26017;0
"UnityEngine.UIElementsModule.dll!UnityEngine.UIElements::UIElementsRuntimeUtility.UnregisterEventSystem()";0.001;0.001;0.001;26017;26017;26017;14;14;0.00100000004749745;0.001;0.001;0.001;1;1;1;1;1;26017;0.001;0.001;26017;26017;0
"mscorlib.dll!System::IntPtr..ctor()";0.0009999999;0;0.02429999;24428;25969;24220;6;43;2.38539976671018;0.001323017;0.0007;0.0014;28313;15;9;96;1803;24216;0;0.0098;24216;25282;0.0004
"UnityEngine.CoreModule.dll!UnityEngine::Object.MarkDirty_Injected()";0.0009999999;0.0001;0.0178;24649;25937;24236;9;27;2.26459985379188;0.001295538;0.0006;0.0015;15607;8;1;45;1748;24216;0;0.0151;24216;25914;0.0006
"Unity.TextMeshPro.dll!TMPro::TMP_TextParsingUtilities.IsBaseGlyph()";0.0009999999;0.0001;0.02709999;24754;24485;24539;13;24;2.43469976119377;0.001393646;0.0005;0.0015;24611;11;1;83;1747;24216;0;0.0095;24216;25499;0.0006
"UnityEngine.InputLegacyModule.dll!UnityEngine::Input.GetKeyDownInt()";0.0009999999;0.0002;0.0145;24782;24895;24977;6;6;2.22519993899914;0.001235536;0.0007;0.0014;7843;4;4;5;1801;24216;0;0.0116;24221;25148;0.0006
"UnityEngine.CoreModule.dll!UnityEngine::Mathf.Atan2()";0.0009999999;0.0004;0.0082;24799;24786;25400;6;20;0.681799992220476;0.001360878;0.0007;0.0017;623;1;1;6;501;24216;0.0002;0.0076;24922;24976;0
"LOD.ComputeLOD";0.0009999999;0.0004;0.014;24942;24467;24826;6;7;2.40259994749795;0.0012013;0.0008;0.0013;4000;2;2;2;2000;24216;0;0.0138;24216;24826;0.0017
"UnityEngine.UIModule.dll!UnityEngine::Canvas.get_referencePixelsPerUnit()";0.0009999999;0.0006;0.0165;25073;24217;25395;10;23;1.58159998618066;0.001371726;0.0008;0.0015;2976;2;2;22;1153;24216;0.0002;0.0142;24217;25395;0
"UnityEngine.UIModule.dll!UnityEngine::CanvasRenderer.set_materialCount_Injected()";0.0009999999;0.0004;0.0098;25153;24625;25663;13;14;0.0397999995620921;0.0024875;0.0004;0.0028;59;2;2;12;16;24220;0.0001;0.005;24220;25663;0
"Director.PrepareFrame";0.0009999999;0;0.009399999;25242;26077;25516;3;3;2.3435998936111;0.0011718;0.0007;0.0014;13396;7;5;9;2000;24216;0;0.007;24216;25516;0.0008
"UnityEngine.CoreModule.dll!UnityEngine::Mesh.DefaultDimensionForChannel()";0.0009999999;0;0.02619998;25305;25920;24236;15;19;2.3763997449787;0.001360275;0.0006;0.0015;29770;14;2;76;1747;24216;0;0.0114;24216;24486;0.0006
"mscorlib.dll!System::Enum.InternalGetUnderlyingType()";0.0009999999;0.0009999999;0.0009999999;25308;25308;25308;24;29;0.000999999931082129;0.0009999999;0.0009999999;0.0009999999;3;3;3;3;1;25308;0.0001;0.0008;25308;25308;0
"Unity.TextMeshPro.dll!TMPro::TMP_Offset.get_zero()";0.0009999999;0.0001;0.02509999;25312;24556;24236;12;15;2.26869978146715;0.001298626;0.0006;0.0015;25270;12;2;64;1747;24216;0;0.0065;24216;25244;0.0007
"UnityEngine.IMGUIModule.dll!UnityEngine::GUIStyle.get_stretchWidth()";0.0009999999;0.0007;0.0133;25383;24235;25229;11;12;2.54979996220209;0.001415769;0.0009;0.0013;3814;2;2;6;1801;24216;0.0002;0.0115;24277;25229;0.0014
"mscorlib.dll!::Enumerator..ctor()";0.0009999999;0.0003;0.0238;25615;26101;25239;7;44;2.78829981628223;0.00139415;0.0008;0.0013;19975;10;8;53;2000;24216;0;0.0229;24216;25239;0.0006
"UnityEngine.CoreModule.dll!UnityEngine::Camera.get_cullingMask()";0.0009999999;0.0006;0.0141;25637;24221;25702;5;5;2.99179999070475;0.00152332;0.0008;0.0019;3928;2;2;2;1964;24216;0.0002;0.0116;24221;25574;0.0009999999
"UnityEngine.ParticleSystemModule.dll!::MinMaxCurveBlittable.op_Implicit()";0.0009999999;0.0007;0.0048;25714;24381;25812;13;14;0.0776999974623322;0.001494231;0.0009;0.0015;270;5;5;10;52;24287;0.0001;0.0019;24381;25258;0
"UnityEngine.UIModule.dll!UnityEngine::Canvas.get_sortingOrder()";0.0009999999;0.0003;0.0083;25732;25988;24698;11;11;0.737999986275099;0.001297012;0.0008;0.0015;1262;3;1;3;569;24565;0.0002;0.0042;24627;26159;0
"Assembly-CSharp.dll!::TowerWeapon.get_GoldUpgradeCount()";0.0009999999;0.0005;0.007999999;25735;24755;25717;8;19;0.042099998856429;0.001275758;0.0008;0.0012;118;4;2;4;33;24539;0.0001;0.0071;24640;25717;0
"mscorlib.dll!System.Collections::Hashtable.KeyEquals()";0.0009999999;0.0009999999;0.0009999999;25904;25904;25904;39;47;0.000999999931082129;0.0009999999;0.0009999999;0.0009999999;16;16;16;16;1;25904;0;0.0001;25904;25904;0
"mscorlib.dll!System.Reflection::ConstructorInfo.op_Equality()";0.0009999999;0.0009999999;0.0009999999;25904;25904;25904;34;53;0.000999999931082129;0.0009999999;0.0009999999;0.0009999999;21;21;21;21;1;25904;0;0.0001;25904;25904;0
"mscorlib.dll!System.Runtime.InteropServices::SafeHandle.DangerousAddRef()";0.0009999999;0.0009999999;0.0009999999;25904;25904;25904;25;27;0.000999999931082129;0.0009999999;0.0009999999;0.0009999999;12;12;12;12;1;25904;0;0.0001;25904;25904;0
"mscorlib.dll!System::RuntimeType.get_DeclaringType()";0.0009999999;0.0009999999;0.0009999999;25904;25904;25904;44;47;0.000999999931082129;0.0009999999;0.0009999999;0.0009999999;4;4;4;4;1;25904;0.0001;0.0005;25904;25904;0
"Newtonsoft.Json.dll!Newtonsoft.Json.Serialization::JsonContainerContract.get_FinalItemContract()";0.0009999999;0.0009999999;0.0009999999;25904;25904;25904;26;30;0.000999999931082129;0.0009999999;0.0009999999;0.0009999999;17;17;17;17;1;25904;0;0.0001;25904;25904;0
"System.Core.dll!::SelectManySingleSelectorIterator`2.Dispose()";0.0009999999;0.0009999999;0.0009999999;25904;25904;25904;36;40;0.000999999931082129;0.0009999999;0.0009999999;0.0009999999;4;4;4;4;1;25904;0.0001;0.0004;25904;25904;0
"UnityEngine.TextCoreFontEngineModule.dll!UnityEngine.TextCore.LowLevel::FontEngine.PopulatePairAdjustmentRecordMarshallingArray_Injected()";0.0009999999;0.0006;0.0043;25904;25452;24539;20;20;0.00590000004740432;0.001966667;0.0006;0.0009999999;4;1;1;2;3;24539;0.0003;0.0043;25904;24539;0
"System.dll!System.Collections.Generic::LinkedList`1.InternalRemoveNode()";0.0009999999;0.0009999999;0.0009999999;26017;26017;26017;17;17;0.000999999931082129;0.0009999999;0.0009999999;0.0009999999;6;6;6;6;1;26017;0.0001;0.0002;26017;26017;0
"Unity.ResourceManager.dll!UnityEngine.ResourceManagement.AsyncOperations::AsyncOperationHandle`1..ctor()";0.0009999999;0.0009999999;0.0009999999;26017;26017;26017;16;16;0.000999999931082129;0.0009999999;0.0009999999;0.0009999999;6;6;6;6;1;26017;0.0001;0.0002;26017;26017;0
"Unity.ResourceManager.dll!UnityEngine.ResourceManagement.AsyncOperations::ProviderOperation`1.UnityEngine.ResourceManagement.AsyncOperations.ICachable.set_Key()";0.0009999999;0.0009999999;0.0009999999;26017;26017;26017;16;24;0.000999999931082129;0.0009999999;0.0009999999;0.0009999999;9;9;9;9;1;26017;0.0001;0.0002;26017;26017;0
"UnityEngine.UI.dll!UnityEngine.EventSystems::BaseInput.GetMouseButtonUp()";0.0009;0.0005;0.1657;25826;24222;24872;10;10;2.82869994960492;0.001415057;0.0007;0.0016;5997;3;3;3;1999;24216;0.0001;0.1652;24221;24872;0.0007
"UnityEngine.Physics2DModule.dll!UnityEngine::ContactFilter2D.CheckConsistency()";0.0009;0.0003;0.0077;24344;24221;24278;9;20;1.25899998345994;0.001120107;0.0006;0.0014;2044;2;1;4;1124;24216;0.0001;0.007;24238;24278;0
"UIEvents.CanvasManagerEmitOffScreenGeometry";0.0009;0.0003;0.0169;24373;26018;25912;3;3;2.19919997884426;0.0010996;0.0007;0.0011;2000;1;1;1;2000;24216;0.0003;0.0169;26018;25912;0.0017
"UnityEngine.UI.dll!UnityEngine.EventSystems::StandaloneInputModule.SendSubmitEventToSelectedObject()";0.0009;0.0004;0.0978;24469;24285;25102;6;6;5.41229997450137;0.002707504;0.0006;0.0029;1999;1;1;1;1999;24216;0.0004;0.0978;24285;25102;0.0005
"Connections.Poll";0.0009;0.0003;0.0418;24536;24224;25812;6;6;2.50199997538584;0.001251;0.0006;0.0015;2000;1;1;1;2000;24216;0.0003;0.0418;24224;25812;0.0009
"UnityEngine.CoreModule.dll!UnityEngine::Camera.get_farClipPlane()";0.0009;0.0005;0.0114;24537;24221;24453;5;5;2.54249997320585;0.001294552;0.0006;0.0019;1964;1;1;1;1964;24216;0.0005;0.0114;24221;24453;0.0008
"Assembly-CSharp.dll!::PanelTowerDataViewer.ShowSlowRangeIfNeeded()";0.0009;0.0006;0.0033;24602;24755;24539;6;6;0.0083999999333173;0.00168;0.0006;0.003;5;1;1;1;5;24539;0.0006;0.0033;24755;24539;0
"mscorlib.dll!System::Char.GetLatin1UnicodeCategory()";0.0009;0.0001;0.02049999;24668;24580;24539;14;42;2.10249979470245;0.001203492;0.0005;0.0013;24622;11;1;105;1747;24216;0;0.01;24216;24322;0.0006
"UnityEngine.CoreModule.dll!UnityEngine::RectOffset.get_right()";0.0009;0.0006;0.0311;24688;24216;24754;10;11;2.31159999477677;0.001283509;0.0008;0.0012;3814;2;2;6;1801;24216;0.0002;0.0308;24216;24754;0.0007
"UnityEngine.UI.dll!UnityEngine.EventSystems::BaseInputModule.GetBaseEventData()";0.0009;0.0002;0.0136;24707;24795;25723;7;15;0.475499992491677;0.001206853;0.0006;0.0016;779;2;1;2;394;24635;0.0001;0.0125;24636;25723;0
"UnityEngine.TilemapModule.dll!UnityEngine.Tilemaps::Tilemap.get_size()";0.0009;0.0006;0.0095;24715;24221;24220;10;19;0.0369999997201376;0.001761905;0.0007;0.0022;46;2;2;6;21;24220;0.0002;0.002;24221;24220;0
"mscorlib.dll!System::Object.virt_stelemref_class_small_idepth()";0.0009;0;0.06670039;24716;24596;25904;9;51;2.12560025695711;0.00121255;0.0005;0.0014;14557;7;1;788;1753;24216;0;0.0061;24216;24972;0.0004
"Assembly-CSharp.dll!::TowerWeapon.get_LaserWidth()";0.0009;0.0007;0.0059;24773;24341;25152;13;18;0.0498999991687015;0.001467647;0.0008;0.0011;36;1;1;2;34;24220;0.0007;0.0059;24341;25152;0
"Unity.TextMeshPro.dll!TMPro::TextMeshPro.get_meshFilter()";0.0009;0.0005;0.0184;24801;24307;24358;13;22;0.495799992873799;0.001466864;0.0007;0.0016;425;1;1;6;338;24220;0.0005;0.0132;24240;25769;0
"UnityEngine.UI.dll!UnityEngine.UI::CanvasUpdateRegistry.IsRebuildingGraphics()";0.0009;0.0002;0.0109;24822;24251;24539;7;25;0.0743999964615796;0.001403774;0.0006;0.0013;181;3;1;24;53;24220;0.0001;0.002;24381;24835;0
"UnityEngine.CoreModule.dll!UnityEngine::Display.get_renderingWidth()";0.0009;0.0005;0.0415;24850;24231;25353;13;13;2.7328999711317;0.001367134;0.0006;0.0018;4034;2;2;3;1999;24216;0.0001;0.0412;24231;25353;0.0006
"PostLateUpdate.UpdateAllSkinnedMeshes";0.0009;0.0003;0.0331;24855;26080;25215;2;2;2.25029998042737;0.00112515;0.0008;0.0011;2000;1;1;1;2000;24216;0.0003;0.0331;26080;25215;0.0016
"UnityEngine.CoreModule.dll!UnityEngine::Mesh.MarkDynamicImpl_Injected()";0.0009;0.0002;0.0204;24889;24549;24236;15;17;1.96189987938851;0.001123011;0.0006;0.0013;12635;6;1;32;1747;24216;0;0.0047;24216;25422;0.0005
"UnityEngine.IMGUIModule.dll!UnityEngine::GUILayoutEntry.SetVertical()";0.0009;0.0005;0.0417;24889;25200;25138;7;8;2.13229997234885;0.001183953;0.0008;0.0011;1907;1;1;3;1801;24216;0.0003;0.0417;25786;25138;0.0012
"Unity.TextMeshPro.dll!TMPro::HighlightState..ctor()";0.0009;0;0.0352;24953;24495;25377;12;15;2.13359980507812;0.001221294;0.0005;0.0014;25270;12;2;64;1747;24216;0;0.0317;24216;25377;0.0008
"UnityEngine.CoreModule.dll!Unity.Collections.LowLevel.Unsafe::UnsafeUtility.IsBlittable()";0.0009;0.0004;0.013;24987;24350;25931;10;10;2.54809994751122;0.00127405;0.0007;0.0013;8000;4;4;4;2000;24216;0;0.007;24216;25931;0.0007
"UnityEngine.CoreModule.dll!UnityEngine::RectOffset.get_top()";0.0009;0.0006;0.0192;25124;24226;25229;10;16;2.292100000137;0.001271976;0.0008;0.0012;3816;2;2;6;1802;24216;0.0002;0.0175;24226;25229;0.0008
"UnityEngine.ParticleSystemModule.dll!::MainModule.set_startLifetimeBlittable()";0.0009;0.0006;0.0039;25190;25258;24287;13;14;0.06499999971129;0.00125;0.0008;0.0013;54;1;1;2;52;24287;0.0005;0.0032;24860;24324;0
"Assembly-CSharp.dll!::TowerWeapon.get_AttackTarget()";0.0009;0;0.03239997;25255;25815;25908;6;17;3.73939964381862;0.002357755;0.0004;0.0033;37828;9;1;71;1586;24216;0;0.0094;24216;24572;0
"mscorlib.dll!System.Collections.Generic::GenericComparer`1.Compare()";0.0009;0.0009;0.0057;25308;25308;25904;28;49;0.00659999961499125;0.0033;0.0009;0.0009;40;4;4;36;2;25308;0.0001;0.0003;25904;25308;0
"mscorlib.dll!System::RuntimeTypeHandle.GetBaseType()";0.0009;0.0004;0.02679997;25308;26017;25904;23;53;0.0280999693495687;0.009366657;0.0004;0.0009;254;3;2;249;3;25308;0;0.0009;25904;25904;0
"UnityEngine.CoreModule.dll!UnityEngine::SpriteRenderer.set_drawMode_Injected()";0.0009;0.0009;0.0009;25308;25308;25308;16;16;0.000899999984540045;0.0009;0.0009;0.0009;2;2;2;2;1;25308;0.0002;0.0007;25308;25308;0
"UnityEngine.UI.dll!UnityEngine.EventSystems::StandaloneInputModule.SendUpdateEventToSelectedObject()";0.0009;0.0005;0.1268;25344;24226;25721;6;6;14.7079999412526;0.007357679;0.0006;0.0029;1999;1;1;1;1999;24216;0.0005;0.1268;24226;25721;0.0008
"UnityEngine.CoreModule.dll!UnityEngine::RectOffset.get_bottom()";0.0009;0.0006;0.0211;25381;24335;25370;10;11;2.36889999709092;0.001315325;0.0008;0.0012;3814;2;2;6;1801;24216;0.0002;0.0184;24224;25370;0.0038
"Assembly-CSharp.dll!::ChainLightning.ChainRoutine()";0.0009;0.0006;0.0066;25394;24391;25380;12;17;0.0300000000279397;0.001428571;0.0007;0.0011;21;1;1;1;21;24296;0.0006;0.0066;24391;25380;0
"UnityEngine.UI.dll!UnityEngine.EventSystems::PointerEventData.set_pointerPress()";0.0009;0.0002;0.0066;25508;24755;25702;9;10;0.0891999984014546;0.001087805;0.0005;0.0012;82;1;1;1;82;24539;0.0002;0.0066;24755;25702;0
"mscorlib.dll!System.Collections.Generic::List`1.AddRange()";0.0009;0.0005;0.117;25511;24256;25904;5;39;3.21639996743761;0.0016082;0.0008;0.0016;2220;1;1;11;2000;24216;0.0004;0.0356;25483;25904;0.0007
"UnityEngine.CoreModule.dll!UnityEngine::GameObject.TryGetComponentFastPath()";0.0009;0.0006;0.0077;25669;25699;24220;11;16;0.0203999999794178;0.001854545;0.0007;0.0019;13;1;1;3;11;24220;0.0006;0.0031;25699;24220;0
"UnityEngine.CoreModule.dll!UnityEngine::Transform.GetParent_Injected()";0.0009;0.0001;0.0368;25713;24504;24220;11;31;2.23139986780734;0.001399874;0.0005;0.0016;10559;4;2;197;1594;24216;0;0.0148;24220;25215;0
"UnityEngine.UIModule.dll!UnityEngine::Canvas.get_renderMode_Injected()";0.0009;0.0002;0.0096;25755;26117;25516;9;18;2.44919990724884;0.0012246;0.0007;0.0015;9584;5;3;14;2000;24216;0;0.0079;24217;25516;0.0005
"UnityEngine.IMGUIModule.dll!UnityEngine::GUILayoutUtility.LayoutFreeGroup()";0.0009;0.0007;0.0214;25807;24340;25047;6;7;2.61929996899562;0.001454359;0.0009;0.0013;1907;1;1;3;1801;24216;0.0007;0.0214;24340;25047;0.0009
"FixedUpdate.ScriptRunBehaviourFixedUpdate";0.0009;0.0005;0.015;25819;24249;25377;2;2;2.38369997683913;0.001423955;0.0007;0.0019;1698;1;1;2;1674;24216;0.0002;0.0136;24221;25377;0
"CanvasUpdate.Prelayout";0.0009;0.0006;0.0184;25830;24272;24421;9;9;2.59229998104274;0.00129615;0.0008;0.0013;2000;1;1;1;2000;24216;0.0006;0.0184;24272;24421;0.0007
"Assembly-CSharp.dll!::TowerDebugSpawner.Update()";0.0009;0.0004;0.0138;25833;24543;25400;4;4;2.38459998145117;0.001324042;0.0006;0.0016;1801;1;1;1;1801;24216;0.0004;0.0138;24543;25400;0.0006
"Assembly-CSharp.dll!::DamagePopupSpawner.EnsureExists()";0.0009;0.0006;0.0127;25855;24296;24358;9;14;0.266599997412413;0.00154104;0.0007;0.0018;199;1;1;3;173;24220;0.0005;0.0065;24221;24358;0
"UnityEngine.IMGUIModule.dll!UnityEngine::GUIUtility.Internal_GetDefaultSkin()";0.0009;0.0005;0.06330001;25859;24223;24779;9;10;2.24799996428192;0.001248195;0.0008;0.0013;3814;2;2;6;1801;24216;0;0.0631;24643;24779;0.0007
"mscorlib.dll!System.Diagnostics::DebuggerDisplayAttribute..ctor()";0.0009;0.0009;0.0009;25904;25904;25904;48;48;0.000899999984540045;0.0009;0.0009;0.0009;1;1;1;1;1;25904;0.0009;0.0009;25904;25904;0
"mscorlib.dll!System.IO::FileStream.get_CanSeek()";0.0009;0.0009;0.0009;25904;25904;25904;23;25;0.000899999984540045;0.0009;0.0009;0.0009;12;12;12;12;1;25904;0;0.0002;25904;25904;0
"mscorlib.dll!System.Reflection::RuntimeMethodInfo.GetGenericArguments()";0.0009;0.0009;0.0009;25904;25904;25904;38;38;0.000899999984540045;0.0009;0.0009;0.0009;1;1;1;1;1;25904;0.0009;0.0009;25904;25904;0
"Newtonsoft.Json.dll!Newtonsoft.Json.Serialization::JsonContainerContract.set_ItemContract()";0.0009;0.0009;0.0009;25904;25904;25904;31;31;0.000899999984540045;0.0009;0.0009;0.0009;1;1;1;1;1;25904;0.0009;0.0009;25904;25904;0
"Newtonsoft.Json.dll!Newtonsoft.Json.Serialization::JsonProperty.get_IsReference()";0.0009;0.0009;0.0009;25904;25904;25904;30;32;0.000899999984540045;0.0009;0.0009;0.0009;16;16;16;16;1;25904;0;0.0001;25904;25904;0
"UnityEngine.CoreModule.dll!UnityEngine::Texture.GetDataHeight()";0.0009;0.0007;0.0033;25904;25308;24539;20;22;0.00629999989178032;0.001575;0.0007;0.0014;7;1;1;3;4;24539;0.0004;0.0033;25452;24539;0
"UnityEngine.UIModule.dll!UnityEngine::CanvasRenderer.SetSecondaryTextureCount()";0.0009;0.0007;0.0058;25904;24655;25215;13;13;0.0329999997047707;0.0020625;0.0008;0.0028;44;2;2;7;16;24220;0.0003;0.0031;24220;25215;0
"UnityEngine.CoreModule.dll!UnityEngine::Rect.Contains()";0.0009;0;0.0839;25928;26084;24839;5;5;2.73879996591859;0.0013694;0.0007;0.0018;2000;1;1;1;2000;24216;0;0.0839;26084;24839;0.0009
"UnityEngine.IMGUIModule.dll!UnityEngine::GUIStyle.get_fixedHeight()";0.0009;0.0006;0.0148;25971;24773;25875;11;12;2.43689998617629;0.001353082;0.0008;0.0013;3814;2;2;6;1801;24216;0.0002;0.013;24235;25875;0.0008
"System.dll!System.Collections.Generic::LinkedList`1.InternalInsertNodeBefore()";0.0009;0.0009;0.0009;26017;26017;26017;19;19;0.000899999984540045;0.0009;0.0009;0.0009;6;6;6;6;1;26017;0.0001;0.0002;26017;26017;0
"UnityEngine.UI.dll!::<>c.<GetPreferredHeight>b__7_0()";0.0009;0.0009;0.0009;26017;26017;26017;20;20;0.000899999984540045;0.0009;0.0009;0.0009;6;6;6;6;1;26017;0.0001;0.0002;26017;26017;0
"UnityEngine.UI.dll!UnityEngine.UI::Selectable.get_image()";0.0009;0.0009;0.0009;26017;26017;26017;12;15;0.000899999984540045;0.0009;0.0009;0.0009;14;14;14;14;1;26017;0;0.0001;26017;26017;0
"UnityEngine.CoreModule.dll!UnityEngine.Bindings::BlittableArrayWrapper..ctor()";0.0008;0.0002;0.0019;24539;25904;25452;23;23;0.00289999971573707;0.0009666666;0.0002;0.0008;12;4;2;6;3;24539;0;0.0014;25904;25452;0
"UnityEngine.IMGUIModule.dll!UnityEngine::GUIStyle.get_stretchHeight()";0.0008;0.0006;0.009;25431;24254;25516;11;12;2.13239998673089;0.001184009;0.0007;0.0011;3814;2;2;6;1801;24216;0.0002;0.0071;24223;25516;0.0007
"UnityEngine.Physics2DModule.dll!UnityEngine::Rigidbody2D.set_linearVelocity_Injected()";0.0008;0.0003;0.0057;25547;25349;25400;7;21;0.12929999732296;0.001086555;0.0006;0.0013;322;2;1;6;119;24220;0;0.0032;24247;25959;0
"UnityEngine.CoreModule.dll!UnityEngine::Texture.GetDataWidth()";0.0008;0.0006;0.0029;25904;25308;24539;20;22;0.00559999997494742;0.0014;0.0006;0.0013;7;1;1;3;4;24539;0.0003;0.0029;25904;24539;0
"UnityEngine.UI.dll!UnityEngine.UI::Image.ClearArray()";0.0008;0.0004;0.0043;25904;25669;25215;13;13;0.0238999994762708;0.00149375;0.0006;0.0018;44;2;2;7;16;24220;0.0002;0.0023;24220;25215;0
"Assembly-CSharp.dll!::TowerWeapon.get_TargetProjectilePrefab()";0.0008;0.0007;0.0011;24245;24624;24429;6;16;0.0165999997989275;0.00083;0.0007;0.0009;20;1;1;1;20;24245;0.0007;0.0011;24624;24429;0
"UnityEngine.CoreModule.dll!UnityEngine::Mesh.get_subMeshCount()";0.0008;0.0004;0.0097;24281;24251;25245;20;20;1.11879998006043;0.0009703382;0.0006;0.001;1491;1;1;7;1153;24216;0.0003;0.0069;24220;25245;0
"UnityEngine.CoreModule.dll!UnityEngine::Sprite.GetOuterUVs_Injected()";0.0008;0.0004;0.0053;24295;25430;25304;17;17;1.11459998221835;0.0009666955;0.0006;0.001;1491;1;1;7;1153;24216;0.0001;0.0041;24220;24553;0
"UnityEngine.IMGUIModule.dll!::BindingsMarshaller.ConvertToNative()";0.0008;0;0.0166;24379;26038;25662;6;13;2.02989985610475;0.00101495;0.0006;0.0009999999;24995;13;1;39;2000;24216;0;0.0132;24216;25662;0.0009999999
"UnityEngine.CoreModule.dll!::BindingsMarshaller.ConvertToNative()";0.0008;0.0001;0.0159;24404;25831;25400;8;27;2.0162998380838;0.001118923;0.0006;0.0012;23428;10;10;78;1802;24216;0;0.0089;24216;25723;0.0033
"UnityEngine.UI.dll!::ButtonState.get_eventData()";0.0008;0;0.1288001;24437;26213;26025;8;10;2.15599994685181;0.001078539;0.0005;0.0009999999;21989;11;11;11;1999;24216;0;0.1253;24216;26025;0.0006
"Assembly-CSharp.dll!::PlayerService.AddGold()";0.0008;0.0005;0.0042;24472;24834;24358;12;15;0.0229999994626269;0.001210526;0.0006;0.0012;20;1;1;2;19;24220;0.0005;0.0028;24834;25703;0
"Unity.ResourceManager.dll!::ListWithEvents`1.get_Count()";0.0008;0.0004;0.0337;24473;24222;25119;6;6;2.18259999065776;0.0010913;0.0005;0.0016;2000;1;1;1;2000;24216;0.0004;0.0337;24222;25119;0.0008
"UnityEngine.GridModule.dll!UnityEngine::GridLayout.get_cellGap()";0.0008;0.0005;0.0082;24534;24461;24869;6;6;0.106999998097308;0.00104902;0.0007;0.001;102;1;1;1;102;24457;0.0005;0.0082;24461;24869;0
"UnityEngine.CoreModule.dll!UnityEngine::Random.Range()";0.0008;0.0006;0.0018;24564;24463;24220;6;9;0.010499999858439;0.0009545455;0.0007;0.001;11;1;1;1;11;24220;0.0006;0.0018;24463;24220;0
"UnityEngine.CoreModule.dll!UnityEngine::Camera.get_nearClipPlane()";0.0008;0.0004;0.0172;24596;24221;26143;5;5;2.24609997647349;0.001143635;0.0006;0.0015;1964;1;1;1;1964;24216;0.0004;0.0172;24221;26143;0.0007
"Assembly-CSharp.dll!::PanelTowerDataViewer.HideSlowRangeVisual()";0.0008;0.0007;0.0033;24602;24755;24539;6;7;0.0117999999783933;0.001475;0.0007;0.0017;8;1;1;1;8;24539;0.0007;0.0033;24755;24539;0
"Unity.TextMeshPro.dll!TMPro::TextMeshPro.get_mesh()";0.0008;0.0005;0.0094;24608;24892;24358;17;22;0.221999995526858;0.001283237;0.0007;0.0014;199;1;1;3;173;24220;0.0005;0.0044;24221;25198;0
"UnityEngine.CoreModule.dll!UnityEngine::Camera.GetAllCamerasCount()";0.0008;0.0002;0.0117;24612;25248;25527;6;7;2.27409997220093;0.00113705;0.0006;0.0016;4000;2;2;2;2000;24216;0;0.0115;24221;25527;0.0005
"UnityEngine.ParticleSystemModule.dll!::MainModule.set_startSizeBlittable()";0.0008;0.0005;0.0033;24645;25714;24324;13;14;0.0563999988953583;0.001084615;0.0006;0.001;54;1;1;2;52;24287;0.0004;0.0033;24860;24324;0
"Unity.TextMeshPro.dll!TMPro::TMP_Style.get_hashCode()";0.0008;0;0.031;24664;24449;24965;13;26;1.7884998397567;0.001023755;0.0004;0.0012;25272;12;2;64;1747;24216;0;0.0173;24216;24965;0.0019
"UnityEngine.CoreModule.dll!UnityEngine::Camera.get_targetDisplay()";0.0008;0.0004;0.0467;24675;24221;25704;5;5;2.33929998025997;0.00116965;0.0006;0.0015;2000;1;1;1;2000;24216;0.0004;0.0467;24221;25704;0.0006
"mscorlib.dll!System.Collections.Generic::Dictionary`2.get_Count()";0.0008;0;0.0199;24690;24449;24236;9;28;1.76019983557489;0.001007556;0.0004;0.0012;25275;12;2;64;1747;24216;0;0.0063;24216;25127;0.0005
"UnityEngine.CoreModule.dll!UnityEngine::Transform.get_rotation_Injected()";0.0008;0.0001;0.0055;24712;24566;24698;12;13;0.558999982815294;0.0009824253;0.0005;0.0011;2524;6;2;6;569;24565;0;0.0028;24566;26124;0
"mscorlib.dll!System.Collections.Generic::KeyValuePair`2..ctor()";0.0008;0.0003;0.0122;24742;24240;25009;10;13;1.9303999285039;0.001071254;0.0006;0.0009999999;16217;9;8;9;1802;24216;0;0.0081;24216;24510;0.0006
"UnityEngine.CoreModule.dll!UnityEngine::Vector3.get_normalized()";0.0008;0.0004;0.0073;24754;25185;24432;5;8;0.224899996857857;0.00108125;0.0006;0.0012;226;1;1;4;208;24220;0.0002;0.0073;24463;24432;0
"UnityEngine.CoreModule.dll!UnityEngine::LineRenderer.set_endColor()";0.0008;0.0005;0.003;24768;24552;24460;6;6;0.0908999983803369;0.0008911765;0.0007;0.0009;102;1;1;1;102;24457;0.0005;0.003;24552;24460;0
"Assembly-CSharp.dll!::LaserBehavior.AttackLoop()";0.0008;0.0005;0.0034;24794;24507;24237;11;16;0.0398999996832572;0.001173529;0.0007;0.0011;36;1;1;2;34;24220;0.0004;0.0034;24861;25152;0
"UnityEngine.CoreModule.dll!UnityEngine::LineRenderer.SetColorGradient_Injected()";0.0008;0.0003;0.0067;24805;24325;25400;10;26;0.537799985817401;0.001009006;0.0005;0.0011;1989;3;3;6;533;24216;0;0.0031;24219;24798;0
"UnityEngine.CoreModule.dll!UnityEngine::LineRenderer.set_widthMultiplier()";0.0008;0.0005;0.0044;24835;24324;25395;14;19;0.0397999996785074;0.001170588;0.0006;0.001;36;1;1;2;34;24220;0.0005;0.0044;24324;25395;0
"UnityEngine.CoreModule.dll!UnityEngine::Renderer.get_sortingLayerID_Injected()";0.0008;0.0004;0.0027;24874;25543;24860;13;17;0.0490999994799495;0.0009264151;0.0006;0.001;56;1;1;2;53;24287;0.0001;0.0026;25308;25273;0
"Unity.TextMeshPro.dll!TMPro::TMP_FontStyleStack.Clear()";0.0008;0;0.02169999;24882;24538;24236;12;27;1.84499983055139;0.001056096;0.0004;0.0012;25271;12;2;64;1747;24216;0;0.0076;24216;25516;0.0004
"UnityEngine.GridModule.dll!UnityEngine::GridLayout.CellToLocalInterpolated_Injected()";0.0008;0.0005;0.0081;24893;24465;25619;8;8;0.100899997982197;0.0009892157;0.0007;0.0009;204;2;2;2;102;24457;0;0.0081;24462;25619;0
"UnityEngine.CoreModule.dll!UnityEngine::Transform.set_localPosition_Injected()";0.0008;0.0003;0.0056;25007;24564;24289;9;20;1.43619998040958;0.001052161;0.0005;0.0013;2444;1;1;7;1365;24216;0;0.0035;25340;24471;0.0008
"UnityEngine.UI.dll!UnityEngine.UI::Image.get_sprite()";0.0008;0.0001;0.0303;25072;25416;25215;10;25;1.3334998503633;0.001156548;0.0006;0.0012;18258;12;12;139;1153;24216;0;0.0144;24216;25215;0
"Update Lights";0.0008;0.0004;0.0566;25073;26073;24283;3;8;2.24049998144619;0.00112025;0.0007;0.0009;4001;2;2;3;2000;24216;0.0001;0.054;25558;24283;0.0007
"System.Core.dll!System.Collections.Generic::HashSet`1.GetEnumerator()";0.0008;0.0004;0.0541;25132;24222;26017;7;15;2.53879998985212;0.0012694;0.0005;0.0018;2003;1;1;4;2000;24216;0.0004;0.0504;24222;26017;0.0005
"Assembly-CSharp.dll!::PathLengthSpeedScale.ScaleNodeMoveTime()";0.0008;0.0005;0.0037;25140;25848;24662;6;6;0.00959999987389892;0.001371429;0.0006;0.0009;7;1;1;1;7;24426;0.0005;0.0037;25848;24662;0
"UnityEngine.UI.dll!UnityEngine.UI::CanvasUpdateRegistry.IsRebuildingLayout()";0.0008;0.0001;0.0087;25195;25699;25386;10;25;1.2240999828573;0.001059827;0.0006;0.0013;2151;2;1;11;1155;24216;0.0001;0.0087;24223;25386;0
"Assembly-CSharp.dll!::TowerWeapon.get_BombProjectilePrefab()";0.0008;0.0006;0.0033;25267;24256;25173;6;16;0.0280999992974102;0.001080769;0.0006;0.0009;26;1;1;1;26;24256;0.0006;0.0033;24256;25173;0
"UnityEngine.CoreModule.dll!UnityEngine::BeforeRenderHelper.Invoke()";0.0008;0.0005;0.0167;25285;24255;24973;5;5;2.30249996983912;0.00115125;0.0007;0.0012;2000;1;1;1;2000;24216;0.0005;0.0167;24255;24973;0.0006
"Profiler.FrameMetadata";0.0008;0.0002;0.1911;25365;26023;25102;5;11;5.63409990891523;0.00281705;0.0007;0.0011;10239;5;4;7;2000;24216;0;0.1874;24221;25102;0.0006
"UnityEngine.TextCoreFontEngineModule.dll!UnityEngine.TextCore::Glyph.get_atlasIndex()";0.0008;0.0001;0.027;25366;24481;24236;14;27;2.02889983865316;0.001161362;0.0005;0.0013;24604;11;1;83;1747;24216;0;0.0099;24216;24283;0.0006
"mscorlib.dll!System::Object.virt_stelemref_interface()";0.0008;0.0003;0.0127;25372;24774;24220;12;34;1.40779997679056;0.001175125;0.0006;0.0014;1958;1;1;25;1198;24216;0;0.0057;24247;25233;0
"UnityEngine.CoreModule.dll!UnityEngine::Sprite.GetInnerUVs()";0.0008;0.0005;0.0092;25375;24228;25628;16;16;1.22619997529546;0.001063487;0.0006;0.0011;1480;1;1;6;1153;24216;0.0003;0.0092;24220;25628;0
"TerrainManager.CullAllTerrains";0.0008;0.0004;0.0088;25399;25341;24524;5;5;2.12329996950575;0.00106165;0.0007;0.001;2000;1;1;1;2000;24216;0.0004;0.0088;25341;24524;0.0009
"UnityEngine.CoreModule.dll!UnityEngine::Behaviour.get_enabled()";0.0008;0.0004;0.0187;25418;24222;25007;7;7;2.65189997898415;0.00132595;0.0006;0.0019;2000;1;1;1;2000;24216;0.0004;0.0187;24222;25007;0.0006
"mscorlib.dll!System::Single.Equals()";0.0008;0.0001;0.0086;25508;25786;24220;16;28;0.116099997809215;0.001116346;0.0006;0.0013;160;1;1;5;104;24220;0;0.0026;24635;24220;0
"UnityEngine.CoreModule.dll!UnityEngine::Display.RelativeMouseAt()";0.0008;0.0004;0.0307;25508;24230;24614;5;13;2.40169998951023;0.00120085;0.0006;0.0017;2036;1;1;2;2000;24216;0.0002;0.0307;26081;24614;0.0005
"EarlyUpdate.ExecuteMainThreadJobs";0.0008;0.0004;0.1738;25574;24291;25736;2;2;2.65189998204005;0.00132595;0.0006;0.0015;2000;1;1;1;2000;24216;0.0004;0.1738;24291;25736;0.0009
"UnityEngine.CoreModule.dll!UnityEngine::RectTransform.get_pivot()";0.0008;0.0004;0.006199999;25581;25399;26017;11;24;0.225599996309029;0.001274576;0.0007;0.0015;222;1;1;13;177;24220;0.0003;0.0033;24221;25459;0
"FixedUpdate.PhysicsClothFixedUpdate";0.0008;0.0002;0.0072;25634;24513;25760;2;2;2.05069998337422;0.00122503;0.0005;0.0017;1698;1;1;2;1674;24216;0.0001;0.0072;24221;25760;0
"Assembly-CSharp.dll!::BossIntroFx.StopGather()";0.0008;0.0006;0.0018;25669;24625;25153;7;14;0.0047999998787418;0.0012;0.0006;0.0016;4;1;1;1;4;24625;0.0006;0.0018;24625;25153;0
"UnityEngine.CoreModule.dll!UnityEngine::Mathf.Pow()";0.0008;0.0004;0.0043;25758;25736;26146;9;12;2.22539997033891;0.0011127;0.0007;0.0012;2001;1;1;2;2000;24216;0.0004;0.0043;25736;26146;0.0006
"UnityEngine.IMGUIModule.dll!UnityEngine::GUIUtility.CheckOnGUI()";0.0008;0.0004;0.015;25796;24260;25704;7;8;2.00599998145481;0.001113826;0.0007;0.0011;3814;2;2;6;1801;24216;0.0001;0.0126;24228;25704;0.0007
"AudioManager.FixedUpdate";0.0008;0.0004;0.0111;25801;24255;25992;3;3;2.2311999759404;0.001332855;0.0006;0.0017;1698;1;1;2;1674;24216;0.0002;0.0111;24221;25992;0
"UnityEngine.CoreModule.dll!UnityEngine::Renderer.set_sortingOrder()";0.0008;0.0005;0.0119;25852;24381;24220;11;16;0.0795000002835877;0.001223077;0.0006;0.0013;83;1;1;6;65;24220;0.0003;0.0028;25184;24220;0
"UnityEngine.CoreModule.dll!UnityEngine::LineRenderer.get_startColor()";0.0008;0.0005;0.0068;25898;24221;25932;5;5;1.52079997659894;0.00119372;0.0007;0.0013;1274;1;1;1;1274;24216;0.0005;0.0068;24221;25932;0.0006
"mscorlib.dll!System.Text::EncodingHelper.get_UTF8Unmarked()";0.0008;0.0008;0.0008;25904;25904;25904;22;23;0.0007999999797903;0.0008;0.0008;0.0008;4;4;4;4;1;25904;0.0002;0.0002;25904;25904;0
"mscorlib.dll!System.Text::UTF8Encoding.InRange()";0.0008;0.0008;0.0008;25904;25904;25904;25;26;0.0007999999797903;0.0008;0.0008;0.0008;14;14;14;14;1;25904;0;0.0001;25904;25904;0
"mscorlib.dll!System::Array.CopyTo()";0.0008;0.0008;0.0008;25904;25904;25904;43;46;0.0007999999797903;0.0008;0.0008;0.0008;2;2;2;2;1;25904;0.0004;0.0004;25904;25904;0
"mscorlib.dll!System::ParamsArray.get_Length()";0.0008;0.0008;0.0008;25904;25904;25904;20;24;0.0007999999797903;0.0008;0.0008;0.0008;14;14;14;14;1;25904;0;0.0001;25904;25904;0
"mscorlib.dll!System::RuntimeType.IsInstanceOfType()";0.0008;0.0008;0.0008;25904;25904;25904;39;42;0.0007999999797903;0.0008;0.0008;0.0008;2;2;2;2;1;25904;0.0004;0.0004;25904;25904;0
"Newtonsoft.Json.dll!Newtonsoft.Json.Serialization::JsonObjectContract.get_ExtensionDataGetter()";0.0008;0.0008;0.0008;25904;25904;25904;27;32;0.0007999999797903;0.0008;0.0008;0.0008;15;15;15;15;1;25904;0;0.0001;25904;25904;0
"Newtonsoft.Json.dll!Newtonsoft.Json.Serialization::JsonProperty.get_ItemConverter()";0.0008;0.0008;0.0008;25904;25904;25904;30;31;0.0007999999797903;0.0008;0.0008;0.0008;16;16;16;16;1;25904;0;0.0001;25904;25904;0
"Newtonsoft.Json.dll!Newtonsoft.Json.Serialization::JsonProperty.get_ItemReferenceLoopHandling()";0.0008;0.0008;0.0008;25904;25904;25904;30;31;0.0007999999797903;0.0008;0.0008;0.0008;12;12;12;12;1;25904;0;0.0001;25904;25904;0
"Newtonsoft.Json.dll!Newtonsoft.Json.Serialization::JsonProperty.get_ItemTypeNameHandling()";0.0008;0.0008;0.0008;25904;25904;25904;33;34;0.0007999999797903;0.0008;0.0008;0.0008;12;12;12;12;1;25904;0;0.0001;25904;25904;0
"Newtonsoft.Json.dll!Newtonsoft.Json.Serialization::JsonProperty.get_TypeNameHandling()";0.0008;0.0008;0.0008;25904;25904;25904;31;32;0.0007999999797903;0.0008;0.0008;0.0008;8;8;8;8;1;25904;0.0001;0.0001;25904;25904;0
"Newtonsoft.Json.dll!Newtonsoft.Json.Serialization::JsonProperty.set_Ignored()";0.0008;0.0008;0.0008;25904;25904;25904;36;39;0.0007999999797903;0.0008;0.0008;0.0008;20;20;20;20;1;25904;0;0.0002;25904;25904;0
"Newtonsoft.Json.dll!Newtonsoft.Json::JsonConvert.get_DefaultSettings()";0.0008;0.0008;0.0008;25904;25904;25904;22;24;0.0007999999797903;0.0008;0.0008;0.0008;4;4;4;4;1;25904;0.0001;0.0004;25904;25904;0
"Newtonsoft.Json.dll!Newtonsoft.Json::JsonObjectAttribute[].System.Collections.Generic.ICollection`1.get_Count()";0.0008;0.0008;0.0008;25904;25904;25904;43;48;0.0007999999797903;0.0008;0.0008;0.0008;4;4;4;4;1;25904;0.0002;0.0002;25904;25904;0
"System.Core.dll!::Iterator`1.Dispose()";0.0008;0.0008;0.0008;25904;25904;25904;35;41;0.0007999999797903;0.0008;0.0008;0.0008;11;11;11;11;1;25904;0;0.0001;25904;25904;0
"UnityEngine.CoreModule.dll!UnityEngine::Texture2D.get_isReadable_Injected()";0.0008;0.0002;0.0027;25904;25308;24539;11;22;0.00550000007206108;0.0011;0.0008;0.001;11;2;1;4;5;24539;0;0.0018;25452;24539;0
"mscorlib.dll!System::Double.IsNaN()";0.0008;0.0004;0.0185;25988;24418;25993;11;34;2.32459994454985;0.0011623;0.0007;0.0011;8006;4;4;8;2000;24216;0.0001;0.0169;24216;25993;0.0009999999
"UnityEngine.CoreModule.dll!UnityEngine.SceneManagement::SceneManager.GetSceneAt()";0.0008;0.0008;0.0008;26016;26016;26016;20;20;0.0007999999797903;0.0008;0.0008;0.0008;1;1;1;1;1;26016;0.0008;0.0008;26016;26016;0
"mscorlib.dll!System.Collections.Generic::Dictionary`2.get_Values()";0.0008;0.0008;0.0008;26017;26017;26017;9;15;0.0007999999797903;0.0008;0.0008;0.0008;3;3;3;3;1;26017;0;0.0007;26017;26017;0
"mscorlib.dll!System::Object.Equals()";0.0008;0.0008;0.01289999;26017;26017;25904;18;45;0.013699988310691;0.006849994;0.0008;0.0008;217;11;11;206;2;25904;0;0.0013;25904;25904;0
"mscorlib.dll!System::RuntimeMethodHandle.get_Value()";0.0008;0.0008;0.006099997;26017;26017;25904;16;52;0.0068999970681034;0.003449999;0.0008;0.0008;144;17;17;127;2;25904;0;0.0001;25904;25904;0
"UnityEngine.UI.dll!UnityEngine.UI::LayoutGroup.GetTotalFlexibleSize()";0.0008;0.0008;0.0008;26017;26017;26017;15;15;0.0007999999797903;0.0008;0.0008;0.0008;1;1;1;1;1;26017;0.0008;0.0008;26017;26017;0
"UnityEngine.UI.dll!UnityEngine.UI::LayoutGroup.GetTotalMinSize()";0.0008;0.0008;0.0008;26017;26017;26017;15;15;0.0007999999797903;0.0008;0.0008;0.0008;1;1;1;1;1;26017;0.0008;0.0008;26017;26017;0
"UnityEngine.UI.dll!UnityEngine.UI::StencilMaterial.Remove()";0.0007999999;0.0005;0.01;25452;24251;26017;11;24;0.0451999987126328;0.001738461;0.0006;0.0017;104;2;2;35;26;24220;0.0002;0.0015;24251;24220;0
"UnityEngine.CoreModule.dll!UnityEngine::Quaternion.Internal_AngleAxis_Injected()";0.0007;0.0005;0.0047;24658;25331;25400;9;19;0.0328999998164363;0.001028125;0.0006;0.0009;96;3;3;3;32;24247;0.0001;0.0026;24247;25400;0
"UnityEngine.ParticleSystemModule.dll!::MinMaxGradientBlittable.op_Implicit()";0.0007;0.0004;0.0027;24894;25497;24976;13;14;0.0518999989435542;0.0009980769;0.0006;0.0011;108;2;2;4;52;24287;0.0001;0.002;25497;25855;0
"UnityEngine.CoreModule.dll!UnityEngine::Display.get_systemWidth()";0.0007;0.0004;0.0124;25302;24219;25500;13;13;2.04549996039714;0.001023262;0.0006;0.0012;4034;2;2;3;1999;24216;0.0001;0.011;24219;25500;0.0008
"UnityEngine.CoreModule.dll!UnityEngine::SpriteRenderer.set_sprite_Injected()";0.0007;0.0002;0.0163;25626;25284;25308;8;20;0.1802999972424;0.001397674;0.0005;0.0013;246;2;1;7;129;24220;0;0.0128;24625;25308;0
"mscorlib.dll!::Enumerator.Dispose()";0.0007;0;0.009800001;24249;26105;25173;6;44;1.76219991919788;0.0008811;0.0005;0.0008;19973;10;8;51;2000;24216;0;0.0069;24216;25173;0.0005
"Unity.TextMeshPro.dll!TMPro::TextMeshPro.UpdateEnvMapMatrix()";0.0007;0.0001;0.0336;24339;24467;25408;9;9;1.51769990635512;0.0008692439;0.0004;0.0009999999;12507;6;1;32;1746;24216;0;0.0332;24216;25408;0.0003
"UnityEngine.UIModule.dll!UnityEngine::Canvas.get_isRootCanvas()";0.0007;0.0004;0.0575;24374;24280;25032;8;11;1.98859997614636;0.0009943;0.0006;0.0009;2001;1;1;2;2000;24216;0.0004;0.0575;24280;25032;0.0005
"UnityEngine.ParticleSystemModule.dll!::MainModule.set_playOnAwake()";0.0007;0.0004;0.0024;24381;24435;24860;12;13;0.0452999996487051;0.0008711538;0.0005;0.001;54;1;1;2;52;24287;0.0002;0.0022;24860;24860;0
"UnityEngine.CoreModule.dll!UnityEngine::RectTransform.set_sizeDelta_Injected()";0.0007;0.0003;0.1989;24472;24655;25703;11;18;0.310599997785175;0.01035333;0.0004;0.0012;35;1;1;4;30;24220;0.0003;0.1989;24655;25703;0
"Profiler.CollectVideoStats";0.0007;0.0002;0.0041;24500;26122;25049;5;5;1.57619998096197;0.0007881;0.0005;0.0009;2000;1;1;1;2000;24216;0.0002;0.0041;26122;25049;0.0006
"LowLevelPhysics2D.PhysicsWorld.Transform.WriteTweens";0.0007;0.0002;0.1081;24507;24221;25271;3;3;1.90159997623414;0.0009508;0.0004;0.0011;2000;1;1;1;2000;24216;0.0002;0.1081;24221;25271;0.001
"PostLateUpdate.GUIClearEvents";0.0007;0.0002;0.0108;24522;24814;25628;2;2;2.14679998604697;0.0010734;0.0004;0.0015;2000;1;1;1;2000;24216;0.0002;0.0108;24814;25628;0.0004
"UnityEngine.GridModule.dll!UnityEngine::GridLayout.LocalToWorld()";0.0007;0.0005;0.0503;24556;24555;24870;7;7;0.133499996969476;0.001308823;0.0006;0.0009;102;1;1;1;102;24457;0.0005;0.0503;24555;24870;0
"Unity.ResourceManager.dll!UnityEngine.ResourceManagement.Profiling::ProfilerFrameData`2.get_Values()";0.0007;0.0002;0.0375;24625;25583;24445;8;8;1.93879993878363;0.0009694;0.0006;0.0009999999;8000;4;4;4;2000;24216;0;0.0362;24219;24445;0.0006
"UnityEngine.ParticleSystemModule.dll!::MainModule.set_startLifetimeBlittable_Injected()";0.0007;0.0004;0.003;24645;25543;24287;14;15;0.0485999991942663;0.0009346154;0.0005;0.0011;54;1;1;2;52;24287;0.0003;0.0024;24860;24324;0
"Physics2D.SolveContinuous";0.0007;0.0003;0.0078;24653;24232;25040;5;5;1.50529999102582;0.000997548;0.0004;0.0015;1533;1;1;2;1509;24216;0.0002;0.0078;24221;25040;0
"UnityEngine.ParticleSystemModule.dll!::ColorOverLifetimeModule.set_colorBlittable()";0.0007;0.0005;0.0032;24677;24435;24287;13;14;0.0545999991591088;0.00105;0.0006;0.0013;54;1;1;2;52;24287;0.0005;0.0029;24435;25812;0
"UnityEngine.TextCoreFontEngineModule.dll!UnityEngine.TextCore::GlyphRect.get_width()";0.0007;0;0.0178;24690;24490;24267;16;18;1.72699988411478;0.0009885518;0.0003;0.0011;24458;11;1;77;1747;24216;0;0.0066;24216;25229;0.0004
"mscorlib.dll!System::Math.Atan2()";0.0007;0.0003;0.0048;24697;24315;25400;7;21;0.489699995348928;0.000977445;0.0005;0.0012;623;1;1;6;501;24216;0.0001;0.0032;24247;24224;0
"UnityEngine.CoreModule.dll!UnityEngine::LineRenderer.set_startColor()";0.0007;0.0005;0.0033;24743;24465;25365;6;6;0.0791999993962236;0.0007764706;0.0006;0.0008;102;1;1;1;102;24457;0.0005;0.0033;24465;25365;0
"UnityEngine.TextCoreFontEngineModule.dll!UnityEngine.TextCore::GlyphRect.get_height()";0.0007;0;0.0752;24754;24484;25243;16;18;1.79929987608921;0.001029937;0.0003;0.0011;24458;11;1;77;1747;24216;0;0.0747;24216;25243;0.0004
"Assembly-CSharp.dll!::TowerWeapon.get_towerSprite()";0.0007;0.0005;0.0034;24755;25735;24539;7;18;0.0284999992582016;0.0008636363;0.0006;0.0008;33;1;1;1;33;24539;0.0005;0.0034;25735;24539;0
"UnityEngine.ParticleSystemModule.dll!UnityEngine::ParticleSystemRenderer.set_renderMode()";0.0007;0.0004;0.0028;24756;25543;24860;12;13;0.0505999986489769;0.0009730769;0.0006;0.0011;54;1;1;2;52;24287;0.0004;0.0026;25543;25812;0
"Unity.TextMeshPro.dll!TMPro::TMP_TextElement.get_glyph()";0.0007;0;0.0288;24763;24498;25355;14;27;1.75909984783357;0.001006926;0.0004;0.0011;24604;11;1;83;1747;24216;0;0.0276;24216;25355;0.0005
"PostLateUpdate.ScriptRunDelayedDynamicFrameRate";0.0007;0.0001;0.0124;24793;26024;25266;2;2;1.7618999793267;0.00088095;0.0005;0.001;2000;1;1;1;2000;24216;0.0001;0.0124;26024;25266;0.0004
"Unity.TextMeshPro.dll!TMPro::TextMeshPro.get_renderer()";0.0007;0.0005;0.0094;24807;24249;24358;20;25;0.205499997537117;0.001187861;0.0006;0.0012;199;1;1;3;173;24220;0.0005;0.0045;24221;25198;0
"Unity.TextMeshPro.dll!TMPro::TMP_Text.get_emojiFallbackSupport()";0.0007;0;0.02129999;24837;24415;24539;14;27;1.77319985591748;0.001014997;0.0004;0.0011;24604;11;1;83;1747;24216;0;0.0104;24216;24976;0.0006
"mscorlib.dll!System.Text::StringBuilder.Clear()";0.0007;0.0004;0.0034;24840;24755;25904;8;24;0.0330999991565477;0.0009735294;0.0006;0.0008;38;1;1;5;34;24539;0.0002;0.0026;25904;24658;0
"mscorlib.dll!System::Double.IsFinite()";0.0007;0.0003;0.0036;24855;24517;24358;12;37;0.171899998211302;0.000846798;0.0005;0.001;300;1;1;4;203;24220;0.0001;0.0023;24221;24978;0
"SortingGroup.UpdateRenderer";0.0007;0.0002;0.0104;24862;24655;24220;5;26;0.304999989253702;0.0009242424;0.0004;0.0011;1267;3;1;19;330;24218;0;0.0024;24221;25006;0
"Initialization.AsyncUploadTimeSlicedUpdate";0.0007;0.0002;0.0088;24869;24234;25900;2;2;2.08419998598401;0.0010421;0.0005;0.0013;2000;1;1;1;2000;24216;0.0002;0.0088;24234;25900;0.0005
"UnityEngine.TextCoreFontEngineModule.dll!UnityEngine.TextCore::GlyphMetrics.get_height()";0.0007;0;0.0358;24877;24442;24832;14;16;1.8202998686611;0.001041958;0.0004;0.0011;24608;11;1;83;1747;24216;0;0.0346;24216;24832;0.0005
"mscorlib.dll!System.Collections.Generic::EnumEqualityComparer`1.Equals()";0.0007;0.0003;0.0222;24896;24249;24539;9;32;0.302699990977999;0.00142783;0.0004;0.0018;585;1;1;24;212;24220;0.0002;0.0034;24247;25336;0
"UnityEngine.Physics2DModule.dll!UnityEngine::Physics2D.get_queriesHitTriggers()";0.0007;0.0002;0.0051;24908;24221;25593;8;19;0.998799983950448;0.0008886121;0.0005;0.0011;2044;2;1;4;1124;24216;0;0.0051;24238;25593;0
"UnityEngine.CoreModule.dll!UnityEngine::Vector4.get_Item()";0.0007;0.0002;0.03620001;24941;24604;25714;16;16;1.15639991160424;0.001002949;0.0005;0.0011;13012;10;8;48;1153;24216;0;0.0357;24216;25714;0
"PostLateUpdate.DirectorRenderImage";0.0007;0.0002;0.0103;24943;26022;24268;2;2;1.86179998113948;0.0009309;0.0005;0.001;2000;1;1;1;2000;24216;0.0002;0.0103;26022;24268;0.0007
"UnityEngine.TextCoreFontEngineModule.dll!UnityEngine.TextCore::GlyphMetrics.get_width()";0.0007;0;0.0197;24991;24504;24539;14;16;1.74149986248085;0.0009968517;0.0004;0.0011;24608;11;1;83;1747;24216;0;0.0068;24216;25008;0.0007
"mscorlib.dll!System::String.IsNullOrEmpty()";0.0007;0.0002;0.0578;25012;24740;24916;8;50;1.89279991558578;0.0009463999;0.0006;0.0009999999;12457;6;6;189;2000;24216;0;0.0572;24216;24916;0.0008
"UnityEngine.TextCoreFontEngineModule.dll!UnityEngine.TextCore::FaceInfo.get_baseline()";0.0007;0;0.02529999;25013;24495;24539;14;16;1.80839984410704;0.001035146;0.0004;0.0011;24608;11;1;83;1747;24216;0;0.0063;24216;24453;0.0005
"Physics2D.SolveDiscreteIslandWritePoses";0.0007;0;0.0109;25065;25131;25500;8;8;1.52259988820879;0.001009013;0.0004;0.0012;14963;9;1;42;1509;24216;0;0.0063;24216;25721;0
"Assembly-CSharp.dll!::BombBehavior.AttackLoop()";0.0007;0.0005;0.0019;25077;24794;24279;11;16;0.0115000000223517;0.0008214285;0.0006;0.0009;14;1;1;1;14;24256;0.0005;0.0019;24794;24279;0
"UnityEngine.CoreModule.dll!UnityEngine::Sprite.GetPadding()";0.0007;0.0004;0.0118;25126;24222;24661;16;17;1.10209998540813;0.0009558543;0.0006;0.001;1491;1;1;7;1153;24216;0.0003;0.0118;24220;24661;0
"UnityEngine.TextCoreFontEngineModule.dll!UnityEngine.TextCore::GlyphMetrics.get_horizontalBearingX()";0.0007;0;0.0202;25141;24415;25663;14;16;1.7946998584739;0.001027304;0.0004;0.0011;24608;11;1;83;1747;24216;0;0.0094;24216;25743;0.0002
"UnityEngine.CoreModule.dll!UnityEngine::Quaternion.IsEqualUsingDot()";0.0007;0;0.02729999;25146;24512;24539;15;17;1.78689984435914;0.001022839;0.0004;0.0011;24608;11;1;83;1747;24216;0;0.0069;24216;25516;0.0003
"UnityEngine.ParticleSystemModule.dll!::MainModule.set_startSpeedBlittable()";0.0007;0.0005;0.0034;25172;24759;24287;13;14;0.0512999992351979;0.0009865385;0.0006;0.0012;54;1;1;2;52;24287;0.0003;0.0031;24860;24860;0
"UnityEngine.TextCoreFontEngineModule.dll!UnityEngine.TextCore::FaceInfo.get_capLine()";0.0007;0;0.0189;25179;24494;24236;14;24;1.72169985825167;0.000985518;0.0004;0.0011;23682;11;1;58;1747;24216;0;0.0086;24216;24698;0.0006
"UnityEngine.UIModule.dll!UnityEngine::Canvas.get_renderingDisplaySize()";0.0007;0.0004;0.005;25180;24227;25009;9;12;1.98009997696499;0.00099005;0.0006;0.001;2001;1;1;2;2000;24216;0.0004;0.005;24227;25009;0.0009
"UnityEngine.CoreModule.dll!UnityEngine::Renderer.set_sortingLayerID()";0.0007;0.0005;0.0026;25196;24645;24976;12;16;0.0538999989512376;0.001016981;0.0006;0.0013;56;1;1;2;53;24287;0.0004;0.0026;25308;24976;0
"UnityEngine.TextCoreFontEngineModule.dll!UnityEngine.TextCore::GlyphMetrics.get_horizontalBearingY()";0.0007;0;0.0197;25197;24491;24539;14;16;1.7829998534653;0.001020607;0.0004;0.0011;24608;11;1;83;1747;24216;0;0.0075;24216;24386;0.0004
"FixedUpdate.DirectorFixedUpdatePostPhysics";0.0007;0.0001;0.0107;25217;26019;24992;2;2;1.77689998423739;0.00106147;0.0004;0.0015;1698;1;1;2;1674;24216;0.0001;0.0107;24221;24992;0
"UnityEngine.CoreModule.dll!UnityEngine::Quaternion.Dot()";0.0007;0;0.0628;25260;24500;25822;15;17;1.89789984480012;0.001086377;0.0004;0.0011;24608;11;1;83;1747;24216;0;0.0602;24216;25822;0.0003
"mscorlib.dll!System::Enum.GetCachedValuesAndNames()";0.0007;0.0007;0.0007;25308;25308;25308;25;25;0.000699999975040555;0.0007;0.0007;0.0007;1;1;1;1;1;25308;0.0007;0.0007;25308;25308;0
"UnityEngine.CoreModule.dll!UnityEngineInternal::DisplayInternal.IsASecondaryDisplayIndex()";0.0007;0.0003;0.0056;25310;24222;26025;11;11;2.09439998926246;0.001047724;0.0005;0.0015;1999;1;1;1;1999;24216;0.0003;0.0056;24222;26025;0.0004
"Physics2D.SynchronizeFixtures";0.0007;0.0001;0.0359;25321;25131;25500;6;6;1.8424999872077;0.001221007;0.0005;0.0012;1533;1;1;2;1509;24216;0.0001;0.0279;25131;25500;0
"UnityEngine.TextCoreFontEngineModule.dll!UnityEngine.TextCore::Glyph.get_metrics()";0.0007;0;0.03769998;25332;24500;25663;13;24;1.79879984095169;0.001029651;0.0004;0.0011;24639;11;1;93;1747;24216;0;0.0122;24216;25663;0.0004
"UnityEngine.TextCoreFontEngineModule.dll!UnityEngine.TextCore::Glyph.get_scale()";0.0007;0;0.02449999;25343;24547;24539;14;24;1.87009984255565;0.001070464;0.0004;0.0012;24639;11;1;93;1747;24216;0;0.0116;24216;25516;0.0005
"UnityEngine.UIModule.dll!UnityEngine::Canvas.get_pixelPerfect()";0.0007;0.0004;0.0124;25361;24222;25282;16;17;1.08399998652749;0.0009401561;0.0006;0.001;1491;1;1;7;1153;24216;0.0003;0.0124;24220;25282;0
"mscorlib.dll!System::Char.CheckLetterOrDigit()";0.0007;0;0.3545001;25424;24547;24236;14;16;2.14849995441182;0.001229823;0.0004;0.0012;24601;11;1;83;1747;24216;0;0.3359;24216;24236;0.0003
"UnityEngine.CoreModule.dll!UnityEngine::Renderer.get_sortingOrder()";0.0007;0.0005;0.0028;25430;25258;24860;12;16;0.0533999996259809;0.001007547;0.0006;0.0014;56;1;1;2;53;24287;0.0004;0.0024;25308;24976;0
"UnityEngine.CoreModule.dll!UnityEngine::Sprite.get_associatedAlphaSplitTexture_Injected()";0.0007;0.0004;0.0034;25452;24655;25215;13;16;0.0221999988716561;0.0013875;0.0005;0.0024;88;4;4;14;16;24220;0;0.0011;24625;25245;0
"UnityEngine.CoreModule.dll!UnityEngine::Texture2D.get_format_Injected()";0.0007;0.0006;0.0016;25452;25904;25663;11;20;0.00429999985499308;0.001075;0.0006;0.0014;4;1;1;1;4;24539;0.0006;0.0016;25904;25663;0
"Unity.TextMeshPro.dll!TMPro::TMP_TextInfo.ClearPageInfo()";0.0007;0;0.0247;25494;24496;25218;12;14;1.63499990296987;0.00093589;0.0004;0.0011;12635;6;1;32;1747;24216;0;0.0239;24216;25218;0.0005
"UnityEngine.ParticleSystemModule.dll!::EmissionModule.SetBurst()";0.0007;0.0005;0.0033;25497;24874;24287;14;15;0.0536999991745688;0.001032692;0.0006;0.0011;54;1;1;2;52;24287;0.0005;0.0026;24860;25812;0
"mscorlib.dll!System.Globalization::NumberFormatInfo.GetInstance()";0.0007;0.0005;0.0032;25539;25522;25904;11;34;0.030299999343697;0.0008911765;0.0006;0.0009;68;2;2;2;34;24539;0;0.0029;24682;25904;0
"Unity.TextMeshPro.dll!::TextBackingContainer.get_Item()";0.0007;0;0.02469999;25561;24444;24539;13;26;1.86879983916151;0.001069719;0.0004;0.0012;24604;11;1;83;1747;24216;0;0.0078;24216;25127;0.0003
"UnityEngine.TextCoreFontEngineModule.dll!UnityEngine.TextCore::FaceInfo.get_strikethroughOffset()";0.0007;0;0.0381;25561;24456;25516;13;15;1.91259984797216;0.001094791;0.0004;0.0012;24601;11;1;83;1747;24216;0;0.0331;24216;25516;0.0005
"Assembly-CSharp.dll!::PanelTowerDataViewer.Update()";0.0007;0.0003;0.0087;25668;24646;25768;4;4;0.613699993758928;0.0009604068;0.0005;0.0011;639;1;1;1;639;24540;0.0003;0.0087;24646;25768;0
"UnityEngine.CoreModule.dll!UnityEngine::Transform.SetPositionAndRotation_Injected()";0.0007;0.0003;0.0078;25668;24339;24220;10;21;0.261599996651057;0.001042231;0.0005;0.0012;362;1;1;6;251;24220;0.0001;0.0039;24227;24279;0
"Assembly-CSharp.dll!::BossIntroFx.PlaySummonGather()";0.0007;0.0007;0.0013;25669;24625;25153;12;12;0.00269999995362014;0.0009;0.0007;0.0007;3;1;1;1;3;24625;0.0007;0.0013;24625;25153;0
"PrepareSceneNodesSetUp";0.0007;0;0.0201;25676;24226;24452;9;9;2.24419997365476;0.001270781;0.0001;0.0018;4209;2;1;6;1766;24216;0;0.0197;24216;24452;0.0013
"EarlyUpdate.XRUpdate";0.0007;0.0003;0.0054;25686;24360;24737;2;2;2.24359998275759;0.0011218;0.0006;0.0014;2000;1;1;1;2000;24216;0.0003;0.0054;24360;24737;0.0007
"UnityEngine.UI.dll!UnityEngine.EventSystems::UIBehaviour.IsDestroyed()";0.0007;0.0005;0.0282;25727;24231;24539;10;10;1.40149997599656;0.0011948;0.0006;0.0012;1622;1;1;12;1173;24216;0.0005;0.0166;24221;24966;0
"UnityEngine.UI.dll!UnityEngine.EventSystems::BaseInput.get_mouseScrollDelta()";0.0007;0.0004;0.0111;25858;24222;25186;9;9;2.31079999479698;0.001155978;0.0005;0.0016;1999;1;1;1;1999;24216;0.0004;0.0111;24222;25186;0.0005
"UnityEngine.TextCoreFontEngineModule.dll!UnityEngine.TextCore::Glyph.get_glyphRect()";0.0007;0;0.0186;25877;24517;24236;16;18;1.87009985124314;0.001070464;0.0004;0.0012;24458;11;1;77;1747;24216;0;0.007;24216;24964;0.0004
"UnityEngine.CoreModule.dll!UnityEngine::RectTransform.get_rect_Injected()";0.0007;0.0002;0.0162;25889;24340;25663;12;27;1.2699999295728;0.001094828;0.0006;0.0012;6396;4;2;49;1160;24216;0;0.0065;24216;25422;0
"mscorlib.dll!::EmptyInternalEnumerator`1.MoveNext()";0.0007;0.0007;0.0007;25904;25904;25904;39;43;0.000699999975040555;0.0007;0.0007;0.0007;11;11;11;11;1;25904;0;0.0001;25904;25904;0
"mscorlib.dll!System.Collections.Generic::ComparisonComparer`1..ctor()";0.0007;0.0007;0.0007;25904;25904;25904;40;43;0.000699999975040555;0.0007;0.0007;0.0007;2;2;2;2;1;25904;0.0003;0.0004;25904;25904;0
"mscorlib.dll!System.IO::Stream..ctor()";0.0007;0.0007;0.0007;25904;25904;25904;25;26;0.000699999975040555;0.0007;0.0007;0.0007;4;4;4;4;1;25904;0.0001;0.0002;25904;25904;0
"mscorlib.dll!System.Reflection::FieldInfo[].System.Collections.Generic.ICollection`1.get_Count()";0.0007;0.0007;0.0007;25904;25904;25904;38;41;0.000699999975040555;0.0007;0.0007;0.0007;4;4;4;4;1;25904;0.0001;0.0002;25904;25904;0
"mscorlib.dll!System.Reflection::PropertyInfo[].System.Collections.Generic.ICollection`1.get_Count()";0.0007;0.0007;0.0007;25904;25904;25904;38;41;0.000699999975040555;0.0007;0.0007;0.0007;4;4;4;4;1;25904;0.0001;0.0002;25904;25904;0
"mscorlib.dll!System.Reflection::PropertyInfo[].System.Collections.Generic.IEnumerable`1.GetEnumerator()";0.0007;0.0007;0.0007;25904;25904;25904;39;42;0.000699999975040555;0.0007;0.0007;0.0007;2;2;2;2;1;25904;0.0003;0.0004;25904;25904;0
"mscorlib.dll!System::DateTime.GetDatePart()";0.0007;0.0007;0.0007;25904;25904;25904;23;23;0.000699999975040555;0.0007;0.0007;0.0007;3;3;3;3;1;25904;0.0001;0.0003;25904;25904;0
"mscorlib.dll!System::Environment.get_NewLine()";0.0007;0.0007;0.0007;25904;25904;25904;23;26;0.000699999975040555;0.0007;0.0007;0.0007;8;8;8;8;1;25904;0;0.0001;25904;25904;0
"mscorlib.dll!System::MarshalByRefObject..ctor()";0.0007;0.0007;0.0007;25904;25904;25904;23;27;0.000699999975040555;0.0007;0.0007;0.0007;12;12;12;12;1;25904;0;0.0001;25904;25904;0
"mscorlib.dll!System::ParamsArray..ctor()";0.0007;0.0007;0.0007;25904;25904;25904;19;22;0.000699999975040555;0.0007;0.0007;0.0007;5;5;5;5;1;25904;0.0001;0.0002;25904;25904;0
"mscorlib.dll!System::RuntimeTypeHandle.IsInstanceOfType()";0.0007;0.0007;0.0007;25904;25904;25904;40;43;0.000699999975040555;0.0007;0.0007;0.0007;2;2;2;2;1;25904;0.0003;0.0004;25904;25904;0
"mscorlib.dll!System::String.wcslen()";0.0007;0.0007;0.0007;25904;25904;25904;37;37;0.000699999975040555;0.0007;0.0007;0.0007;1;1;1;1;1;25904;0.0007;0.0007;25904;25904;0
"Newtonsoft.Json.dll!Newtonsoft.Json.Serialization::JsonContainerContract.get_ItemContract()";0.0007;0.0007;0.0007;25904;25904;25904;27;31;0.000699999975040555;0.0007;0.0007;0.0007;9;9;9;9;1;25904;0;0.0001;25904;25904;0
"Newtonsoft.Json.dll!Newtonsoft.Json.Serialization::JsonContract.get_CreatedType()";0.0007;0.0007;0.0007;25904;25904;25904;34;37;0.000699999975040555;0.0007;0.0007;0.0007;16;16;16;16;1;25904;0;0.0001;25904;25904;0
"Newtonsoft.Json.dll!Newtonsoft.Json.Serialization::JsonProperty.get_ReferenceLoopHandling()";0.0007;0.0007;0.0007;25904;25904;25904;29;30;0.000699999975040555;0.0007;0.0007;0.0007;8;8;8;8;1;25904;0;0.0001;25904;25904;0
"Newtonsoft.Json.dll!Newtonsoft.Json::JsonWriter.get_StringEscapeHandling()";0.0007;0.0007;0.0007;25904;25904;25904;23;33;0.000699999975040555;0.0007;0.0007;0.0007;13;13;13;13;1;25904;0;0.0001;25904;25904;0
"UnityEngine.UI.dll!UnityEngine.UI::Selectable.get_currentSelectionState()";0.0007;0.0003;0.004;25904;25699;26010;10;23;0.083099998824764;0.0009662791;0.0005;0.001;96;1;1;3;86;24220;0.0003;0.0039;24635;25663;0
"ReflectionProbeAnchorManagerUpdate";0.0007;0.0004;0.0165;26001;24223;24699;5;6;1.99679995933548;0.0009984;0.0006;0.0009;4000;2;2;2;2000;24216;0.0001;0.0155;24223;24699;0.0014
"mscorlib.dll!System::RuntimeType.get_IsGenericType()";0.0007;0.0007;0.142401;26017;26017;25904;21;55;0.143101039575413;0.07155052;0.0007;0.0007;653;2;2;651;2;25904;0.0001;0.0022;25904;25904;0
"RadiosityDataManager.PurgeSystems";0.0007;0.0007;0.0007;26017;26017;26017;12;12;0.000699999975040555;0.0007;0.0007;0.0007;1;1;1;1;1;26017;0.0007;0.0007;26017;26017;0
"Unity.Profiling.Core.dll!Unity.Profiling::ProfilerCounterValue`1.set_Value()";0.0007;0.0007;0.0007;26017;26017;26017;28;28;0.000699999975040555;0.0007;0.0007;0.0007;9;9;9;9;1;26017;0;0.0001;26017;26017;0
"Unity.ResourceManager.dll!UnityEngine.ResourceManagement.AsyncOperations::ProviderOperation`1.UnityEngine.ResourceManagement.AsyncOperations.ICachable.get_Key()";0.0007;0.0007;0.0007;26017;26017;26017;16;24;0.000699999975040555;0.0007;0.0007;0.0007;18;18;18;18;1;26017;0;0.0001;26017;26017;0
"Unity.ResourceManager.dll!UnityEngine.ResourceManagement.Util::DependenciesCacheKey.Equals()";0.0007;0.0007;0.0007;26017;26017;26017;22;25;0.000699999975040555;0.0007;0.0007;0.0007;4;4;4;4;1;26017;0.0001;0.0003;26017;26017;0
"UnityEngine.UI.dll!UnityEngine.EventSystems::UIBehaviour.Awake()";0.0007;0.0007;0.0007;26017;26017;26017;9;13;0.000699999975040555;0.0007;0.0007;0.0007;14;14;14;14;1;26017;0;0.0001;26017;26017;0
"UnityEngine.UI.dll!UnityEngine.UI::Image.get_layoutPriority()";0.0007;0.0007;0.0007;26017;26017;26017;20;20;0.000699999975040555;0.0007;0.0007;0.0007;8;8;8;8;1;26017;0;0.0002;26017;26017;0
"UnityEngine.UI.dll!UnityEngine.UI::LayoutRebuilder.IsDestroyed()";0.0007;0.0007;0.0007;26017;26017;26017;10;10;0.000699999975040555;0.0007;0.0007;0.0007;1;1;1;1;1;26017;0.0007;0.0007;26017;26017;0
"UnityEngine.UI.dll!UnityEngine.UI.Collections::IndexedSet`1.Sort()";0.0007;0.0003;0.0125;26064;25115;24511;9;9;1.99289997684537;0.00099645;0.0006;0.001;2000;1;1;1;2000;24216;0.0003;0.0125;25115;24511;0.0006
"UnityEngine.CoreModule.dll!UnityEngine::GameObject.get_transform_Injected()";0.0006;0.0001;0.03;25665;24997;26025;8;20;1.65899994126812;0.0009634146;0.0004;0.0011;6076;2;1;26;1722;24216;0;0.0296;24221;26025;0.0002
"UnityEngine.TextCoreFontEngineModule.dll!UnityEngine.TextCore.LowLevel::FontEngine.GetMarkToBaseAdjustmentRecordsFromMarshallingArray_Injected()";0.0006;0.0006;0.0006;25904;25904;25904;20;20;0.000600000028498471;0.0006;0.0006;0.0006;2;2;2;2;1;25904;0.0001;0.0005;25904;25904;0
"mscorlib.dll!System::String.op_Implicit()";0.0006;0.0003;0.0096;24223;24248;24976;10;35;0.175899997004308;0.0008665025;0.0004;0.0009;381;1;1;18;203;24220;0;0.0096;24602;24976;0
"UnityEngine.CoreModule.dll!UnityEngine::LineRenderer.set_alignment()";0.0006;0.0004;0.0328;24294;24341;24932;14;19;0.0617999999958556;0.001817647;0.0005;0.0009999999;36;1;1;2;34;24220;0.0003;0.0328;24861;24932;0
"UnityEngine.CoreModule.dll!UnityEngine::Color.op_Equality()";0.0006;0;0.0105;24320;24493;24220;6;21;1.39489991647861;0.0007943622;0.0003;0.0009;13982;6;1;36;1756;24216;0;0.0087;24216;25386;0.0002
"UnityEngine.CoreModule.dll!UnityEngine::Vector2.get_zero()";0.0006;0.0001;0.01709998;24467;24416;26017;5;22;1.35339993458183;0.0006767;0.0003;0.0008;6815;3;2;336;2000;24216;0;0.0059;24219;24237;0.0002
"UnityEngine.CoreModule.dll!UnityEngine::Cursor.get_lockState()";0.0006;0.0001;0.0115;24468;24407;25629;9;9;1.47309995238174;0.0007369184;0.0003;0.0009;5999;2;2;5;1999;24216;0;0.0093;24225;25629;0.0003
"Assembly-CSharp.dll!::TowerVisualLibrary.Load()";0.0006;0.0006;0.0033;24472;24273;24220;8;8;0.00759999977890402;0.00095;0.0006;0.0006;8;1;1;1;8;24220;0.0006;0.0033;24273;24220;0
"UnityEngine.CoreModule.dll!UnityEngine::Mesh.GetUVChannel()";0.0006;0;0.0175;24480;24416;25290;17;19;1.36979990339751;0.0007840869;0.0003;0.0009;18599;9;1;53;1747;24216;0;0.0126;24216;25290;0.0002
"Director.ProcessFrame";0.0006;0;0.0053;24505;24745;25225;3;3;1.31539994264313;0.0006576999;0.0004;0.0008;13396;7;5;9;2000;24216;0;0.0041;24216;25993;0.0003
"UnityEngine.UIModule.dll!UnityEngine::Canvas.get_scaleFactor()";0.0006;0.0003;0.0111;24541;24347;25663;15;19;0.923999987746356;0.0007877238;0.0004;0.0009;1626;1;1;16;1173;24216;0.0002;0.0031;24220;24516;0
"UnityEngine.TilemapModule.dll!UnityEngine.Tilemaps::Tilemap.get_tileAnchor()";0.0006;0.0004;0.0026;24558;24458;24553;7;7;0.0684999996738043;0.0006715686;0.0005;0.0007;102;1;1;1;102;24457;0.0004;0.0026;24458;24553;0
"mscorlib.dll!System::ValueTuple`2..ctor()";0.0006;0;0.0109;24562;24687;25662;10;10;1.37539993375685;0.0007636868;0.0004;0.0007;16209;9;9;9;1801;24216;0;0.0086;24216;25662;0.0002
"mscorlib.dll!::Enumerator.get_Current()";0.0006;0.0001;0.05020001;24588;24783;25645;6;44;1.49019992855756;0.0008265114;0.0004;0.0008;17133;9;2;204;1803;24216;0;0.0494;24216;25645;0.0006
"UnityEngine.AccessibilityModule.dll!UnityEngine.Accessibility::AccessibilityManager.Internal_Update_Impl()";0.0006;0.0003;0.0107;24691;24350;24516;4;4;1.63529999103048;0.00081765;0.0005;0.0009;2000;1;1;1;2000;24216;0.0003;0.0107;24350;24516;0.0004
"Unity.TextMeshPro.dll!TMPro::TMP_UpdateManager.get_instance()";0.0006;0;0.0151;24772;24589;24283;10;26;1.50199991738918;0.0008592677;0.0003;0.0009999999;14485;7;1;56;1748;24216;0;0.0102;24216;24992;0.0004
"UnityEngine.CoreModule.dll!UnityEngine.Bindings::BindingsAllocator.FreeNativeOwnedMemory()";0.0006;0.0002;0.0112;24800;24221;25877;10;20;0.824499979426037;0.000752968;0.0004;0.0009;1960;2;1;3;1095;24216;0.0001;0.0112;24238;25877;0
"UnityEngine.CoreModule.dll!UnityEngine::Vector2.get_Item()";0.0006;0;0.0103;24827;24849;25239;15;16;0.940399933300796;0.0008156114;0.0004;0.0009;12448;9;8;48;1153;24216;0;0.0097;24216;25239;0
"UnityEngine.CoreModule.dll!UnityEngine::LineRenderer.set_numCornerVertices()";0.0006;0.0004;0.0029;24831;24294;25152;14;19;0.0284999998984858;0.0008382353;0.0005;0.0008;36;1;1;2;34;24220;0.0004;0.0029;24294;25152;0
"UnityEngine.CoreModule.dll!UnityEngine::LineRenderer.set_numCapVertices()";0.0006;0.0005;0.0029;24877;24256;25152;14;19;0.0302999999257736;0.0008911765;0.0005;0.0008;36;1;1;2;34;24220;0.0004;0.0029;24861;25152;0
"UnityEngine.CoreModule.dll!UnityEngine::LineRenderer.set_textureMode()";0.0006;0.0005;0.0029;24877;24324;25152;14;19;0.0298999997321516;0.0008794118;0.0005;0.0008;36;1;1;2;34;24220;0.0003;0.0029;24861;25152;0
"UnityEngine.AccessibilityModule.dll!UnityEngine.Accessibility::AccessibilityManager.Internal_LateUpdate()";0.0006;0.0001;0.0195;24885;26001;26197;3;3;1.51789998449385;0.00075895;0.0004;0.0008;2000;1;1;1;2000;24216;0.0001;0.0195;26001;26197;0.0006
"Unity.ResourceManager.dll!UnityEngine.ResourceManagement.AsyncOperations::AsyncOperationBase`1.get_ReferenceCount()";0.0006;0;0.0217;24888;24805;25421;11;11;1.5638999290386;0.0008683508;0.0004;0.0008;16209;9;9;9;1801;24216;0;0.0171;24216;25421;0.0005
"UnityEngine.ParticleSystemModule.dll!::EmissionModule.set_rateOverTimeBlittable()";0.0006;0.0004;0.0025;24929;24435;24287;13;14;0.041999999579275;0.0008076923;0.0004;0.0008;54;1;1;2;52;24287;0.0004;0.0023;24435;25262;0
"UnityEngine.CoreModule.dll!UnityEngine::RectOffset.get_vertical()";0.0006;0.0004;0.0104;25050;24218;25046;7;16;1.4616999939899;0.0008111543;0.0005;0.0008;1911;1;1;4;1802;24216;0.0003;0.0104;24635;25046;0.0005
"EarlyUpdate.InsightsUpdate";0.0006;0.0002;0.0048;25095;24752;25736;2;2;1.82869998799288;0.00091435;0.0005;0.0011;2000;1;1;1;2000;24216;0.0002;0.0048;24752;25736;0.0005
"mscorlib.dll!System.Collections::Stack.Push()";0.0006;0.0004;0.0087;25132;24226;25229;6;7;1.43469999008812;0.000796613;0.0005;0.0008;1907;1;1;3;1801;24216;0.0001;0.0087;25747;25229;0.0006
"UnityEngine.CoreModule.dll!UnityEngine::TrailRenderer.set_emitting_Injected()";0.0006;0.0001;0.0055;25243;24429;25500;9;22;0.119299995465553;0.0007746753;0.0004;0.0008;617;3;1;12;154;24220;0;0.0047;24247;25500;0
"Physics.CalculateChangedColliderTransforms";0.0006;0.0002;0.289;25276;24249;24993;5;5;2.09759999574453;0.001253047;0.0005;0.0015;1698;1;1;2;1674;24216;0.0002;0.289;24249;24993;0
"UnityEngine.CoreModule.dll!UnityEngine::MonoBehaviour..ctor()";0.0006;0.0006;0.001;25308;25308;26017;15;20;0.00160000001778826;0.0008;0.0006;0.0006;2;1;1;1;2;25308;0.0006;0.001;25308;26017;0
"PostLateUpdate.UpdateVideoTextures";0.0006;0.0002;0.0194;25330;26152;25129;2;2;1.58229998657771;0.00079115;0.0005;0.0008;2000;1;1;1;2000;24216;0.0002;0.0194;26152;25129;0.0013
"Assembly-CSharp.dll!::TowerWeapon.get_MultiShotSpreadAngle()";0.0006;0.0005;0.0048;25345;24247;25152;7;17;0.0303999991738237;0.00095;0.0006;0.0007;32;1;1;1;32;24247;0.0005;0.0048;24247;25152;0
"UnityEngine.CoreModule.dll!UnityEngine::Rect.get_size()";0.0006;0;0.0072;25364;24418;25215;8;24;0.95159993134439;0.0008203448;0.0004;0.0009;12658;9;1;50;1160;24216;0;0.0025;24216;25543;0
"mscorlib.dll!System::Math.Pow()";0.0006;0.0003;0.0034;25405;24301;26039;10;13;1.58719998266315;0.0007936;0.0005;0.0008;2001;1;1;2;2000;24216;0.0003;0.0034;24301;26039;0.0004
"UnityEngine.CoreModule.dll!UnityEngine::Screen.get_width()";0.0006;0.0001;0.07650001;25463;26063;24545;5;11;1.79609995639476;0.00089805;0.0005;0.0009999999;5870;3;1;5;2000;24216;0;0.0762;24233;24545;0.0004
"UnityEngine.UIModule.dll!UnityEngine::Canvas.get_targetDisplay_Injected()";0.0006;0.0002;0.009400001;25465;24538;25271;10;13;1.53429996148043;0.00076715;0.0004;0.0009999999;4000;2;2;2;2000;24216;0;0.0091;24538;25271;0.0004
"Assembly-CSharp.dll!::TowerWeapon.get_TowerSpriteColor()";0.0006;0.0005;0.0031;25514;24811;24539;7;18;0.0273999993805774;0.000830303;0.0006;0.0007;33;1;1;1;33;24539;0.0005;0.0031;24811;24539;0
"UnityEngine.CoreModule.dll!UnityEngine.Events::PersistentCallGroup..ctor()";0.0006;0.0004;0.0085;25514;24251;24220;20;31;0.103500000550412;0.001078125;0.0005;0.0011;104;1;1;4;96;24220;0.0003;0.0081;25483;24661;0
"PostLateUpdate.VFXUpdate";0.0006;0.0002;0.0137;25520;24879;24524;2;2;1.5159999843454;0.000758;0.0005;0.0008;2000;1;1;1;2000;24216;0.0002;0.0137;24879;24524;0.0019
"UnityEngine.UI.dll!UnityEngine.UIElements::UIToolkitInteroperabilityBridge.DestroyWorldSpacePanelGameObject()";0.0006;0.0004;0.0121;25537;24221;25230;7;15;1.92049999386654;0.00096025;0.0005;0.0012;2001;1;1;2;2000;24216;0.0004;0.0121;24221;25230;0.0005
"UnityEngine.ParticleSystemModule.dll!::MainModule.set_startColorBlittable()";0.0006;0.0004;0.0032;25582;24435;24287;13;14;0.0504999993718229;0.0009711538;0.0005;0.0012;54;1;1;2;52;24287;0.0004;0.0027;24435;24645;0
"UnityEngine.CoreModule.dll!Unity.Collections.LowLevel.Unsafe::UnsafeUtility.SizeOf()";0.0006;0.0002;0.0094;25657;25164;25376;10;10;1.65229994084802;0.0008261499;0.0005;0.0009;8000;4;4;4;2000;24216;0;0.0066;24216;25376;0.0005
"Assembly-CSharp.dll!::BossIntroFx.ClearShards()";0.0006;0.0004;0.0014;25669;24625;25153;8;18;0.0049000000290107;0.0008166667;0.0005;0.001;6;1;1;1;6;24625;0.0004;0.0014;24625;25153;0
"Assembly-CSharp.dll!::ChainLightning.ScaleAlpha()";0.0006;0.0003;0.0085;25671;24325;25400;7;23;0.505199979350436;0.0009478424;0.0005;0.0009999999;1989;3;3;6;533;24216;0.0001;0.0032;24216;24392;0
"mscorlib.dll!System.Threading::Monitor.Exit()";0.0006;0.0001;0.01249999;25697;25907;25904;5;46;1.68959995437035;0.0008448;0.0005;0.0009;4106;2;2;108;2000;24216;0;0.008;25160;26026;0.0003
"mscorlib.dll!System::Char.IsSeparator()";0.0006;0.0003;0.0053;25698;24682;24539;16;16;0.0282999988994561;0.0009433333;0.0006;0.0007;62;2;1;5;30;24539;0.0002;0.0022;24822;24539;0
"UnityEngine.CoreModule.dll!UnityEngine::RectOffset.get_horizontal()";0.0006;0.0004;0.0176;25710;24256;25290;7;16;1.58129998034565;0.000877525;0.0006;0.0008;1910;1;1;3;1802;24216;0.0003;0.0176;24855;25290;0.0006
"UnityEngine.CoreModule.dll!UnityEngine::Color.get_black()";0.0006;0.0004;0.0033;25714;25169;25812;14;15;0.0455999987316318;0.000876923;0.0005;0.0007;162;3;3;6;52;24287;0.0001;0.0017;24381;24324;0
"UnityEngine.CoreModule.dll!UnityEngine::TrailRenderer.SetColorGradient_Injected()";0.0006;0.0002;0.0045;25785;25301;25400;11;23;0.0450999992608558;0.0008673077;0.0005;0.0008;116;3;1;3;52;24245;0.0001;0.0028;24247;24930;0
"UnityEngine.UI.dll!UnityEngine.UI.Collections::IndexedSet`1.get_Capacity()";0.0006;0.0003;0.02099998;25804;25448;26017;13;25;0.0445999763323925;0.001939129;0.0004;0.0018;191;2;2;123;23;24220;0.0001;0.0018;25448;25582;0
"FontEngine.GetPairAdjustmentRecords";0.0006;0.0004;0.0026;25904;25452;24539;21;21;0.00359999996726401;0.0012;0.0004;0.0006;4;1;1;2;3;24539;0.0002;0.0026;25904;24539;0
"mscorlib.dll!System.Collections.Concurrent::ConcurrentDictionary`2.AcquireLocks()";0.0006;0.0006;0.0006;25904;25904;25904;43;43;0.00059999997029081;0.0006;0.0006;0.0006;2;2;2;2;1;25904;0.0002;0.0004;25904;25904;0
"mscorlib.dll!System.Collections.ObjectModel::Collection`1.get_Items()";0.0006;0.0006;0.0006;25904;25904;25904;35;43;0.00059999997029081;0.0006;0.0006;0.0006;10;10;10;10;1;25904;0;0.0001;25904;25904;0
"mscorlib.dll!System.Collections::ArrayList..ctor()";0.0006;0.0006;0.0006;25904;25904;25904;45;48;0.00059999997029081;0.0006;0.0006;0.0006;2;2;2;2;1;25904;0.0003;0.0003;25904;25904;0
"mscorlib.dll!System.Reflection::RuntimeParameterInfo[].System.Collections.Generic.ICollection`1.get_Count()";0.0006;0.0006;0.0006;25904;25904;25904;37;37;0.00059999997029081;0.0006;0.0006;0.0006;3;3;3;3;1;25904;0.0002;0.0002;25904;25904;0
"mscorlib.dll!System.Text::UTF8Encoding.GetCharCount()";0.0006;0.0006;0.0006;25904;25904;25904;31;31;0.00059999997029081;0.0006;0.0006;0.0006;1;1;1;1;1;25904;0.0006;0.0006;25904;25904;0
"mscorlib.dll!System::AttributeUsageAttribute.get_AllowMultiple()";0.0006;0.0006;0.0006;25904;25904;25904;38;48;0.00059999997029081;0.0006;0.0006;0.0006;12;12;12;12;1;25904;0;0.0001;25904;25904;0
"mscorlib.dll!System::DateTime.GetSystemTimeAsFileTime()";0.0006;0.0006;0.0006;25904;25904;25904;19;19;0.00059999997029081;0.0006;0.0006;0.0006;1;1;1;1;1;25904;0.0006;0.0006;25904;25904;0
"mscorlib.dll!System::RuntimeType.GetDefaultConstructor()";0.0006;0.0006;0.0006;25904;25904;25904;49;52;0.00059999997029081;0.0006;0.0006;0.0006;2;2;2;2;1;25904;0.0003;0.0003;25904;25904;0
"System.Core.dll!System.Collections.Generic::LargeArrayBuilder`1.GetBuffer()";0.0006;0.0006;0.0006;25904;25904;25904;44;50;0.00059999997029081;0.0006;0.0006;0.0006;14;14;14;14;1;25904;0;0.0001;25904;25904;0
"System.Core.dll!System.Linq::EnumerableSorter`2..ctor()";0.0006;0.0006;0.0006;25904;25904;25904;39;42;0.00059999997029081;0.0006;0.0006;0.0006;2;2;2;2;1;25904;0.0003;0.0003;25904;25904;0
"UnityEngine.CoreModule.dll!UnityEngine::Time.set_timeScale()";0.0006;0.0006;0.0006;26016;26016;26016;17;17;0.00059999997029081;0.0006;0.0006;0.0006;1;1;1;1;1;26016;0.0006;0.0006;26016;26016;0
"Assembly-CSharp.dll!::SlowAuraBehavior.Deactivate()";0.0006;0.0006;0.0006;26017;26017;26017;11;13;0.00059999997029081;0.0006;0.0006;0.0006;10;10;10;10;1;26017;0;0.0001;26017;26017;0
"CompareHashes";0.0006;0.0006;0.0006;26017;26017;26017;12;13;0.00059999997029081;0.0006;0.0006;0.0006;6;6;6;6;1;26017;0;0.0004;26017;26017;0
"System.dll!System.Collections.Generic::LinkedListNode`1.set_Value()";0.0006;0.0006;0.0006;26017;26017;26017;18;18;0.00059999997029081;0.0006;0.0006;0.0006;6;6;6;6;1;26017;0;0.0002;26017;26017;0
"Unity.TextMeshPro.dll!TMPro::TMP_Text.get_layoutPriority()";0.0006;0.0006;0.0006;26017;26017;26017;20;20;0.00059999997029081;0.0006;0.0006;0.0006;8;8;8;8;1;26017;0;0.0001;26017;26017;0
"UnityEngine.CoreModule.dll!UnityEngine.Events::InvokableCall.add_Delegate()";0.0006;0.0006;0.0006;26017;26017;26017;14;14;0.00059999997029081;0.0006;0.0006;0.0006;3;3;3;3;1;26017;0.0002;0.0002;26017;26017;0
"UnityEngine.CoreModule.dll!UnityEngine::Mathf.RoundToInt()";0.0006;0;0.0012;26017;25904;25663;16;16;0.00299999988055788;0.0006;0.0004;0.0008;22;4;2;8;5;24539;0;0.0004;25904;25663;0
"UnityEngine.CoreModule.dll!UnityEngine::RectTransform.set_sendChildDimensionsChange()";0.0006;0.0006;0.0006;26017;26017;26017;10;10;0.00059999997029081;0.0006;0.0006;0.0006;1;1;1;1;1;26017;0.0006;0.0006;26017;26017;0
"UnityEngine.UI.dll!UnityEngine.UIElements::UIToolkitInteroperabilityBridge.get_shouldTrackPanels()";0.0006;0.0006;0.0006;26017;26017;26017;7;7;0.00059999997029081;0.0006;0.0006;0.0006;1;1;1;1;1;26017;0.0006;0.0006;26017;26017;0
"mscorlib.dll!System.Collections.Generic::List`1.InsertRange()";0.0006;0.0003;0.1149;26199;24227;25904;6;40;2.46069997659652;0.00123035;0.0005;0.0011;2220;1;1;11;2000;24216;0.0003;0.0355;24227;25904;0.0006
"Analytics.OnPlayerSessionStateChanged";0.0006;0.0006;0.0006;26215;26215;26215;5;5;0.00059999997029081;0.0006;0.0006;0.0006;1;1;1;1;1;26215;0.0006;0.0006;26215;26215;0
"PreLateUpdate.LegacyAnimationUpdate";0.0005;0;0.0074;24220;26100;25006;2;2;1.16809998644021;0.00058405;0.0003;0.0007;2000;1;1;1;2000;24216;0;0.0074;26100;25006;0.0003
"CopyChannels";0.0005;0.0003;0.0111;24264;24232;26017;4;22;0.0259000017249491;0.001079167;0.0004;0.001;52;1;1;25;24;24221;0.0001;0.0017;26017;26017;0
"ContentLoadFrontend.IntegrateUpdate";0.0005;0.0002;0.01;24268;24222;25099;3;3;1.28169998244266;0.00064085;0.0003;0.0008;2000;1;1;1;2000;24216;0.0002;0.01;24222;25099;0.0005
"MeshRendererPrepareDispatchUpdate";0.0005;0.0002;0.0094;24298;24228;25957;4;4;0.991099986698828;0.0005676403;0.0004;0.0006;1746;1;1;1;1746;24216;0.0002;0.0094;24228;25957;0.001
"UnityEngine.CoreModule.dll!UnityEngine::Mathf.Lerp()";0.0005;0.0001;0.0308;24413;24380;25400;6;23;2.02719990977494;0.0010136;0.0003;0.0013;6783;1;1;24;2000;24216;0.0001;0.0088;24217;25304;0.0002
"UnityEngine.Physics2DModule.dll!UnityEngine::Rigidbody2D.set_angularVelocity_Injected()";0.0005;0.0002;0.0031;24457;24404;25598;7;20;0.0859999981039437;0.0007226891;0.0004;0.0009;218;1;1;4;119;24220;0;0.0029;25444;25959;0
"Assembly-CSharp.dll!::TowerData.get_DisplayName()";0.0005;0.0003;0.0014;24602;24649;24539;8;19;0.0183999998262152;0.0005575757;0.0004;0.0006;33;1;1;1;33;24539;0.0003;0.0014;24649;24539;0
"UnityEngine.UI.dll!UnityEngine.EventSystems::EventSystem.SetSelectedGameObject()";0.0005;0.0002;0.1227;24643;25720;25770;7;15;0.674100002812338;0.01982647;0.0003;0.0016;40;1;1;2;34;24635;0.0002;0.1227;24795;25770;0
"UnityEngine.CoreModule.dll!UnityEngine.Bindings::BindingsAllocator.Free()";0.0005;0.0002;0.0022;24756;24244;24289;11;11;0.0881999979901593;0.0006345324;0.0003;0.0008;188;1;1;7;139;24220;0;0.0019;24527;25783;0
"UnityEngine.CoreModule.dll!UnityEngine::Display.RelativeMouseAtImpl()";0.0005;0.0002;0.0304;24783;24222;24614;6;14;1.42289997971966;0.00071145;0.0003;0.001;2036;1;1;2;2000;24216;0.0001;0.0304;26080;24614;0.0002
"EarlyUpdate.AnalyticsCoreStatsUpdate";0.0005;0.0002;0.0083;24805;24291;26011;2;2;1.46179998380831;0.0007309;0.0004;0.0009;2000;1;1;1;2000;24216;0.0002;0.0083;24291;26011;0.0004
"CleanUp.TextRenderingGarbageCollect";0.0005;0.0001;0.1269;24928;26080;26130;5;5;1.53669998757687;0.00076835;0.0004;0.0009;2000;1;1;1;2000;24216;0.0001;0.1269;26080;26130;0.0006
"UnityEngine.InputLegacyModule.dll!UnityEngine::Input.CheckDisabled()";0.0005;0.0001;0.0244;24989;24224;25908;6;6;1.51139997835708;0.0007557;0.0003;0.0011;2000;1;1;1;2000;24216;0.0001;0.0244;24224;25908;0.0003
"PostLateUpdate.UpdateVideo";0.0005;0.0002;0.0071;25003;24775;24510;2;2;1.20949999432196;0.00060475;0.0004;0.0006;2000;1;1;1;2000;24216;0.0002;0.0071;24775;24510;0.0018
"ParticleSystem.WaitForPreviousRenderingToFinish";0.0005;0;0.0116;25046;24640;25018;4;19;1.72589998539479;0.00086295;0.0002;0.0012;2277;1;1;7;2000;24216;0;0.0113;24221;25018;0.0005
"Assembly-CSharp.dll!::PathLengthSpeedScale.GetSpeedMultiplier()";0.0005;0.0003;0.0025;25140;25610;24662;7;7;0.00629999992088415;0.0009;0.0003;0.0006;7;1;1;1;7;24426;0.0003;0.0025;25610;24662;0
"PostLateUpdate.TriggerEndOfFrameCallbacks";0.0005;0.0002;0.0033;25287;24251;25021;2;2;1.17699998708849;0.0005885;0.0004;0.0007;2000;1;1;1;2000;24216;0.0002;0.0033;24251;25021;0.0005
"UnityEngine.InputLegacyModule.dll!UnityEngine::Input.GetMousePresentInternal()";0.0005;0.0002;0.0072;25322;24460;25385;8;8;1.4300999816187;0.0007154077;0.0004;0.001;1999;1;1;1;1999;24216;0.0002;0.0072;24460;25385;0.0004
"mscorlib.dll!::Reader.get_SynchronizationContext()";0.0005;0.0003;0.0257;25343;24219;25271;5;5;1.50729998692987;0.00075365;0.0004;0.0008;2000;1;1;1;2000;24216;0.0003;0.0257;24219;25271;0.0004
"Unity.ResourceManager.dll!UnityEngine.ResourceManagement.Profiling::EngineEmitter.get_IsEnabled()";0.0005;0.0002;0.0087;25343;26007;24309;8;8;1.41879998998775;0.0007094;0.0004;0.0007;2000;1;1;1;2000;24216;0.0002;0.0087;26007;24309;0.0004
"UnityEngine.ParticleSystemModule.dll!::ColorOverLifetimeModule.set_colorBlittable_Injected()";0.0005;0.0004;0.0021;25349;24381;24860;14;15;0.0384999995876569;0.0007403846;0.0004;0.0008;54;1;1;2;52;24287;0.0003;0.0021;24860;24976;0
"UnityEngine.ParticleSystemModule.dll!::Burst..ctor()";0.0005;0.0004;0.0026;25430;25498;25812;12;13;0.03740000052494;0.0007192308;0.0005;0.0007;54;1;1;2;52;24287;0.0004;0.0026;25498;25812;0
"Unity.TextMeshPro.dll!TMPro::TextMeshPro.SetActiveSubMeshes()";0.0005;0.0003;0.0137;25510;24259;24267;13;22;0.293599997530691;0.000868639;0.0004;0.0009;425;1;1;6;338;24220;0.0002;0.0121;24222;24267;0
"UnityEngine.IMGUIModule.dll!UnityEngine::GUILayoutEntry.SetHorizontal()";0.0005;0.0003;0.0254;25530;25828;24386;7;8;1.32389999812585;0.0007350916;0.0005;0.0007;1907;1;1;3;1801;24216;0.0002;0.0254;25786;24386;0.0004
"EarlyUpdate.DispatchEventQueueEvents";0.0005;0.0002;0.0378;25567;24355;24220;2;2;1.55879998316232;0.0007794;0.0004;0.0009;2000;1;1;1;2000;24216;0.0002;0.0378;24355;24220;0.0004
"PreLateUpdate.AIUpdatePostScript";0.0005;0.0001;0.0075;25599;25800;26143;2;2;1.29009998511174;0.00064505;0.0004;0.0008;2000;1;1;1;2000;24216;0.0001;0.0075;25800;26143;0.0002
"EarlyUpdate.UpdateAsyncInstantiate";0.0005;0.0002;0.0075;25624;24329;25868;2;2;1.6481999844691;0.0008241;0.0004;0.001;2000;1;1;1;2000;24216;0.0002;0.0075;24329;25868;0.0004
"UnityEngine.IMGUIModule.dll!UnityEngine::Event.Internal_SetNativeEvent()";0.0005;0.0003;0.0038;25636;24266;24940;5;6;1.33259999472648;0.0006663;0.0004;0.0007;2111;1;1;3;2000;24216;0.0001;0.0038;24635;24940;0.0004
"UnityEngine.CoreModule.dll!UnityEngine::Random.RandomRangeInt()";0.0005;0.0004;0.0011;25668;24463;24220;7;10;0.00709999998798594;0.0006454546;0.0005;0.0008;11;1;1;1;11;24220;0.0004;0.0011;24463;24220;0
"UnityEngine.CoreModule.dll!UnityEngine::GameObject.TryGetComponentFastPath_Injected()";0.0005;0.0003;0.0035;25669;25184;24220;12;17;0.0099000001209788;0.0009;0.0004;0.0009;13;1;1;3;11;24220;0.0003;0.0016;25184;24220;0
"UnityEngine.ParticleSystemModule.dll!::MainModule.set_gravityModifierBlittable()";0.0005;0.0004;0.0023;25714;24381;24324;13;14;0.0395999995816965;0.0007615385;0.0004;0.0008;54;1;1;2;52;24287;0.0004;0.0023;24381;24324;0
"UnityEngine.CoreModule.dll!UnityEngine.Events::InvokableCall`1.add_Delegate()";0.0005;0.0004;0.0075;25751;24472;25702;20;31;0.0831000000471249;0.000865625;0.0005;0.0009;104;1;1;4;96;24220;0.0002;0.0075;25483;25702;0
"UnityEngine.GridModule.dll!UnityEngine::GridLayout.get_cellSize()";0.0005;0.0004;0.0022;25762;24559;24870;6;6;0.065699999948265;0.0006441177;0.0005;0.0007;102;1;1;1;102;24457;0.0004;0.0022;24559;24870;0
"UnityEngine.CoreModule.dll!UnityEngine::Vector2.Normalize()";0.0005;0.0002;0.0055;25773;24463;25400;7;23;0.0665999975753948;0.0007655172;0.0003;0.0007;152;1;1;4;87;24220;0.0001;0.0032;24839;24876;0
"mscorlib.dll!System::Span`1.Slice()";0.0005;0.0003;0.005599999;25787;24226;25904;11;36;0.144699996657437;0.0007128079;0.0004;0.0008;322;1;1;25;203;24220;0.0001;0.0017;24640;25198;0
"mscorlib.dll!System::DateTime.get_Month()";0.0005;0.0005;0.0005;25904;25904;25904;22;22;0.000500000023748726;0.0005;0.0005;0.0005;1;1;1;1;1;25904;0.0005;0.0005;25904;25904;0
"mscorlib.dll!System::DateTime.get_Year()";0.0005;0.0005;0.0005;25904;25904;25904;22;22;0.000500000023748726;0.0005;0.0005;0.0005;1;1;1;1;1;25904;0.0005;0.0005;25904;25904;0
"UnityEngine.CoreModule.dll!UnityEngine::Logger.IsLogTypeAllowed()";0.0005;0.0005;0.0005;25904;25904;25904;20;20;0.000500000023748726;0.0005;0.0005;0.0005;1;1;1;1;1;25904;0.0005;0.0005;25904;25904;0
"UnityEngine.CoreModule.dll!UnityEngine::Transform.SetAsLastSibling_Injected()";0.0005;0.0005;0.0005;25904;25904;25904;19;19;0.000500000023748726;0.0005;0.0005;0.0005;1;1;1;1;1;25904;0.0005;0.0005;25904;25904;0
"sceneLoadStart.Invoke";0.0005;0.0005;0.0005;26016;26016;26016;25;25;0.000500000023748726;0.0005;0.0005;0.0005;1;1;1;1;1;26016;0.0005;0.0005;26016;26016;0
"UnityEngine.UI.dll!UnityEngine.UI::Image.CalculateLayoutInputHorizontal()";0.0005;0.0005;0.0005;26017;26017;26017;14;14;0.000500000023748726;0.0005;0.0005;0.0005;1;1;1;1;1;26017;0.0005;0.0005;26017;26017;0
"UnityEngine.CoreModule.dll!UnityEngine::Camera.get_targetTexture_Injected()";0.0005;0.0002;0.0591;26020;25319;25947;6;6;1.64759998270893;0.0008238;0.0004;0.0011;2000;1;1;1;2000;24216;0.0002;0.0591;25319;25947;0.0004
"PostLateUpdate.UpdateResolution";0.0005;0.0002;0.0088;26108;24775;25991;2;2;1.40289998681692;0.00070145;0.0004;0.0007;2000;1;1;1;2000;24216;0.0002;0.0088;24775;25991;0.0005
"mscorlib.dll!::KeyCollection..ctor()";0.0005;0.0005;0.0005;26215;26215;26215;8;8;0.000500000023748726;0.0005;0.0005;0.0005;1;1;1;1;1;26215;0.0005;0.0005;26215;26215;0
"mscorlib.dll!::KeyCollection.GetEnumerator()";0.0005;0.0005;0.0005;26215;26215;26215;7;7;0.000500000023748726;0.0005;0.0005;0.0005;1;1;1;1;1;26215;0.0005;0.0005;26215;26215;0
"UnityEngine.CoreModule.dll!UnityEngine::Camera.get_eventMask_Injected()";0.0005;0.0001;0.006599999;24218;24290;25190;6;6;1.27639996196376;0.0006498981;0.0003;0.0008;5892;3;3;3;1964;24216;0;0.0064;24222;25190;0.0003
"Tilemap.UpdateTileAnimation()";0.0005;0.0001;0.0048;24312;24240;24633;5;5;1.20569996672566;0.0006694614;0.0003;0.0009;5403;3;3;3;1801;24216;0;0.0042;24219;24633;0.0003
"UnityEngine.AccessibilityModule.dll!UnityEngine.Accessibility::AccessibilityManager.get_instance()";0.0005;0.0001;0.0051;24314;24375;24977;4;4;1.13179996643157;0.0005659;0.0003;0.0006;4000;2;2;2;2000;24216;0;0.0047;24227;24977;0.0003
"System.dll!System.Collections.Generic::LinkedList`1.get_First()";0.0005;0;0.1546;24557;25964;25704;6;17;1.34759992273757;0.0006738;0.0003;0.0007;14653;6;1;33;2000;24216;0;0.1538;24216;25704;0.0005
"UnityEngine.CoreModule.dll!UnityEngine::GradientAlphaKey..ctor()";0.0005;0.0001;0.0121;24608;24225;25152;8;24;0.386599979668972;0.0006432612;0.0003;0.0007;4318;6;2;18;601;24216;0;0.0099;24216;25152;0
"UnityEngine.CoreModule.dll!UnityEngine::Mathf.InverseLerp()";0.0005;0.0002;0.0074;24847;24216;24220;13;23;0.801799975743052;0.0006948007;0.0003;0.0007;2148;2;1;7;1154;24216;0.0001;0.0035;24221;24472;0
"UnityEngine.TilemapModule.dll!UnityEngine.Tilemaps::Tilemap.get_origin_Injected()";0.0005;0.0001;0.0026;24900;25848;24220;11;20;0.0137999994403799;0.0006571428;0.0003;0.0008;46;2;2;6;21;24220;0;0.001;24655;24662;0
"UnityEngine.CoreModule.dll!UnityEngine.Pool::ObjectPool`1.Get()";0.0005;0.0001;0.03510002;24902;24219;26017;8;29;1.2851999408158;0.0007870178;0.0003;0.0009;9971;4;1;417;1633;24216;0;0.0105;24219;24592;0
"UnityEngine.CoreModule.dll!UnityEngine::MonoBehaviour.IsObjectMonoBehaviour_Injected()";0.0005;0.0001;0.008299999;24908;24313;24220;7;31;0.309999991251971;0.0006623932;0.0003;0.0007;943;1;1;66;468;24220;0;0.0036;24221;25703;0
"UnityEngine.CoreModule.dll!UnityEngine::LineRenderer.set_endWidth_Injected()";0.0005;0.0001;0.022;24926;24464;24322;7;24;0.454099984883214;0.0007117555;0.0003;0.0007;2127;3;1;7;638;24216;0;0.0208;24217;24322;0
"Physics2D.SolveDiscreteIslandPositionConstraints";0.0005;0.0001;0.006299999;24927;24282;25246;8;8;1.02969992352882;0.0006823724;0.0003;0.0009;14963;9;1;42;1509;24216;0;0.0039;24216;25527;0
"UnityEngine.CoreModule.dll!UnityEngine::Time.get_unscaledDeltaTime()";0.0005;0.0002;0.0083;24933;24269;24267;5;28;1.26729996812355;0.00063365;0.0004;0.0007;4323;2;2;4;2000;24216;0;0.0072;24634;24267;0.0003
"UnityEngine.UI.dll!UnityEngine.UI::Slider.get_minValue()";0.0005;0;0.012;25123;24415;25266;9;23;1.18839992786525;0.0007036116;0.0002;0.0009;11299;6;1;33;1689;24216;0;0.0077;24216;25266;0
"UnityEngine.CoreModule.dll!UnityEngine::Transform.get_localScale_Injected()";0.0005;0.0002;0.0052;25243;24624;25400;9;21;0.0493999983009417;0.000715942;0.0003;0.0007;269;3;1;7;69;24220;0;0.0016;24247;25400;0
"UnityEngine.CoreModule.dll!UnityEngine::Screen.get_height()";0.0005;0.0001;0.0169;25277;25423;24516;5;11;1.31129995847004;0.00065565;0.0004;0.0007;5870;3;1;5;2000;24216;0;0.0156;24219;24516;0.0004
"mscorlib.dll!System::RuntimeTypeHandle.GetAttributes()";0.0005;0.0003;0.09310069;25308;26017;25904;27;57;0.0939006893022452;0.03130023;0.0003;0.0005;949;3;2;944;3;25308;0;0.0016;25308;25904;0
"UnityEngine.InputModule.dll!UnityEngineInternal.Input::NativeInputSystem.ShouldRunUpdate()";0.0005;0;0.0037;25311;24625;24947;3;4;1.303199957998;0.0006516;0.0003;0.0009;5698;3;2;4;2000;24216;0;0.003;24221;24947;0.0003
"mscorlib.dll!System::ReadOnlySpan`1.op_Implicit()";0.0005;0.0003;0.02079999;25360;24222;25904;6;35;1.29999995330581;0.0007214206;0.0004;0.0008;3776;2;2;97;1802;24216;0.0001;0.0071;24219;25826;0.0003
"UnityEngine.CoreModule.dll!UnityEngine::GameObject.get_activeSelf_Injected()";0.0005;0.0001;0.0117;25361;25045;24267;6;20;1.11459996281337;0.0006767455;0.0003;0.0008;4945;3;1;12;1647;24216;0;0.0099;24218;25662;0.0002
"UnityEngine.CoreModule.dll!UnityEngine::Sprite.get_border_Injected()";0.0005;0.0002;0.003;25366;24280;25215;16;17;0.727599980731611;0.0006310494;0.0004;0.0007;2960;2;2;12;1153;24216;0;0.0024;24216;25098;0
"FontEngine.LoadFontFace_From_Cache";0.0005;0.0004;0.001;25452;25904;24539;26;26;0.00190000000293367;0.0006333333;0.0004;0.0005;6;2;1;3;3;24539;0.0001;0.001;25452;24539;0
"UnityEngine.UI.dll!UnityEngine.EventSystems::BaseInputModule.get_eventSystem()";0.0005;0;0.0141;25528;24339;25008;6;15;1.47139994485769;0.0007357;0.0004;0.0007;12443;6;6;9;2000;24216;0;0.0124;24218;25008;0.0005
"Unity.ResourceManager.dll!UnityEngine.ResourceManagement.AsyncOperations::AsyncOperationBase`1.get_Status()";0.0005;0;0.0163;25760;25298;25961;11;19;1.27979994039197;0.0007102108;0.0004;0.0007;16215;9;6;9;1802;24216;0;0.0134;24216;25961;0.0008
"UnityEngine.UIModule.dll!UnityEngine::CanvasRenderer.GetColor_Injected()";0.0005;0.0001;0.0054;25770;24359;24220;16;28;0.0696999976571533;0.0006394495;0.0002;0.0008;353;3;1;10;109;24220;0;0.0012;24251;24539;0
"Unity.ResourceManager.dll!UnityEngine.ResourceManagement.AsyncOperations::AsyncOperationBase`1.get_PercentComplete()";0.0005;0;0.0142;25897;24909;25395;11;11;1.30149994313979;0.000722654;0.0004;0.0007;16209;9;9;9;1801;24216;0;0.0121;24216;25395;0.0007
"mscorlib.dll!System.IO::PathInternal.IsDirectorySeparator()";0.0005;0.0005;0.0005;25904;25904;25904;24;32;0.000499999965541065;0.0005;0.0005;0.0005;12;12;12;12;1;25904;0;0.0001;25904;25904;0
"mscorlib.dll!System.Reflection::RuntimeParameterInfo[].System.Collections.Generic.IList`1.get_Item()";0.0005;0.0005;0.0005;25904;25904;25904;37;37;0.000499999965541065;0.0005;0.0005;0.0005;2;2;2;2;1;25904;0.0001;0.0004;25904;25904;0
"mscorlib.dll!System.Runtime.InteropServices::Marshal.GetLastWin32Error()";0.0005;0.0005;0.0005;25904;25904;25904;29;30;0.000499999965541065;0.0005;0.0005;0.0005;2;2;2;2;1;25904;0.0001;0.0004;25904;25904;0
"mscorlib.dll!System.Text::EncoderReplacementFallback.get_MaxCharCount()";0.0005;0.0005;0.0005;25904;25904;25904;24;25;0.000499999965541065;0.0005;0.0005;0.0005;4;4;4;4;1;25904;0.0001;0.0002;25904;25904;0
"mscorlib.dll!System.Text::Encoding.get_EncoderFallback()";0.0005;0.0005;0.0005;25904;25904;25904;24;27;0.000499999965541065;0.0005;0.0005;0.0005;8;8;8;8;1;25904;0;0.0001;25904;25904;0
"mscorlib.dll!System.Text::StringBuilder.get_Capacity()";0.0005;0.0005;0.0005;25904;25904;25904;21;25;0.000499999965541065;0.0005;0.0005;0.0005;10;10;10;10;1;25904;0;0.0002;25904;25904;0
"mscorlib.dll!System::DateTime.get_InternalTicks()";0.0005;0.0005;0.0005;25904;25904;25904;23;24;0.000499999965541065;0.0005;0.0005;0.0005;7;7;7;7;1;25904;0;0.0001;25904;25904;0
"mscorlib.dll!System::Type.get_DefaultBinder()";0.0005;0.0005;0.0005;25904;25904;25904;45;48;0.000499999965541065;0.0005;0.0005;0.0005;2;2;2;2;1;25904;0.0001;0.0004;25904;25904;0
"Newtonsoft.Json.dll!Newtonsoft.Json.Serialization::JsonContract.set_DefaultCreator()";0.0005;0.0005;0.0005;25904;25904;25904;34;37;0.000499999965541065;0.0005;0.0005;0.0005;4;4;4;4;1;25904;0.0001;0.0002;25904;25904;0
"Newtonsoft.Json.dll!Newtonsoft.Json.Serialization::JsonObjectContract.set_ExtensionDataNameResolver()";0.0005;0.0005;0.0005;25904;25904;25904;33;36;0.000499999965541065;0.0005;0.0005;0.0005;2;2;2;2;1;25904;0.0001;0.0004;25904;25904;0
"System.dll!System.Collections.Specialized::OrderedDictionary..ctor()";0.0005;0.0005;0.0005;25904;25904;25904;42;46;0.000499999965541065;0.0005;0.0005;0.0005;4;4;4;4;1;25904;0;0.0003;25904;25904;0
"mscorlib.dll!System.Collections.Generic::KeyValuePair`2.get_Key()";0.0005;0;0.0155;25928;24334;25961;9;9;1.3647999404202;0.0007578012;0.0004;0.0007;16209;9;9;9;1801;24216;0;0.0124;24216;25961;0.0005
"UnityEngine.CoreModule.dll!UnityEngine::Display.GetRenderingExtImpl()";0.0005;0.0002;0.0406;25982;24244;25353;14;14;1.60109995139646;0.0008009505;0.0004;0.0009999999;6069;3;3;5;1999;24216;0;0.0404;24219;25353;0.0003
"mscorlib.dll!::ValueCollection.CopyTo()";0.0005;0.0005;0.0005;26017;26017;26017;9;9;0.000499999965541065;0.0005;0.0005;0.0005;2;2;2;2;1;26017;0.0002;0.0003;26017;26017;0
"mscorlib.dll!System::RuntimeMethodHandle..ctor()";0.0005;0.0005;0.006199997;26017;26017;25904;15;51;0.00669999688398093;0.003349999;0.0005;0.0005;144;17;17;127;2;25904;0;0.0001;25904;25904;0
"Unity.ResourceManager.dll!UnityEngine.ResourceManagement.AsyncOperations::AsyncOperationHandle..ctor()";0.0005;0.0005;0.0005;26017;26017;26017;16;16;0.000499999965541065;0.0005;0.0005;0.0005;6;6;6;6;1;26017;0;0.0001;26017;26017;0
"Unity.ResourceManager.dll!UnityEngine.ResourceManagement.ResourceProviders::ResourceProviderBase.Release()";0.0005;0.0005;0.0005;26017;26017;26017;16;16;0.000499999965541065;0.0005;0.0005;0.0005;6;6;6;6;1;26017;0;0.0003;26017;26017;0
"Unity.ResourceManager.dll!UnityEngine.ResourceManagement::ResourceManager.get_Allocator()";0.0005;0.0005;0.0005;26017;26017;26017;16;24;0.000499999965541065;0.0005;0.0005;0.0005;10;10;10;10;1;26017;0;0.0001;26017;26017;0
"Unity.TextMeshPro.dll!TMPro::ShaderUtilities.GetShaderPropertyIDs()";0.0005;0.0005;0.0005;26017;26017;26017;11;12;0.000499999965541065;0.0005;0.0005;0.0005;10;10;10;10;1;26017;0;0.0003;26017;26017;0
"UnityEngine.CoreModule.dll!UnityEngine::Vector4.op_Multiply()";0.0005;0.0005;0.0005;26017;26017;26017;13;13;0.000499999965541065;0.0005;0.0005;0.0005;5;5;5;5;1;26017;0.0001;0.0001;26017;26017;0
"UnityEngine.UI.dll!UnityEngine.UI::Button.get_onClick()";0.0005;0.0005;0.0005;26017;26017;26017;11;11;0.000499999965541065;0.0005;0.0005;0.0005;7;7;7;7;1;26017;0;0.0001;26017;26017;0
"UnityEngine.UI.dll!UnityEngine.UI::LayoutGroup.get_childAlignment()";0.0005;0.0005;0.0005;26017;26017;26017;16;17;0.000499999965541065;0.0005;0.0005;0.0005;5;5;5;5;1;26017;0;0.0002;26017;26017;0
"UnityEngine.CoreModule.dll!UnityEngine::SpriteRenderer.get_sprite_Injected()";0.0004;0.0003;0.001;24221;24732;25262;8;8;0.00170000002253801;0.0005666667;0.0003;0.0004;3;1;1;1;3;24221;0.0003;0.001;24732;25262;0
"Assembly-CSharp.dll!::EnemyHp.get_IsDead()";0.0004;0;0.1249999;24299;24364;25282;6;19;6.92229714458517;0.00441473;0.0002;0.0045;79669;4;1;404;1568;24216;0;0.0162;24216;25253;0
"Sprite.GetSourceAndDestinationRect";0.0004;0.0001;0.0096;24345;24280;24397;4;4;0.636799982567027;0.0004665201;0.0003;0.0005;2442;1;1;7;1365;24216;0;0.005;24216;24397;0.0007
"UnityEngine.CoreModule.dll!UnityEngine::Rect.get_x()";0.0004;0;0.0035;24361;24262;24903;13;26;0.531499978125794;0.0004581896;0.0002;0.0005;6159;4;1;28;1160;24216;0;0.0027;24216;24903;0
"FixedUpdate.LegacyFixedAnimationUpdate";0.0004;0.0001;0.0038;24402;24299;25329;2;2;0.924999984868919;0.0005525687;0.0003;0.0007;1698;1;1;2;1674;24216;0.0001;0.0038;24221;25329;0
"UnityEngine.CoreModule.dll!UnityEngine::Vector3Int.get_x()";0.0004;0;0.003199999;24426;24221;24220;9;19;0.0107999991887482;0.0005142857;0.0001;0.0007;92;4;4;12;21;24220;0;0.0003;24221;24220;0
"Assembly-CSharp.dll!::TowerWeapon.IsBetterTarget()";0.0004;0.0002;0.0466;24429;24341;24220;7;12;0.159199997564428;0.001384348;0.0003;0.0009;169;1;1;6;115;24220;0.0002;0.02;24341;24220;0
"UnityEngine.CoreModule.dll!UnityEngine::Vector2.get_sqrMagnitude()";0.0004;0;0.0106;24497;24240;24392;6;23;0.981099960728898;0.00049055;0.0003;0.0005;11318;5;2;14;2000;24216;0;0.0094;24216;24392;0
"UnityEngine.UI.dll!UnityEngine.UI::Image.get_useSpriteMesh()";0.0004;0.0001;0.0005;24539;25904;25663;14;14;0.00159999993775273;0.00032;0.0002;0.0004;11;2;1;4;5;24539;0.0001;0.0003;25452;25663;0
"UnityEngine.UI.dll!UnityEngine.UI::Slider.get_value()";0.0004;0.0001;0.0064;24552;24233;24220;13;23;0.576199983268452;0.0004993068;0.0002;0.0005;2148;2;1;7;1154;24216;0.0001;0.0024;24226;25249;0
"mscorlib.dll!System.Collections.Generic::List`1..ctor()";0.0004;0.0001;0.9687994;24562;25288;25904;7;52;2.05539936849527;0.001139989;0.0003;0.0005;4628;2;2;306;1803;24216;0;0.8233;24216;25904;0.0003
"UnityEngine.CoreModule.dll!UnityEngine::Sprite.GetInnerUVs_Injected()";0.0004;0.0002;0.0078;24575;24222;25628;17;17;0.561699986414169;0.0004871639;0.0003;0.0005;1480;1;1;6;1153;24216;0;0.0078;24240;25628;0
"GlobalEventQueue";0.0004;0.0001;0.0085;24608;24222;25895;3;3;1.09219998085609;0.0005461;0.0003;0.0007;2000;1;1;1;2000;24216;0.0001;0.0085;24222;25895;0.0003
"UnityEngine.IMGUIModule.dll!UnityEngine::GUIStyle.get_fixedWidth_Injected()";0.0004;0.0002;0.0044;24630;24223;25737;12;13;0.858099974371726;0.0004764575;0.0003;0.0005;3814;2;2;6;1801;24216;0;0.0041;24219;25737;0.0004
"UnityEngine.UIModule.dll!UnityEngine::Canvas.get_overrideSorting_Injected()";0.0004;0.0001;0.0027;24645;24565;25663;15;17;0.252899993080064;0.0004360345;0.0002;0.0005;1320;3;1;12;580;24220;0;0.0016;24220;26115;0
"UnityEngine.UIModule.dll!UnityEngine::Canvas.get_additionalShaderChannels_Injected()";0.0004;0.0001;0.0019;24674;24251;24252;16;16;0.0247999992352561;0.0004679245;0.0003;0.0004;131;3;1;6;53;24220;0;0.0019;24381;24252;0
"UnityEngine.UIModule.dll!UnityEngine::Canvas.get_sortingLayerID_Injected()";0.0004;0.0001;0.0025;24674;24565;24698;12;12;0.255099993104523;0.0004483304;0.0002;0.0005;1262;3;1;3;569;24565;0;0.0022;24576;26124;0
"UnityEngine.UIModule.dll!UnityEngine::CanvasRenderer.get_cullTransparentMesh_Injected()";0.0004;0.0001;0.0019;24674;24252;24539;16;16;0.021999999495165;0.0004150943;0.0003;0.0004;131;3;1;6;53;24220;0;0.0009;25514;24539;0
"UnityEngine.CoreModule.dll!UnityEngine::ResourcesAPI.get_ActiveAPI()";0.0004;0.0002;0.0014;24677;24381;24287;13;15;0.026299999532057;0.0004781818;0.0003;0.0005;57;1;1;2;55;24287;0.0002;0.0013;24381;24324;0
"UnityEngine.UI.dll!UnityEngine.EventSystems::PointerEventData.get_position()";0.0004;0.0001;0.0086;24686;24230;25701;9;12;1.02689996596746;0.0005137068;0.0003;0.0006;8037;4;4;5;1999;24216;0;0.0072;24216;25701;0.0003
"Unity.TextMeshPro.dll!TMPro::TMP_Style.get_styleOpeningDefinition()";0.0004;0;0.0105;24694;24415;24236;13;26;0.880099950416479;0.0005037779;0.0002;0.0006;12636;6;1;32;1747;24216;0;0.007;24216;25303;0.0004
"UnityEngine.UIModule.dll!UnityEngine::CanvasRenderer.SetSecondaryTextureCount_Injected()";0.0004;0.0002;0.0018;24715;24655;25215;14;14;0.0100999998539919;0.00063125;0.0003;0.0007;44;2;2;7;16;24220;0;0.0011;24220;25245;0
"mscorlib.dll!System.Globalization::CultureInfo.get_UserDefaultCulture()";0.0004;0.0001;0.005899999;24732;24313;25904;12;36;0.131999997822277;0.0006470588;0.0002;0.0009;390;1;1;26;204;24220;0.0001;0.0019;24313;25718;0
"UnityEngine.CoreModule.dll!UnityEngine::RectOffset.get_left_Injected()";0.0004;0.0001;0.0053;24753;25581;25516;11;17;0.855999973711732;0.0004750277;0.0003;0.0005;3816;2;2;6;1802;24216;0;0.0048;24220;25516;0.0004
"System.Core.dll!System.Collections.Generic::HashSet`1.get_Count()";0.0004;0;0.0129;24793;24416;24278;12;14;0.892899942766235;0.0005111047;0.0002;0.0006;12635;6;1;32;1747;24216;0;0.009;24216;24278;0.0004
"Unity.TextMeshPro.dll!::CharacterSubstitution..ctor()";0.0004;0;0.0111;24793;24457;24236;12;24;0.883699950194568;0.0005058385;0.0002;0.0006;12636;6;1;32;1747;24216;0;0.0023;24216;24450;0.0002
"UnityEngine.TextCoreFontEngineModule.dll!UnityEngine.TextCore::FaceInfo.get_lineHeight()";0.0004;0;0.0119;24799;24441;24267;12;24;0.890299950122426;0.0005096165;0.0002;0.0006;12636;6;1;32;1747;24216;0;0.0047;24216;24267;0.0004
"UnityEngine.UI.dll!UnityEngine.UI::CanvasScaler.SetScaleFactor()";0.0004;0.0003;0.0394;24804;24216;25384;9;13;1.13489997971919;0.00056745;0.0003;0.0005;2002;1;1;3;2000;24216;0.0003;0.0394;24216;25384;0.0004
"mscorlib.dll!System::UIntPtr.op_Inequality()";0.0004;0;0.0009999999;24822;24689;24602;12;41;0.014799999371462;0.0004111111;0.0002;0.0005;252;7;2;14;36;24539;0;0.0003;24602;24539;0
"UnityEngine.CoreModule.dll!UnityEngine::Color32..ctor()";0.0004;0;0.0226;24825;24396;25271;13;16;0.926399952499196;0.0005302805;0.0002;0.0006;12636;6;1;32;1747;24216;0;0.0223;24216;25271;0.0004
"UnityEngine.CoreModule.dll!UnityEngine::SpriteRenderer.get_color_Injected()";0.0004;0.0002;0.0027;24839;24245;25400;10;22;0.0256999995617662;0.0004942308;0.0003;0.0005;116;3;1;3;52;24245;0;0.0011;24350;25400;0
"mscorlib.dll!System.Text::StringBuilder.set_Length()";0.0004;0.0002;0.003;24840;24755;25904;9;25;0.0203999990626471;0.0006;0.0003;0.0005;38;1;1;5;34;24539;0.0002;0.0022;24755;25904;0
"UnityEngine.UIModule.dll!UnityEngine::Canvas.get_worldCamera_Injected()";0.0004;0.0001;0.0031;24840;24359;25663;16;16;0.0274999992398079;0.0005188679;0.0003;0.0006;131;3;1;6;53;24220;0;0.0015;25505;24539;0
"UnityEngine.CoreModule.dll!UnityEngine::Vector4.set_Item()";0.0004;0;0.0048;24845;24503;25304;16;16;0.608799973429996;0.0005280139;0.0003;0.0006;7092;6;4;24;1153;24216;0;0.0027;24216;25165;0
"UnityEngine.GridModule.dll!UnityEngine::GridLayout.get_cellGap_Injected()";0.0004;0.0003;0.0076;24864;24461;24869;7;7;0.0540999995137099;0.0005303922;0.0003;0.0005;102;1;1;1;102;24457;0.0003;0.0076;24461;24869;0
"UnityEngine.UI.dll!UnityEngine.UI::CanvasUpdateRegistry.get_instance()";0.0004;0;0.02349997;24866;25861;26017;8;28;0.655999946262455;0.0005587734;0.0003;0.0006;5363;4;2;415;1174;24216;0;0.0079;24219;25386;0
"SoundManager.Update";0.0004;0.0001;0.0072;24891;25423;25723;3;3;0.949099982135522;0.00047455;0.0003;0.0005;2000;1;1;1;2000;24216;0.0001;0.0072;25423;25723;0.0009
"Physics2D.StoreBodyMoveStates";0.0004;0.0001;0.0047;24917;24407;24880;5;5;0.868199985910906;0.0005753479;0.0003;0.0008;1533;1;1;2;1509;24216;0;0.0047;24389;24880;0
"UnityEngine.ParticleSystemModule.dll!::MainModule.set_duration()";0.0004;0.0003;0.0018;24929;24435;25307;12;13;0.0274999994435348;0.0005288462;0.0003;0.0006;54;1;1;2;52;24287;0.0002;0.0018;24860;25307;0
"UnityEngine.CoreModule.dll!UnityEngine::Vector3.op_Inequality()";0.0004;0.0002;0.0328;24955;24219;24445;5;5;1.26299997940077;0.0006315;0.0003;0.0008;2000;1;1;1;2000;24216;0.0002;0.0328;24219;24445;0.0002
"CanvasUpdate.PostLayout";0.0004;0.0002;0.0066;25022;24271;26153;9;9;1.08289998062537;0.00054145;0.0003;0.0005;2000;1;1;1;2000;24216;0.0002;0.0066;24271;26153;0.0004
"ConstraintManager::Update";0.0004;0.0002;0.0067;25028;24221;24965;3;3;1.07899998081848;0.0005395;0.0003;0.0006;2000;1;1;1;2000;24216;0.0002;0.0067;24221;24965;0.0002
"mscorlib.dll!System.Threading::Thread.get_CurrentThread()";0.0004;0.0001;0.02059998;25032;26017;25904;5;52;1.12719995438965;0.0005636;0.0003;0.0007;2596;1;1;233;2000;24216;0;0.0053;24418;26153;0.0003
"UnityEngine.CoreModule.dll!UnityEngine::LineRenderer.set_useWorldSpace_Injected()";0.0004;0.0001;0.0073;25074;24229;25395;8;18;0.586299983275239;0.0005364135;0.0003;0.0006;1955;2;1;3;1093;24216;0;0.0073;24243;25395;0
"SceneNodesInitJob";0.0004;0.0002;0.0037;25082;24335;26097;9;9;0.374699992113165;0.0004989348;0.0003;0.0005;751;1;1;1;751;24258;0.0002;0.0037;24335;26097;0
"UnityEngine.CoreModule.dll!UnityEngine::Camera.get_farClipPlane_Injected()";0.0004;0.0001;0.0048;25115;24222;24819;6;6;1.15979998057446;0.0005905295;0.0003;0.0009;1964;1;1;1;1964;24216;0.0001;0.0048;24222;24819;0.0004
"mscorlib.dll!System.Threading::Thread.GetExecutionContextReader()";0.0004;0.0002;0.0032;25145;24227;25952;5;5;1.11159998050425;0.0005558;0.0003;0.0006;2000;1;1;1;2000;24216;0.0002;0.0032;24227;25952;0.0003
"CullSceneDynamicObjectsCombineJob";0.0004;0.0003;0.0087;25146;24285;25628;7;7;0.613699991285102;0.0005435784;0.0004;0.0005;1129;1;1;1;1129;24216;0.0003;0.0087;24285;25628;0
"UnityEngine.InputLegacyModule.dll!UnityEngine::Input.GetMouseButtonUp()";0.0004;0.0001;0.1645;25154;24219;24872;11;11;1.22839996934636;0.0006145072;0.0003;0.0006;5997;3;3;3;1999;24216;0;0.1643;24219;24872;0.0003
"UnityEngine.CoreModule.dll!UnityEngine::SpriteRenderer.set_color_Injected()";0.0004;0.0001;0.005899999;25167;25349;24220;8;20;0.0792999973273254;0.0005705036;0.0003;0.0006;279;2;1;11;139;24220;0;0.0019;24715;25695;0
"CanvasUpdate.Layout";0.0004;0.0002;1.0461;25178;24640;26017;9;9;2.1942000027484;0.0010971;0.0003;0.0005;2000;1;1;1;2000;24216;0.0002;1.0461;24640;26017;0.0003
"UnityEngine.CoreModule.dll!UnityEngine::BoundsInt.get_yMin()";0.0004;0.0003;0.0057;25184;24732;24220;9;18;0.0200999999069609;0.0009571429;0.0004;0.0013;23;1;1;3;21;24220;0.0003;0.0021;24732;25376;0
"UnityEngine.ParticleSystemModule.dll!::ColorOverLifetimeModule.set_enabled()";0.0004;0.0003;0.0018;25196;24381;24860;12;13;0.0283999996026978;0.0005461539;0.0003;0.0005;54;1;1;2;52;24287;0.0003;0.0017;24381;25812;0
"UnityEngine.CoreModule.dll!UnityEngine::Display.GetSystemExtImpl()";0.0004;0.0001;0.008199999;25213;24270;24310;14;14;1.06279996691592;0.0005316658;0.0003;0.0006;6069;3;3;5;1999;24216;0;0.0075;24216;24310;0.0002
"UnityEngine.UI.dll!UnityEngine.UI::ClipperRegistry.Cull()";0.0004;0.0002;0.025;25217;24221;25123;10;10;1.08129998268851;0.00054065;0.0003;0.0005;2000;1;1;1;2000;24216;0.0002;0.025;24221;25123;0.0003
"Unity.TextMeshPro.dll!::TextBackingContainer.set_Count()";0.0004;0;0.03019999;25262;24415;24236;14;27;1.01369993565459;0.0005802518;0.0002;0.0007;12636;6;1;32;1747;24216;0;0.0248;24216;25271;0.0004
"SkinnedMeshOncePerFrameUpdate";0.0004;0;0.0368;25263;24740;25384;4;9;1.01269997368945;0.00050635;0.0003;0.0005;4001;2;2;3;2000;24216;0;0.0366;24217;25384;0.001
"Unity.TextMeshPro.dll!::TextBackingContainer.get_Count()";0.0004;0;0.0114;25265;24464;24236;13;26;0.960499947053904;0.0005497996;0.0002;0.0007;12636;6;1;32;1747;24216;0;0.0067;24216;25244;0.0001
"UnityEngine.CoreModule.dll!UnityEngine::Vector3.get_one()";0.0004;0;0.0115;25295;24449;24236;6;24;0.969399944871839;0.0005548941;0.0002;0.0007;12709;6;1;40;1747;24216;0;0.0027;24216;25031;0.0004
"Physics2D.SolveDiscreteIslandBodySleep";0.0004;0;0.005999998;25297;24342;25500;8;8;0.851199944285327;0.0005640821;0.0002;0.0007;14963;9;1;42;1509;24216;0;0.0018;24216;25468;0
"UnityEngine.CoreModule.dll!UnityEngine::LineRenderer.get_startColor_Injected()";0.0004;0.0002;0.0023;25297;24242;25044;6;6;0.694099988482776;0.0005448195;0.0003;0.0006;1274;1;1;1;1274;24216;0.0002;0.0023;24242;25044;0.0004
"UnityEngine.ParticleSystemModule.dll!::ShapeModule.set_shapeType()";0.0004;0.0002;0.0016;25307;24435;24287;12;13;0.0250999994023005;0.0004826923;0.0003;0.0006;54;1;1;2;52;24287;0.0002;0.0012;24435;24287;0
"mscorlib.dll!System::RuntimeType.op_Equality()";0.0004;0;0.05970035;25308;26017;25904;22;57;0.0601003511983436;0.02003345;0;0.0004;862;5;2;855;3;25308;0;0.0032;25308;25904;0
"UnityEngine.CoreModule.dll!UnityEngine::Behaviour..ctor()";0.0004;0.0004;0.0007;25308;25308;26017;16;21;0.00109999996493571;0.00055;0.0004;0.0004;2;1;1;1;2;25308;0.0004;0.0007;25308;26017;0
"Profiler.FlushFileIOCounters";0.0004;0.0002;0.0066;25315;24219;24301;4;4;1.01059998213896;0.0005053;0.0003;0.0005;2000;1;1;1;2000;24216;0.0002;0.0066;24219;24301;0.0003
"UnityEngine.CoreModule.dll!UnityEngine::Camera.get_clearFlags_Injected()";0.0004;0.0001;0.0399;25360;24280;24282;6;6;1.12959996966674;0.0005751527;0.0003;0.0006;4824;2;2;4;1964;24216;0;0.0398;24221;24282;0.0006
"UnityEngine.IMGUIModule.dll!UnityEngine::GUIStyle.get_none()";0.0004;0.0001;0.0135;25374;24225;24453;7;9;0.961699962295825;0.0005339811;0.0003;0.0006;9535;5;5;15;1801;24216;0;0.0121;24216;24453;0.0006
"ClothScene.Update";0.0004;0.0001;0.0112;25396;24440;24999;4;4;1.09779998024169;0.0005489;0.0003;0.0007;2000;1;1;1;2000;24216;0.0001;0.0112;24440;24999;0.0003
"UnityEngine.CoreModule.dll!UnityEngine::Vector3.op_Division()";0.0004;0;0.0119;25412;24482;24236;5;15;0.986199941668019;0.000563221;0.0002;0.0007;12968;6;1;32;1751;24216;0;0.0095;24216;24661;0.0002
"Physics2D.TilemapColliderTileUpdate";0.0004;0;0.0074;25417;24858;24964;4;4;0.960099969706789;0.0005330927;0.0003;0.0006;5403;3;3;3;1801;24216;0;0.007;24233;24964;0.0003
"UnityEngine.IMGUIModule.dll!UnityEngine::Event.get_type_Injected()";0.0004;0.0001;0.0171;25428;24230;24992;6;8;1.08249995745427;0.0006010549;0.0003;0.0006;7628;4;4;12;1801;24216;0;0.0156;24216;24992;0.0004
"UnityEngine.ParticleSystemModule.dll!::MinMaxCurve..ctor()";0.0004;0.0001;0.0017;25430;24756;25812;13;15;0.0252999986769282;0.0004865384;0.0003;0.0005;324;6;6;12;52;24287;0;0.0003;24287;24976;0
"Assembly-CSharp.dll!::BombProjectile.Update()";0.0004;0.0001;1.7373;25431;24240;24279;4;4;19.8693998205563;0.02573757;0.0002;0.0209;1013;1;1;4;772;24216;0;1.6578;24280;24279;0.0001
"PostLateUpdate.DirectorLateUpdate";0.0004;0.0001;0.0053;25443;24565;24553;2;2;1.14419998486119;0.0005721;0.0003;0.0006;2000;1;1;1;2000;24216;0.0001;0.0053;24565;24553;0.0003
"UnityEngine.CoreModule.dll!UnityEngine::Vector3.op_Subtraction()";0.0004;0;0.1173999;25448;24340;25282;5;23;7.24169672020798;0.004514773;0.0002;0.004499999;82123;6;1;407;1604;24216;0;0.0335;24216;25889;0
"mscorlib.dll!System::Span`1.GetPinnableReference()";0.0004;0.0001;0.002;25452;25308;24539;19;25;0.00330000006215414;0.000825;0.0001;0.0008;21;4;1;10;4;24539;0;0.0006;25452;24539;0
"UnityEngine.TextCoreFontEngineModule.dll!UnityEngine.TextCore.LowLevel::FontEngine.GlyphIndexToMarshallingArray()";0.0004;0.0003;0.0012;25452;25904;24539;23;23;0.00189999991562217;0.0006333333;0.0003;0.0004;6;2;1;3;3;24539;0;0.0012;25452;24539;0
"UIEvents.CanvasmanagerEmitOnScreenGeometry";0.0004;0.0001;0.0164;25458;26085;25120;3;3;1.12349998376158;0.00056175;0.0003;0.0006;2000;1;1;1;2000;24216;0.0001;0.0164;26085;25120;0.0007
"UnityEngine.ParticleSystemModule.dll!::MainModule.set_startSpeedBlittable_Injected()";0.0004;0.0003;0.0018;25459;24435;24860;14;15;0.0306999994791113;0.0005903846;0.0003;0.0008;54;1;1;2;52;24287;0.0003;0.0015;24435;24860;0
"UnityEngine.UI.dll!UnityEngine.UI::Slider.Update()";0.0004;0;0.0043;25480;24593;25329;4;4;1.01129997045064;0.0005991114;0.0002;0.0007;4843;2;1;9;1688;24216;0;0.0027;24216;24722;0.0001
"UnityEngine.ParticleSystemModule.dll!::MainModule.set_simulationSpace()";0.0004;0.0003;0.0022;25498;24435;25855;12;13;0.0315999993181322;0.0006076923;0.0004;0.0007;54;1;1;2;52;24287;0.0002;0.0022;24860;25855;0
"UnityEngine.UI.dll!UnityEngine.UI::Graphic.set_color()";0.0004;0.0002;0.0291;25505;24649;25703;7;18;0.0708999994822079;0.001090769;0.0003;0.0006;112;1;1;8;65;24220;0.0001;0.0151;24251;25703;0
"UnityEngine.ParticleSystemModule.dll!::MinMaxCurveBlittable.FromMixMaxCurve()";0.0004;0.0001;0.0019;25522;25745;25812;13;15;0.0265999988259864;0.0005115384;0.0003;0.0005;324;6;6;12;52;24287;0;0.0004;24287;24976;0
"UnityEngine.ParticleSystemModule.dll!::EmissionModule.SetBurst_Injected()";0.0004;0.0003;0.0019;25533;24435;24860;15;16;0.0322999994968995;0.0006211539;0.0004;0.0007;54;1;1;2;52;24287;0.0002;0.0017;24860;24860;0
"UnityEngine.CoreModule.dll!UnityEngine::Time.get_unscaledTime()";0.0004;0.0002;0.0071;25544;24239;25825;7;9;1.19799997929658;0.0005992996;0.0003;0.0007;2081;1;1;3;1999;24216;0;0.0071;24652;25825;0.0004
"UnityEngine.CoreModule.dll!UnityEngine::Application.get_isPlaying()";0.0004;0.0001;0.0064;25547;24259;24374;4;4;1.17289998326305;0.00058645;0.0003;0.0008;2000;1;1;1;2000;24216;0.0001;0.0064;24259;24374;0.0004
"UnityEngine.UI.dll!UnityEngine.UI::Slider.get_maxValue()";0.0004;0;0.0141;25563;24399;24267;9;23;1.07209994980803;0.0006347543;0.0002;0.0008;11299;6;1;33;1689;24216;0;0.0083;24216;24267;0
"Assembly-CSharp.dll!::<PlayRoutine>d__10.System.Collections.IEnumerator.get_Current()";0.0004;0;0.0112;25569;24444;24720;4;18;1.04259993855521;0.0005971363;0.0002;0.0007;12507;6;1;32;1746;24216;0;0.0092;24216;24720;0.0003
"Unity.TextMeshPro.dll!TMPro::TMP_TextInfo.Clear()";0.0004;0;0.0258;25601;24428;25400;12;14;1.07299994260393;0.0006141957;0.0002;0.0007;12635;6;1;32;1747;24216;0;0.0251;24216;25400;0.0004
"UnityEngine.CoreModule.dll!UnityEngine::LineRenderer.set_endColor_Injected()";0.0004;0.0002;0.0019;25614;25673;24460;7;7;0.0507999995170394;0.0004980392;0.0003;0.0005;102;1;1;1;102;24457;0.0002;0.0019;25673;24460;0
"UnityEngine.UI.dll!UnityEngine.UI::Graphic.get_color()";0.0004;0;0.0046;25620;24746;25304;15;15;0.665699964134546;0.0005773634;0.0003;0.0007;9255;9;4;36;1153;24216;0;0.0015;24216;25056;0
"mscorlib.dll!System::IntPtr.op_Subtraction()";0.0004;0.0003;0.0121;25647;24219;25499;10;41;1.21839998665382;0.0006765131;0.0004;0.0006;1921;1;1;6;1801;24216;0.0003;0.0121;24219;25499;0.0003
"UnityEngine.IMGUIModule.dll!UnityEngine::GUIUtility.get_guiDepth()";0.0004;0.0002;0.0076;25647;24219;25251;8;9;1.0199999698234;0.000566352;0.0003;0.0006;3814;2;2;6;1801;24216;0;0.0071;24216;25251;0.0005
"UnityEngine.CoreModule.dll!UnityEngine::BoundsInt.get_xMin()";0.0004;0.0003;0.006;25669;24715;24220;9;18;0.0206999998481479;0.0009857143;0.0004;0.0013;23;1;1;3;21;24220;0.0003;0.0021;24715;24220;0
"UnityEngine.CoreModule.dll!UnityEngine::WaitForSeconds..ctor()";0.0004;0.0003;0.0021;25676;24273;24279;6;16;0.0779999995720573;0.0005864662;0.0004;0.0006;137;1;1;2;133;24220;0.0002;0.0019;24472;25400;0
"Profiler.CollectGIStats";0.0004;0.0002;0.0024;25733;24548;26211;5;5;1.02279998225276;0.0005114;0.0003;0.0006;2000;1;1;1;2000;24216;0.0002;0.0024;24548;26211;0.0005
"UnityEngine.ParticleSystemModule.dll!::MainModule.set_startSizeBlittable_Injected()";0.0004;0.0003;0.0023;25745;25169;25855;14;15;0.0336999997089151;0.0006480769;0.0004;0.0006;54;1;1;2;52;24287;0.0003;0.0023;24860;25855;0
"UnityEngine.ParticleSystemModule.dll!UnityEngine::ParticleSystem.get_main()";0.0004;0.0003;0.0018;25745;25714;24324;12;13;0.033499999641208;0.0006442307;0.0004;0.0006;54;1;1;2;52;24287;0.0003;0.0018;25714;24324;0
"UnityEngine.CoreModule.dll!UnityEngine::GradientColorKey..ctor()";0.0004;0;0.007099999;25769;24218;25400;8;24;0.346899981952447;0.0005772046;0.0003;0.0006;4318;6;2;18;601;24216;0;0.004;24216;25512;0
"UnityEngine.CoreModule.dll!UnityEngine::Vector3.Normalize()";0.0004;0.0003;0.0065;25862;24246;24432;6;9;0.135499998112209;0.0006514423;0.0004;0.0007;226;1;1;4;208;24220;0.0001;0.0065;24273;24432;0
"FixedBehaviourUpdate";0.0004;0.0002;0.0112;25872;24216;24397;3;3;1.13829998399888;0.0006799881;0.0003;0.0009;1698;1;1;2;1674;24216;0;0.0112;24449;24397;0
"UnityEngine.IMGUIModule.dll!UnityEngine::GUILayoutEntry.get_marginHorizontal()";0.0004;0.0003;0.0311;25893;24227;24515;7;8;1.21359998438857;0.0006738479;0.0004;0.0006;1907;1;1;3;1801;24216;0.0002;0.0311;25786;24515;0.0004
"mscorlib.dll!System.Collections::ArrayList.Add()";0.0004;0.0004;0.0004;25904;25904;25904;44;47;0.00039999998989515;0.0004;0.0004;0.0004;2;2;2;2;1;25904;0.0002;0.0002;25904;25904;0
"mscorlib.dll!System.Collections::Hashtable.UpdateVersion()";0.0004;0.0004;0.0004;25904;25904;25904;40;49;0.00039999998989515;0.0004;0.0004;0.0004;10;10;10;10;1;25904;0;0.0001;25904;25904;0
"mscorlib.dll!System.Reflection::MemberInfo.op_Inequality()";0.0004;0.0004;0.0004;25904;25904;25904;33;36;0.00039999998989515;0.0004;0.0004;0.0004;2;2;2;2;1;25904;0.0002;0.0002;25904;25904;0
"mscorlib.dll!System.Runtime.ConstrainedExecution::CriticalFinalizerObject..ctor()";0.0004;0.0004;0.0004;25904;25904;25904;28;29;0.00039999998989515;0.0004;0.0004;0.0004;4;4;4;4;1;25904;0.0001;0.0001;25904;25904;0
"mscorlib.dll!System.Text::Encoder..ctor()";0.0004;0.0004;0.0004;25904;25904;25904;26;27;0.00039999998989515;0.0004;0.0004;0.0004;4;4;4;4;1;25904;0.0001;0.0001;25904;25904;0
"mscorlib.dll!System::Array.GetLowerBound()";0.0004;0.0004;0.0004;25904;25904;25904;45;48;0.00039999998989515;0.0004;0.0004;0.0004;2;2;2;2;1;25904;0.0002;0.0002;25904;25904;0
"mscorlib.dll!System::RuntimeType.IsArrayImpl()";0.0004;0.0004;0.0004;25904;25904;25904;36;36;0.00039999998989515;0.0004;0.0004;0.0004;1;1;1;1;1;25904;0.0004;0.0004;25904;25904;0
"mscorlib.dll!System::String.ArrayContains()";0.0004;0.0004;0.0004;25904;25904;25904;22;30;0.00039999998989515;0.0004;0.0004;0.0004;7;7;7;7;1;25904;0;0.0001;25904;25904;0
"mscorlib.dll!System::String.IndexOf()";0.0004;0.0004;0.0004;25904;25904;25904;35;35;0.00039999998989515;0.0004;0.0004;0.0004;1;1;1;1;1;25904;0.0004;0.0004;25904;25904;0
"Newtonsoft.Json.dll!Newtonsoft.Json.Serialization::JsonContract.set_DefaultCreatorNonPublic()";0.0004;0.0004;0.0004;25904;25904;25904;34;37;0.00039999998989515;0.0004;0.0004;0.0004;4;4;4;4;1;25904;0.0001;0.0001;25904;25904;0
"Newtonsoft.Json.dll!Newtonsoft.Json.Utilities::BufferUtils.ReturnBuffer()";0.0004;0.0004;0.0004;25904;25904;25904;25;27;0.00039999998989515;0.0004;0.0004;0.0004;4;4;4;4;1;25904;0.0001;0.0001;25904;25904;0
"Newtonsoft.Json.dll!Newtonsoft.Json::JsonWriter.get_AutoCompleteOnClose()";0.0004;0.0004;0.0004;25904;25904;25904;25;27;0.00039999998989515;0.0004;0.0004;0.0004;4;4;4;4;1;25904;0.0001;0.0001;25904;25904;0
"System.Core.dll!::<GetEnumerator>d__13..ctor()";0.0004;0.0004;0.0004;25904;25904;25904;38;41;0.00039999998989515;0.0004;0.0004;0.0004;4;4;4;4;1;25904;0.0001;0.0001;25904;25904;0
"System.Core.dll!System.Linq::GroupedEnumerable`2..ctor()";0.0004;0.0004;0.0004;25904;25904;25904;37;40;0.00039999998989515;0.0004;0.0004;0.0004;4;4;4;4;1;25904;0.0001;0.0001;25904;25904;0
"System.dll!::DefaultTypeDescriptor..ctor()";0.0004;0.0004;0.0004;25904;25904;25904;38;45;0.00039999998989515;0.0004;0.0004;0.0004;4;4;4;4;1;25904;0.0001;0.0001;25904;25904;0
"UnityEngine.TextCoreFontEngineModule.dll!UnityEngine.TextCore.LowLevel::FontEngine.SetMarshallingArraySize()";0.0004;0.0004;0.0004;25904;25904;25904;19;19;0.00039999998989515;0.0004;0.0004;0.0004;2;2;2;2;1;25904;0.0001;0.0003;25904;25904;0
"PostLateUpdate.SortingGroupsUpdate";0.0004;0.0002;0.0074;25910;24227;26124;2;2;1.1506999857811;0.00057535;0.0004;0.0006;2000;1;1;1;2000;24216;0.0002;0.0074;24227;26124;0.0008
"UnityEngine.CoreModule.dll!UnityEngine.Rendering::SupportedRenderingFeatures.get_active()";0.0004;0.0001;0.0088;25968;24316;25117;4;4;1.20759996022389;0.0006038;0.0004;0.0006;6000;3;3;3;2000;24216;0;0.0077;24217;26072;0.0004
"EarlyUpdate.UnityWebRequestUpdate";0.0004;0.0002;0.0187;25984;24293;25976;2;2;1.39869997982169;0.00069935;0.0003;0.0009;2000;1;1;1;2000;24216;0.0002;0.0187;24293;25976;0.0004
"UnityEngine.IMGUIModule.dll!UnityEngine::GUIStyle.SetDefaultFont_Injected()";0.0004;0.0002;0.0165;25998;24560;24698;10;11;1.08199997074553;0.0006007773;0.0004;0.0006;3814;2;2;6;1801;24216;0;0.0154;24222;24698;0.0006
"UnityEngine.CoreModule.dll!UnityEngine.SceneManagement::SceneManager.GetSceneAt_Injected()";0.0004;0.0004;0.0004;26016;26016;26016;21;21;0.00039999998989515;0.0004;0.0004;0.0004;1;1;1;1;1;26016;0.0004;0.0004;26016;26016;0
"mscorlib.dll!System.Collections.Generic::ObjectEqualityComparer`1..ctor()";0.0004;0.0004;0.0004;26017;26017;26017;21;21;0.00039999998989515;0.0004;0.0004;0.0004;2;2;2;2;1;26017;0.0002;0.0002;26017;26017;0
"resetRandomAfterSceneLoad.Invoke";0.0004;0.0004;0.0004;26017;26017;26017;8;8;0.00039999998989515;0.0004;0.0004;0.0004;1;1;1;1;1;26017;0.0004;0.0004;26017;26017;0
"System.dll!System.Collections.Generic::LinkedList`1.ValidateNewNode()";0.0004;0.0004;0.0004;26017;26017;26017;19;19;0.00039999998989515;0.0004;0.0004;0.0004;6;6;6;6;1;26017;0;0.0001;26017;26017;0
"System.dll!System.Collections.Generic::LinkedListNode`1.Invalidate()";0.0004;0.0004;0.0004;26017;26017;26017;18;18;0.00039999998989515;0.0004;0.0004;0.0004;6;6;6;6;1;26017;0;0.0001;26017;26017;0
"TextRendering.FlushTextMeshGenerator";0.0004;0.0004;0.0004;26017;26017;26017;9;9;0.00039999998989515;0.0004;0.0004;0.0004;1;1;1;1;1;26017;0.0004;0.0004;26017;26017;0
"Unity.Addressables.dll!::ResourceLocation.get_DependencyHashCode()";0.0004;0.0004;0.0004;26017;26017;26017;20;22;0.00039999998989515;0.0004;0.0004;0.0004;12;12;12;12;1;26017;0;0.0001;26017;26017;0
"UnityEngine.UI.dll!UnityEngine.EventSystems::BaseEventData..ctor()";0.0004;0.0004;0.0008;26017;26017;26018;8;11;0.00119999996968545;0.0006;0.0004;0.0004;4;1;1;3;2;26017;0.0002;0.0004;26018;26017;0
"UnityEngine.UI.dll!UnityEngine.UI::LayoutRebuilder.Clear()";0.0004;0.0004;0.0004;26017;26017;26017;12;24;0.00039999998989515;0.0004;0.0004;0.0004;4;4;4;4;1;26017;0.0001;0.0001;26017;26017;0
"UnityEngine.UI.dll!UnityEngine.UI::SetPropertyUtility.SetClass()";0.0004;0.0004;0.0004;26017;26017;26017;13;16;0.00039999998989515;0.0004;0.0004;0.0004;7;7;7;7;1;26017;0;0.0001;26017;26017;0
"UnityEngine.UI.dll!UnityEngine.EventSystems::PointerEventData.set_pointerId()";0.0004;0.0004;0.0004;26018;26018;26018;10;11;0.00039999998989515;0.0004;0.0004;0.0004;6;6;6;6;1;26018;0;0.0001;26018;26018;0
"Flush DSP connections";0.0004;0.0001;0.0093;26047;24332;25874;6;6;1.05109998467378;0.00052555;0.0003;0.0006;2000;1;1;1;2000;24216;0.0001;0.0093;24332;25874;0.0016
"RenderTexture.ResolveAA";0.0004;0.0002;0.0337;26070;26018;26130;7;7;0.156899998226436;0.0007884422;0.0003;0.0008;199;1;1;1;199;26017;0.0002;0.0337;26018;26130;0
"Unity.ResourceManager.dll!UnityEngine.ResourceManagement::ResourceManager.ExecuteDeferredCallbacks()";0.0004;0.0003;0.0065;26095;24225;25898;6;6;1.29799998251838;0.000649;0.0004;0.0007;2000;1;1;1;2000;24216;0.0003;0.0065;24225;25898;0.0003
"mscorlib.dll!System.Collections::HashHelpers.GetPrime()";0.0004;0.0002;0.007199996;26109;25288;25904;11;53;0.0124999960971763;0.001041666;0.0002;0.0006;64;1;1;47;12;24226;0;0.0015;25904;25904;0
"UnityEngine.InputLegacyModule.dll!UnityEngine::Input.get_mouseScrollDelta()";0.0004;0.0002;0.0097;26132;24412;25811;10;10;1.43469997915963;0.0007177088;0.0003;0.001;1999;1;1;1;1999;24216;0.0002;0.0097;24412;25811;0.0003
"EarlyUpdate.UpdateTextureStreamingManager";0.0004;0.0002;0.0127;26158;24293;24591;2;2;1.4025999840087;0.0007013;0.0004;0.0009;2000;1;1;1;2000;24216;0.0002;0.0127;24293;24591;0.0004
"EarlyUpdate.UpdateStreamingManager";0.0004;0.0002;0.0033;26174;24222;25557;2;2;1.35839998199663;0.0006792;0.0004;0.0008;2000;1;1;1;2000;24216;0.0002;0.0033;24222;25557;0.0004
"UnityEngine.CoreModule.dll!UnityEngine.Rendering::OnDemandRendering.GetRenderFrameInterval()";0.0004;0.0002;0.0105;26208;24221;25047;2;2;1.37989998416742;0.00068995;0.0004;0.0008;2000;1;1;1;2000;24216;0.0002;0.0105;24221;25047;0.0005
"mscorlib.dll!System.Text::ValueStringBuilder.Append()";0.0003;0;0.008;24227;24290;24279;12;38;0.0901999971829355;0.000444335;0.0001;0.0006;658;3;1;14;203;24220;0;0.008;24221;24279;0
"Assembly-CSharp.dll!::Projectile.CaptureVisualDefaults()";0.0003;0;0.0019;24247;24226;24350;7;19;0.0369999990289216;0.0003333333;0.0001;0.0004;210;2;1;4;111;24225;0;0.0018;24226;24350;0
"mscorlib.dll!System.Collections.Generic::List`1.Sort()";0.0003;0;0.1511;24262;24222;24698;10;18;10.1515999890253;0.0050758;0.0002;0.0007;5963;3;1;4;2000;24216;0;0.0913;24216;25701;0.0002
"UnityEngine.UI.dll!UnityEngine.EventSystems::UIBehaviour.OnDisable()";0.0003;0.0001;0.0017;24287;24251;26017;12;24;0.00879999931203201;0.0003826087;0.0002;0.0003;103;3;3;31;23;24220;0;0.0004;24247;24358;0
"UnityEngine.CoreModule.dll!UnityEngine::LineRenderer.set_numCapVertices_Injected()";0.0003;0.0001;0.0009;24341;24324;25152;15;20;0.0114999996512779;0.0003382353;0.0002;0.0004;36;1;1;2;34;24220;0.0001;0.0009;24324;25152;0
"UnityEngine.IMGUIModule.dll!UnityEngine::Event.get_current()";0.0003;0;0.0084;24361;24226;25457;5;7;0.633499977440806;0.000351749;0.0002;0.0004;7628;4;4;12;1801;24216;0;0.0076;24216;25457;0.0001
"Assembly-CSharp.dll!::TowerDebugSpawner.OnGUI()";0.0003;0;0.0043;24597;24272;24310;4;5;0.606199981331883;0.0003365908;0.0002;0.0004;3814;2;2;6;1801;24216;0;0.0039;24218;24310;0.0003
"UnityEngine.IMGUIModule.dll!UnityEngine::GUIUtility.Internal_ExitGUI()";0.0003;0.0001;0.0534;24622;24216;25655;5;6;0.759099982038606;0.000421488;0.0002;0.0004;3814;2;2;6;1801;24216;0;0.0522;24216;25655;0.0001
"UnityEngine.IMGUIModule.dll!UnityEngine::GUIStyle.get_fixedHeight_Injected()";0.0003;0;0.0039;24670;24405;25418;12;13;0.625099979173683;0.0003470849;0.0002;0.0003;3814;2;2;6;1801;24216;0;0.0038;24219;25418;0.0003
"UnityEngine.CoreModule.dll!UnityEngine::Vector2.Distance()";0.0003;0;0.0104;24708;24384;24673;6;21;0.705999974597944;0.0003920044;0.0002;0.0004;6911;3;1;13;1801;24216;0;0.0102;24216;24673;0.0001
"UnityEngine.IMGUIModule.dll!UnityEngine::GUILayoutEntry.get_style()";0.0003;0;0.009499999;24849;24246;26015;7;8;0.684999975703249;0.0003803443;0.0002;0.0004;7628;4;4;12;1801;24216;0;0.0089;24216;26015;0.0003
"Preload Single Step";0.0003;0.0001;31.3531;24856;24228;26017;6;6;32.4657979016047;0.0162329;0.0002;0.0007;2011;1;1;12;2000;24216;0.0001;26.1183;24228;26017;0.0002
"UnityEngine.CoreModule.dll!UnityEngine::Vector4.get_sqrMagnitude()";0.0003;0.0002;0.0036;24857;24216;25215;16;16;0.470799987786449;0.0004083261;0.0002;0.0004;1480;1;1;6;1153;24216;0.0001;0.002;24220;24510;0
"UnityEngine.CoreModule.dll!UnityEngine.Profiling::Profiler.get_enabled()";0.0003;0.0001;0.0072;24858;24484;25009;9;9;0.737299981119577;0.00036865;0.0002;0.0004;2000;1;1;1;2000;24216;0.0001;0.0072;24484;25009;0.0002
"UnityEngine.UI.dll!UnityEngine.UI::Image.get_alphaHitTestMinimumThreshold()";0.0003;0;0.0035;24860;24565;25523;15;15;0.212599992191826;0.0003736379;0.0001;0.0005;1926;5;1;5;569;24565;0;0.0029;24565;25523;0
"EarlyUpdate.SpriteAtlasManagerUpdate";0.0003;0.0001;0.0132;24876;24217;25215;2;2;0.843799984482757;0.0004219;0.0002;0.0005;2000;1;1;1;2000;24216;0.0001;0.0132;24217;25215;0.0002
"Physics2D.ClearIslandFlags";0.0003;0;0.006;24879;25959;24976;6;6;0.751699989290501;0.0004981445;0.0002;0.0005;1533;1;1;2;1509;24216;0;0.006;25959;24976;0
"UnityEngine.CoreModule.dll!UnityEngine::RectOffset.get_right_Injected()";0.0003;0.0001;0.0071;24883;24219;25229;11;12;0.640799979846634;0.0003558023;0.0002;0.0003;3814;2;2;6;1801;24216;0;0.0066;24217;25229;0.0001
"PostLateUpdate.InputEndFrame";0.0003;0.0001;0.0105;24900;24229;25319;2;2;0.705299982219003;0.00035265;0.0002;0.0004;2000;1;1;1;2000;24216;0.0001;0.0105;24229;25319;0.0002
"UnityEngine.Physics2DModule.dll!UnityEngine.LowLevelPhysics2D::PhysicsEvents.InvokePreSimulate()";0.0003;0;0.0026;24904;25092;24218;6;6;0.687799988721963;0.0004108722;0.0002;0.0006;1698;1;1;2;1674;24216;0;0.0026;24449;24218;0
"UnityEngine.UI.dll!UnityEngine.EventSystems::PointerEventData.get_pointerEnter()";0.0003;0;0.0104;24918;24224;25371;8;10;0.765099971518794;0.0003827414;0.0002;0.0004;8876;4;2;12;1999;24216;0;0.0098;24216;25371;0
"UnityEngine.CoreModule.dll!UnityEngine::Vector2.op_Subtraction()";0.0003;0;0.0038;24922;24225;24292;6;13;0.760699974511226;0.00038035;0.0002;0.0003;5998;3;1;3;2000;24216;0;0.0037;24222;24292;0.0003
"TransformHandle.SetParent";0.0003;0.0001;0.0212;24924;24225;25215;10;22;0.248399994161446;0.0005330472;0.0002;0.0006;818;1;1;16;466;24218;0;0.0202;24227;25215;0
"UnityEngine.ParticleSystemModule.dll!UnityEngine::ParticleSystem.get_emission()";0.0003;0.0002;0.0014;24929;24435;24287;12;13;0.0211999994789949;0.0004076923;0.0002;0.0004;54;1;1;2;52;24287;0.0002;0.0013;24435;24976;0
"UnityEngine.CoreModule.dll!UnityEngine::Rect.get_y()";0.0003;0;0.008699999;24943;24262;24310;13;26;0.486799978905765;0.0004196551;0.0002;0.0004;6160;4;1;29;1160;24216;0;0.0071;24216;24310;0
"UnityEngine.IMGUIModule.dll!UnityEngine::GUIStyle.get_stretchWidth_Injected()";0.0003;0;0.0104;25026;25238;25229;12;13;0.699699976663396;0.0003885064;0.0002;0.0004;3814;2;2;6;1801;24216;0;0.0098;24216;25229;0.0003
"ReflectionProbeAnchorPositionUpdate";0.0003;0.0001;0.0078;25028;24227;25932;6;7;0.798899975976383;0.00039945;0.0002;0.0004;4000;2;2;2;2000;24216;0;0.0075;24227;25932;0.0003
"UnityEngine.CoreModule.dll!UnityEngine::RectOffset.get_bottom_Injected()";0.0003;0.0001;0.0104;25045;24222;25961;11;12;0.691499977729109;0.0003839534;0.0002;0.0004;3814;2;2;6;1801;24216;0;0.0096;24218;25961;0.0003
"UnityEngine.UI.dll!UnityEngine.UI::Image.get_type()";0.0003;0;0.0164;25063;24949;25290;12;22;0.46079998195637;0.0003982714;0.0002;0.0005;3643;3;1;13;1157;24216;0;0.0155;24216;25290;0
"UnityEngine.CoreModule.dll!UnityEngine::RectOffset.get_top_Injected()";0.0003;0.0001;0.0032;25156;24246;25234;11;17;0.693299978061987;0.0003847392;0.0002;0.0004;3816;2;2;6;1802;24216;0;0.0032;24216;25329;0.0003
"Assembly-CSharp.dll!::EnemyHp.ReportDamagePopup()";0.0003;0.0001;4.0017;25166;24216;24387;8;18;58.5099992712858;0.0509669;0.0002;0.0006;2121;2;1;5;1148;24216;0;4.0011;24226;24387;0
"suspendPointHook.Invoke";0.0003;0.0001;0.0033;25184;24222;25049;6;8;0.964399984419288;0.0004822;0.0002;0.0006;2004;1;1;5;2000;24216;0;0.0033;26017;25049;0.0002
"UnityEngine.ParticleSystemModule.dll!::MainModule.set_maxParticles()";0.0003;0.0002;0.0009999999;25185;24381;24287;12;13;0.0189999993599486;0.0003653846;0.0002;0.0004;54;1;1;2;52;24287;0.0002;0.0009;24381;24976;0
"UnityEngine.ParticleSystemModule.dll!UnityEngine::ParticleSystemRenderer.set_renderMode_Injected()";0.0003;0.0002;0.0012;25196;24435;25812;13;14;0.02159999946889;0.0004153846;0.0002;0.0005;54;1;1;2;52;24287;0.0002;0.0012;24287;25812;0
"Physics2D.SolveDiscreteIslandIntegratePoses";0.0003;0;0.007099999;25214;24403;25292;8;8;0.683899955547531;0.000453214;0.0001;0.0006;14963;9;1;42;1509;24216;0;0.0057;24216;25292;0
"UnityEngine.UIModule.dll!UnityEngine::Canvas.get_pixelPerfect_Injected()";0.0003;0.0002;0.0036;25238;24217;25377;17;18;0.453999986784765;0.0003937554;0.0003;0.0004;1491;1;1;7;1153;24216;0;0.0036;24221;25377;0
"EarlyUpdate.UpdateAsyncReadbackManager";0.0003;0.0001;0.0092;25270;24230;25702;2;2;0.88319998409861;0.0004416;0.0002;0.0005;2000;1;1;1;2000;24216;0.0001;0.0092;24230;25702;0.0003
"UnityEngine.CoreModule.dll!UnityEngine::Color.op_Inequality()";0.0003;0.0001;0.0096;25284;24877;25961;5;5;0.623099987271416;0.0004890895;0.0002;0.0005;1274;1;1;1;1274;24216;0.0001;0.0096;24877;25961;0.0003
"UnityEngine.CoreModule.dll!UnityEngine::LineRenderer.set_widthMultiplier_Injected()";0.0003;0.0001;0.0019;25284;24324;25395;15;20;0.0156999996615923;0.0004617647;0.0002;0.0004;36;1;1;2;34;24220;0.0001;0.0019;24324;25395;0
"UnityEngine.CoreModule.dll!UnityEngine::RectTransform.get_pivot_Injected()";0.0003;0.0001;0.0023;25301;24226;24954;12;25;0.0785999981089844;0.0004440678;0.0002;0.0005;222;1;1;13;177;24220;0;0.0023;24227;24954;0
"UnityEngine.ParticleSystemModule.dll!::ShapeModule.set_radius()";0.0003;0.0002;0.0015;25307;24381;25727;12;13;0.0211999995954102;0.0004076923;0.0002;0.0005;54;1;1;2;52;24287;0.0002;0.0015;24381;25727;0
"UnityEngine.CoreModule.dll!UnityEngine::Object.set_hideFlags_Injected()";0.0003;0.0003;0.0007;25308;25308;26017;11;17;0.00099999996018596;0.0005;0.0003;0.0003;6;1;1;5;2;25308;0.0001;0.0003;26017;25308;0
"GUITexture.Draw";0.0003;0.0002;0.4355;25339;24218;25811;4;4;1.32859997462947;0.0006643;0.0003;0.0004;2000;1;1;1;2000;24216;0.0002;0.4355;24218;25811;0.0003
"UnityEngine.CoreModule.dll!UnityEngine::Mesh.get_subMeshCount_Injected()";0.0003;0.0002;0.0023;25344;24216;25663;21;21;0.462799986285972;0.0004013877;0.0003;0.0004;1491;1;1;7;1153;24216;0;0.0016;24237;25115;0
"PostLateUpdate.PhysicsSkinnedClothFinishUpdate";0.0003;0.0001;0.0129;25345;24247;25008;2;2;0.813199981457728;0.0004066;0.0002;0.0004;2000;1;1;1;2000;24216;0.0001;0.0129;24247;25008;0.0009
"UnityEngine.CoreModule.dll!UnityEngine::LineRenderer.set_startColor_Injected()";0.0003;0.0002;0.0012;25349;24465;24460;7;7;0.0336999987775926;0.0003303922;0.0002;0.0004;102;1;1;1;102;24457;0.0002;0.0012;24465;24460;0
"mscorlib.dll!System::Span`1..ctor()";0.0003;0;0.0109;25370;24255;25400;10;37;0.723499957981403;0.0005335545;0.0001;0.0007;7202;3;1;80;1356;24216;0;0.003;24216;25062;0
"UnityEngine.CoreModule.dll!UnityEngine::Vector3Int.op_Inequality()";0.0003;0.0002;0.0572;25375;24218;24742;5;5;0.692199984754552;0.0005048869;0.0003;0.0004;1371;1;1;1;1371;24216;0.0002;0.0572;24218;24742;0.0003
"UnityEngine.UI.dll!UnityEngine.EventSystems::PointerEventData.set_pointerCurrentRaycast()";0.0003;0;0.0231;25390;24363;24973;9;10;0.97359997039166;0.0004870435;0.0002;0.0006;5997;3;3;3;1999;24216;0;0.0227;24219;24973;0
"mscorlib.dll!::NumberBuffer.get_digits()";0.0003;0;0.004;25406;24263;24354;12;38;0.098199995853065;0.0004837438;0.0002;0.0006;901;3;3;12;203;24220;0;0.0039;24221;24354;0
"UnityEngine.InputLegacyModule.dll!UnityEngine::Input.GetMouseButton()";0.0003;0.0001;0.0025;25414;24224;25644;6;6;0.878199984661478;0.0004391;0.0002;0.0006;2000;1;1;1;2000;24216;0.0001;0.0025;24224;25644;0.0002
"gameObjectChangedScene.Invoke";0.0003;0.0001;0.0021;25426;25258;24860;9;19;0.0230999996056198;0.0004277778;0.0002;0.0005;61;1;1;4;54;24287;0;0.0019;26017;24860;0
"UnityEngine.ParticleSystemModule.dll!UnityEngine::ParticleSystem.get_shape()";0.0003;0.0002;0.0017;25426;24381;24287;12;13;0.0222999993857229;0.0004288461;0.0002;0.0005;54;1;1;2;52;24287;0.0002;0.0012;24381;24287;0
"UnityEngine.ParticleSystemModule.dll!::ShapeModule.set_enabled()";0.0003;0.0002;0.0013;25430;24677;24860;12;13;0.0215999995853053;0.0004153846;0.0003;0.0005;54;1;1;2;52;24287;0.0002;0.0011;24677;24860;0
"UnityEngine.CoreModule.dll!UnityEngine::Camera.get_targetDisplay_Injected()";0.0003;0.0001;0.0095;25450;24360;26160;6;6;0.876399982138537;0.0004382;0.0002;0.0006;2000;1;1;1;2000;24216;0.0001;0.0095;24360;26160;0.0003
"Unity.TextMeshPro.dll!TMPro::TMP_FontAsset.get_atlasPopulationMode()";0.0003;0.0002;0.0006;25452;25904;24539;19;19;0.00109999995038379;0.0003666666;0.0002;0.0003;6;2;1;3;3;24539;0.0001;0.0006;25452;24539;0
"Unity.TextMeshPro.dll!TMPro::TMP_TextElement.set_textAsset()";0.0003;0.0001;0.0008;25452;25904;24539;22;22;0.00119999996240949;0.0004;0.0001;0.0003;6;2;1;3;3;24539;0;0.0008;25904;24539;0
"UnityEngine.CoreModule.dll!UnityEngine::Vector4..ctor()";0.0003;0.0001;0.0012;25452;25308;25663;16;16;0.0027999998856103;0.0004666667;0.0001;0.0004;23;4;1;8;6;24539;0;0.0004;25452;25663;0
"UnityEngine.TextCoreFontEngineModule.dll!UnityEngine.TextCore::FaceInfo.get_faceIndex()";0.0003;0;0.0005;25452;25904;24539;22;22;0.000800000008894131;0.0002666667;0;0.0003;6;2;1;3;3;24539;0;0.0005;25904;24539;0
"PostLateUpdate.ClearImmediateRenderers";0.0003;0.0001;0.0159;25467;24331;26026;2;2;0.807499980452121;0.00040375;0.0002;0.0004;2000;1;1;1;2000;24216;0.0001;0.0159;24331;26026;0.0002
"UnityEngine.UI.dll!UnityEngine.EventSystems::ExecuteEvents.get_pointerMoveHandler()";0.0003;0;0.002;25481;24620;24778;10;16;0.0695999976014718;0.0003497487;0.0002;0.0004;596;3;1;4;199;24565;0;0.0015;24566;24778;0
"Physics2D.SolveDiscreteIslandVelocities";0.0003;0;0.0172;25482;24403;24487;8;8;0.749199954923824;0.0004964877;0.0002;0.0006;14963;9;1;42;1509;24216;0;0.0163;24216;24487;0
"mscorlib.dll!System::Single.IsNaN()";0.0003;0.0002;0.0047;25492;24635;24220;18;29;0.0456999988673488;0.0004760417;0.0002;0.0005;104;1;1;4;96;24220;0.0001;0.0014;25483;24220;0
"mscorlib.dll!System::Number.RoundNumber()";0.0003;0.0002;0.0036;25498;24226;25904;12;37;0.110599996813107;0.0005448275;0.0002;0.0007;300;1;1;4;203;24220;0.0001;0.0032;24682;25904;0
"Unity.TextMeshPro.dll!TMPro::TMP_Text.set_textWrappingMode()";0.0003;0.0001;0.0011;25505;24602;24658;7;18;0.0119999995877151;0.0003636364;0.0002;0.0005;66;2;2;2;33;24539;0;0.0008;24602;24658;0
"mscorlib.dll!System::Buffer.memcpy2()";0.0003;0.0001;0.02169997;25522;25488;25904;12;45;0.0359999718421022;0.0009729722;0.0002;0.0004;450;5;3;286;37;24539;0;0.0004;24640;24539;0
"UnityEngine.UI.dll!UnityEngine.UI::Slider.get_wholeNumbers()";0.0003;0;0.0101;25525;24411;25245;9;24;0.809899961415795;0.0004795145;0.0002;0.0006;9151;5;1;26;1689;24216;0;0.009;24216;24431;0
"UnityEngine.ParticleSystemModule.dll!UnityEngine::ParticleSystem.get_colorOverLifetime()";0.0003;0.0002;0.0014;25543;24677;24976;12;13;0.0243999994854676;0.0004692308;0.0003;0.0005;54;1;1;2;52;24287;0.0002;0.0014;24677;24976;0
"mscorlib.dll!System::Object.virt_stelemref_sealed_class()";0.0003;0.0001;0.04200013;25554;25759;25904;11;49;0.0519001296270289;0.002076005;0.0002;0.0004;545;2;1;498;25;24565;0;0.0011;24626;24778;0
"UnityEngine.CoreModule.dll!UnityEngine::Camera.get_nearClipPlane_Injected()";0.0003;0.0001;0.0147;25557;24253;26143;6;6;0.884899982513161;0.0004505601;0.0002;0.0006;1964;1;1;1;1964;24216;0.0001;0.0147;24253;26143;0.0003
"UnityEngine.ParticleSystemModule.dll!::EmissionModule.set_burstCount()";0.0003;0.0002;0.0014;25558;24435;25812;14;15;0.0240999993839068;0.0004634615;0.0003;0.0005;54;1;1;2;52;24287;0.0001;0.0014;24860;25812;0
"UnityEngine.ParticleSystemModule.dll!::MainModule.set_loop()";0.0003;0.0002;0.0017;25558;24435;24287;12;13;0.0232999994623242;0.0004480769;0.0003;0.0005;54;1;1;2;52;24287;0.0002;0.0014;24435;24287;0
"UnityEngine.ParticleSystemModule.dll!::EmissionModule.set_rateOverTimeBlittable_Injected()";0.0003;0.0002;0.0019;25582;24759;25262;14;15;0.025799999377341;0.0004961538;0.0003;0.0006;54;1;1;2;52;24287;0.0002;0.0019;24759;25262;0
"UnityEngine.CoreModule.dll!UnityEngine::Vector3.get_sqrMagnitude()";0.0003;0;0.1311999;25584;24408;25282;7;20;7.22129686830158;0.004649901;0.0001;0.004699999;79811;4;1;404;1553;24216;0;0.0657;24216;24890;0
"ParticleSystem.DrawSystem";0.0003;0.0001;0.0027;25588;24286;25198;10;10;0.366699989514018;0.0004047461;0.0003;0.0005;1358;1;1;6;906;24216;0;0.0017;24217;25198;0.0003
"UnityEngine.CoreModule.dll!UnityEngine::Sprite.get_pixelsPerUnit_Injected()";0.0003;0.0001;0.0033;25589;24259;25215;18;24;0.509999982445152;0.0004423244;0.0003;0.0005;2962;2;2;12;1153;24216;0;0.0027;24216;24396;0
"NavMeshManager";0.0003;0.0001;0.0069;25601;24269;26143;3;3;0.826899981999304;0.00041345;0.0002;0.0005;2000;1;1;1;2000;24216;0.0001;0.0069;24269;26143;0.0001
"UnityEngine.IMGUIModule.dll!UnityEngine::GUIUtility.get_pixelsPerPoint()";0.0003;0.0001;0.0181;25614;24245;25822;6;7;0.843599973937671;0.0004684064;0.0003;0.0005;3814;2;2;6;1801;24216;0;0.017;24216;25822;0.0003
"UnityEngine.GridModule.dll!UnityEngine::GridLayout.LocalToWorld_Injected()";0.0003;0.0002;0.0013;25617;24462;25624;8;8;0.0405999990034616;0.0003980392;0.0003;0.0004;102;1;1;1;102;24457;0.0002;0.0013;24462;25624;0
"UnityEngine.CoreModule.dll!UnityEngine::Screen.get_fullScreen()";0.0003;0.0001;0.0026;25626;24252;25618;13;13;0.905199980988982;0.0004528264;0.0002;0.0006;2035;1;1;2;1999;24216;0;0.0026;26082;25618;0.0002
"UnityEngine.IMGUIModule.dll!UnityEngine::GUI.set_changed()";0.0003;0.0001;0.0099;25650;24361;24522;6;7;0.807899973799067;0.0004485841;0.0003;0.0004;3814;2;2;6;1801;24216;0;0.0097;24226;24522;0.0003
"UnityEngine.CoreModule.dll!UnityEngine::Vector3Int.get_y()";0.0003;0;0.0031;25669;24221;24220;9;19;0.010699999264034;0.0005095238;0.0002;0.0007;92;4;4;12;21;24220;0;0.0003;24221;24220;0
"mscorlib.dll!System::Int32.CompareTo()";0.0003;0;0.007999999;25688;24572;25701;17;50;0.159199992594949;0.000439779;0.0002;0.0005;2086;6;2;36;362;24568;0;0.0067;24569;25701;0
"UnityEngine.CoreModule.dll!UnityEngine::Sprite.GetSecondaryTextureCount_Injected()";0.0003;0.0002;0.002;25699;25452;25215;15;15;0.0104999994946411;0.00065625;0.0003;0.0008;44;2;2;7;16;24220;0;0.0011;25452;25215;0
"UnityEngine.ParticleSystemModule.dll!::MainModule.set_gravityModifierBlittable_Injected()";0.0003;0.0002;0.0013;25714;24759;24324;14;15;0.0254999993776437;0.0004903846;0.0003;0.0006;54;1;1;2;52;24287;0.0002;0.0013;24759;24324;0
"UnityEngine.CoreModule.dll!UnityEngine::Vector3.Distance()";0.0003;0;0.009;25725;24288;25863;5;23;0.808299960146542;0.0005048719;0.0002;0.0006;8287;5;1;19;1601;24216;0;0.0086;24217;25863;0.0004
"UnityEngine.CoreModule.dll!UnityEngine::Renderer.set_sortingLayerID_Injected()";0.0003;0.0002;0.0012;25727;24435;25812;13;17;0.0232999994041165;0.0004396226;0.0003;0.0005;56;1;1;2;53;24287;0.0001;0.0012;25308;25812;0
"UnityEngine.ParticleSystemModule.dll!::MainModule.set_startColorBlittable_Injected()";0.0003;0.0002;0.002;25727;24756;24287;14;15;0.0260999993770383;0.0005019231;0.0003;0.0006;54;1;1;2;52;24287;0.0002;0.0016;24756;24287;0
"UnityEngine.CoreModule.dll!UnityEngine::Camera.get_cullingMask_Injected()";0.0003;0.0001;0.0106;25778;24230;25574;6;6;0.873699976662465;0.0004448574;0.0002;0.0005;3928;2;2;2;1964;24216;0;0.0104;24217;25574;0.0005
"UnityEngine.UIModule.dll!UnityEngine::Canvas.get_renderingDisplaySize_Injected()";0.0003;0.0001;0.0023;25796;24256;24964;10;13;0.896599981606414;0.0004483;0.0002;0.0005;2001;1;1;2;2000;24216;0.0001;0.0023;24256;24964;0.0004
"Assembly-CSharp.dll!::EnemyHpViewer.SetBossLabel()";0.0003;0.0003;0.3847;25804;24251;25703;10;17;0.405699999973876;0.01398966;0.0003;0.0005;33;1;1;4;29;24220;0.0003;0.3847;24251;25703;0
"EarlyUpdate.TilemapRendererEarlyUpdate";0.0003;0.0001;0.0253;25834;24219;24326;2;2;1.04499998067331;0.0005225;0.0002;0.0006;2000;1;1;1;2000;24216;0.0001;0.0253;24219;24326;0.0002
"UnityEngine.UIElementsModule.dll!UnityEngine.UIElements::UIRUtility.Destroy()";0.0003;0.0002;0.0114;25857;24222;25230;8;16;1.07589997764444;0.00053795;0.0003;0.0005;2001;1;1;2;2000;24216;0.0002;0.0114;24222;25230;0.0003
"UnityEngine.CoreModule.dll!UnityEngineInternal::DisplayInternal.PrimaryDisplayIndex()";0.0003;0.0001;0.0037;25858;24841;25367;12;12;0.962299980470561;0.0004813907;0.0002;0.0007;1999;1;1;1;1999;24216;0.0001;0.0037;24841;25367;0.0002
"beforeCameraRender.Invoke";0.0003;0.0002;0.007;25881;24217;24430;4;4;0.865199978215969;0.0004326;0.0003;0.0004;2000;1;1;1;2000;24216;0.0002;0.007;24217;24430;0.0004
"mscorlib.dll!::EmptyInternalEnumerator`1.Dispose()";0.0003;0.0003;0.0003;25904;25904;25904;39;43;0.000299999985145405;0.0003;0.0003;0.0003;11;11;11;11;1;25904;0;0.0001;25904;25904;0
"mscorlib.dll!System.Reflection::DefaultMemberAttribute..ctor()";0.0003;0.0003;0.0003;25904;25904;25904;48;48;0.000299999985145405;0.0003;0.0003;0.0003;1;1;1;1;1;25904;0.0003;0.0003;25904;25904;0
"mscorlib.dll!System.Reflection::MethodBase.op_Equality()";0.0003;0.0003;0.0003;25904;25904;25904;45;49;0.000299999985145405;0.0003;0.0003;0.0003;4;4;4;4;1;25904;0;0.0001;25904;25904;0
"mscorlib.dll!System.Threading.Tasks::Task.get_CompletedTask()";0.0003;0.0003;0.0003;25904;25904;25904;22;23;0.000299999985145405;0.0003;0.0003;0.0003;4;4;4;4;1;25904;0;0.0001;25904;25904;0
"mscorlib.dll!System::DateTime.get_Day()";0.0003;0.0003;0.0003;25904;25904;25904;22;22;0.000299999985145405;0.0003;0.0003;0.0003;1;1;1;1;1;25904;0.0003;0.0003;25904;25904;0
"mscorlib.dll!System::DateTimeFormat.WriteTwoDecimalDigits()";0.0003;0.0003;0.0003;25904;25904;25904;22;22;0.000299999985145405;0.0003;0.0003;0.0003;5;5;5;5;1;25904;0;0.0001;25904;25904;0
"mscorlib.dll!System::Math.ModF()";0.0003;0.0003;0.0012;25904;25452;24539;25;25;0.00179999991087243;0.0006;0.0003;0.0003;6;2;1;3;3;24539;0.0001;0.0012;25452;24539;0
"mscorlib.dll!System::MonoTypeInfo..ctor()";0.0003;0.0003;0.0003;25904;25904;25904;39;42;0.000299999985145405;0.0003;0.0003;0.0003;4;4;4;4;1;25904;0;0.0001;25904;25904;0
"mscorlib.dll!System::Number.Mul32x32To64()";0.0003;0.0003;0.0003;25904;25904;25904;38;38;0.000299999985145405;0.0003;0.0003;0.0003;3;3;3;3;1;25904;0.0001;0.0001;25904;25904;0
"Newtonsoft.Json.dll!Newtonsoft.Json.Serialization::DefaultContractResolver.get_Instance()";0.0003;0.0003;0.0003;25904;25904;25904;25;27;0.000299999985145405;0.0003;0.0003;0.0003;4;4;4;4;1;25904;0;0.0001;25904;25904;0
"Newtonsoft.Json.dll!Newtonsoft.Json.Serialization::JsonArrayContract.get_CollectionItemType()";0.0003;0.0003;0.0003;25904;25904;25904;31;35;0.000299999985145405;0.0003;0.0003;0.0003;5;5;5;5;1;25904;0;0.0001;25904;25904;0
"Newtonsoft.Json.dll!Newtonsoft.Json.Serialization::JsonContract.set_Converter()";0.0003;0.0003;0.0003;25904;25904;25904;34;37;0.000299999985145405;0.0003;0.0003;0.0003;4;4;4;4;1;25904;0;0.0001;25904;25904;0
"Newtonsoft.Json.dll!Newtonsoft.Json.Serialization::JsonContract.set_InternalConverter()";0.0003;0.0003;0.0003;25904;25904;25904;34;37;0.000299999985145405;0.0003;0.0003;0.0003;4;4;4;4;1;25904;0;0.0001;25904;25904;0
"Newtonsoft.Json.dll!Newtonsoft.Json.Utilities::JavaScriptUtils.GetCharEscapeFlags()";0.0003;0.0003;0.0003;25904;25904;25904;23;25;0.000299999985145405;0.0003;0.0003;0.0003;4;4;4;4;1;25904;0;0.0001;25904;25904;0
"Newtonsoft.Json.dll!Newtonsoft.Json.Utilities::LateBoundReflectionDelegateFactory.get_Instance()";0.0003;0.0003;0.0003;25904;25904;25904;36;39;0.000299999985145405;0.0003;0.0003;0.0003;4;4;4;4;1;25904;0;0.0001;25904;25904;0
"Newtonsoft.Json.dll!Newtonsoft.Json::JsonSerializer.get_TraceWriter()";0.0003;0.0003;0.0003;25904;25904;25904;23;27;0.000299999985145405;0.0003;0.0003;0.0003;8;8;8;8;1;25904;0;0.0001;25904;25904;0
"Newtonsoft.Json.dll!Newtonsoft.Json::JsonWriter.get_CloseOutput()";0.0003;0.0003;0.0003;25904;25904;25904;25;27;0.000299999985145405;0.0003;0.0003;0.0003;4;4;4;4;1;25904;0;0.0001;25904;25904;0
"Newtonsoft.Json.dll!Newtonsoft.Json::JsonWriter.set_AutoCompleteOnClose()";0.0003;0.0003;0.0003;25904;25904;25904;23;25;0.000299999985145405;0.0003;0.0003;0.0003;4;4;4;4;1;25904;0;0.0001;25904;25904;0
"Newtonsoft.Json.dll!Newtonsoft.Json::JsonWriter.set_CloseOutput()";0.0003;0.0003;0.0003;25904;25904;25904;23;25;0.000299999985145405;0.0003;0.0003;0.0003;4;4;4;4;1;25904;0;0.0001;25904;25904;0
"Newtonsoft.Json.dll!Newtonsoft.Json::JsonWriter.set_Formatting()";0.0003;0.0003;0.0003;25904;25904;25904;21;23;0.000299999985145405;0.0003;0.0003;0.0003;4;4;4;4;1;25904;0;0.0001;25904;25904;0
"UnityEngine.CoreModule.dll!UnityEngine.Experimental.Rendering::GraphicsFormatUtility.IsCrunchFormat()";0.0003;0.0001;0.0006;25904;25452;24539;10;19;0.00179999991814839;0.00036;0.0002;0.0006;5;1;1;1;5;24539;0.0001;0.0006;25452;24539;0
"UnityEngine.CoreModule.dll!UnityEngine::Texture.GetDataHeight_Injected()";0.0003;0.0003;0.0013;25904;25308;24539;21;23;0.00249999994412065;0.000625;0.0003;0.0006;7;1;1;3;4;24539;0.0001;0.0013;25452;24539;0
"UnityEngine.CoreModule.dll!UnityEngine::Texture.GetDataWidth_Injected()";0.0003;0.0002;0.0011;25904;25308;24539;21;23;0.00209999993967358;0.000525;0.0002;0.0005;7;1;1;3;4;24539;0.0001;0.0011;25452;24539;0
"Physics2D.SolveContinuousTraversal";0.0003;0.0001;0.0047;25916;24223;25267;6;6;0.751999985215662;0.0004983433;0.0002;0.0007;1533;1;1;2;1509;24216;0;0.0047;24290;25267;0
"UnityEngine.UI.dll!UnityEngine.EventSystems::RaycastResult.get_gameObject()";0.0003;0;0.0071;25947;24574;25395;8;10;0.884699964073661;0.0004425713;0.0002;0.0005;10564;5;5;6;1999;24216;0;0.0061;24216;25395;0.0002
"Camera.ImageEffects";0.0003;0.0002;0.5722;26009;24220;26036;4;5;10.1399999586574;0.00507;0.0003;0.0005;4000;2;2;2;2000;24216;0;0.5718;24580;26036;0.0004
"RenderForwardOpaque.Prepare";0.0003;0.0002;0.0115;26013;24222;24591;6;6;0.979799977852963;0.0004899;0.0003;0.0004;2000;1;1;1;2000;24216;0.0002;0.0115;24222;24591;0.0005
"UnityEngine.CoreModule.dll!UnityEngine.SceneManagement::SceneManagerAPI.get_ActiveAPI()";0.0003;0.0003;0.0003;26016;26016;26016;21;21;0.000299999985145405;0.0003;0.0003;0.0003;1;1;1;1;1;26016;0.0003;0.0003;26016;26016;0
"beforeRemoveScene.Invoke";0.0003;0.0003;0.0003;26017;26017;26017;9;9;0.000299999985145405;0.0003;0.0003;0.0003;1;1;1;1;1;26017;0.0003;0.0003;26017;26017;0
"EnlightenRuntimeManager.PatchLightmapsOnLightmapSettings";0.0003;0.0003;0.0003;26017;26017;26017;12;12;0.000299999985145405;0.0003;0.0003;0.0003;1;1;1;1;1;26017;0.0003;0.0003;26017;26017;0
"mscorlib.dll!System.Reflection::MemberInfo.Equals()";0.0003;0.0003;0.02829997;26017;26017;25904;17;44;0.0285999686748255;0.01429998;0.0003;0.0003;175;1;1;174;2;25904;0.0001;0.0016;25904;25904;0
"mscorlib.dll!System::RuntimeType.op_Inequality()";0.0003;0.0002;0.03139996;26017;25308;25904;22;54;0.0318999578157673;0.01063332;0.0002;0.0003;524;4;4;516;3;25308;0;0.0021;25308;25904;0
"mscorlib.dll!System::RuntimeTypeHandle.HasInstantiation()";0.0003;0.0003;0.05640034;26017;26017;25904;22;56;0.0567003400356043;0.02835017;0.0003;0.0003;653;2;2;651;2;25904;0;0.0014;25904;25904;0
"mscorlib.dll!System::RuntimeTypeHandle.IsGenericVariable()";0.0003;0.0002;0.06550048;26017;25308;25904;23;56;0.066000482896925;0.02200016;0.0002;0.0003;829;3;2;824;3;25308;0;0.0007;25308;25904;0
"sceneLoadStop.Invoke";0.0003;0.0003;0.0003;26017;26017;26017;7;7;0.000299999985145405;0.0003;0.0003;0.0003;1;1;1;1;1;26017;0.0003;0.0003;26017;26017;0
"Scripting.GetRequiredComponents";0.0003;0.0003;0.0004;26017;26017;25308;13;19;0.000699999975040555;0.00035;0.0003;0.0003;2;1;1;1;2;25308;0.0003;0.0004;26017;25308;0
"Unity.ResourceManager.dll!UnityEngine.ResourceManagement.ResourceProviders::AssetBundleRequestOptions.get_BundleName()";0.0003;0.0003;0.0003;26017;26017;26017;27;27;0.000299999985145405;0.0003;0.0003;0.0003;3;3;3;3;1;26017;0;0.0002;26017;26017;0
"Unity.TextMeshPro.dll!TMPro::TextMeshProUGUI.get_mesh()";0.0003;0.0003;0.0003;26017;26017;26017;11;11;0.000299999985145405;0.0003;0.0003;0.0003;5;5;5;5;1;26017;0;0.0001;26017;26017;0
"Unity.TextMeshPro.dll!TMPro::TMP_Text.get_minHeight()";0.0003;0.0003;0.0003;26017;26017;26017;21;21;0.000299999985145405;0.0003;0.0003;0.0003;4;4;4;4;1;26017;0;0.0001;26017;26017;0
"UnityEngine.CoreModule.dll!UnityEngine.SceneManagement::SceneManager.Internal_ActiveSceneChanged()";0.0003;0.0003;0.0003;26017;26017;26017;8;8;0.000299999985145405;0.0003;0.0003;0.0003;1;1;1;1;1;26017;0.0003;0.0003;26017;26017;0
"UnityEngine.UI.dll!UnityEngine.EventSystems::BaseRaycaster.OnCanvasHierarchyChanged()";0.0003;0.0003;0.0003;26017;26017;26017;9;12;0.000299999985145405;0.0003;0.0003;0.0003;3;3;3;3;1;26017;0.0001;0.0001;26017;26017;0
"UnityEngine.UI.dll!UnityEngine.UI::Image.get_minHeight()";0.0003;0.0003;0.0003;26017;26017;26017;21;21;0.000299999985145405;0.0003;0.0003;0.0003;4;4;4;4;1;26017;0;0.0001;26017;26017;0
"UnityEngine.UI.dll!UnityEngine.UI::LayoutElement.get_layoutPriority()";0.0003;0.0003;0.0003;26017;26017;26017;20;20;0.000299999985145405;0.0003;0.0003;0.0003;8;8;8;8;1;26017;0;0.0001;26017;26017;0
"UnityEngine.UI.dll!UnityEngine.UI::LayoutElement.get_minHeight()";0.0003;0.0003;0.0003;26017;26017;26017;21;21;0.000299999985145405;0.0003;0.0003;0.0003;4;4;4;4;1;26017;0;0.0001;26017;26017;0
"UnityEngine.UI.dll!::ButtonState..ctor()";0.0003;0.0003;0.0003;26018;26018;26018;11;11;0.000299999985145405;0.0003;0.0003;0.0003;3;3;3;3;1;26018;0.0001;0.0001;26018;26018;0
"UnityEngine.UI.dll!::ButtonState.set_button()";0.0003;0.0003;0.0003;26018;26018;26018;11;11;0.000299999985145405;0.0003;0.0003;0.0003;3;3;3;3;1;26018;0.0001;0.0001;26018;26018;0
"UnityEngine.UI.dll!UnityEngine.EventSystems::PointerEventData.get_delta()";0.0003;0;0.09339999;26075;24285;26035;10;11;1.0357999562475;0.0005181591;0.0002;0.0005;10541;5;5;6;1999;24216;0;0.0914;24216;26035;0.0002
"UnityEngine.CoreModule.dll!UnityEngine::Behaviour.get_enabled_Injected()";0.0003;0.0001;0.0088;26136;24241;25396;8;8;1.18309998248878;0.00059155;0.0002;0.0008;2000;1;1;1;2000;24216;0.0001;0.0088;24241;25396;0.0002
"UnityEngine.IMGUIModule.dll!UnityEngine::Event.set_displayIndex_Injected()";0.0003;0.0002;0.0034;26188;24218;24952;6;7;0.957699980805046;0.00047885;0.0003;0.0005;2111;1;1;3;2000;24216;0.0001;0.0034;24635;24952;0.0003
"UnityEngine.CoreModule.dll!UnityEngine::Application.InvokeFocusChanged()";0.0003;0.0003;0.0003;26215;26215;26215;3;3;0.000299999985145405;0.0003;0.0003;0.0003;1;1;1;1;1;26215;0.0003;0.0003;26215;26215;0
"Assembly-CSharp.dll!::EnemySpawner.TryTakeNextSpawn()";0.0002;0.0002;0.0002;24216;24216;24216;6;6;0.000199999994947575;0.0002;0.0002;0.0002;1;1;1;1;1;24216;0.0002;0.0002;24216;24216;0
"UnityEngine.CoreModule.dll!UnityEngine::DrivenRectTransformTracker.Clear()";0.0002;0;0.0038;24226;24219;24608;12;22;0.241499993113393;0.0002090909;0.0001;0.0002;2169;2;1;8;1155;24216;0;0.0037;24219;24608;0
"UnityEngine.UI.dll!UnityEngine.UI::Slider.get_fillRect()";0.0002;0;0.0021;24247;24715;24220;11;18;0.00699999956123065;0.0002413793;0.0001;0.0002;66;2;2;8;29;24220;0;0.0003;24290;24220;0
"UnityEngine.UI.dll!UnityEngine.EventSystems::EventSystem.get_currentSelectedGameObject()";0.0002;0;0.0969;24259;24221;25102;7;23;0.494299989069987;0.00024715;0.0001;0.0002;4448;2;2;5;2000;24216;0;0.0968;24216;25102;0
"Unity.TextMeshPro.dll!TMPro::TMP_MaterialManager.OnPreRender()";0.0002;0;0.0015;24263;25498;26197;7;7;0.384799991377804;0.0001924;0.0001;0.0002;2000;1;1;1;2000;24216;0;0.0015;25498;26197;0.0002
"UnityEngine.UI.dll!UnityEngine.EventSystems::RaycasterManager.GetRaycasters()";0.0002;0;0.0022;24276;25222;24488;10;10;0.445799990557134;0.0002230115;0.0001;0.0003;1999;1;1;1;1999;24216;0;0.0022;25222;24488;0.0001
"UnityEngine.UI.dll!UnityEngine.UI::Graphic.LayoutComplete()";0.0002;0;0.0046;24287;24251;26017;13;26;0.00969999945664313;0.0004217391;0.0001;0.0003;141;2;2;82;23;24220;0;0.0003;24251;24220;0
"UnityEngine.CoreModule.dll!UnityEngine.Events::InvokableCallList.PrepareInvoke()";0.0002;0;0.0588;24375;24218;24220;9;35;1.02319997146697;0.0007618763;0.0001;0.0003;2532;2;1;8;1343;24216;0;0.0209;24218;25702;0
"UnityEngine.UI.dll!UnityEngine.EventSystems::PointerEventData.get_tangentialPressure()";0.0002;0;0.0019;24388;24222;24316;10;10;0.384699988557259;0.0001924462;0.0001;0.0002;3998;2;2;2;1999;24216;0;0.0018;24218;24316;0.0002
"UnityEngine.InputLegacyModule.dll!UnityEngine::Input.get_mouseScrollDelta_Injected()";0.0002;0;0.0071;24462;24255;24519;11;11;0.536099989847571;0.0002681841;0.0001;0.0003;1999;1;1;1;1999;24216;0;0.0071;24255;24519;0.0001
"UnityEngine.IMGUIModule.dll!UnityEngine::GUIStyle.get_margin()";0.0002;0;0.0054;24468;24220;25770;10;11;0.383899988861231;0.0002131594;0.0001;0.0002;3814;2;2;6;1801;24216;0;0.005;24217;25770;0.0001
"UnityEngine.UI.dll!UnityEngine.EventSystems::PointerEventData.get_displayIndex()";0.0002;0;0.0132;24470;24221;25702;12;12;0.455699989790446;0.000227964;0.0001;0.0003;1999;1;1;1;1999;24216;0;0.0132;24221;25702;0.0001
"PostLateUpdate.EndGraphicsJobsAfterScriptLateUpdate";0.0002;0;0.0026;24485;24250;25262;2;2;0.427199990284862;0.0002136;0.0001;0.0002;2000;1;1;1;2000;24216;0;0.0026;24250;25262;0.0001
"mscorlib.dll!System::Type.op_Inequality()";0.0002;0;0.1856021;24517;24229;25904;11;54;0.235002112487564;0.001230378;0.0001;0.0002;3452;2;2;2944;191;24220;0;0.0077;24222;25904;0
"PostLateUpdate.UpdateCaptureScreenshot";0.0002;0;0.0736;24526;24234;26051;2;2;0.493199991782603;0.0002466;0.0001;0.0002;2000;1;1;1;2000;24216;0;0.0736;24234;26051;0.0001
"UnityEngine.UI.dll!UnityEngine.EventSystems::EventSystem.get_isFocused()";0.0002;0;0.0036;24545;24224;24862;6;7;0.420599988436152;0.0002103;0.0001;0.0002;4001;2;2;3;2000;24216;0;0.0035;24217;24862;0
"UnityEngine.UI.dll!UnityEngine.EventSystems::ExecuteEvents.get_pointerEnterHandler()";0.0002;0;0.0004;24565;24575;24772;10;10;0.00329999989480712;0.0001736842;0.0001;0.0002;32;2;1;3;19;24565;0;0.0003;24575;24772;0
"UnityEngine.CoreModule.dll!UnityEngine::Vector4.op_Division()";0.0002;0;0.0363;24568;24224;25663;15;15;0.3444999916901;0.0002987858;0.0001;0.0003;2960;2;2;12;1153;24216;0;0.0361;24216;25663;0
"UnityEngine.IMGUIModule.dll!UnityEngine::GUI.get_scrollViewStates()";0.0002;0;0.0034;24585;24219;25799;6;7;0.396799990048748;0.000220322;0.0001;0.0002;3814;2;2;6;1801;24216;0;0.0033;24216;24727;0.0001
"mscorlib.dll!System.Buffers.Text::FormattingHelpers.CountDigits()";0.0002;0;0.0024;24642;24221;25904;8;24;0.401799989085703;0.0002229745;0.0001;0.0002;3756;2;2;11;1802;24216;0;0.0022;24221;24940;0.0001
"mscorlib.dll!System.Collections.Generic::IntrospectiveSortUtilities.FloorLog2PlusOne()";0.0002;0;0.0013;24651;24572;24698;13;45;0.0638999982766109;0.0001765193;0.0001;0.0002;724;2;2;2;362;24568;0;0.0007;24569;24698;0
"UnityEngine.UI.dll!UnityEngine.UI::MaskableGraphic.get_isMaskingGraphic()";0.0002;0;0.0019;24655;25582;24220;11;24;0.0106999996787636;0.0002972222;0.0001;0.0003;109;2;2;24;36;24220;0;0.0003;24247;24220;0
"mscorlib.dll!System.Text::StringBuilder.get_Length()";0.0002;0;0.01029999;24665;24602;25904;9;41;0.0156999925748096;0.0004617645;0.0001;0.0002;215;2;2;149;34;24539;0;0.0016;24602;25904;0
"Unity.TextMeshPro.dll!TMPro::TMP_Text.set_overflowMode()";0.0002;0;0.0007;24665;25452;24539;7;18;0.00639999980921857;0.0001939394;0.0001;0.0002;66;2;2;2;33;24539;0;0.0004;24689;24539;0
"UnityEngine.UI.dll!UnityEngine.EventSystems::ExecuteEvents.get_updateSelectedHandler()";0.0002;0.0001;0.0013;24707;24637;24754;7;7;0.0931999982713023;0.0002402062;0.0001;0.0003;388;1;1;1;388;24636;0.0001;0.0013;24637;24754;0
"UnityEngine.UI.dll!UnityEngine.UI::MaskableGraphic.get_maskable()";0.0002;0;0.0033;24709;24381;25663;12;26;0.149999995279359;0.0002508361;0.0001;0.0003;1467;3;1;54;598;24220;0;0.0013;24220;24719;0
"PostLateUpdate.ShaderHandleErrors";0.0002;0;0.0436;24713;24876;25046;2;2;0.519099990095128;0.00025955;0.0001;0.0002;2000;1;1;1;2000;24216;0;0.0436;24876;25046;0.0001
"ClothManager.UploadSimulatedSkinData";0.0002;0;0.0124;24714;24242;25008;3;3;0.470299989457999;0.00023515;0.0001;0.0002;2000;1;1;1;2000;24216;0;0.0124;24242;25008;0.0001
"UnityEngine.UI.dll!UnityEngine.UI::Graphic.SetRaycastDirty()";0.0002;0;0.0019;24715;25904;24220;9;26;0.00719999955617823;0.00045;0.0001;0.0005;47;2;2;7;16;24220;0;0.0005;24625;24220;0
"UnityEngine.UIElementsModule.dll!UnityEngine.UIElements::UIElementsRuntimeUtility.GetSortedPlayerPanels()";0.0002;0;0.0097;24722;24844;25065;5;7;0.443799991749984;0.0002219;0.0001;0.0002;2001;1;1;2;2000;24216;0;0.0097;24844;25065;0.0001
"UnityEngine.CoreModule.dll!UnityEngine.Experimental.Rendering::ScriptableRuntimeReflectionSystemWrapper.get_implementation()";0.0002;0;0.0072;24739;24245;25931;4;4;0.452299986791331;0.00022615;0.0001;0.0003;4000;2;2;2;2000;24216;0;0.0065;24216;25931;0.0004
"UnityEngine.TilemapModule.dll!UnityEngine.Tilemaps::Tilemap.get_tileAnchor_Injected()";0.0002;0;0.0017;24768;25431;24553;8;8;0.022299999378447;0.0002186275;0.0001;0.0002;102;1;1;1;102;24457;0;0.0017;25431;24553;0
"EarlyUpdate.GpuTimestamp";0.0002;0;0.1063;24774;24219;25393;2;2;0.575099986665009;0.00028755;0.0001;0.0003;2000;1;1;1;2000;24216;0;0.1063;24219;25393;0.0001
"mscorlib.dll!System.Globalization::NumberFormatInfo.get_NumberDecimalSeparator()";0.0002;0;0.0009;24790;24458;25663;12;38;0.0229999993025558;0.0002053571;0.0001;0.0003;157;1;1;3;112;24220;0;0.0006;24458;25290;0
"UnityEngine.CoreModule.dll!UnityEngine::ResourcesAPI.get_overrideAPI()";0.0002;0.0001;0.0009;24790;24435;24287;14;16;0.0108999997246428;0.0001981818;0.0001;0.0002;57;1;1;2;55;24287;0.0001;0.0007;24435;24287;0
"UnityEngine.ParticleSystemModule.dll!::MainModule..ctor()";0.0002;0.0001;0.0009;24790;24381;24976;13;14;0.0116999997044331;0.000225;0.0001;0.0002;54;1;1;2;52;24287;0.0001;0.0009;24381;24976;0
"Physics2D.FindMinimumContinuousContact";0.0002;0;0.004;24791;24228;25267;7;7;0.376499992526078;0.000249503;0.0001;0.0003;1533;1;1;2;1509;24216;0;0.004;24221;25267;0
"UnityEngine.UI.dll!UnityEngine.EventSystems::ExecuteEvents.get_pointerDownHandler()";0.0002;0.0001;0.0012;24795;24635;25542;9;9;0.0107999996544095;0.0002634146;0.0001;0.0004;41;1;1;1;41;24539;0.0001;0.0012;24635;25542;0
"UnityEngine.UI.dll!UnityEngine.EventSystems::PointerEventData.set_azimuthAngle()";0.0002;0;0.007;24796;24218;25821;10;11;0.48409998556599;0.0002421711;0.0001;0.0003;4001;2;2;5;1999;24216;0;0.0067;24216;25821;0.0001
"UnityEngine.CoreModule.dll!UnityEngine.Events::UnityEventBase.RebuildPersistentCallsIfNeeded()";0.0002;0;0.0249;24808;24217;24220;9;35;0.583699988455919;0.000434624;0.0001;0.0004;2532;2;1;8;1343;24216;0;0.0087;24217;25198;0
"UnityEngine.UI.dll!UnityEngine.EventSystems::PointerEventData.get_pointerClick()";0.0002;0;0.0003;24822;24840;24802;10;10;0.00659999980416615;0.0001609756;0.0001;0.0002;82;2;2;2;41;24543;0;0.0002;24543;24802;0
"UnityEngine.UI.dll!UnityEngine.EventSystems::PointerEventData.get_clickTime()";0.0002;0;0.0023;24825;25483;25702;9;9;0.0107999997489969;0.0002634146;0.0001;0.0003;73;2;1;2;41;24539;0;0.0019;24677;25702;0
"UnityEngine.UI.dll!UnityEngine.EventSystems::ExecuteEvents.get_pointerUpHandler()";0.0002;0.0001;0.0005;24831;24665;24658;10;10;0.00769999990734505;0.0001878049;0.0001;0.0002;41;1;1;1;41;24543;0.0001;0.0005;24665;24658;0
"mscorlib.dll!::NumberBuffer.get_sign()";0.0002;0;0.0019;24834;24249;24358;12;37;0.0501999980842811;0.0002472906;0.0001;0.0003;534;2;2;6;203;24220;0;0.0005;24221;25198;0
"UnityEngine.CoreModule.dll!UnityEngine::Rect..ctor()";0.0002;0;0.0149;24853;24244;25029;8;16;0.420199988446257;0.0002333148;0.0001;0.0002;3815;2;2;6;1801;24216;0;0.0143;24218;25029;0.0002
"mscorlib.dll!System.Globalization::CultureInfo.get_DefaultThreadCurrentCulture()";0.0002;0;0.0022;24894;25308;25904;12;36;0.0547999975315179;0.0002686275;0.0001;0.0003;390;1;1;26;204;24220;0;0.0008;24227;24658;0
"UnityEngine.CoreModule.dll!UnityEngine::LineRenderer.set_textureMode_Injected()";0.0002;0.0001;0.0008;24908;24294;24237;15;20;0.00939999980619177;0.0002764706;0.0002;0.0003;36;1;1;2;34;24220;0.0001;0.0008;24294;25152;0
"mscorlib.dll!System::Nullable`1.get_HasValue()";0.0002;0;0.02259997;24923;24238;25904;9;44;0.105899966256402;0.0004202379;0.0001;0.0003;1118;2;1;369;252;24220;0;0.0013;24221;25426;0
"UnityEngine.CoreModule.dll!UnityEngine::LineRenderer.set_numCornerVertices_Injected()";0.0002;0.0001;0.0009;24932;24794;25152;15;20;0.00989999974262901;0.0002911765;0.0002;0.0003;36;1;1;2;34;24220;0.0001;0.0009;24794;25152;0
"UnityEngine.IMGUIModule.dll!UnityEngine::GUIStyle.get_stretchHeight_Injected()";0.0002;0;0.0052;25076;24248;25516;12;13;0.47179998736101;0.0002619656;0.0001;0.0003;3814;2;2;6;1801;24216;0;0.0047;24216;25516;0.0001
"PreLateUpdate.DirectorUpdateAnimationEnd";0.0002;0.0001;0.0037;25093;24219;25225;2;2;0.510999988968251;0.0002555;0.0001;0.0003;2000;1;1;1;2000;24216;0.0001;0.0037;24219;25225;0.0002
"Assembly-CSharp.dll!::MetaProgressService.get_Crystals()";0.0002;0.0001;0.0028;25120;24219;25381;6;12;0.495999988728727;0.0002752497;0.0001;0.0004;1803;1;1;2;1802;24216;0;0.0028;26017;25381;0.0002
"FixedUpdate.XRFixedUpdate";0.0002;0.0001;0.0044;25120;24216;25522;2;2;0.472899991684244;0.000282497;0.0001;0.0004;1698;1;1;2;1674;24216;0.0001;0.0044;24216;25522;0
"TrailRenderer.RenderGeometryJob";0.0002;0.0002;0.0002;25140;25140;25140;5;5;0.000199999994947575;0.0002;0.0002;0.0002;1;1;1;1;1;25140;0.0002;0.0002;25140;25140;0
"Render.MotionVectors";0.0002;0.0001;0.0044;25149;24216;24423;5;5;0.48579998810601;0.0002429;0.0001;0.0002;2000;1;1;1;2000;24216;0.0001;0.0044;24216;24423;0.0002
"UnityEngine.UI.dll!UnityEngine.UI::GraphicRegistry.get_instance()";0.0002;0;0.01139999;25155;24226;26017;11;27;0.554799977966468;0.0002774;0.0001;0.0003;2383;1;1;241;2000;24216;0;0.0099;24226;25821;0.0001
"mscorlib.dll!System.Runtime.CompilerServices::JitHelpers.UnsafeEnumCast()";0.0002;0;0.007999999;25179;24221;24539;10;33;0.0995999939332251;0.0004698113;0.0001;0.0006;1170;2;2;48;212;24220;0;0.0019;24221;26017;0
"UnityEngine.CoreModule.dll!UnityEngine::RectOffset.get_vertical_Injected()";0.0002;0;0.0041;25180;25520;25826;8;17;0.464599988539703;0.0002578246;0.0002;0.0003;1911;1;1;4;1802;24216;0;0.0041;25520;25826;0.0001
"UnityEngine.CoreModule.dll!UnityEngine::RectOffset.get_horizontal_Injected()";0.0002;0.0001;0.0083;25183;24220;25628;8;17;0.469599987765832;0.0002605993;0.0002;0.0002;1910;1;1;3;1802;24216;0.0001;0.0083;24220;25628;0.0002
"UnityEngine.UIModule.dll!UnityEngine::Canvas.get_referencePixelsPerUnit_Injected()";0.0002;0;0.0036;25208;24268;25873;11;24;0.340599989358452;0.0002954033;0.0002;0.0003;2976;2;2;22;1153;24216;0;0.0034;24217;25873;0
"UnityEngine.CoreModule.dll!UnityEngine::Rect.get_height()";0.0002;0;0.0124;25221;24224;25196;11;24;0.375299985229503;0.0003235345;0.0001;0.0003;4706;3;1;38;1160;24216;0;0.0119;24216;25196;0
"PostLateUpdate.ProfilerSynchronizeStats";0.0002;0;0.0084;25236;26129;24797;2;2;0.504799988317245;0.0002524;0.0002;0.0003;2000;1;1;1;2000;24216;0;0.0084;26129;24797;0.0002
"UnityEngine.UI.dll!::MouseButtonEventData.PressedThisFrame()";0.0002;0;0.0034;25262;24221;25401;9;9;0.523199982009828;0.0002617309;0.0001;0.0003;5997;3;3;3;1999;24216;0;0.0031;24216;25401;0.0002
"mscorlib.dll!System::IntPtr.ToPointer()";0.0002;0;0.0077;25270;24227;25702;4;5;0.540299983127625;0.00027015;0.0001;0.0003;5698;3;2;4;2000;24216;0;0.0071;24217;25702;0
"UnityEngine.CoreModule.dll!UnityEngine::Vector3.op_Equality()";0.0002;0;0.0309;25284;24230;24445;6;12;0.622299983879202;0.00031115;0.0001;0.0003;3999;2;1;2;2000;24216;0;0.0301;24222;24445;0.0001
"UnityEngine.UI.dll!UnityEngine.EventSystems::PointerEventData.get_scrollDelta()";0.0002;0;0.0107;25307;24231;25291;8;10;0.573099982073472;0.0002866933;0.0001;0.0003;5997;3;3;3;1999;24216;0;0.009;24216;25291;0
"mscorlib.dll!System.Globalization::CultureInfo.get_InvariantCulture()";0.0002;0.0002;0.0012;25308;25308;25904;21;33;0.00140000005194452;0.0007;0.0002;0.0002;10;1;1;9;2;25308;0;0.0005;25904;25904;0
"mscorlib.dll!System::Int32.System.IConvertible.ToInt64()";0.0002;0.0002;0.0002;25308;25308;25308;28;28;0.000199999994947575;0.0002;0.0002;0.0002;1;1;1;1;1;25308;0.0002;0.0002;25308;25308;0
"mscorlib.dll!System::RuntimeType.IsEquivalentTo()";0.0002;0.0002;0.0002;25308;25308;25308;24;24;0.000199999994947575;0.0002;0.0002;0.0002;1;1;1;1;1;25308;0.0002;0.0002;25308;25308;0
"Scripting.GetParentTypeDisallowingMultipleInclusion";0.0002;0.0002;0.0004;25308;25308;26017;13;19;0.000599999984842725;0.0003;0.0002;0.0002;2;1;1;1;2;25308;0.0002;0.0004;25308;26017;0
"UnityEngine.CoreModule.dll!UnityEngine::Component..ctor()";0.0002;0.0002;0.0005;25308;25308;26017;17;22;0.000700000018696301;0.00035;0.0002;0.0002;2;1;1;1;2;25308;0.0002;0.0005;25308;26017;0
"RenderTarget.GrabPixels";0.0002;0.0001;0.0013;25321;24271;24631;6;6;0.0345999992277939;0.0002601504;0.0002;0.0002;133;1;1;1;133;24226;0.0001;0.0013;24271;24631;0
"PreLateUpdate.DirectorDeferredEvaluate";0.0002;0;0.0037;25335;24355;25348;2;2;0.541299987737148;0.00027065;0.0001;0.0003;2000;1;1;1;2000;24216;0;0.0037;24355;25348;0.0001
"UnityEngine.IMGUIModule.dll!UnityEngine::GUIStyle.get_padding()";0.0002;0;0.0051;25340;24222;25539;7;8;0.49399998417357;0.000274292;0.0001;0.0003;5721;3;3;9;1801;24216;0;0.0047;24216;25539;0.0001
"UnityEngine.GridModule.dll!UnityEngine::GridLayout.get_cellSize_Injected()";0.0002;0.0001;0.001;25349;24461;24557;7;7;0.0218999994176556;0.0002147059;0.0002;0.0002;102;1;1;1;102;24457;0.0001;0.001;24461;24557;0
"UnityEngine.CoreModule.dll!UnityEngine::Sprite.GetPadding_Injected()";0.0002;0.0001;0.0025;25361;24222;25663;17;18;0.330899990760372;0.0002869905;0.0002;0.0003;1491;1;1;7;1153;24216;0;0.0012;24220;25663;0
"FixedUpdate.DirectorFixedSampleTime";0.0002;0;0.0097;25374;24226;24826;2;2;0.56429998994281;0.0003370968;0.0001;0.0005;1698;1;1;2;1674;24216;0;0.0097;24226;24826;0
"mscorlib.dll!System::Nullable`1..ctor()";0.0002;0;0.0031;25417;24256;25400;8;31;0.0333999987051357;0.0003883721;0.0001;0.0004;327;2;2;27;86;24220;0;0.0023;24247;25598;0
"UnityEngine.TextCoreFontEngineModule.dll!UnityEngine.TextCore::Glyph.set_atlasIndex()";0.0002;0.0001;0.0005;25452;25904;24539;21;21;0.000800000016170088;0.0002666667;0.0001;0.0002;6;2;1;3;3;24539;0;0.0005;25452;24539;0
"UnityEngine.UI.dll!UnityEngine.EventSystems::UIBehaviour.OnEnable()";0.0002;0;0.0027;25452;24625;24220;10;25;0.00849999955971725;0.00053125;0.0001;0.0007999999;70;3;2;17;16;24220;0;0.0003;24625;24220;0
"PreLateUpdate.PhysicsLateUpdate";0.0002;0;0.0033;25474;24295;25050;2;2;0.533399987449229;0.0002667;0.0002;0.0003;2000;1;1;1;2000;24216;0;0.0033;24295;25050;0.0001
"UnityEngine.AIModule.dll!UnityEngine.AI::NavMesh.Internal_CallOnNavMeshPreUpdate()";0.0002;0;0.0032;25477;24451;25368;3;3;0.559199989234912;0.0002796;0.0001;0.0004;2000;1;1;1;2000;24216;0;0.0032;24451;25368;0.0002
"UnityEngine.CoreModule.dll!UnityEngine.Pool::ObjectPool`1.get_CountInactive()";0.0002;0.0002;0.0027;25483;24635;26017;11;14;0.00450000009732321;0.00075;0.0002;0.0002;10;1;1;5;6;24635;0.0002;0.0013;24635;26017;0
"UnityEngine.UI.dll!UnityEngine.UI::Selectable.IsInteractable()";0.0002;0;0.0015;25488;24625;26010;5;24;0.0216999991898774;0.0002494253;0.0001;0.0003;233;3;1;5;87;24220;0;0.0004;24625;24220;0
"UnityEngine.UI.dll!UnityEngine.EventSystems::AbstractEventData.Reset()";0.0002;0;0.0152;25490;24219;26110;8;16;0.603899977875699;0.00030195;0.0001;0.0003;6776;3;2;5;2000;24216;0;0.015;24216;26110;0.0002
"UnityEngine.CoreModule.dll!UnityEngine::Color.Lerp()";0.0002;0.0001;0.0044;25522;24636;24220;7;33;0.102899998171779;0.0002874302;0.0002;0.0003;369;1;1;4;358;24220;0.0001;0.0018;24636;25743;0
"UnityEngine.CoreModule.dll!UnityEngine::LineRenderer.set_alignment_Injected()";0.0002;0.0001;0.0325;25522;24341;24932;15;20;0.042799998576811;0.001258823;0.0002;0.0003;36;1;1;2;34;24220;0.0001;0.0325;24341;24932;0
"UnityEngine.CoreModule.dll!UnityEngine::Display.get_systemHeight()";0.0002;0.0001;0.0823;25524;24219;25403;13;13;0.695999988369294;0.0003481741;0.0002;0.0003;2035;1;1;2;1999;24216;0.0001;0.0823;24219;25403;0.0002
"UnityEngine.ParticleSystemModule.dll!::MinMaxGradientBlittable.FromMixMaxGradient()";0.0002;0.0001;0.0009999999;25533;24381;24324;14;15;0.0158999994746409;0.0003057692;0.0002;0.0003;108;2;2;4;52;24287;0;0.0007;24381;25855;0
"UnityEngine.Physics2DModule.dll!UnityEngine::RaycastHit2D.get_point()";0.0002;0;0.0137;25541;24224;25395;7;17;0.358099988188769;0.0003276304;0.0001;0.0004;3910;4;2;6;1093;24216;0;0.0133;24216;25395;0
"Assembly-CSharp.dll!::<MoveToPath>d__9.<>m__Finally1()";0.0002;0.0002;0.001;25553;24371;25790;6;6;0.0029999999969732;0.0004285714;0.0002;0.0003;7;1;1;1;7;24371;0.0002;0.001;24371;25790;0
"mscorlib.dll!System::Object.GetHashCode()";0.0002;0;0.05470031;25560;24272;26017;13;47;0.882100198679836;0.0004410501;0.0001;0.0004;10431;4;1;1058;2000;24216;0;0.0053;24216;25291;0
"UnityEngine.IMGUIModule.dll!UnityEngine::GUIContent.ClearStaticCache()";0.0002;0.0001;0.007900001;25565;24227;24309;5;6;0.618699983693659;0.0003435314;0.0002;0.0003;3814;2;2;6;1801;24216;0;0.0073;24227;24309;0.0003
"mscorlib.dll!System::Nullable`1.get_Value()";0.0002;0;0.0032;25571;24463;25152;9;20;0.0308999994667829;0.0003635294;0.0002;0.0004;300;2;2;8;85;24220;0;0.0007;24247;25152;0
"UnityEngine.UI.dll!UnityEngine.EventSystems::PointerEventData.get_pointerDrag()";0.0002;0;0.0051;25583;24272;25824;7;10;0.181799993668392;0.0002466757;0.0001;0.0003;2125;3;1;5;737;24257;0;0.0047;24257;25824;0
"UnityEngine.CoreModule.dll!UnityEngine::Rect.get_width()";0.0002;0;0.011;25586;24319;25875;11;24;0.438399985119759;0.000377931;0.0002;0.0004;4705;3;1;37;1160;24216;0;0.0101;24216;25867;0
"EarlyUpdate.ResetFrameStatsAfterPresent";0.0002;0.0001;0.0026;25624;24218;24238;2;2;0.62329998799396;0.00031165;0.0002;0.0004;2000;1;1;1;2000;24216;0.0001;0.0026;24218;24238;0.0001
"UnityEngine.CoreModule.dll!UnityEngine::Vector3.get_up()";0.0002;0;0.0139;25631;24426;25582;6;20;0.462299985461868;0.0003302143;0.0002;0.0004;2841;2;1;11;1400;24216;0;0.0134;24216;25582;0.0001
"PostLateUpdate.XRPostLateUpdate";0.0002;0;0.0028;25637;24537;25305;2;2;0.577799985723686;0.0002889;0.0001;0.0003;2000;1;1;1;2000;24216;0;0.0028;24537;25305;0.0001
"UnityEngine.InputModule.dll!UnityEngineInternal.Input::NativeInputSystem.NotifyBeforeUpdate()";0.0002;0;0.017;25642;24223;24662;3;4;0.622399979227339;0.0003112;0.0002;0.0003;5698;3;2;4;2000;24216;0;0.0158;24218;24662;0.0002
"Physics2D.SolveDiscreteIslandPostSolve";0.0002;0;0.008499998;25645;24244;25500;8;8;0.517599963859539;0.0003430086;0.0001;0.0004;14963;9;1;42;1509;24216;0;0.0039;24216;25500;0
"Unity.ResourceManager.dll!::DelegateList`1.Invoke()";0.0002;0.0001;0.3478;25665;24219;26017;6;15;0.990800033607229;0.0004954;0.0001;0.0004;2006;1;1;7;2000;24216;0.0001;0.328;24219;26017;0.0001
"Assembly-CSharp.dll!::<PlaySummonGatherThenClear>d__21.MoveNext()";0.0002;0;0.0018;25670;25154;25153;5;11;0.00399999992805533;0.0006666667;0.0002;0.0009;6;1;1;1;6;24625;0;0.0018;25154;25153;0
"mscorlib.dll!System.Runtime.InteropServices::MemoryMarshal.GetReference()";0.0002;0;0.0098;25675;24353;25497;12;39;0.0766999969710014;0.0003778325;0.0001;0.0004;783;3;3;24;203;24220;0;0.0097;24221;25497;0
"UnityEngine.UI.dll!::MouseButtonEventData.ReleasedThisFrame()";0.0002;0;0.0035;25685;24222;24861;9;9;0.57329997861234;0.0002867934;0.0001;0.0003;5997;3;3;3;1999;24216;0;0.0032;24218;24861;0.0002
"UnityEngine.UI.dll!UnityEngine.EventSystems::PointerEventData.set_scrollDelta()";0.0002;0;0.0948;25687;24242;25474;9;11;0.690399981882365;0.0003453727;0.0001;0.0003;6000;3;3;6;1999;24216;0;0.0946;24217;25474;0.0002
"UnityEngine.UI.dll!UnityEngine.EventSystems::UIBehaviour.OnRectTransformDimensionsChange()";0.0002;0.0002;0.0006;25703;25703;26017;9;18;0.000799999965238385;0.0004;0.0002;0.0002;8;1;1;7;2;25703;0;0.0002;26017;25703;0
"UnityEngine.UI.dll!UnityEngine.EventSystems::PointerEventData.set_delta()";0.0002;0;0.009400001;25731;24219;24267;9;11;0.602399980896735;0.0003013507;0.0002;0.0003;6041;3;3;6;1999;24216;0;0.0087;24217;24267;0.0003
"UnityEngine.UI.dll!UnityEngine.EventSystems::PointerEventData.set_button()";0.0002;0;0.0367;25740;24221;25897;9;11;0.641299979710311;0.0003208104;0.0002;0.0003;6000;3;3;6;1999;24216;0;0.0365;24218;25897;0.0002
"PreLateUpdate.DirectorUpdateAnimationBegin";0.0002;0.0001;0.0079;25743;24217;25516;2;2;0.619699985116313;0.00030985;0.0002;0.0003;2000;1;1;1;2000;24216;0.0001;0.0079;24217;25516;0.0003
"UnityEngine.CoreModule.dll!UnityEngine::Renderer.get_sortingOrder_Injected()";0.0002;0.0001;0.0007;25745;24435;24860;13;17;0.0155999997368781;0.0002943396;0.0002;0.0004;56;1;1;2;53;24287;0.0001;0.0007;24435;24976;0
"UnityEngine.CoreModule.dll!UnityEngine::Renderer.set_sortingOrder_Injected()";0.0002;0.0001;0.0032;25745;24894;24220;12;17;0.0248999992618337;0.0003830769;0.0002;0.0004;83;1;1;6;65;24220;0;0.0011;25184;25703;0
"UnityEngine.UI.dll!UnityEngine.EventSystems::RaycastResult.set_gameObject()";0.0002;0;0.0021;25750;24851;24698;11;11;0.154999994534592;0.0002724077;0.0001;0.0003;1262;3;1;3;569;24565;0;0.0012;24570;26041;0
"UnityEngine.CoreModule.dll!UnityEngine::Display.get_renderingHeight()";0.0002;0.0001;0.0056;25764;24222;25500;13;13;0.672599986981368;0.0003364682;0.0002;0.0003;2035;1;1;2;1999;24216;0.0001;0.0056;24222;25500;0.0002
"UnityEngine.UIModule.dll!UnityEngine::Canvas.get_isRootCanvas_Injected()";0.0002;0.0001;0.0563;25831;24222;25032;9;12;0.688499985095405;0.00034425;0.0002;0.0003;2001;1;1;2;2000;24216;0.0001;0.0563;24222;25032;0.0002
"UnityEngine.TilemapModule.dll!UnityEngine.Tilemaps::Tilemap.get_size_Injected()";0.0002;0;0.0019;25848;24655;24220;11;20;0.00879999966127798;0.0004190476;0.0002;0.0006;46;2;2;6;21;24220;0;0.0006;24426;24426;0
"UnityEngine.CoreModule.dll!UnityEngine.Rendering::RenderPipelineManager.HandleRenderPipelineChange()";0.0002;0;0.0179;25898;24231;24394;3;3;0.644399981727474;0.0003222;0.0002;0.0003;4000;2;2;2;2000;24216;0;0.0178;24219;24394;0.0002
"Assembly-CSharp.dll!::EndRunOverlay.WireTitleButton()";0.0002;0.0002;0.0002;25904;25904;25904;19;21;0.000199999994947575;0.0002;0.0002;0.0002;3;3;3;3;1;25904;0;0.0001;25904;25904;0
"FontEngine.GetOpenTypeFontFeatures";0.0002;0.0002;0.0011;25904;25452;24539;22;27;0.00149999998393469;0.0005;0.0002;0.0002;18;6;4;8;3;24539;0;0.0006;25452;24539;0
"mscorlib.dll!::ArrayListEnumeratorSimple..ctor()";0.0002;0.0002;0.0002;25904;25904;25904;44;47;0.000199999994947575;0.0002;0.0002;0.0002;2;2;2;2;1;25904;0.0001;0.0001;25904;25904;0
"mscorlib.dll!::ArrayListEnumeratorSimple.get_Current()";0.0002;0.0002;0.0002;25904;25904;25904;43;46;0.000199999994947575;0.0002;0.0002;0.0002;2;2;2;2;1;25904;0.0001;0.0001;25904;25904;0
"mscorlib.dll!::ArrayListEnumeratorSimple.MoveNext()";0.0002;0.0002;0.0002;25904;25904;25904;43;46;0.000199999994947575;0.0002;0.0002;0.0002;4;4;4;4;1;25904;0;0.0001;25904;25904;0
"mscorlib.dll!::UTF8Encoder.Reset()";0.0002;0.0002;0.0002;25904;25904;25904;26;27;0.000199999994947575;0.0002;0.0002;0.0002;4;4;4;4;1;25904;0;0.0001;25904;25904;0
"mscorlib.dll!System.Collections.Generic::ArraySortHelper`1.Swap()";0.0002;0.0002;0.0002;25904;25904;25904;44;44;0.000199999994947575;0.0002;0.0002;0.0002;2;2;2;2;1;25904;0.0001;0.0001;25904;25904;0
"mscorlib.dll!System.Collections.ObjectModel::Collection`1..ctor()";0.0002;0.0002;0.0002;25904;25904;25904;37;40;0.000199999994947575;0.0002;0.0002;0.0002;4;4;4;4;1;25904;0;0.0001;25904;25904;0
"mscorlib.dll!System.Collections::ArrayList.get_Count()";0.0002;0.0002;0.0002;25904;25904;25904;43;46;0.000199999994947575;0.0002;0.0002;0.0002;2;2;2;2;1;25904;0.0001;0.0001;25904;25904;0
"mscorlib.dll!System.IO::FileStream.get_CanWrite()";0.0002;0.0002;0.0002;25904;25904;25904;23;24;0.000199999994947575;0.0002;0.0002;0.0002;4;4;4;4;1;25904;0;0.0001;25904;25904;0
"mscorlib.dll!System.IO::StreamWriter.get_LeaveOpen()";0.0002;0.0002;0.0002;25904;25904;25904;21;22;0.000199999994947575;0.0002;0.0002;0.0002;4;4;4;4;1;25904;0;0.0001;25904;25904;0
"mscorlib.dll!System.Text::Encoder.get_InternalHasFallbackBuffer()";0.0002;0.0002;0.0002;25904;25904;25904;25;26;0.000199999994947575;0.0002;0.0002;0.0002;4;4;4;4;1;25904;0;0.0001;25904;25904;0
"mscorlib.dll!System::Array.GetLength()";0.0002;0.0002;0.0002;25904;25904;25904;45;48;0.000199999994947575;0.0002;0.0002;0.0002;2;2;2;2;1;25904;0.0001;0.0001;25904;25904;0
"mscorlib.dll!System::Attribute.get_TypeId()";0.0002;0.0002;0.0002;25904;25904;25904;42;45;0.000199999994947575;0.0002;0.0002;0.0002;4;4;4;4;1;25904;0;0.0001;25904;25904;0
"mscorlib.dll!System::DateTime.get_Hour()";0.0002;0.0002;0.0002;25904;25904;25904;22;22;0.000199999994947575;0.0002;0.0002;0.0002;1;1;1;1;1;25904;0.0002;0.0002;25904;25904;0
"mscorlib.dll!System::DateTime.get_Kind()";0.0002;0.0002;0.0002;25904;25904;25904;22;22;0.000199999994947575;0.0002;0.0002;0.0002;1;1;1;1;1;25904;0.0002;0.0002;25904;25904;0
"mscorlib.dll!System::DateTime.get_Minute()";0.0002;0.0002;0.0002;25904;25904;25904;22;22;0.000199999994947575;0.0002;0.0002;0.0002;1;1;1;1;1;25904;0.0002;0.0002;25904;25904;0
"mscorlib.dll!System::DateTime.get_Second()";0.0002;0.0002;0.0002;25904;25904;25904;22;22;0.000199999994947575;0.0002;0.0002;0.0002;1;1;1;1;1;25904;0.0002;0.0002;25904;25904;0
"mscorlib.dll!System::DateTime.get_Ticks()";0.0002;0.0002;0.0002;25904;25904;25904;22;22;0.000199999994947575;0.0002;0.0002;0.0002;1;1;1;1;1;25904;0.0002;0.0002;25904;25904;0
"mscorlib.dll!System::Number.DigitsToInt()";0.0002;0.0002;0.0002;25904;25904;25904;37;37;0.000199999994947575;0.0002;0.0002;0.0002;1;1;1;1;1;25904;0.0002;0.0002;25904;25904;0
"mscorlib.dll!System::RuntimeTypeHandle.IsArray()";0.0002;0.0002;0.0002;25904;25904;25904;37;37;0.000199999994947575;0.0002;0.0002;0.0002;1;1;1;1;1;25904;0.0002;0.0002;25904;25904;0
"mscorlib.dll!System::StringComparer.get_Ordinal()";0.0002;0.0002;0.0002;25904;25904;25904;35;38;0.000199999994947575;0.0002;0.0002;0.0002;4;4;4;4;1;25904;0;0.0001;25904;25904;0
"Newtonsoft.Json.dll!::ImmutableCollectionTypeInfo.get_ContractTypeName()";0.0002;0.0002;0.0002;25904;25904;25904;39;39;0.000199999994947575;0.0002;0.0002;0.0002;10;10;10;10;1;25904;0;0.0001;25904;25904;0
"Newtonsoft.Json.dll!Newtonsoft.Json.Converters::ExpandoObjectConverter.CanConvert()";0.0002;0.0002;0.0002;25904;25904;25904;35;38;0.000199999994947575;0.0002;0.0002;0.0002;4;4;4;4;1;25904;0;0.0001;25904;25904;0
"Newtonsoft.Json.dll!Newtonsoft.Json.Serialization::DefaultContractResolver.get_IgnoreSerializableInterface()";0.0002;0.0002;0.0002;25904;25904;25904;32;35;0.000199999994947575;0.0002;0.0002;0.0002;2;2;2;2;1;25904;0.0001;0.0001;25904;25904;0
"Newtonsoft.Json.dll!Newtonsoft.Json::JsonTextWriter.get_QuoteChar()";0.0002;0.0002;0.0002;25904;25904;25904;32;32;0.000199999994947575;0.0002;0.0002;0.0002;1;1;1;1;1;25904;0.0002;0.0002;25904;25904;0
"System.Core.dll!::<GetEnumerator>d__13.System.IDisposable.Dispose()";0.0002;0.0002;0.0002;25904;25904;25904;36;39;0.000199999994947575;0.0002;0.0002;0.0002;4;4;4;4;1;25904;0;0.0001;25904;25904;0
"System.Core.dll!System.Linq::EmptyPartition`1.MoveNext()";0.0002;0.0002;0.0002;25904;25904;25904;39;42;0.000199999994947575;0.0002;0.0002;0.0002;2;2;2;2;1;25904;0.0001;0.0001;25904;25904;0
"System.Core.dll!System.Linq::EmptyPartition`1.System.IDisposable.Dispose()";0.0002;0.0002;0.0002;25904;25904;25904;39;42;0.000199999994947575;0.0002;0.0002;0.0002;2;2;2;2;1;25904;0.0001;0.0001;25904;25904;0
"System.dll!::OrderedDictionaryKeyValueCollection..ctor()";0.0002;0.0002;0.0002;25904;25904;25904;43;46;0.000199999994947575;0.0002;0.0002;0.0002;2;2;2;2;1;25904;0.0001;0.0001;25904;25904;0
"System.dll!::ReflectedTypeData..ctor()";0.0002;0.0002;0.0002;25904;25904;25904;38;41;0.000199999994947575;0.0002;0.0002;0.0002;2;2;2;2;1;25904;0.0001;0.0001;25904;25904;0
"System.dll!::ReflectedTypeData.GetTypeFromName()";0.0002;0.0002;0.0002;25904;25904;25904;38;41;0.000199999994947575;0.0002;0.0002;0.0002;2;2;2;2;1;25904;0.0001;0.0001;25904;25904;0
"System.dll!System.ComponentModel::AttributeCollection.get_Attributes()";0.0002;0.0002;0.0002;25904;25904;25904;39;42;0.000199999994947575;0.0002;0.0002;0.0002;6;6;6;6;1;25904;0;0.0001;25904;25904;0
"System.dll!System.ComponentModel::ReflectTypeDescriptionProvider.get_IntrinsicTypeConverters()";0.0002;0.0002;0.0002;25904;25904;25904;38;41;0.000199999994947575;0.0002;0.0002;0.0002;2;2;2;2;1;25904;0.0001;0.0001;25904;25904;0
"Unity.TextMeshPro.dll!TMPro::TMP_TextElement.set_glyph()";0.0002;0.0002;0.0007;25904;25452;24539;22;22;0.00109999996493571;0.0003666666;0.0002;0.0002;6;2;1;3;3;24539;0;0.0007;25452;24539;0
"Unity.TextMeshPro.dll!TMPro::TMP_TextElement.set_unicode()";0.0002;0.0001;0.0005;25904;25452;24539;22;22;0.000800000016170088;0.0002666667;0.0001;0.0002;6;2;1;3;3;24539;0;0.0005;25452;24539;0
"UnityEngine.CoreModule.dll!UnityEngine::Debug.get_unityLogger()";0.0002;0.0002;0.0002;25904;25904;25904;19;19;0.000199999994947575;0.0002;0.0002;0.0002;1;1;1;1;1;25904;0.0002;0.0002;25904;25904;0
"UnityEngine.CoreModule.dll!UnityEngine::Logger.GetString()";0.0002;0.0002;0.0002;25904;25904;25904;20;20;0.000199999994947575;0.0002;0.0002;0.0002;1;1;1;1;1;25904;0.0002;0.0002;25904;25904;0
"UnityEngine.TextCoreFontEngineModule.dll!UnityEngine.TextCore::Glyph..ctor()";0.0002;0.0002;0.0005;25904;25452;24539;22;22;0.000900000013643876;0.0003;0.0002;0.0002;6;2;1;3;3;24539;0;0.0005;25452;24539;0
"PostLateUpdate.PlayerSendFramePostPresent";0.0002;0.0001;0.0176;25921;24225;25790;2;2;0.645599984898581;0.0003228;0.0002;0.0003;2000;1;1;1;2000;24216;0.0001;0.0176;24225;25790;0.0002
"UnityEngine.UI.dll!UnityEngine.EventSystems::PointerEventData.set_position()";0.0002;0;0.0048;25951;24224;24720;9;11;0.644799977766525;0.0003225613;0.0001;0.0004;6001;3;3;7;1999;24216;0;0.0043;24219;24720;0.0003
"EarlyUpdate.PerformanceAnalyticsUpdate";0.0002;0;0.0053;25977;24291;26200;2;2;0.68599998652644;0.000343;0.0002;0.0004;2000;1;1;1;2000;24216;0;0.0053;24291;26200;0.0001
"UnityEngine.CoreModule.dll!UnityEngine.SceneManagement::SceneManager.get_sceneCount()";0.0002;0.0002;0.0002;26016;26016;26016;20;20;0.000199999994947575;0.0002;0.0002;0.0002;1;1;1;1;1;26016;0.0002;0.0002;26016;26016;0
"Assembly-CSharp.dll!::PlaySessionStatsService.get_IsRunActive()";0.0002;0.0002;0.0004;26017;26017;25904;11;17;0.000599999984842725;0.0003;0.0002;0.0002;3;1;1;2;2;25904;0.0001;0.0003;25904;25904;0
"mscorlib.dll!::ValueCollection.GetEnumerator()";0.0002;0.0002;0.0002;26017;26017;26017;15;15;0.000199999994947575;0.0002;0.0002;0.0002;1;1;1;1;1;26017;0.0002;0.0002;26017;26017;0
"mscorlib.dll!System.Collections.Generic::EqualityComparer`1..ctor()";0.0002;0.0002;0.0002;26017;26017;26017;22;22;0.000199999994947575;0.0002;0.0002;0.0002;2;2;2;2;1;26017;0.0001;0.0001;26017;26017;0
"Unity.ResourceManager.dll!UnityEngine.ResourceManagement.AsyncOperations::GroupOperation.UnityEngine.ResourceManagement.AsyncOperations.ICachable.get_Key()";0.0002;0.0002;0.0002;26017;26017;26017;19;19;0.000199999994947575;0.0002;0.0002;0.0002;2;2;2;2;1;26017;0.0001;0.0001;26017;26017;0
"Unity.ResourceManager.dll!UnityEngine.ResourceManagement.AsyncOperations::GroupOperation.UnityEngine.ResourceManagement.AsyncOperations.ICachable.set_Key()";0.0002;0.0002;0.0002;26017;26017;26017;19;19;0.000199999994947575;0.0002;0.0002;0.0002;1;1;1;1;1;26017;0.0002;0.0002;26017;26017;0
"Unity.TextMeshPro.dll!TMPro::TextMeshProUGUI.CalculateLayoutInputVertical()";0.0002;0.0002;0.0002;26017;26017;26017;14;14;0.000199999994947575;0.0002;0.0002;0.0002;1;1;1;1;1;26017;0.0002;0.0002;26017;26017;0
"Unity.TextMeshPro.dll!TMPro::TMP_TextElement.get_scale()";0.0002;0.0002;0.0002;26017;26017;26017;24;24;0.000199999994947575;0.0002;0.0002;0.0002;3;3;3;3;1;26017;0;0.0001;26017;26017;0
"Unity.VisualScripting.Core.dll!::<>c.<Initialize>b__3_0()";0.0002;0.0002;0.0002;26017;26017;26017;12;12;0.000199999994947575;0.0002;0.0002;0.0002;1;1;1;1;1;26017;0.0002;0.0002;26017;26017;0
"UnityEngine.CoreModule.dll!UnityEngine::RectTransform.set_sendChildDimensionsChange_Injected()";0.0002;0.0002;0.0002;26017;26017;26017;11;11;0.000199999994947575;0.0002;0.0002;0.0002;1;1;1;1;1;26017;0.0002;0.0002;26017;26017;0
"UnityEngine.Physics2DModule.dll!UnityEngine.LowLevelPhysics2D::PhysicsWorldRenderer.ShutdownRendering()";0.0002;0.0002;0.0002;26017;26017;26017;10;10;0.000199999994947575;0.0002;0.0002;0.0002;1;1;1;1;1;26017;0.0002;0.0002;26017;26017;0
"UnityEngine.UI.dll!UnityEngine.UI::Image.CalculateLayoutInputVertical()";0.0002;0.0002;0.0002;26017;26017;26017;14;14;0.000199999994947575;0.0002;0.0002;0.0002;1;1;1;1;1;26017;0.0002;0.0002;26017;26017;0
"UnityEngine.UI.dll!UnityEngine.UI::LayoutElement.CalculateLayoutInputHorizontal()";0.0002;0.0002;0.0002;26017;26017;26017;14;14;0.000199999994947575;0.0002;0.0002;0.0002;1;1;1;1;1;26017;0.0002;0.0002;26017;26017;0
"UnityEngine.UI.dll!UnityEngine.UI::LayoutElement.get_preferredHeight()";0.0002;0.0002;0.0002;26017;26017;26017;21;21;0.000199999994947575;0.0002;0.0002;0.0002;2;2;2;2;1;26017;0.0001;0.0001;26017;26017;0
"UnityEngine.UIElementsModule.dll!UnityEngine.UIElements::UIElementsRuntimeUtility.get_activeEventSystem()";0.0002;0.0002;0.0002;26017;26017;26017;12;15;0.000199999994947575;0.0002;0.0002;0.0002;2;2;2;2;1;26017;0.0001;0.0001;26017;26017;0
"UnityEngine.UIElementsModule.dll!UnityEngine.UIElements::UIElementsRuntimeUtility.set_activeEventSystem()";0.0002;0.0002;0.0002;26017;26017;26017;12;15;0.000199999994947575;0.0002;0.0002;0.0002;2;2;2;2;1;26017;0.0001;0.0001;26017;26017;0
"UnityEngine.UIModule.dll!UnityEngine::Canvas.add_preWillRenderCanvases()";0.0002;0.0002;0.0002;26017;26017;26017;10;10;0.000199999994947575;0.0002;0.0002;0.0002;1;1;1;1;1;26017;0.0002;0.0002;26017;26017;0
"UnityEngine.UI.dll!::ButtonState.set_eventData()";0.0002;0.0002;0.0002;26018;26018;26018;11;11;0.000199999994947575;0.0002;0.0002;0.0002;3;3;3;3;1;26018;0;0.0001;26018;26018;0
"UnityEngine.UI.dll!UnityEngine.EventSystems::PointerEventData.set_displayIndex()";0.0002;0.0002;0.0002;26018;26018;26018;11;11;0.000199999994947575;0.0002;0.0002;0.0002;3;3;3;3;1;26018;0;0.0001;26018;26018;0
"UnityEngine.UI.dll!UnityEngine.EventSystems::PointerEventData.set_penStatus()";0.0002;0.0002;0.0002;26018;26018;26018;11;11;0.000199999994947575;0.0002;0.0002;0.0002;3;3;3;3;1;26018;0;0.0001;26018;26018;0
"UnityEngine.UI.dll!UnityEngine.EventSystems::PointerEventData.set_tilt()";0.0002;0.0002;0.0002;26018;26018;26018;11;11;0.000199999994947575;0.0002;0.0002;0.0002;3;3;3;3;1;26018;0;0.0001;26018;26018;0
"UnityEngine.UIModule.dll!UnityEngine::Canvas.get_sortingOrder_Injected()";0.0002;0;0.002;26028;24707;24698;12;12;0.169299995301117;0.0002975395;0.0001;0.0003;1262;3;1;3;569;24565;0;0.0014;24569;24655;0
"FrameEvents.XREndFrame";0.0002;0.0001;0.0208;26059;24227;25790;4;4;0.639999983919552;0.00032;0.0002;0.0003;2000;1;1;1;2000;24216;0.0001;0.0208;24227;25790;0.0003
"Unity.ResourceManager.dll!UnityEngine.ResourceManagement.Profiling::ProfilerFrameData`2.get_Data()";0.0002;0;0.0117;26078;24242;25930;8;9;0.644699977856362;0.00032235;0.0002;0.0003;8000;4;4;4;2000;24216;0;0.0105;24216;25930;0.0003
"mscorlib.dll!::Enumerator.MoveNextRare()";0.0002;0;0.0157;26170;24290;25867;7;44;0.676799976099574;0.0003384;0.0002;0.0004;7972;4;2;47;2000;24216;0;0.0145;24217;25867;0.0001
"mscorlib.dll!System::BitConverter.DoubleToInt64Bits()";0.0002;0;0.0171;26172;24225;25993;12;38;0.688699974954943;0.00034435;0.0002;0.0004;8308;4;4;11;2000;24216;0;0.0166;24217;25993;0.0003
"UnityEngine.UI.dll!UnityEngine.EventSystems::PointerEventData.set_pointerEnter()";0.0002;0;0.007999999;26184;24429;25812;10;16;0.678099975521036;0.00033905;0.0002;0.0003;5454;3;2;3;2000;24216;0;0.0069;24219;25812;0.0003
"Analytics.PauseSession";0.0002;0.0002;0.0002;26215;26215;26215;6;6;0.000199999994947575;0.0002;0.0002;0.0002;1;1;1;1;1;26215;0.0002;0.0002;26215;26215;0
"Assembly-CSharp.dll!::ScoreService.set_CurrentScore()";0.0001;0;0.0005;24251;24247;24358;13;16;0.00179999992542434;9.473684E-05;0;0.0001;20;1;1;2;19;24220;0;0.0003;24247;24220;0
"UnityEngine.UI.dll!UnityEngine.UI::Selectable.set_hasSelection()";0.0001;0;0.0006;24287;24290;26017;13;24;0.00319999990460929;0.0001032258;0;0.0001;41;1;1;9;31;24220;0;0.0004;24290;24220;0
"Assembly-CSharp.dll!::EnemyDeathHandler.EnsureServices()";0.0001;0;0.0005;24290;24247;24358;11;14;0.00199999992764788;0.0001052632;0;0.0001;20;1;1;2;19;24220;0;0.0004;24247;24220;0
"Assembly-CSharp.dll!::PlayerService.get_IsGameOver()";0.0001;0;0.0006;24290;24216;24358;8;14;0.00199999992764788;0.0001;0;0.0001;21;1;1;2;20;24216;0;0.0003;24216;24220;0
"Assembly-CSharp.dll!::Enemy.GetGold()";0.0001;0;0.0005;24381;24247;24358;12;15;0.00179999992542434;9.473684E-05;0;0.0001;20;1;1;2;19;24220;0;0.0003;24247;24220;0
"UnityEngine.UI.dll!UnityEngine.UI::Selectable.set_isPointerInside()";0.0001;0;0.0006;24381;24251;24220;13;24;0.00339999992138473;0.00010625;0;0.0001;41;1;1;9;32;24220;0;0.0006;24251;24220;0
"Assembly-CSharp.dll!::<SearchTarget>d__13..ctor()";0.0001;0;0.0007;24398;24225;24486;7;7;0.01149999962945;8.518518E-05;0;0.0001;146;1;1;3;135;24220;0;0.0007;24225;24486;0
"ConstraintManager::Update::JobSetup";0.0001;0;0.0017;24399;24216;24980;4;4;0.171199995929783;8.56E-05;0;0.0001;2000;1;1;1;2000;24216;0;0.0017;24216;24980;0
"UIEvents.AlignCanvasRectTransformWithCamera";0.0001;0;0.0022;24413;24216;24751;3;3;0.146899996158027;7.345E-05;0;0.0001;2000;1;1;1;2000;24216;0;0.0022;24216;24751;0.0001
"Assembly-CSharp.dll!::TowerWeapon.get_DoubleShot()";0.0001;0;0.0004;24440;24350;25152;6;16;0.00249999993684469;7.8125E-05;0;0.0001;32;1;1;1;32;24247;0;0.0004;24350;25152;0
"Assembly-CSharp.dll!::<AttackThenSearch>d__14..ctor()";0.0001;0;0.0008;24463;24286;25152;7;12;0.0101999997132225;8.869565E-05;0;0.0001;125;1;1;2;115;24220;0;0.0004;24256;25152;0
"UnityEngine.UI.dll!UnityEngine.UI::AnimationTriggers.get_normalTrigger()";0.0001;0;0.0065;24472;24251;24220;11;24;0.00990000002639135;0.0003413793;0;0.0001;43;1;1;12;29;24220;0;0.0065;24251;24220;0
"Assembly-CSharp.dll!::<ReleaseAfterVfx>d__21.System.Collections.IEnumerator.get_Current()";0.0001;0;0.0003;24521;24227;24267;9;12;0.00219999992259545;8.148148E-05;0;0.0001;27;1;1;1;27;24227;0;0.0003;24227;24267;0
"Assembly-CSharp.dll!::<SkillLoop>d__6.System.Collections.IEnumerator.get_Current()";0.0001;0;0.0012;24537;24218;24554;4;4;0.106999996918603;8.365911E-05;0;0.0001;1279;1;1;1;1279;24216;0;0.0012;24218;24554;0.0001
"UnityEngine.CoreModule.dll!UnityEngine::Vector3Int.op_Implicit()";0.0001;0;0.0002;24560;24458;24487;7;7;0.00709999982063891;6.960784E-05;0;0.0001;102;1;1;1;102;24457;0;0.0002;24458;24487;0
"Assembly-CSharp.dll!::<MoveToPath>d__9.System.Collections.IEnumerator.get_Current()";0.0001;0;0.0165;24585;24217;25516;4;8;0.139799996555666;9.971469E-05;0;0.0001;1402;1;1;1;1402;24216;0;0.0165;24217;25516;0.0001
"Physics2D.ClearBodyForces";0.0001;0;0.0008;24585;24216;25724;5;5;0.126899996532302;8.409542E-05;0;0.0001;1533;1;1;2;1509;24216;0;0.0008;24216;25724;0
"UnityEngine.CoreModule.dll!UnityEngine::YieldInstruction..ctor()";0.0001;0;0.0005;24595;24227;25400;7;30;0.0108999997319188;8.074074E-05;0;0.0001;141;1;1;3;135;24220;0;0.0005;24227;25400;0
"Assembly-CSharp.dll!::<PlaySummonGather>d__18..ctor()";0.0001;0;0.0002;24625;25669;25153;13;13;0.000299999992421363;0.0001;0;0.0001;3;1;1;1;3;24625;0;0.0002;25669;25153;0
"Assembly-CSharp.dll!::<PlaySummonGatherThenClear>d__21..ctor()";0.0001;0;0.0001;24625;25669;24625;8;8;0.000199999994947575;6.666667E-05;0;0.0001;3;1;1;1;3;24625;0;0.0001;25669;24625;0
"Assembly-CSharp.dll!::<PlaySummonGatherThenClear>d__21.System.Collections.IEnumerator.get_Current()";0.0001;0;0.0001;24625;25669;24625;10;10;0.000199999994947575;6.666667E-05;0;0.0001;3;1;1;1;3;24625;0;0.0001;25669;24625;0
"UnityEngine.UI.dll!UnityEngine.UI::AnimationTriggers.get_highlightedTrigger()";0.0001;0;0.0001;24626;25683;24626;15;15;0.000299999992421363;6E-05;0;0.0001;5;1;1;1;5;24626;0;0.0001;25683;24626;0
"UnityEngine.IMGUIModule.dll!UnityEngine::GUILayoutGroup.ResetCursor()";0.0001;0;0.0042;24629;24216;25400;7;8;0.15399999589863;8.550805E-05;0;0.0001;1907;1;1;3;1801;24216;0;0.0042;24216;25400;0
"UnityEngine.UI.dll!UnityEngine.EventSystems::ExecuteEvents.get_selectHandler()";0.0001;0;0.0003;24635;24755;26010;11;14;0.000699999975040555;7.777778E-05;0;0.0001;9;1;1;1;9;24635;0;0.0003;24755;26010;0
"mscorlib.dll!::Reader.get_IsNull()";0.0001;0;0.0019;24639;24217;24678;6;6;0.159899995756859;7.995E-05;0;0.0001;2000;1;1;1;2000;24216;0;0.0019;24217;24678;0
"mscorlib.dll!System.Threading::ExecutionContext.get_SynchronizationContext()";0.0001;0;0.0013;24646;24216;25640;6;6;0.154999995706021;7.75E-05;0;0.0001;2000;1;1;1;2000;24216;0;0.0013;24216;25640;0.0001
"UnityEngine.CoreModule.dll!UnityEngine::Rect.set_height()";0.0001;0;0.0033;24651;24217;25567;8;17;0.154399995961285;8.568257E-05;0;0.0001;1908;1;1;3;1802;24216;0;0.0033;24217;25567;0
"UnityEngine.UI.dll!UnityEngine.UI::AnimationTriggers.get_disabledTrigger()";0.0001;0;0.0007999999;24655;24625;24220;18;23;0.00149999990389915;0.0001363636;0;0.0001;13;1;1;3;11;24220;0;0.0003;24625;24220;0
"UnityEngine.UI.dll!UnityEngine.UI::SpriteState.get_selectedSprite()";0.0001;0;0.0016;24665;24635;25514;15;19;0.00399999989167554;0.0001052632;0;0.0001;38;1;1;1;38;24635;0;0.0016;24635;25514;0
"mscorlib.dll!System.Text::StringBuilder.get_MaxCapacity()";0.0001;0;0.0022;24674;24649;25904;10;26;0.00469999990309589;0.0001382353;0;0.0001;38;1;1;5;34;24539;0;0.0021;24649;25904;0
"UnityEngine.CoreModule.dll!UnityEngine.Events::BaseInvokableCall..ctor()";0.0001;0;0.0012;24674;24251;24220;14;31;0.00869999972928781;9.0625E-05;0;0.0001;107;1;1;4;96;24220;0;0.0004;24251;24220;0
"UnityEngine.UI.dll!UnityEngine.UI::AnimationTriggers.get_selectedTrigger()";0.0001;0;0.0003;24674;24682;26010;15;19;0.00269999992451631;7.105263E-05;0;0.0001;38;1;1;1;38;24635;0;0.0003;24682;26010;0
"Assembly-CSharp.dll!::<HitScalePunch>d__35..ctor()";0.0001;0;0.0003;24677;24227;24237;10;20;0.00919999972393271;8.598131E-05;0;0.0001;115;1;1;3;107;24221;0;0.0003;24223;24279;0
"UnityEngine.UI.dll!UnityEngine.UI::ColorBlock.get_fadeDuration()";0.0001;0;0.0005;24677;24626;26010;16;20;0.00519999983225716;7.323943E-05;0;0.0001;76;1;1;2;71;24626;0;0.0003;24626;24661;0
"UnityEngine.UI.dll!UnityEngine.UI::Selectable.get_hasSelection()";0.0001;0;0.0003;24682;24626;24539;11;24;0.00379999988217605;7.307692E-05;0;0.0001;54;1;1;3;52;24539;0;0.0003;24626;24539;0
"Terrain.UpdateSplatProperties";0.0001;0;0.0021;24685;24219;24412;6;6;0.172299995392677;8.615E-05;0;0.0001;2000;1;1;1;2000;24216;0;0.0021;24219;24412;0.0001
"UnityEngine.UI.dll!UnityEngine.EventSystems::PointerEventData.set_eligibleForClick()";0.0001;0;0.0003;24685;24543;24539;9;11;0.00619999980699504;7.469879E-05;0;0.0001;85;1;1;3;83;24539;0;0.0003;24543;24539;0
"UnityEngine.UI.dll!UnityEngine.EventSystems::PointerEventData.set_pointerPressRaycast()";0.0001;0;0.0004;24685;24795;24539;9;9;0.00419999987934716;0.000102439;0;0.0001;41;1;1;1;41;24539;0;0.0004;24795;24539;0
"Assembly-CSharp.dll!::PlayerService.get_CurrentHp()";0.0001;0;0.0033;24687;24223;25295;5;5;0.157499995897524;8.745142E-05;0;0.0001;1801;1;1;1;1801;24216;0;0.0033;24223;25295;0.0001
"mscorlib.dll!System::Array.Empty()";0.0001;0;0.0291;24687;24218;24445;9;52;0.213299979113799;0.00010665;0;0.0001;2267;1;1;226;2000;24216;0;0.0291;24218;24445;0
"UnityEngine.UI.dll!UnityEngine.UI.CoroutineTween::ColorTween.get_ignoreTimeScale()";0.0001;0;0.0005;24687;24626;25743;6;28;0.0219999994442333;6.832298E-05;0;0.0001;323;1;1;2;322;24626;0;0.0005;24626;25743;0
"mscorlib.dll!System::Delegate.Combine()";0.0001;0;0.0013;24689;24251;24220;8;32;0.00889999967330368;9.270833E-05;0;0.0001;113;1;1;10;96;24220;0;0.0004;24251;24220;0
"UnityEngine.CoreModule.dll!UnityEngine::Rect.set_y()";0.0001;0;0.0151;24689;24221;24519;8;17;0.170699996313488;9.472808E-05;0;0.0001;1908;1;1;3;1802;24216;0;0.0151;24221;24519;0.0001
"Assembly-CSharp.dll!::<AttackLoop>d__0.System.Collections.IEnumerator.get_Current()";0.0001;0;0.0005;24695;24247;25152;4;14;0.00789999982225709;8.061224E-05;0;0.0001;99;1;1;2;98;24245;0;0.0005;24247;25152;0
"CombineJobResults";0.0001;0;0.0028;24695;24285;24643;7;8;0.13229999649775;9.64989E-05;0;0.0001;1754;1;1;2;1371;24216;0;0.0027;24285;24643;0
"UnityEngine.UI.dll!UnityEngine.UI::Graphic.get_useLegacyMeshGeneration()";0.0001;0;0.0021;24702;24216;24904;12;12;0.111499996928615;9.670425E-05;0;0.0001;1491;1;1;7;1153;24216;0;0.0021;24216;24904;0
"Assembly-CSharp.dll!::SliderPositionAutoSetter.SetDistance()";0.0001;0;0.0012;24715;24251;24220;10;17;0.00389999985054601;0.0001344827;0;0.0001;33;1;1;4;29;24220;0;0.0004;24251;25215;0
"mscorlib.dll!System::Int64.GetHashCode()";0.0001;0;0.0003;24715;24625;24220;10;15;0.00119999995513353;0.0001090909;0;0.0001;11;1;1;1;11;24220;0;0.0003;24625;24220;0
"UnityEngine.UI.dll!UnityEngine.UI.CoroutineTween::ColorTween.set_duration()";0.0001;0;0.0013;24715;24251;24220;16;27;0.00879999966127798;9.166666E-05;0;0.0001;104;1;1;4;96;24220;0;0.0004;24251;24220;0
"UnityEngine.UI.dll!UnityEngine.UI::ColorBlock.get_disabledColor()";0.0001;0;0.0007;24715;24655;24220;18;23;0.00169999994250247;0.0001545454;0;0.0001;13;1;1;3;11;24220;0;0.0003;24655;24220;0
"UnityEngine.UI.dll!UnityEngine.EventSystems::PointerEventData.set_reentered()";0.0001;0;0.0003;24724;24774;25976;10;10;0.00259999992704252;0.0001130435;0;0.0002;36;2;1;3;23;24565;0;0.0002;24565;24577;0
"UnityEngine.CoreModule.dll!UnityEngine::Rect.set_width()";0.0001;0;0.0155;24732;24217;24509;8;9;0.174599995574681;9.694614E-05;0;0.0001;1907;1;1;3;1801;24216;0;0.0155;24217;24509;0.0001
"mscorlib.dll!System::UIntPtr.op_Equality()";0.0001;0;0.0029;24744;24219;24294;10;41;0.16839999545482;9.350361E-05;0;0.0001;1879;1;1;5;1801;24216;0;0.0029;24219;24294;0.0001
"UnityEngine.UI.dll!UnityEngine.EventSystems::ExecuteEvents.get_pointerClickHandler()";0.0001;0;0.0004;24760;24543;25698;10;10;0.00319999991188524;7.804878E-05;0;0.0001;41;1;1;1;41;24543;0;0.0004;24543;25698;0
"mscorlib.dll!System::RuntimeType.get_UnderlyingSystemType()";0.0001;0;0.09210072;24761;24229;25904;11;55;0.111500723818608;0.0005837734;0;0.0001;1729;1;1;1477;191;24220;0;0.0015;24229;25904;0
"Terrain.Trees.OnWillRender";0.0001;0;0.0128;24768;24216;25961;8;8;0.255199994317081;0.0001276;0;0.0001;2000;1;1;1;2000;24216;0;0.0128;24216;25961;0.0002
"Assembly-CSharp.dll!::Enemy.ReSetSpeed()";0.0001;0;0.0003;24772;24326;24358;8;21;0.00239999991754303;0.0001;0;0.0001;25;1;1;2;24;24247;0;0.0003;24326;24358;0
"Assembly-CSharp.dll!::PlayerService.get_Gold()";0.0001;0;0.0024;24774;24221;25707;5;18;0.172299995530921;9.566907E-05;0;0.0001;1869;1;1;3;1801;24216;0;0.0022;24221;24658;0
"UnityEngine.UI.dll!UnityEngine.UI::Graphic.GraphicUpdateComplete()";0.0001;0;0.0113;24775;24219;25046;9;26;0.135199994627328;0.0001151618;0;0.0001;1763;1;1;94;1174;24216;0;0.0113;24219;25046;0
"UnityEngine.UI.dll!UnityEngine.UI::ColorBlock.get_colorMultiplier()";0.0001;0;0.0009999999;24778;24649;24220;12;24;0.00829999969573691;9.764705E-05;0;0.0001;93;1;1;3;85;24220;0;0.0004;24635;24220;0
"UnityEngine.UI.dll!UnityEngine.UI::SpriteState.get_highlightedSprite()";0.0001;0;0.0001;24778;25683;24626;15;15;0.00039999998989515;8E-05;0.0001;0.0001;5;1;1;1;5;24626;0;0.0001;25683;24626;0
"Assembly-CSharp.dll!::<AnimateHop>d__33..ctor()";0.0001;0;0.0003;24788;24296;24310;7;23;0.00449999984994065;9.374999E-05;0;0.0001;48;1;1;1;48;24225;0;0.0003;24296;24310;0
"mscorlib.dll!System::RuntimeType.Equals()";0.0001;0;0.02369997;24792;24222;25904;11;54;0.0442999702427187;0.000231937;0;0.0001;572;1;1;344;191;24220;0;0.0014;24222;25164;0
"UnityEngine.CoreModule.dll!UnityEngine::Debug.Assert()";0.0001;0;0.0019;24793;24219;25645;6;11;0.176699995397939;8.835E-05;0;0.0001;2001;1;1;2;2000;24216;0;0.0019;24219;25645;0
"mscorlib.dll!System::BitConverter.SingleToInt32Bits()";0.0001;0;0.0013;24795;24251;24220;19;30;0.00939999962429283;9.791667E-05;0;0.0001;104;1;1;4;96;24220;0;0.0004;24251;24220;0
"UnityEngine.UI.dll!UnityEngine.UI.CoroutineTween::ColorTween.set_startColor()";0.0001;0;0.0011;24795;24251;24220;16;27;0.00859999979002168;8.958333E-05;0;0.0001;104;1;1;4;96;24220;0;0.0003;24251;24220;0
"UnityEngine.UI.dll!UnityEngine.UI.CoroutineTween::ColorTween.set_tweenMode()";0.0001;0;0.0012;24795;24287;24220;16;27;0.00969999974040547;0.0001010417;0;0.0001;104;1;1;4;96;24220;0;0.0005;24287;25702;0
"UnityEngine.UI.dll!UnityEngine.UI::Navigation.get_mode()";0.0001;0;0.0003;24795;24635;24661;13;13;0.00249999991501682;8.620689E-05;0;0.0001;29;1;1;1;29;24635;0;0.0003;24635;24661;0
"Assembly-CSharp.dll!::<PlayRoutine>d__10..ctor()";0.0001;0;0.0009999999;24802;24221;24358;11;16;0.0183999993969337;0.0001063584;0;0.0001;199;1;1;3;173;24220;0;0.0007;24221;24788;0
"Assembly-CSharp.dll!::AttackBehaviorBase.OnUpgraded()";0.0001;0;0.0001;24802;24665;24640;18;18;0.00179999995452818;7.5E-05;0;0.0001;24;1;1;1;24;24640;0;0.0001;24665;24640;0
"UnityEngine.UI.dll!UnityEngine.UI.CoroutineTween::ColorTween.set_targetColor()";0.0001;0;0.0013;24802;24251;24220;16;27;0.00879999965400202;9.166666E-05;0;0.0001;104;1;1;4;96;24220;0;0.0004;24251;24220;0
"UnityEngine.UI.dll!UnityEngine.UI::AnimationTriggers.get_pressedTrigger()";0.0001;0;0.0003;24806;24635;24661;15;15;0.00239999991754303;8.275862E-05;0;0.0001;29;1;1;1;29;24635;0;0.0003;24635;24661;0
"Assembly-CSharp.dll!::<ReleaseAfterVfx>d__21..ctor()";0.0001;0;0.0004;24807;24979;24267;7;10;0.00339999991410878;0.0001259259;0.0001;0.0001;27;1;1;1;27;24227;0;0.0004;24979;24267;0
"mscorlib.dll!::NumberBuffer.set_sign()";0.0001;0;0.0021;24811;24248;25235;12;37;0.0269999992888188;0.0001330049;0;0.0001;300;1;1;4;203;24220;0;0.0021;24221;25235;0
"mscorlib.dll!System::Delegate.get_Target()";0.0001;0;0.0013;24811;24251;24220;10;36;0.0303999990501325;8.49162E-05;0;0.0001;400;1;1;4;358;24220;0;0.0006;24251;25743;0
"UnityEngine.UI.dll!UnityEngine.EventSystems::PointerEventData.get_eligibleForClick()";0.0001;0;0.0003;24811;24543;25725;10;10;0.00289999991946388;7.073171E-05;0;0.0001;41;1;1;1;41;24543;0;0.0003;24543;25725;0
"UnityEngine.UI.dll!UnityEngine.EventSystems::PointerEventData.get_pointerPress()";0.0001;0;0.0001;24811;24640;24543;10;10;0.00279999992926605;6.829268E-05;0;0.0001;41;1;1;1;41;24543;0;0.0001;24640;24543;0
"UnityEngine.UI.dll!UnityEngine.EventSystems::EventSystem.get_sendNavigationEvents()";0.0001;0;0.0026;24813;24222;24649;6;6;0.192499994860555;9.629814E-05;0;0.0001;1999;1;1;1;1999;24216;0;0.0026;24222;24649;0
"mscorlib.dll!System.Text::ValueStringBuilder..ctor()";0.0001;0;0.0009999999;24817;24221;24358;10;35;0.0240999992311117;0.0001187192;0;0.0001;300;1;1;4;203;24220;0;0.0007;24221;24976;0
"UnityEngine.UI.dll!UnityEngine.EventSystems::BaseInputModule.IsModuleSupported()";0.0001;0;0.0289;24823;24224;25909;5;5;0.21289999448345;0.00010645;0;0.0001;2000;1;1;1;2000;24216;0;0.0289;24224;25909;0
"UnityEngine.UI.dll!UnityEngine.UI::Selectable.get_navigation()";0.0001;0;0.0034;24825;24652;25738;13;13;0.00659999995696126;0.0002275862;0;0.0001;29;1;1;1;29;24635;0;0.0034;24652;25738;0
"UnityEngine.UI.dll!UnityEngine.UI::SpriteState.get_pressedSprite()";0.0001;0;0.0003;24825;24635;25517;15;15;0.00249999991501682;8.620689E-05;0;0.0001;29;1;1;1;29;24635;0;0.0003;24635;25517;0
"Assembly-CSharp.dll!::Enemy.GetScorePoint()";0.0001;0;0.0005;24834;24247;24358;12;15;0.00199999991309596;0.0001052632;0;0.0001;20;1;1;2;19;24220;0;0.0003;24247;24220;0
"UnityEngine.UI.dll!UnityEngine.UI.CoroutineTween::ColorTween.set_ignoreTimeScale()";0.0001;0;0.0014;24843;24625;24220;16;27;0.0107999996471335;0.0001125;0;0.0001;104;1;1;4;96;24220;0;0.0006;24625;25702;0
"UnityEngine.UI.dll!UnityEngine.UI::ColorBlock.get_pressedColor()";0.0001;0;0.0004;24843;24677;26010;15;15;0.00309999989985954;0.0001068966;0.0001;0.0001;29;1;1;1;29;24635;0;0.0004;24677;26010;0
"UnityEngine.UI.dll!UnityEngine.UI::Selectable.get_isPointerDown()";0.0001;0;0.0006;24848;24658;26010;5;24;0.00759999975707615;9.87013E-05;0.0001;0.0001;86;1;1;3;77;24539;0;0.0003;24635;24539;0
"UnityEngine.UI.dll!::<Start>d__2..ctor()";0.0001;0;0.0009999999;24851;24640;24220;20;28;0.00849999969068449;0.0001089744;0;0.0001;82;1;1;3;78;24220;0;0.0004;24640;24220;0
"UnityEngine.UI.dll!UnityEngine.EventSystems::PointerEventData.get_clickCount()";0.0001;0;0.0005;24851;24652;25702;9;9;0.00299999996059341;0.000125;0.0001;0.0001;24;1;1;1;24;24643;0;0.0005;24652;25702;0
"UnityEngine.UI.dll!UnityEngine.EventSystems::PointerEventData.get_pointerId()";0.0001;0;0.0004;24851;24602;26010;9;10;0.00799999976879917;9.756097E-05;0.0001;0.0001;82;1;1;1;82;24539;0;0.0004;24602;26010;0
"UnityEngine.UI.dll!UnityEngine.EventSystems::PointerEventData.set_lastPress()";0.0001;0;0.0009;24851;24652;25702;10;11;0.00729999982286245;0.0001258621;0.0001;0.0001;58;1;1;1;58;24635;0;0.0009;24652;25702;0
"UnityEngine.UI.dll!::<Start>d__2.System.Collections.IEnumerator.get_Current()";0.0001;0;0.0065;24857;24626;25743;4;26;0.0375999993193545;0.0001167702;0.0001;0.0001;323;1;1;2;322;24626;0;0.0065;24626;25743;0
"UnityEngine.UI.dll!UnityEngine.EventSystems::PointerEventData.get_reentered()";0.0001;0;0.0003;24859;24620;25976;10;10;0.00249999992956873;0.0001086956;0.0001;0.0001;36;2;1;3;23;24565;0;0.0001;24565;24565;0
"System.Core.dll!::Enumerator.Dispose()";0.0001;0;0.0151;24860;24221;24719;7;15;0.217599994546617;0.0001088;0;0.0001;2003;1;1;4;2000;24216;0;0.0151;24221;24719;0.0001
"Assembly-CSharp.dll!::<AttackLoop>d__4..ctor()";0.0001;0;0.0005;24861;24324;25152;12;17;0.00429999990592478;0.0001264706;0.0001;0.0001;36;1;1;2;34;24220;0;0.0005;24324;25152;0
"UnityEngine.CoreModule.dll!UnityEngine.Rendering::SupportedRenderingFeatures.get_rendersUIOverlay()";0.0001;0;0.0069;24863;24216;25526;4;4;0.196399995271349;9.82E-05;0;0.0001;2000;1;1;1;2000;24216;0;0.0069;24216;25526;0
"PostLateUpdate.ResetInputAxis";0.0001;0;0.0014;24870;24216;25844;2;2;0.198599994873803;9.93E-05;0;0.0001;2000;1;1;1;2000;24216;0;0.0014;24216;25844;0.0001
"Assembly-CSharp.dll!::PooledObject.get_IsInPool()";0.0001;0;0.0012;24876;24225;24220;8;17;0.0336999989522155;0.0001090615;0;0.0001;428;1;1;5;309;24218;0;0.0005;24222;25493;0
"UnityEngine.UI.dll!UnityEngine.EventSystems::ExecuteEvents.get_deselectHandler()";0.0001;0;0.0002;24876;24635;25770;11;14;0.000899999977264088;0.0001;0.0001;0.0001;9;1;1;1;9;24635;0;0.0002;24635;25770;0
"UnityEngine.UI.dll!UnityEngine.EventSystems::PointerEventData.set_pointerClick()";0.0001;0;0.0019;24876;24543;24816;9;10;0.0107999997635488;0.0001317073;0.0001;0.0001;82;1;1;1;82;24539;0;0.0019;24543;24816;0
"UnityEngine.UI.dll!UnityEngine.EventSystems::PointerEventData.set_pressPosition()";0.0001;0;0.0003;24876;24635;24539;9;11;0.00439999984519091;0.0001047619;0;0.0001;44;1;1;3;42;24539;0;0.0003;24635;24539;0
"UnityEngine.UI.dll!UnityEngine.EventSystems::PointerEventData.set_useDragThreshold()";0.0001;0;0.0003;24876;24635;24661;9;11;0.00369999988470227;8.809524E-05;0;0.0001;44;1;1;3;42;24539;0;0.0003;24635;24661;0
"Assembly-CSharp.dll!::<AttackThenSearch>d__14.System.Collections.IEnumerator.get_Current()";0.0001;0;0.0009;24877;24251;25152;9;14;0.0126999996718951;0.0001104348;0.0001;0.0001;125;1;1;2;115;24220;0;0.0006;24251;25041;0
"Unity.TextMeshPro.dll!TMPro::TMP_Text.get_color()";0.0001;0;0.0009999999;24892;24248;24358;15;20;0.0204999994020909;0.0001184971;0;0.0001;201;1;1;3;173;24220;0;0.0005;24221;25336;0
"Assembly-CSharp.dll!::<AggregateDamagePopupRoutine>d__32.System.Collections.IEnumerator.get_Current()";0.0001;0;0.0005;24893;24805;24237;12;17;0.00419999985024333;0.00014;0.0001;0.0002;32;1;1;2;30;24221;0;0.0003;24805;24237;0
"Assembly-CSharp.dll!::EnemyData.get_CanSplit()";0.0001;0;0.0007;24894;25582;24358;11;14;0.00309999995079124;0.0001631579;0.0001;0.0001;20;1;1;2;19;24220;0;0.0005;25582;25703;0
"UnityEngine.UI.dll!UnityEngine.UI::Selectable.set_isPointerDown()";0.0001;0;0.0017;24894;24251;24220;10;24;0.0118999995756894;0.0001293478;0.0001;0.0001;110;1;1;12;92;24220;0;0.0006;24251;24220;0
"Assembly-CSharp.dll!::<MoveToPath>d__9..ctor()";0.0001;0;0.0004;24900;25140;25376;6;6;0.000999999967461918;0.0001428571;0;0.0001;7;1;1;1;7;24426;0;0.0004;25140;25376;0
"Assembly-CSharp.dll!::<ChainRoutine>d__30.System.Collections.IEnumerator.get_Current()";0.0001;0;0.0003;24901;24296;25380;4;20;0.00419999987934716;8.75E-05;0;0.0001;48;1;1;1;48;24225;0;0.0003;24296;25380;0
"Assembly-CSharp.dll!::GridHoverOverlay.GetModeColor()";0.0001;0;0.0023;24910;24216;24504;5;5;0.140299996368412;0.0001019622;0;0.0001;1376;1;1;1;1376;24216;0;0.0023;24216;24504;0.0001
"UnityEngine.CoreModule.dll!UnityEngine::Rect.get_yMax()";0.0001;0;0.0031;24918;24218;24928;6;26;0.207099994076998;0.0001054481;0;0.0001;2182;1;1;9;1964;24216;0;0.0031;24218;24928;0
"Assembly-CSharp.dll!::<AnimateHop>d__33.System.Collections.IEnumerator.get_Current()";0.0001;0;0.0094;24920;24218;25504;4;20;0.0710999979855842;0.0001333959;0.0001;0.0001;663;1;1;2;533;24216;0;0.0094;24218;25504;0
"Assembly-CSharp.dll!::DamagePopupSpawner.EnsurePoolRegistered()";0.0001;0;0.0014;24923;24226;24979;9;14;0.0209999994040118;0.0001213873;0;0.0001;199;1;1;3;173;24220;0;0.0014;24226;24979;0
"UnityEngine.UI.dll!UnityEngine.EventSystems::PointerEventData.set_clickCount()";0.0001;0;0.0005;24923;24602;24539;9;11;0.00509999978385167;0.0001214286;0;0.0001;61;1;1;3;42;24539;0;0.0003;24602;24539;0
"UnityEngine.UI.dll!UnityEngine.EventSystems::PointerEventData.set_pointerDrag()";0.0001;0;0.0004;24923;24543;24661;9;10;0.00889999975333922;0.0001085366;0.0001;0.0001;82;1;1;1;82;24539;0;0.0004;24543;24661;0
"UnityEngine.CoreModule.dll!UnityEngine::Rect.set_x()";0.0001;0;0.0037;24931;24218;25706;8;9;0.189099995353899;0.0001049972;0.0001;0.0001;1907;1;1;3;1801;24216;0;0.0037;24218;25706;0.0001
"UnityEngine.CoreModule.dll!UnityEngine::Mesh.CheckIndicesArrayRange()";0.0001;0;0.007;24934;24217;24283;17;19;0.147899996503838;0.0001282741;0.0001;0.0001;1500;1;1;12;1153;24216;0;0.007;24217;24283;0
"System.Core.dll!::Enumerator.MoveNext()";0.0001;0;0.0016;24936;24216;25152;7;15;0.207399994731531;0.0001037;0;0.0001;2003;1;1;4;2000;24216;0;0.0016;24216;25152;0.0001
"UnityEngine.CoreModule.dll!UnityEngine.Rendering::SupportedRenderingFeatures.get_enlighten()";0.0001;0;0.0042;24938;24217;24310;4;4;0.207999994934653;0.000104;0;0.0001;2000;1;1;1;2000;24216;0;0.0042;24217;24310;0
"UnityEngine.CoreModule.dll!UnityEngine::Vector4.Dot()";0.0001;0;0.0012;24941;24216;24816;17;17;0.128699996552314;0.0001116219;0.0001;0.0001;1480;1;1;6;1153;24216;0;0.0012;24216;24816;0
"UnityEngine.CoreModule.dll!UnityEngine::Rect.get_xMax()";0.0001;0;0.002;24948;24216;24923;6;26;0.207799994277593;0.0001058045;0;0.0001;2182;1;1;9;1964;24216;0;0.0019;24216;24923;0
"mscorlib.dll!System.Collections.Generic::Queue`1.get_Count()";0.0001;0;0.0069;24970;24224;25821;5;20;0.253099991838099;0.00012655;0;0.0001;2750;1;1;19;2000;24216;0;0.0069;24221;25821;0
"mscorlib.dll!System::AppDomain.IsAppXModel()";0.0001;0;0.0018;24979;24226;25904;11;35;0.0292999985103961;0.0001436274;0;0.0002;390;1;1;26;204;24220;0;0.0004;24221;24220;0
"Assembly-CSharp.dll!::<HitScalePunch>d__35.System.Collections.IEnumerator.get_Current()";0.0001;0;0.0012;24983;24221;24832;4;22;0.0671999983751448;0.0001284895;0.0001;0.0001;659;1;1;4;523;24216;0;0.0012;24221;24832;0
"Assembly-CSharp.dll!::ObjectDetector.ResolveBuildModeState()";0.0001;0;0.0022;24987;24218;25388;5;5;0.153099996387027;0.0001098278;0;0.0001;1394;1;1;1;1394;24216;0;0.0022;24218;25388;0.0001
"Assembly-CSharp.dll!::<AttackLoop>d__0..ctor()";0.0001;0;0.0006;24999;24245;25152;12;17;0.00749999976687832;0.0001013513;0;0.0001;75;1;1;2;74;24245;0;0.0006;24245;25152;0
"UnityEngine.CoreModule.dll!UnityEngine::Vector3Int.op_Equality()";0.0001;0;0.031;25022;24216;24986;6;6;0.18699999601813;0.0001363968;0.0001;0.0001;1371;1;1;1;1371;24216;0;0.031;24216;24986;0.0001
"UnityEngine.CoreModule.dll!UnityEngine.Rendering::SupportedRenderingFeatures.get_lightmapBakeTypes()";0.0001;0;0.0044;25025;24216;25198;4;4;0.223699994850904;0.00011185;0.0001;0.0001;2000;1;1;1;2000;24216;0;0.0044;24216;25198;0.0001
"Assembly-CSharp.dll!::PooledObject.set_IsInPool()";0.0001;0;0.0085;25036;24223;24310;8;20;0.0748999969873694;0.0001610753;0;0.0002;802;1;1;13;465;24218;0;0.0085;24223;24310;0
"Assembly-CSharp.dll!::<AggregateDamagePopupRoutine>d__32..ctor()";0.0001;0;0.0005;25041;24892;24237;10;15;0.00409999986732146;0.0001366667;0.0001;0.0002;32;1;1;2;30;24221;0;0.0003;24892;24237;0
"UnityEngine.IMGUIModule.dll!UnityEngine::GUILayoutGroup.get_marginRight()";0.0001;0;0.0306;25041;24216;24515;8;9;0.231799995235633;0.0001287063;0.0001;0.0001;1907;1;1;3;1801;24216;0;0.0306;24216;24515;0.0001
"Assembly-CSharp.dll!::GridHoverOverlay.ResolveBuildModeState()";0.0001;0;0.0138;25072;24221;25282;5;5;0.197199995673145;0.0001414634;0.0001;0.0001;1394;1;1;1;1394;24216;0;0.0138;24221;25282;0
"UnityEngine.InputLegacyModule.dll!UnityEngine::Input.get_simulateTouchEnabled()";0.0001;0;0.0126;25076;24219;25421;8;8;0.275899994237989;0.000138019;0;0.0001;1999;1;1;1;1999;24216;0;0.0126;24219;25421;0
"Physics2D.RestoreBodyMoveStates";0.0001;0;0.0043;25077;24228;25101;5;5;0.196299995361187;0.0001300861;0.0001;0.0001;1533;1;1;2;1509;24216;0;0.0043;24221;25101;0
"Physics2D.ClearContinuousIslandFlags";0.0001;0;0.0018;25089;24217;24976;6;6;0.208499995016609;0.000138171;0;0.0002;1533;1;1;2;1509;24216;0;0.0018;24217;24976;0
"mscorlib.dll!System::Object.virt_stelemref_object()";0.0001;0;0.01359999;25090;24218;25904;7;53;0.232199979946017;0.0001288568;0.0001;0.0001;2084;1;1;168;1802;24216;0;0.0027;24218;24709;0.0001
"Assembly-CSharp.dll!::BuildModeController.get_HasActiveMode()";0.0001;0;0.0065;25091;24219;24661;5;5;0.196499996265629;0.0001380885;0.0001;0.0001;1431;1;1;2;1423;24216;0;0.0065;24219;24661;0
"Assembly-CSharp.dll!::<ChainRoutine>d__30..ctor()";0.0001;0;0.0003;25098;24296;25662;13;18;0.00179999994725222;8.571428E-05;0;0.0001;21;1;1;1;21;24296;0;0.0003;24296;25662;0
"EarlyUpdate.PresentBeforeUpdate";0.0001;0;0.0119;25126;24218;25008;2;2;0.279199993899965;0.0001396;0.0001;0.0001;2000;1;1;1;2000;24216;0;0.0119;24218;25008;0.0001
"Assembly-CSharp.dll!::BuildModeController.get_CurrentMode()";0.0001;0;0.0072;25150;24218;24283;5;5;0.203399995916698;0.000145911;0.0001;0.0001;1394;1;1;1;1394;24216;0;0.0072;24218;24283;0.0001
"UnityEngine.CoreModule.dll!UnityEngine::Color.op_Multiply()";0.0001;0;0.0012;25153;24625;24220;12;24;0.0103999996499624;0.0001223529;0;0.0001;93;1;1;3;85;24220;0;0.0004;24625;24220;0
"UnityEngine.UI.dll!UnityEngine.UI::SpriteState.get_disabledSprite()";0.0001;0;0.0009;25153;24625;24220;18;23;0.00179999995452818;0.0001636364;0;0.0001;13;1;1;3;11;24220;0;0.0003;24625;24220;0
"Assembly-CSharp.dll!::<AttackLoop>d__4.System.Collections.IEnumerator.get_Current()";0.0001;0;0.0019;25155;24217;24551;4;14;0.154499995653168;0.0001410959;0.0001;0.0002;1960;2;1;3;1095;24216;0;0.0019;24217;24551;0
"UnityEngine.UI.dll!UnityEngine.UI::CanvasScaler.SetReferencePixelsPerUnit()";0.0001;0;0.0019;25157;24242;25274;9;13;0.237199994706316;0.0001186;0.0001;0.0001;2002;1;1;3;2000;24216;0;0.0019;24242;25274;0.0001
"UnityEngine.CoreModule.dll!UnityEngine::DrivenRectTransformTracker.Add()";0.0001;0;0.0025;25158;24216;25184;12;22;0.169799994786445;0.000147013;0.0001;0.0002;2152;2;1;7;1155;24216;0;0.0023;24216;25184;0
"UnityEngine.Physics2DModule.dll!UnityEngine::Physics2D.get_defaultPhysicsScene()";0.0001;0;0.0025;25160;24216;25288;6;18;0.160099995504424;0.0001424377;0.0001;0.0002;2044;2;1;4;1124;24216;0;0.0023;24216;25288;0
"mscorlib.dll!System.Globalization::CultureInfo.ConstructCurrentCulture()";0.0001;0;0.0018;25169;24227;25904;13;37;0.0328999983757967;0.0001612745;0.0001;0.0002;390;1;1;26;204;24220;0;0.0005;24221;24700;0
"mscorlib.dll!System::Number.FindSection()";0.0001;0;0.0013;25169;24296;24358;12;25;0.0270999993372243;0.0001334975;0.0001;0.0001;233;1;1;3;203;24220;0;0.0006;24221;25198;0
"Assembly-CSharp.dll!::TowerWeapon.get_SpawnPoint()";0.0001;0;0.0022;25182;24218;24365;6;17;0.161899994884152;0.0001444246;0.0001;0.0002;2046;2;1;5;1121;24216;0;0.0022;24218;24365;0
"Assembly-CSharp.dll!::EnemyHp.get_HasActiveShield()";0.0001;0;0.0007;25184;24655;24220;10;15;0.00179999994725222;0.0001636364;0;0.0002;13;1;1;3;11;24220;0;0.0004;24655;24625;0
"UnityEngine.CoreModule.dll!UnityEngine::Vector3.get_magnitude()";0.0001;0;0.0039;25194;24217;25086;5;10;0.0670999984795344;0.0001491111;0.0001;0.0001;503;1;1;4;450;24216;0;0.0039;24217;25086;0
"UnityEngine.CoreModule.dll!UnityEngine::LayerMask.op_Implicit()";0.0001;0;0.0071;25217;24219;24309;7;19;0.174499995184306;0.0001552491;0.0001;0.0002;2093;2;1;5;1124;24216;0;0.0069;24219;24309;0
"mscorlib.dll!System.Collections.Generic::Queue`1.MoveNext()";0.0001;0;0.003399999;25224;24221;24220;9;21;0.0724999970916542;0.000155914;0;0.0002;802;1;1;13;465;24218;0;0.0007;24221;24976;0
"UnityEngine.CoreModule.dll!UnityEngine::Vector2.get_one()";0.0001;0;0.0079;25235;24216;24267;12;22;0.184499994094949;0.0001598787;0.0001;0.0002;2148;2;1;7;1154;24216;0;0.007;24216;24267;0
"UnityEngine.CoreModule.dll!UnityEngine.Bindings::BindingsAllocator.GetNativeOwnedDataPointer()";0.0001;0;0.0025;25241;24219;25054;10;20;0.165399994926702;0.0001510502;0.0001;0.0002;1960;2;1;3;1095;24216;0;0.0025;24219;25054;0
"UnityEngine.Physics2DModule.dll!UnityEngine.LowLevelPhysics2D::PhysicsEvents.InvokePostSimulate()";0.0001;0;0.0008;25255;24223;25127;6;6;0.20899999512767;0.0001248507;0.0001;0.0001;1698;1;1;2;1674;24216;0;0.0008;24221;25127;0
"UnityEngine.ParticleSystemModule.dll!::ColorOverLifetimeModule..ctor()";0.0001;0;0.0004;25273;25169;24976;13;14;0.00629999981902074;0.0001211538;0.0001;0.0001;54;1;1;2;52;24287;0;0.0004;25169;24976;0
"UnityEngine.UI.dll!UnityEngine.UI::Slider.get_reverseValue()";0.0001;0;0.0031;25277;24217;24917;12;22;0.182499994509271;0.0001581456;0.0001;0.0002;2148;2;1;7;1154;24216;0;0.003;24217;24917;0
"UnityEngine.CoreModule.dll!UnityEngine::Ray.get_direction()";0.0001;0;0.0074;25278;24219;25721;5;11;0.291999991699413;0.0001486762;0.0001;0.0002;3226;1;1;4;1964;24216;0;0.0064;24219;25721;0
"mscorlib.dll!System.Collections.Generic::Comparer`1.get_Default()";0.0001;0.0001;0.0004;25308;25308;25904;27;39;0.000499999987368938;0.00025;0.0001;0.0001;3;1;1;2;2;25308;0.0001;0.0003;25308;25904;0
"mscorlib.dll!System::Type.IsIntegerType()";0.0001;0.0001;0.0001;25308;25308;25308;24;24;9.99999974737875E-05;0.0001;0.0001;0.0001;1;1;1;1;1;25308;0.0001;0.0001;25308;25308;0
"mscorlib.dll!System::UInt64.CompareTo()";0.0001;0.0001;0.0001;25308;25308;25308;29;29;9.99999974737875E-05;0.0001;0.0001;0.0001;4;4;4;4;1;25308;0;0.0001;25308;25308;0
"UnityEngine.CoreModule.dll!UnityEngine::MipmapLimitDescriptor.get_useMipmapLimit()";0.0001;0.0001;0.0001;25308;25308;25308;18;18;9.99999974737875E-05;0.0001;0.0001;0.0001;1;1;1;1;1;25308;0.0001;0.0001;25308;25308;0
"UnityEngine.CoreModule.dll!UnityEngine::Texture..ctor()";0.0001;0.0001;0.0001;25308;25308;25308;18;18;9.99999974737875E-05;0.0001;0.0001;0.0001;1;1;1;1;1;25308;0.0001;0.0001;25308;25308;0
"UnityEngine.CoreModule.dll!UnityEngine::Texture.GetTextureColorSpace()";0.0001;0.0001;0.0001;25308;25308;25308;18;18;9.99999974737875E-05;0.0001;0.0001;0.0001;1;1;1;1;1;25308;0.0001;0.0001;25308;25308;0
"UnityEngine.Physics2DModule.dll!UnityEngine::ContactFilter2D.SetLayerMask()";0.0001;0;0.0149;25320;24216;25184;8;19;0.192599993759359;0.0001713523;0.0001;0.0002;2044;2;1;4;1124;24216;0;0.0149;24216;25184;0
"mscorlib.dll!System.Text::ValueStringBuilder.Dispose()";0.0001;0;0.0009999999;25343;24238;24358;11;36;0.0309999990931829;0.0001527094;0.0001;0.0002;300;1;1;4;203;24220;0;0.0006;24221;25198;0
"UnityEngine.ParticleSystemModule.dll!::ShapeModule..ctor()";0.0001;0;0.0005;25349;24381;25812;13;14;0.00629999985540053;0.0001211538;0.0001;0.0001;54;1;1;2;52;24287;0;0.0005;24381;25812;0
"UnityEngine.ParticleSystemModule.dll!::EmissionModule..ctor()";0.0001;0;0.0005;25353;25417;24976;13;14;0.00689999984024325;0.0001326923;0.0001;0.0001;54;1;1;2;52;24287;0;0.0005;25417;24976;0
"Assembly-CSharp.dll!::TowerWeapon.GetLaserLine()";0.0001;0;0.002;25358;24259;26017;7;18;0.0144999992553494;0.0002416667;0.0001;0.0002;135;2;1;26;60;24220;0;0.0006;24256;24385;0
"Assembly-CSharp.dll!::PooledObject.get_Runtime()";0.0001;0;0.0016;25367;24225;24283;8;17;0.0482999986270443;0.0001563107;0.0001;0.0002;427;1;1;5;309;24218;0;0.0006;24225;25930;0
"Assembly-CSharp.dll!::<AttackLoop>d__3.System.Collections.IEnumerator.get_Current()";0.0001;0;0.0016;25380;24277;24289;4;14;0.10229999688454;0.0001318299;0;0.0002;1194;1;1;5;776;24216;0;0.0013;24216;24244;0
"UnityEngine.CoreModule.dll!UnityEngine::Camera.FireOnPreRender()";0.0001;0;0.0033;25387;24218;25994;4;4;0.295999993104488;0.000148;0.0001;0.0001;2000;1;1;1;2000;24216;0;0.0033;24218;25994;0.0001
"UnityEngine.UI.dll!UnityEngine.UI::Slider.get_axis()";0.0001;0;0.002;25404;24217;24220;12;22;0.180399994213076;0.0001563258;0.0001;0.0002;2148;2;1;7;1154;24216;0;0.0006;24217;25118;0
"UnityEngine.CoreModule.dll!UnityEngine::Vector2.get_magnitude()";0.0001;0;0.0015;25405;24225;25152;8;24;0.0144999995973194;0.0001666667;0.0001;0.0002;152;1;1;4;87;24220;0;0.0006;24225;25152;0
"UnityEngine.CoreModule.dll!UnityEngine::Vector2.set_Item()";0.0001;0;0.0069;25409;24218;24976;12;22;0.199699993856484;0.0001729004;0.0001;0.0002;2160;2;1;12;1155;24216;0;0.0069;24218;24976;0
"mscorlib.dll!System::Buffer.memcpy4()";0.0001;0;0.02659997;25417;24248;25904;12;45;0.0959999634796986;0.0003720929;0.0001;0.0003;971;1;1;321;258;24220;0;0.002;24221;25514;0
"UnityEngine.UI.dll!UnityEngine.UI::ClipperRegistry.get_instance()";0.0001;0;0.0069;25420;24216;24333;10;10;0.303599994091201;0.0001518;0.0001;0.0002;2000;1;1;1;2000;24216;0;0.0069;24216;24333;0.0001
"PreUpdate.CheckTexFieldInput";0.0001;0;0.0066;25432;24222;25714;2;2;0.37359999189357;0.0001868;0;0.0002;2000;1;1;1;2000;24216;0;0.0066;24222;25714;0
"Sprite.GetSpriteTileVertexAndIndexCount";0.0001;0;0.0287;25449;24248;25424;4;4;0.26319999313273;0.0001928205;0.0001;0.0002;2442;1;1;7;1365;24216;0;0.0286;24216;25424;0.0005
"UnityEngine.CoreModule.dll!UnityEngine::Mathf.NextPowerOfTwo()";0.0001;0.0001;0.0005;25452;24834;26017;14;24;0.000999999945634045;0.00025;0.0001;0.0003;14;1;1;7;4;24834;0;0.0001;25904;24834;0
"UnityEngine.UI.dll!UnityEngine.EventSystems::PointerEventData.get_lastPress()";0.0001;0;0.0004;25452;24602;24661;9;9;0.00539999984175665;0.0001317073;0.0001;0.0001;41;1;1;1;41;24539;0;0.0004;24602;24661;0
"UnityEngine.UI.dll!UnityEngine.EventSystems::PointerEventData.set_dragging()";0.0001;0;0.0005;25452;24658;24661;9;11;0.00989999983721646;0.0001192771;0.0001;0.0001;85;1;1;3;83;24539;0;0.0005;24658;24661;0
"UnityEngine.UI.dll!UnityEngine.UI::ColorBlock.get_highlightedColor()";0.0001;0;0.0005;25477;24626;24778;15;15;0.000700000018696301;0.00014;0;0.0001;5;1;1;1;5;24626;0;0.0005;24626;24778;0
"UnityEngine.UI.dll!UnityEngine.UI::Selectable.get_isPointerInside()";0.0001;0;0.0003;25477;24755;24539;11;24;0.00169999994250247;0.0001214286;0.0001;0.0001;16;1;1;3;14;24539;0;0.0003;24755;24539;0
"UnityEngine.UI.dll!UnityEngine.EventSystems::PointerEventData.set_rawPointerPress()";0.0001;0;0.0008;25483;24658;25702;9;10;0.0109999997730483;0.0001341463;0.0001;0.0001;82;1;1;1;82;24539;0;0.0008;24658;25702;0
"UnityEngine.UI.dll!UnityEngine.UI.CoroutineTween::ColorTween.ValidTarget()";0.0001;0;0.0027;25485;24381;24220;7;33;0.0463999985659029;0.0001296089;0.0001;0.0001;451;1;1;7;358;24220;0;0.0007;24381;25743;0
"PostLateUpdate.BatchModeUpdate";0.0001;0;0.0036;25487;24223;24680;2;2;0.310299993332592;0.00015515;0.0001;0.0002;2000;1;1;1;2000;24216;0;0.0036;24223;24680;0.0001
"UnityEngine.UI.dll!UnityEngine.UI::SetPropertyUtility.SetColor()";0.0001;0;0.0023;25531;24602;24220;8;19;0.0129999994169339;0.0002;0.0001;0.0002;112;1;1;8;65;24220;0;0.0005;24290;24220;0
"UnityEngine.UI.dll!UnityEngine.EventSystems::PointerEventData.get_button()";0.0001;0;0.0003;25534;24652;24640;13;13;0.00779999975929968;0.0001344828;0.0001;0.0002;87;1;1;2;58;24635;0;0.0003;24652;24661;0
"mscorlib.dll!::Reader..ctor()";0.0001;0;0.0017;25539;24240;24918;6;6;0.324899993829604;0.00016245;0.0001;0.0002;2000;1;1;1;2000;24216;0;0.0017;24240;24918;0.0001
"mscorlib.dll!System::Char.IsSeparatorLatin1()";0.0001;0;0.0009999999;25539;24665;24539;17;17;0.00509999983478338;0.00017;0.0001;0.0002;62;2;1;5;30;24539;0;0.0004;24640;24539;0
"UnityEngine.IMGUIModule.dll!UnityEngine::GUILayoutGroup.get_marginLeft()";0.0001;0;0.0028;25540;24220;25292;7;9;0.288299991188978;0.0001600777;0.0001;0.0002;3814;2;2;6;1801;24216;0;0.0028;24216;25292;0.0001
"UnityEngine.UI.dll!UnityEngine.EventSystems::ExecuteEvents.get_pointerExitHandler()";0.0001;0;0.0003;25554;24626;24726;10;16;0.00179999994725222;0.0001058823;0.0001;0.0001;32;2;1;3;17;24575;0;0.0002;24578;24861;0
"UnityEngine.UI.dll!UnityEngine.EventSystems::PointerEventData.set_fullyExited()";0.0001;0;0.0003;25554;25555;24861;10;16;0.00209999993967358;0.0001235294;0.0001;0.0002;32;2;1;3;17;24575;0;0.0001;24578;24575;0
"Assembly-CSharp.dll!::ScoreService.get_CurrentScore()";0.0001;0;0.0009999999;25556;24247;24358;13;17;0.00369999983377056;0.0001947368;0.0001;0.0002;44;2;2;6;19;24220;0;0.0003;24247;24220;0
"Assembly-CSharp.dll!::TowerWeapon.get_LineRenderer()";0.0001;0;0.0018;25557;24216;24393;6;16;0.204999994013633;0.0001872146;0.0001;0.0002;1960;2;1;3;1095;24216;0;0.0018;24216;24393;0
"mscorlib.dll!System::Number.ParseFormatSpecifier()";0.0001;0;0.0015;25558;24226;25522;11;36;0.0417999986893847;0.0002059113;0.0001;0.0003;300;1;1;4;203;24220;0;0.0014;24226;25522;0
"UnityEngine.CoreModule.dll!UnityEngine.Rendering::OnDemandRendering.get_renderFrameInterval()";0.0001;0;0.0016;25577;24240;25055;3;3;0.330599992703355;0.0001653;0.0001;0.0002;2000;1;1;1;2000;24216;0;0.0016;24240;25055;0.0002
"UnityEngine.UIModule.dll!UnityEngine::Canvas.get_scaleFactor_Injected()";0.0001;0;0.0029;25595;24259;25663;16;20;0.233699994256312;0.0001992327;0.0001;0.0002;1626;1;1;16;1173;24216;0;0.0024;24220;24923;0
"Physics.CalculateChangedBodyTransforms";0.0001;0;0.003;25615;24234;25581;5;5;0.328199993826274;0.0001960573;0.0001;0.0002;1698;1;1;2;1674;24216;0;0.003;24234;25581;0
"FrameEvents.XRPostPresent";0.0001;0;0.0168;25627;24224;25790;3;3;0.326799991926237;0.0001634;0.0001;0.0002;2000;1;1;1;2000;24216;0;0.0168;24224;25790;0.0001
"UnityEngine.IMGUIModule.dll!UnityEngine::GUISkin.get_font()";0.0001;0;0.0029;25645;24218;24562;9;10;0.314299991310691;0.0001745141;0.0001;0.0002;3814;2;2;6;1801;24216;0;0.0029;24218;25026;0.0002
"Assembly-CSharp.dll!::<Move>d__34..ctor()";0.0001;0;0.0009999999;25669;24715;24220;13;20;0.00329999983659945;0.0002357143;0.0001;0.0003;16;1;1;3;14;24220;0;0.0006;24715;24625;0
"Assembly-CSharp.dll!::<PlayGather>d__23..ctor()";0.0001;0;0.0002;25669;24625;25153;13;13;0.000299999992421363;0.0001;0;0.0001;3;1;1;1;3;24625;0;0.0002;24625;25153;0
"Assembly-CSharp.dll!::<PlaySummonGather>d__18.System.Collections.IEnumerator.get_Current()";0.0001;0.0001;0.0002;25669;24625;25153;10;10;0.00039999998989515;0.0001333333;0.0001;0.0001;3;1;1;1;3;24625;0.0001;0.0002;24625;25153;0
"Assembly-CSharp.dll!::EnemyCatalog.ClampTier()";0.0001;0.0001;0.0006;25669;24625;25215;8;13;0.00229999995644903;0.0002090909;0.0001;0.0002;11;1;1;1;11;24220;0.0001;0.0006;24625;25215;0
"Assembly-CSharp.dll!::EnemyCatalog.MakeKey()";0.0001;0;0.0003;25669;24655;24220;8;13;0.00159999994502869;0.0001454545;0.0001;0.0002;11;1;1;1;11;24220;0;0.0003;24655;24220;0
"Assembly-CSharp.dll!::EnemyData.get_HasShield()";0.0001;0;0.0009;25669;24715;24220;9;14;0.00229999993462116;0.0002090909;0.0001;0.0002;13;1;1;3;11;24220;0;0.0004;24715;24220;0
"Assembly-CSharp.dll!::EnemyHp.SetUp()";0.0001;0;0.0012;25669;25184;24220;9;14;0.0027999998856103;0.0002545454;0.0001;0.0003;13;1;1;3;11;24220;0;0.0005;25184;24220;0
"Assembly-CSharp.dll!::<PlaySummonGather>d__18.MoveNext()";0.0001;0.0001;0.0077;25670;24626;25153;5;11;0.0169999997960986;0.002833333;0.0001;0.0032;6;1;1;1;6;24625;0.0001;0.0077;24626;25153;0
"Assembly-CSharp.dll!::ChainLightning.get_IsBusy()";0.0001;0;0.0006;25676;24705;25662;11;17;0.0029999998951098;0.0001428571;0;0.0002;42;2;2;2;21;24296;0;0.0003;24391;25662;0
"Assembly-CSharp.dll!::PooledObject.get_Owner()";0.0001;0;0.0022;25688;24229;24358;8;17;0.0731999970957986;0.0002368932;0.0001;0.0003;792;2;1;12;309;24218;0;0.0006;24218;25930;0
"Physics2D.JointBreakLimits";0.0001;0;0.0013;25688;24217;24398;4;4;0.297899992780003;0.0001974155;0.0001;0.0003;1533;1;1;2;1509;24216;0;0.0013;24217;24398;0
"Assembly-CSharp.dll!::Enemy.SetUp()";0.0001;0.0001;0.0014;25699;24625;24220;9;14;0.00319999993371312;0.0002909091;0.0001;0.0002;13;1;1;3;11;24220;0.0001;0.0006;24625;24220;0
"Assembly-CSharp.dll!::WaveSystem.get_IsRunEnded()";0.0001;0;0.0011;25699;24381;24220;8;16;0.00609999980952125;0.0002033333;0.0001;0.0002;36;1;1;4;30;24216;0;0.0006;24381;25215;0
"mscorlib.dll!System::Int64.Equals()";0.0001;0;0.0009999999;25699;24625;24220;11;16;0.00219999989349162;0.0002;0;0.0002;13;1;1;3;11;24220;0;0.0004;24625;24220;0
"UnityEngine.CoreModule.dll!UnityEngine::BoundsInt..ctor()";0.0001;0;0.0014;25699;24625;24220;10;19;0.00559999979304848;0.0002666667;0.0001;0.0003;46;2;2;6;21;24220;0;0.0004;24221;24662;0
"UnityEngine.UI.dll!UnityEngine.UI.CoroutineTween::ColorTween.get_duration()";0.0001;0;0.0011;25700;24629;24220;6;32;0.0481999986295705;0.000141349;0.0001;0.0002;670;2;1;4;341;24220;0;0.0005;24626;24220;0
"UnityEngine.CoreModule.dll!UnityEngine::Camera.FireOnPreCull()";0.0001;0;0.0021;25710;24220;24611;5;5;0.33269999242475;0.00016635;0.0001;0.0002;2000;1;1;1;2000;24216;0;0.0021;24220;24611;0.0005
"UnityEngine.IMGUIModule.dll!UnityEngine::GUIUtility.set_guiIsExiting()";0.0001;0;0.0232;25728;24217;24976;6;7;0.317999990867975;0.0001765686;0.0001;0.0002;3814;2;2;6;1801;24216;0;0.0228;24216;24976;0.0001
"SortingGroupManager.Update";0.0001;0;0.0037;25730;24253;25911;3;3;0.344099991751136;0.00017205;0.0001;0.0002;2000;1;1;1;2000;24216;0;0.0037;24253;25911;0.0004
"UnityEngine.UI.dll!UnityEngine.EventSystems::PointerEventData.set_clickTime()";0.0001;0;0.0009;25747;24602;25702;9;11;0.00659999979689019;0.0001571429;0.0001;0.0002;76;2;1;3;42;24539;0;0.0005;24602;25702;0
"mscorlib.dll!System::RuntimeTypeHandle.get_Value()";0.0001;0;0.1354013;25760;24895;25904;11;58;0.175001277726551;0.0009162371;0.0001;0.0003;2434;1;1;2184;191;24220;0;0.0017;24238;25451;0
"UnityEngine.UI.dll!UnityEngine.EventSystems::AbstractEventData.get_used()";0.0001;0;0.0022;25762;24642;24689;7;7;0.068799998225586;0.0001750636;0.0001;0.0002;777;2;1;2;393;24635;0;0.0021;24636;24689;0
"UnityEngine.UIElementsModule.dll!UnityEngine.UIElements.Layout::LayoutManager.get_IsSharedManagerCreated()";0.0001;0;0.0015;25764;24231;25024;5;5;0.348999991037999;0.0001745;0.0001;0.0002;2000;1;1;1;2000;24216;0;0.0015;24231;25024;0.0001
"PostLateUpdate.XRPreEndFrame";0.0001;0;0.0016;25788;24219;24554;2;2;0.342699991393602;0.00017135;0.0001;0.0002;2000;1;1;1;2000;24216;0;0.0016;24219;24554;0.0001
"ScheduleCullingGroups";0.0001;0;0.0021;25797;24244;24551;5;5;0.353899991539947;0.00017695;0.0001;0.0002;2000;1;1;1;2000;24216;0;0.0021;24244;24551;0.0006
"UnityEngine.CoreModule.dll!UnityEngine::Object..ctor()";0.0001;0;0.0007;25804;24381;24976;11;23;0.00899999974353705;0.0001666667;0.0001;0.0002;119;2;2;6;54;24287;0;0.0004;24287;24976;0
"ParticleSystem.GeometryJob";0.0001;0;0.0035;25807;24250;25873;5;5;0.207899995024491;0.0002141092;0.0001;0.0002;1036;1;1;2;971;24216;0;0.0035;24226;25873;0.0003
"UnityEngine.CoreModule.dll!UnityEngine::Vector2.op_Multiply()";0.0001;0;0.0012;25841;24922;25152;10;20;0.00839999972231453;0.00021;0.0001;0.0002;104;3;1;3;40;24220;0;0.0004;24247;25152;0
"UnityEngine.CoreModule.dll!UnityEngine::Camera.FireOnPostRender()";0.0001;0;0.0026;25862;24218;24828;5;5;0.342799992213259;0.0001714;0.0001;0.0002;2000;1;1;1;2000;24216;0;0.0026;24218;24828;0.0002
"Assembly-CSharp.dll!::<Move>d__34.System.Collections.IEnumerator.get_Current()";0.0001;0;0.003;25878;24269;24236;4;19;0.366099985913024;0.0002168839;0.0001;0.0003;4601;2;1;9;1688;24216;0;0.0018;24216;24841;0
"System.Core.dll!::Enumerator..ctor()";0.0001;0;0.0067;25899;24462;25772;8;16;0.409399989999656;0.0002047;0.0001;0.0002;2003;1;1;4;2000;24216;0;0.0067;24462;25772;0.0001
"Assembly-CSharp.dll!::EnemySpawner.StopSpawnRoutines()";0.0001;0.0001;0.0001;25904;25904;25904;17;17;9.99999974737875E-05;0.0001;0.0001;0.0001;1;1;1;1;1;25904;0.0001;0.0001;25904;25904;0
"mscorlib.dll!::AttributeInfo.get_Usage()";0.0001;0.0001;0.0001;25904;25904;25904;39;48;9.99999974737875E-05;0.0001;0.0001;0.0001;2;2;2;2;1;25904;0;0.0001;25904;25904;0
"mscorlib.dll!::HashtableEnumerator..ctor()";0.0001;0.0001;0.0001;25904;25904;25904;40;43;9.99999974737875E-05;0.0001;0.0001;0.0001;2;2;2;2;1;25904;0;0.0001;25904;25904;0
"mscorlib.dll!::Tables..ctor()";0.0001;0.0001;0.0001;25904;25904;25904;43;43;9.99999974737875E-05;0.0001;0.0001;0.0001;1;1;1;1;1;25904;0.0001;0.0001;25904;25904;0
"mscorlib.dll!System.Collections.Generic::Comparer`1..ctor()";0.0001;0.0001;0.0001;25904;25904;25904;41;44;9.99999974737875E-05;0.0001;0.0001;0.0001;2;2;2;2;1;25904;0;0.0001;25904;25904;0
"mscorlib.dll!System.Collections::DictionaryEntry.get_Value()";0.0001;0.0001;0.0001;25904;25904;25904;43;46;9.99999974737875E-05;0.0001;0.0001;0.0001;2;2;2;2;1;25904;0;0.0001;25904;25904;0
"mscorlib.dll!System.Reflection::ParameterInfo.get_ParameterType()";0.0001;0.0001;0.0001;25904;25904;25904;37;37;9.99999974737875E-05;0.0001;0.0001;0.0001;2;2;2;2;1;25904;0;0.0001;25904;25904;0
"mscorlib.dll!System.Runtime.InteropServices::MemoryMarshal.GetNonNullPinnableReference()";0.0001;0.0001;0.0001;25904;25904;25904;29;29;9.99999974737875E-05;0.0001;0.0001;0.0001;1;1;1;1;1;25904;0.0001;0.0001;25904;25904;0
"mscorlib.dll!System.Text::Encoding.get_UTF8()";0.0001;0.0001;0.0001;25904;25904;25904;25;25;9.99999974737875E-05;0.0001;0.0001;0.0001;1;1;1;1;1;25904;0.0001;0.0001;25904;25904;0
"mscorlib.dll!System::Array.Reverse()";0.0001;0.0001;0.0001;25904;25904;25904;40;40;9.99999974737875E-05;0.0001;0.0001;0.0001;1;1;1;1;1;25904;0.0001;0.0001;25904;25904;0
"mscorlib.dll!System::Boolean.Equals()";0.0001;0.0001;0.0001;25904;25904;25904;20;21;9.99999974737875E-05;0.0001;0.0001;0.0001;3;3;3;3;1;25904;0;0.0001;25904;25904;0
"mscorlib.dll!System::DateTime..ctor()";0.0001;0.0001;0.0001;25904;25904;25904;19;19;9.99999974737875E-05;0.0001;0.0001;0.0001;1;1;1;1;1;25904;0.0001;0.0001;25904;25904;0
"mscorlib.dll!System::DateTime.get_InternalKind()";0.0001;0.0001;0.0001;25904;25904;25904;23;23;9.99999974737875E-05;0.0001;0.0001;0.0001;1;1;1;1;1;25904;0.0001;0.0001;25904;25904;0
"mscorlib.dll!System::DateTimeFormat.WriteDigits()";0.0001;0.0001;0.0001;25904;25904;25904;22;22;9.99999974737875E-05;0.0001;0.0001;0.0001;1;1;1;1;1;25904;0.0001;0.0001;25904;25904;0
"mscorlib.dll!System::DateTimeFormat.WriteFourDecimalDigits()";0.0001;0.0001;0.0001;25904;25904;25904;22;22;9.99999974737875E-05;0.0001;0.0001;0.0001;1;1;1;1;1;25904;0.0001;0.0001;25904;25904;0
"mscorlib.dll!System::IntPtr.get_Size()";0.0001;0.0001;0.0001;25904;25904;25904;38;38;9.99999974737875E-05;0.0001;0.0001;0.0001;1;1;1;1;1;25904;0.0001;0.0001;25904;25904;0
"mscorlib.dll!System::Number.abs()";0.0001;0.0001;0.0001;25904;25904;25904;37;37;9.99999974737875E-05;0.0001;0.0001;0.0001;1;1;1;1;1;25904;0.0001;0.0001;25904;25904;0
"mscorlib.dll!System::ParamsArray.GetAtSlow()";0.0001;0.0001;0.0001;25904;25904;25904;22;22;9.99999974737875E-05;0.0001;0.0001;0.0001;4;4;4;4;1;25904;0;0.0001;25904;25904;0
"mscorlib.dll!System::RuntimeType.IsGenericCOMObjectImpl()";0.0001;0.0001;0.0001;25904;25904;25904;45;48;9.99999974737875E-05;0.0001;0.0001;0.0001;2;2;2;2;1;25904;0;0.0001;25904;25904;0
"mscorlib.dll!System::SpanHelpers.IndexOf()";0.0001;0.0001;0.0001;25904;25904;25904;36;36;9.99999974737875E-05;0.0001;0.0001;0.0001;1;1;1;1;1;25904;0.0001;0.0001;25904;25904;0
"mscorlib.dll!System::TimeSpan.op_Equality()";0.0001;0.0001;0.0001;25904;25904;25904;22;22;9.99999974737875E-05;0.0001;0.0001;0.0001;1;1;1;1;1;25904;0.0001;0.0001;25904;25904;0
"mscorlib.dll!System::Type.GetType()";0.0001;0.0001;0.0001;25904;25904;25904;47;50;9.99999974737875E-05;0.0001;0.0001;0.0001;2;2;2;2;1;25904;0;0.0001;25904;25904;0
"Newtonsoft.Json.dll!::<>c__DisplayClass5_0`1..ctor()";0.0001;0.0001;0.0001;25904;25904;25904;36;39;9.99999974737875E-05;0.0001;0.0001;0.0001;4;4;4;4;1;25904;0;0.0001;25904;25904;0
"Newtonsoft.Json.dll!Newtonsoft.Json.Converters::BsonObjectIdConverter.CanConvert()";0.0001;0.0001;0.0001;25904;25904;25904;35;38;9.99999974737875E-05;0.0001;0.0001;0.0001;4;4;4;4;1;25904;0;0.0001;25904;25904;0
"Newtonsoft.Json.dll!Newtonsoft.Json.Serialization::DefaultContractResolver.get_IgnoreSerializableAttribute()";0.0001;0.0001;0.0001;25904;25904;25904;33;38;9.99999974737875E-05;0.0001;0.0001;0.0001;4;4;4;4;1;25904;0;0.0001;25904;25904;0
"Newtonsoft.Json.dll!Newtonsoft.Json.Serialization::DefaultContractResolver.GetNameTable()";0.0001;0.0001;0.0001;25904;25904;25904;34;37;9.99999974737875E-05;0.0001;0.0001;0.0001;2;2;2;2;1;25904;0;0.0001;25904;25904;0
"Newtonsoft.Json.dll!Newtonsoft.Json.Serialization::JsonArrayContract.get_IsArray()";0.0001;0.0001;0.0001;25904;25904;25904;35;35;9.99999974737875E-05;0.0001;0.0001;0.0001;1;1;1;1;1;25904;0.0001;0.0001;25904;25904;0
"Newtonsoft.Json.dll!Newtonsoft.Json.Serialization::JsonContract.get_DefaultCreator()";0.0001;0.0001;0.0001;25904;25904;25904;33;36;9.99999974737875E-05;0.0001;0.0001;0.0001;2;2;2;2;1;25904;0;0.0001;25904;25904;0
"Newtonsoft.Json.dll!Newtonsoft.Json.Serialization::JsonContract.get_DefaultCreatorNonPublic()";0.0001;0.0001;0.0001;25904;25904;25904;33;36;9.99999974737875E-05;0.0001;0.0001;0.0001;2;2;2;2;1;25904;0;0.0001;25904;25904;0
"Newtonsoft.Json.dll!Newtonsoft.Json.Serialization::JsonObjectContract.set_MemberSerialization()";0.0001;0.0001;0.0001;25904;25904;25904;33;36;9.99999974737875E-05;0.0001;0.0001;0.0001;2;2;2;2;1;25904;0;0.0001;25904;25904;0
"Newtonsoft.Json.dll!Newtonsoft.Json.Serialization::JsonPrimitiveContract.set_TypeCode()";0.0001;0.0001;0.0001;25904;25904;25904;35;35;9.99999974737875E-05;0.0001;0.0001;0.0001;1;1;1;1;1;25904;0.0001;0.0001;25904;25904;0
"Newtonsoft.Json.dll!Newtonsoft.Json.Utilities::ReflectionUtils.RemoveFlag()";0.0001;0.0001;0.0001;25904;25904;25904;38;41;9.99999974737875E-05;0.0001;0.0001;0.0001;2;2;2;2;1;25904;0;0.0001;25904;25904;0
"Newtonsoft.Json.dll!Newtonsoft.Json::JsonWriter.get_FloatFormatHandling()";0.0001;0.0001;0.0001;25904;25904;25904;32;32;9.99999974737875E-05;0.0001;0.0001;0.0001;1;1;1;1;1;25904;0.0001;0.0001;25904;25904;0
"Newtonsoft.Json.dll!Newtonsoft.Json::JsonWriter.get_Formatting()";0.0001;0.0001;0.0001;25904;25904;25904;24;25;9.99999974737875E-05;0.0001;0.0001;0.0001;3;3;3;3;1;25904;0;0.0001;25904;25904;0
"System.Core.dll!System.Linq::EmptyPartition`1.GetEnumerator()";0.0001;0.0001;0.0001;25904;25904;25904;39;42;9.99999974737875E-05;0.0001;0.0001;0.0001;2;2;2;2;1;25904;0;0.0001;25904;25904;0
"System.Core.dll!System.Linq::OrderedEnumerable`1..ctor()";0.0001;0.0001;0.0001;25904;25904;25904;36;39;9.99999974737875E-05;0.0001;0.0001;0.0001;2;2;2;2;1;25904;0;0.0001;25904;25904;0
"System.dll!System.ComponentModel::AttributeCollection..ctor()";0.0001;0.0001;0.0001;25904;25904;25904;42;45;9.99999974737875E-05;0.0001;0.0001;0.0001;2;2;2;2;1;25904;0;0.0001;25904;25904;0
"System.dll!System.ComponentModel::TypeConverter..ctor()";0.0001;0.0001;0.0001;25904;25904;25904;51;54;9.99999974737875E-05;0.0001;0.0001;0.0001;2;2;2;2;1;25904;0;0.0001;25904;25904;0
"System.dll!System.ComponentModel::TypeDescriptor.get_InterfaceType()";0.0001;0.0001;0.0001;25904;25904;25904;39;46;9.99999974737875E-05;0.0001;0.0001;0.0001;4;4;4;4;1;25904;0;0.0001;25904;25904;0
"Unity.TextMeshPro.dll!TMPro::TMP_TextElement..ctor()";0.0001;0.0001;0.0004;25904;25452;24539;11;22;0.00089999996998813;0.000225;0.0001;0.0003;11;2;1;5;4;24539;0;0.0004;25452;24539;0
"Unity.TextMeshPro.dll!TMPro::TMP_TextElement.set_glyphIndex()";0.0001;0.0001;0.0004;25904;25452;24539;22;22;0.000599999984842725;0.0002;0.0001;0.0001;6;2;1;3;3;24539;0;0.0004;25452;24539;0
"Unity.TextMeshPro.dll!TMPro::TMP_TextElement.set_scale()";0.0001;0.0001;0.0006;25904;25452;24539;11;22;0.00099999996018596;0.00025;0.0001;0.0002;11;2;1;5;4;24539;0;0.0006;25452;24539;0
"UnityEngine.CoreModule.dll!UnityEngine::Logger.get_logEnabled()";0.0001;0.0001;0.0001;25904;25904;25904;21;21;9.99999974737875E-05;0.0001;0.0001;0.0001;1;1;1;1;1;25904;0.0001;0.0001;25904;25904;0
"UnityEngine.CoreModule.dll!UnityEngine::Logger.get_logHandler()";0.0001;0.0001;0.0001;25904;25904;25904;20;20;9.99999974737875E-05;0.0001;0.0001;0.0001;1;1;1;1;1;25904;0.0001;0.0001;25904;25904;0
"UnityEngine.CoreModule.dll!UnityEngine::Vector2.Equals()";0.0001;0.0001;0.0003;25904;25452;24539;8;17;0.000799999965238385;0.0002;0.0001;0.0003;4;1;1;1;4;24539;0.0001;0.0003;25452;24539;0
"UnityEngine.TextCoreFontEngineModule.dll!UnityEngine.TextCore::FaceInfo.get_unitsPerEM()";0.0001;0.0001;0.0001;25904;25904;25904;18;18;9.99999974737875E-05;0.0001;0.0001;0.0001;2;2;2;2;1;25904;0;0.0001;25904;25904;0
"UnityEngine.TextCoreFontEngineModule.dll!UnityEngine.TextCore::Glyph.get_index()";0.0001;0;0.0004;25904;25452;24539;22;22;0.000499999987368938;0.0001666667;0;0.0001;6;2;1;3;3;24539;0;0.0004;25452;24539;0
"UnityEngine.UI.dll!UnityEngine.UI::ColorBlock.get_normalColor()";0.0001;0;0.0005;25904;25587;24539;11;24;0.00169999999343418;0.0001888889;0.0001;0.0002;11;1;1;3;9;24539;0;0.0005;25587;24539;0
"UnityEngine.UI.dll!UnityEngine.UI::Selectable.get_targetGraphic()";0.0001;0.0001;0.0001;25904;25904;25904;19;19;9.99999974737875E-05;0.0001;0.0001;0.0001;1;1;1;1;1;25904;0.0001;0.0001;25904;25904;0
"TextureStreamingManager.Update";0.0001;0;0.0017;25906;24222;24818;3;3;0.387899991066661;0.00019395;0.0001;0.0002;2000;1;1;1;2000;24216;0;0.0017;24222;24818;0.0001
"UnityEngine.UI.dll!UnityEngine.EventSystems::PointerEventData.set_tangentialPressure()";0.0001;0;0.0138;25907;24221;24445;10;11;0.361799989412248;0.0001809905;0.0001;0.0002;4001;2;2;5;1999;24216;0;0.0134;24221;24445;0.0002
"UnityEngine.UI.dll!UnityEngine.EventSystems::PointerEventData.get_altitudeAngle()";0.0001;0;0.0039;25927;24221;24443;10;10;0.352599989921146;0.0001763882;0.0001;0.0002;3998;2;2;2;1999;24216;0;0.0038;24216;24443;0.0001
"UnityEngine.UI.dll!UnityEngine.EventSystems::PointerEventData.get_radiusVariance()";0.0001;0;0.0094;25950;24224;25243;10;10;0.363899989366473;0.000182041;0.0001;0.0002;3998;2;2;2;1999;24216;0;0.0094;24216;25243;0.0002
"UnityEngine.UI.dll!UnityEngine.EventSystems::PointerEventData.set_radiusVariance()";0.0001;0;0.0048;25966;24221;25371;10;11;0.352999989292584;0.0001765883;0.0001;0.0002;4001;2;2;5;1999;24216;0;0.0046;24217;25371;0
"UnityEngine.UI.dll!UnityEngine.EventSystems::PointerEventData.get_twist()";0.0001;0;0.0046;25985;24221;25500;10;10;0.358299988693034;0.0001792396;0.0001;0.0002;3998;2;2;2;1999;24216;0;0.0042;24216;25500;0.0001
"UnityEngine.UI.dll!UnityEngine.EventSystems::PointerEventData.get_radius()";0.0001;0;0.005;25988;24217;26015;10;10;0.354899989717524;0.0001775388;0.0001;0.0002;3998;2;2;2;1999;24216;0;0.0049;24217;26015;0.0002
"LowLevelPhysics2D.PhysicsWorld.WriteTransformTweens";0.0001;0;0.0066;26003;24532;24941;4;4;0.491299988258106;0.00024565;0.0001;0.0003;2000;1;1;1;2000;24216;0;0.0066;24532;24941;0.0002
"UnityEngine.CoreModule.dll!UnityEngine.SceneManagement::LoadSceneParameters..ctor()";0.0001;0.0001;0.0001;26016;26016;26016;19;19;9.99999974737875E-05;0.0001;0.0001;0.0001;1;1;1;1;1;26016;0.0001;0.0001;26016;26016;0
"UnityEngine.CoreModule.dll!UnityEngine.SceneManagement::SceneManagerAPI.get_overrideAPI()";0.0001;0.0001;0.0001;26016;26016;26016;22;22;9.99999974737875E-05;0.0001;0.0001;0.0001;1;1;1;1;1;26016;0.0001;0.0001;26016;26016;0
"EnlightenRuntimeManager.UpdateSystems";0.0001;0.0001;0.0001;26017;26017;26017;12;12;9.99999974737875E-05;0.0001;0.0001;0.0001;1;1;1;1;1;26017;0.0001;0.0001;26017;26017;0
"mscorlib.dll!::ValueCollection..ctor()";0.0001;0.0001;0.0001;26017;26017;26017;16;16;9.99999974737875E-05;0.0001;0.0001;0.0001;1;1;1;1;1;26017;0.0001;0.0001;26017;26017;0
"NavMeshManager.UnloadData";0.0001;0.0001;0.0001;26017;26017;26017;10;10;9.99999974737875E-05;0.0001;0.0001;0.0001;1;1;1;1;1;26017;0.0001;0.0001;26017;26017;0
"RadiosityDataManager.PurgeProbeSets";0.0001;0.0001;0.0001;26017;26017;26017;12;12;9.99999974737875E-05;0.0001;0.0001;0.0001;1;1;1;1;1;26017;0.0001;0.0001;26017;26017;0
"Unity.ResourceManager.dll!::<>c__DisplayClass12_0..ctor()";0.0001;0.0001;0.0001;26017;26017;26017;25;25;9.99999974737875E-05;0.0001;0.0001;0.0001;3;3;3;3;1;26017;0;0.0001;26017;26017;0
"Unity.ResourceManager.dll!UnityEngine.ResourceManagement.Util::DependenciesCacheKey.GetHashCode()";0.0001;0.0001;0.0001;26017;26017;26017;21;23;9.99999974737875E-05;0.0001;0.0001;0.0001;2;2;2;2;1;26017;0;0.0001;26017;26017;0
"Unity.TextMeshPro.dll!TMPro::TextMeshProUGUI.CalculateLayoutInputHorizontal()";0.0001;0.0001;0.0001;26017;26017;26017;14;14;9.99999974737875E-05;0.0001;0.0001;0.0001;1;1;1;1;1;26017;0.0001;0.0001;26017;26017;0
"Unity.TextMeshPro.dll!TMPro::TMP_Text.get_flexibleHeight()";0.0001;0.0001;0.0001;26017;26017;26017;21;21;9.99999974737875E-05;0.0001;0.0001;0.0001;2;2;2;2;1;26017;0;0.0001;26017;26017;0
"UnityEngine.UI.dll!UnityEngine.EventSystems::AbstractEventData..ctor()";0.0001;0.0001;0.0002;26017;26017;26018;9;12;0.000299999992421363;0.00015;0.0001;0.0001;4;1;1;3;2;26017;0;0.0001;26018;26017;0
"UnityEngine.UI.dll!UnityEngine.EventSystems::BaseInputModule.ActivateModule()";0.0001;0.0001;0.0001;26017;26017;26017;7;7;9.99999974737875E-05;0.0001;0.0001;0.0001;1;1;1;1;1;26017;0.0001;0.0001;26017;26017;0
"UnityEngine.UI.dll!UnityEngine.UI::Image.get_flexibleHeight()";0.0001;0.0001;0.0001;26017;26017;26017;21;21;9.99999974737875E-05;0.0001;0.0001;0.0001;2;2;2;2;1;26017;0;0.0001;26017;26017;0
"UnityEngine.UI.dll!UnityEngine.UI::LayoutElement.CalculateLayoutInputVertical()";0.0001;0.0001;0.0001;26017;26017;26017;14;14;9.99999974737875E-05;0.0001;0.0001;0.0001;1;1;1;1;1;26017;0.0001;0.0001;26017;26017;0
"UnityEngine.UI.dll!UnityEngine.UI::LayoutElement.get_flexibleHeight()";0.0001;0.0001;0.0001;26017;26017;26017;21;21;9.99999974737875E-05;0.0001;0.0001;0.0001;2;2;2;2;1;26017;0;0.0001;26017;26017;0
"UnityEngine.UI.dll!UnityEngine.UI::LayoutElement.get_ignoreLayout()";0.0001;0.0001;0.0001;26017;26017;26017;15;15;9.99999974737875E-05;0.0001;0.0001;0.0001;1;1;1;1;1;26017;0.0001;0.0001;26017;26017;0
"UnityEngine.UIElementsModule.dll!UnityEngine.UIElements::PanelInputConfiguration.get_current()";0.0001;0.0001;0.0001;26017;26017;26017;11;11;9.99999974737875E-05;0.0001;0.0001;0.0001;1;1;1;1;1;26017;0.0001;0.0001;26017;26017;0
"UnityEngine.UI.dll!::MouseButtonEventData..ctor()";0.0001;0.0001;0.0001;26018;26018;26018;11;11;9.99999974737875E-05;0.0001;0.0001;0.0001;3;3;3;3;1;26018;0;0.0001;26018;26018;0
"UnityEngine.UI.dll!UnityEngine.EventSystems::PointerEventData.set_twist()";0.0001;0;0.0032;26030;24222;24673;10;11;0.346099989321374;0.0001731366;0.0001;0.0002;4001;2;2;5;1999;24216;0;0.0031;24218;24673;0.0001
"UnityEngine.UI.dll!UnityEngine.EventSystems::PointerEventData.set_pressure()";0.0001;0;0.0043;26031;24222;25664;10;11;0.358499989735719;0.0001793397;0.0001;0.0002;4001;2;2;5;1999;24216;0;0.0041;24216;25664;0.0002
"UnityEngine.UI.dll!UnityEngine.EventSystems::PointerEventData.get_pressure()";0.0001;0;0.0065;26048;24219;25290;10;10;0.356699989839399;0.0001784392;0.0001;0.0002;3998;2;2;2;1999;24216;0;0.0062;24216;25290;0.0001
"UnityEngine.UI.dll!UnityEngine.EventSystems::PointerEventData.get_azimuthAngle()";0.0001;0;0.0044;26053;24221;24699;10;10;0.346799989747524;0.0001734867;0.0001;0.0002;3998;2;2;2;1999;24216;0;0.0042;24217;24699;0.0002
"UnityEngine.UI.dll!UnityEngine.UI::GraphicRaycaster.get_ignoreReversedGraphics()";0.0001;0;0.0015;26066;24566;24698;11;11;0.0931999967069714;0.0001637961;0.0001;0.0002;1262;3;1;3;569;24565;0;0.0012;24566;26041;0
"UnityEngine.UI.dll!UnityEngine.EventSystems::PointerEventData.set_radius()";0.0001;0;0.004;26071;24221;24900;10;11;0.349199989264889;0.0001746873;0.0001;0.0002;4001;2;2;5;1999;24216;0;0.0039;24216;24900;0.0002
"UnityEngine.CoreModule.dll!UnityEngine::Display.get_main()";0.0001;0;0.0059;26128;24252;24358;13;13;0.425399990381266;0.0002128064;0.0001;0.0003;1999;1;1;1;1999;24216;0;0.0059;24252;24358;0.0001
"CanvasRenderer.SyncClipRect";0.0001;0;0.009699999;26145;24243;25229;5;5;0.431699981549173;0.0002286547;0.0001;0.0003;11456;5;2;47;1888;24216;0;0.0085;24216;25229;0.0001
"UnityEngine.CoreModule.dll!UnityEngine::Vector3.Dot()";0.0001;0;0.0017;26146;24565;24698;11;11;0.101399996456166;0.0001782074;0.0001;0.0002;1262;3;1;3;569;24565;0;0.0013;24565;26159;0
"UnityEngine.CoreModule.dll!UnityEngine::Ray.get_origin()";0.0001;0;0.0017;26173;24634;24698;11;11;0.104899996447784;0.0001843585;0.0001;0.0002;1262;3;1;3;569;24565;0;0.0014;24568;25736;0
"UnityEngine.CoreModule.dll!UnityEngine::Vector3.op_UnaryNegation()";0.0001;0;0.0053;26195;24665;25486;11;11;0.117099996088655;0.0002057996;0.0001;0.0003;1262;3;1;3;569;24565;0;0.0052;24570;25486;0
"UnityEngine.UI.dll!UnityEngine.EventSystems::PointerEventData.set_altitudeAngle()";0.0001;0;0.0045;26213;24221;25611;10;11;0.380699988381821;0.0001904452;0.0001;0.0002;4001;2;2;5;1999;24216;0;0.0044;24216;25611;0.0002
"UnityEngine.CoreModule.dll!UnityEngine.Pool::PooledObject`1..ctor()";0.0001;0.0001;0.0001;26215;26215;26215;9;9;9.99999974737875E-05;0.0001;0.0001;0.0001;1;1;1;1;1;26215;0.0001;0.0001;26215;26215;0
"UnityEngine.UnityAnalyticsModule.dll!UnityEngine.Analytics::AnalyticsSessionInfo.CallSessionStateChanged()";0.0001;0.0001;0.0001;26215;26215;26215;4;4;9.99999974737875E-05;0.0001;0.0001;0.0001;1;1;1;1;1;26215;0.0001;0.0001;26215;26215;0
"UnityEngine.CoreModule.dll!UnityEngine::Bounds.get_max()";0;0;0;24732;24221;24221;7;7;0;0;0;0;3;1;1;1;3;24221;0;0;24221;24221;0
"Component.SetGameObject";0;0;0;24979;24220;24220;8;24;0;0;0;0;3982;9;2;880;287;24220;0;0;24220;24220;0
"GfxResource.Register";0;0;0;25013;24216;24216;4;21;0;0;0;0;7410;3;1;21;1385;24216;0;0;24216;24216;0
"ScheduleAllocJob";0;0;0;25116;24216;24216;4;6;0;0;0;0;4591;3;2;3;1801;24216;0;0;24216;24216;0
"Active Constraints";0;0;0;25215;24216;24216;4;5;0;0;0;0;3674;2;1;2;2000;24216;0;0;24216;24216;0
"Active Dynamic Bodies";0;0;0;25215;24216;24216;4;5;0;0;0;0;3674;2;1;2;2000;24216;0;0;24216;24216;0
"Active Kinematic Bodies";0;0;0;25215;24216;24216;4;5;0;0;0;0;3674;2;1;2;2000;24216;0;0;24216;24216;0
"Added Contacts";0;0;0;25215;24216;24216;5;5;0;0;0;0;2000;1;1;1;2000;24216;0;0;24216;24216;0
"AnimationClip Count";0;0;0;25215;24216;24216;5;5;0;0;0;0;2000;1;1;1;2000;24216;0;0;24216;24216;0
"AnimationClip Memory";0;0;0;25215;24216;24216;5;5;0;0;0;0;2000;1;1;1;2000;24216;0;0;24216;24216;0
"App Committed Memory";0;0;0;25215;24216;24216;5;5;0;0;0;0;2000;1;1;1;2000;24216;0;0;24216;24216;0
"App Resident Memory";0;0;0;25215;24216;24216;5;5;0;0;0;0;2000;1;1;1;2000;24216;0;0;24216;24216;0
"Articulation Bodies";0;0;0;25215;24216;24216;4;5;0;0;0;0;3674;2;1;2;2000;24216;0;0;24216;24216;0
"Asleep Bodies";0;0;0;25215;24216;24216;5;5;0;0;0;0;2000;1;1;1;2000;24216;0;0;24216;24216;0
"Asleep Shapes";0;0;0;25215;24216;24216;5;5;0;0;0;0;2000;1;1;1;2000;24216;0;0;24216;24216;0
"Asset Bundles";0;0;0;25215;24216;24216;5;5;0;0;0;0;2000;1;1;1;2000;24216;0;0;24216;24216;0
"Asset Count";0;0;0;25215;24216;24216;5;5;0;0;0;0;2000;1;1;1;2000;24216;0;0;24216;24216;0
"Assets";0;0;0;25215;24216;24216;5;5;0;0;0;0;2000;1;1;1;2000;24216;0;0;24216;24216;0
"Atlases";0;0;0;25215;24216;24216;5;5;0;0;0;0;2000;1;1;1;2000;24216;0;0;24216;24216;0
"Audio Reads";0;0;0;25215;24216;24216;5;5;0;0;0;0;2000;1;1;1;2000;24216;0;0;24216;24216;0
"Audio Reserved Memory";0;0;0;25215;24216;24216;5;5;0;0;0;0;2000;1;1;1;2000;24216;0;0;24216;24216;0
"Audio Used Memory";0;0;0;25215;24216;24216;5;5;0;0;0;0;2000;1;1;1;2000;24216;0;0;24216;24216;0
"AudioClip Count";0;0;0;25215;24216;24216;5;5;0;0;0;0;2000;1;1;1;2000;24216;0;0;24216;24216;0
"AudioClip Memory";0;0;0;25215;24216;24216;5;5;0;0;0;0;2000;1;1;1;2000;24216;0;0;24216;24216;0
"Awake Bodies";0;0;0;25215;24216;24216;5;5;0;0;0;0;2000;1;1;1;2000;24216;0;0;24216;24216;0
"Awake Shapes";0;0;0;25215;24216;24216;5;5;0;0;0;0;2000;1;1;1;2000;24216;0;0;24216;24216;0
"BeginJob";0;0;0;25215;24216;24216;4;25;0;0;0;0;39147;20;1;40;2000;24216;0;0;24216;24216;0
"Broadphase Adds";0;0;0;25215;24216;24216;4;5;0;0;0;0;3674;2;1;2;2000;24216;0;0;24216;24216;0
"Broadphase Adds/Removes";0;0;0;25215;24216;24216;4;5;0;0;0;0;3674;2;1;2;2000;24216;0;0;24216;24216;0
"Broadphase Pairs";0;0;0;25215;24216;24216;5;5;0;0;0;0;2000;1;1;1;2000;24216;0;0;24216;24216;0
"Broadphase Removes";0;0;0;25215;24216;24216;4;5;0;0;0;0;3674;2;1;2;2000;24216;0;0;24216;24216;0
"Broadphase Updates";0;0;0;25215;24216;24216;5;5;0;0;0;0;2000;1;1;1;2000;24216;0;0;24216;24216;0
"Catalogs";0;0;0;25215;24216;24216;5;5;0;0;0;0;2000;1;1;1;2000;24216;0;0;24216;24216;0
"Colliders Synced";0;0;0;25215;24216;24216;4;5;0;0;0;0;3674;2;1;2;2000;24216;0;0;24216;24216;0
"Collision Enter";0;0;0;25215;24216;24216;5;5;0;0;0;0;2000;1;1;1;2000;24216;0;0;24216;24216;0
"Collision Exit";0;0;0;25215;24216;24216;5;5;0;0;0;0;2000;1;1;1;2000;24216;0;0;24216;24216;0
"Collision Stay";0;0;0;25215;24216;24216;5;5;0;0;0;0;2000;1;1;1;2000;24216;0;0;24216;24216;0
"Continuous Bodies";0;0;0;25215;24216;24216;5;5;0;0;0;0;2000;1;1;1;2000;24216;0;0;24216;24216;0
"Continuous Overlaps";0;0;0;25215;24216;24216;4;5;0;0;0;0;3674;2;1;2;2000;24216;0;0;24216;24216;0
"CPU Main Thread Frame Time";0;0;0;25215;24216;24216;5;5;0;0;0;0;2000;1;1;1;2000;24216;0;0;24216;24216;0
"CPU Render Thread Frame Time";0;0;0;25215;24216;24216;5;5;0;0;0;0;2000;1;1;1;2000;24216;0;0;24216;24216;0
"CPU Total Frame Time";0;0;0;25215;24216;24216;5;5;0;0;0;0;2000;1;1;1;2000;24216;0;0;24216;24216;0
"Discreet Overlaps";0;0;0;25215;24216;24216;4;5;0;0;0;0;3674;2;1;2;2000;24216;0;0;24216;24216;0
"Discrete Bodies";0;0;0;25215;24216;24216;5;5;0;0;0;0;2000;1;1;1;2000;24216;0;0;24216;24216;0
"Dynamic Bodies";0;0;0;25215;24216;24216;4;5;0;0;0;0;5674;3;2;3;2000;24216;0;0;24216;24216;0
"Dynamic Shapes";0;0;0;25215;24216;24216;5;5;0;0;0;0;2000;1;1;1;2000;24216;0;0;24216;24216;0
"EndJob";0;0;0;25215;24216;24216;4;25;0;0;0;0;39147;20;1;40;2000;24216;0;0;24216;24216;0
"Entities Reads";0;0;0;25215;24216;24216;5;5;0;0;0;0;2000;1;1;1;2000;24216;0;0;24216;24216;0
"Game Object Count";0;0;0;25215;24216;24216;5;5;0;0;0;0;2000;1;1;1;2000;24216;0;0;24216;24216;0
"GC Allocated In Frame";0;0;0;25215;24216;24216;5;5;0;0;0;0;2000;1;1;1;2000;24216;0;0;24216;24216;0
"GC Allocation In Frame Count";0;0;0;25215;24216;24216;5;5;0;0;0;0;2000;1;1;1;2000;24216;0;0;24216;24216;0
"GC Reserved Memory";0;0;0;25215;24216;24216;5;5;0;0;0;0;2000;1;1;1;2000;24216;0;0;24216;24216;0
"GC Used Memory";0;0;0;25215;24216;24216;5;5;0;0;0;0;2000;1;1;1;2000;24216;0;0;24216;24216;0
"GetContacts Queries";0;0;0;25215;24216;24216;5;5;0;0;0;0;2000;1;1;1;2000;24216;0;0;24216;24216;0
"Gfx Reserved Memory";0;0;0;25215;24216;24216;5;5;0;0;0;0;2000;1;1;1;2000;24216;0;0;24216;24216;0
"Gfx Used Memory";0;0;0;25215;24216;24216;5;5;0;0;0;0;2000;1;1;1;2000;24216;0;0;24216;24216;0
"Global Illumination Support";0;0;0;25215;24216;24216;5;5;0;0;0;0;2000;1;1;1;2000;24216;0;0;24216;24216;0
"GPU Frame Time";0;0;0;25215;24216;24216;5;5;0;0;0;0;2000;1;1;1;2000;24216;0;0;24216;24216;0
"IsTouching Queries";0;0;0;25215;24216;24216;5;5;0;0;0;0;2000;1;1;1;2000;24216;0;0;24216;24216;0
"KickJobs";0;0;0;25215;24216;24216;4;11;0;0;0;0;7681;4;2;5;2000;24216;0;0;24216;24216;0
"Kinematic Bodies";0;0;0;25215;24216;24216;5;5;0;0;0;0;2000;1;1;1;2000;24216;0;0;24216;24216;0
"Kinematic Shapes";0;0;0;25215;24216;24216;5;5;0;0;0;0;2000;1;1;1;2000;24216;0;0;24216;24216;0
"Material Count";0;0;0;25215;24216;24216;5;5;0;0;0;0;2000;1;1;1;2000;24216;0;0;24216;24216;0
"Material Memory";0;0;0;25215;24216;24216;5;5;0;0;0;0;2000;1;1;1;2000;24216;0;0;24216;24216;0
"Max Cache Demand";0;0;0;25215;24216;24216;5;5;0;0;0;0;2000;1;1;1;2000;24216;0;0;24216;24216;0
"Max Cache Mip Bias";0;0;0;25215;24216;24216;5;5;0;0;0;0;2000;1;1;1;2000;24216;0;0;24216;24216;0
"Mesh Count";0;0;0;25215;24216;24216;5;5;0;0;0;0;2000;1;1;1;2000;24216;0;0;24216;24216;0
"Mesh Memory";0;0;0;25215;24216;24216;5;5;0;0;0;0;2000;1;1;1;2000;24216;0;0;24216;24216;0
"Mesh Reads";0;0;0;25215;24216;24216;5;5;0;0;0;0;2000;1;1;1;2000;24216;0;0;24216;24216;0
"Missing Disk Data";0;0;0;25215;24216;24216;5;5;0;0;0;0;2000;1;1;1;2000;24216;0;0;24216;24216;0
"Missing Streaming Tiles";0;0;0;25215;24216;24216;5;5;0;0;0;0;2000;1;1;1;2000;24216;0;0;24216;24216;0
"Modified Overlaps";0;0;0;25215;24216;24216;4;5;0;0;0;0;3674;2;1;2;2000;24216;0;0;24216;24216;0
"Narrowphase Lost Touches";0;0;0;25215;24216;24216;4;5;0;0;0;0;3674;2;1;2;2000;24216;0;0;24216;24216;0
"Narrowphase New Touches";0;0;0;25215;24216;24216;4;5;0;0;0;0;3674;2;1;2;2000;24216;0;0;24216;24216;0
"Narrowphase Touches";0;0;0;25215;24216;24216;4;5;0;0;0;0;3674;2;1;2;2000;24216;0;0;24216;24216;0
"Object Count";0;0;0;25215;24216;24216;5;5;0;0;0;0;2000;1;1;1;2000;24216;0;0;24216;24216;0
"Other Reads";0;0;0;25215;24216;24216;5;5;0;0;0;0;2000;1;1;1;2000;24216;0;0;24216;24216;0
"Overlap Queries";0;0;0;25215;24216;24216;5;5;0;0;0;0;2000;1;1;1;2000;24216;0;0;24216;24216;0
"Overlaps";0;0;0;25215;24216;24216;4;5;0;0;0;0;3674;2;1;2;2000;24216;0;0;24216;24216;0
"Particle Queries";0;0;0;25215;24216;24216;5;5;0;0;0;0;2000;1;1;1;2000;24216;0;0;24216;24216;0
"Physics Queries";0;0;0;25215;24216;24216;4;5;0;0;0;0;3674;2;1;2;2000;24216;0;0;24216;24216;0
"Physics Used Memory";0;0;0;25215;24216;24216;4;5;0;0;0;0;3674;2;1;2;2000;24216;0;0;24216;24216;0
"Physics Used Memory (2D)";0;0;0;25215;24216;24216;5;5;0;0;0;0;2000;1;1;1;2000;24216;0;0;24216;24216;0
"Profiler Reserved Memory";0;0;0;25215;24216;24216;5;5;0;0;0;0;2000;1;1;1;2000;24216;0;0;24216;24216;0
"Profiler Used Memory";0;0;0;25215;24216;24216;5;5;0;0;0;0;2000;1;1;1;2000;24216;0;0;24216;24216;0
"Raycast Queries";0;0;0;25215;24216;24216;5;5;0;0;0;0;2000;1;1;1;2000;24216;0;0;24216;24216;0
"Read From Disk";0;0;0;25215;24216;24216;5;5;0;0;0;0;2000;1;1;1;2000;24216;0;0;24216;24216;0
"Removed Contacts";0;0;0;25215;24216;24216;5;5;0;0;0;0;2000;1;1;1;2000;24216;0;0;24216;24216;0
"Render Textures Bytes";0;0;0;25215;24216;24216;5;5;0;0;0;0;2000;1;1;1;2000;24216;0;0;24216;24216;0
"Render Textures Count";0;0;0;25215;24216;24216;5;5;0;0;0;0;2000;1;1;1;2000;24216;0;0;24216;24216;0
"Required Tiles";0;0;0;25215;24216;24216;5;5;0;0;0;0;2000;1;1;1;2000;24216;0;0;24216;24216;0
"Rigidbodies Synced";0;0;0;25215;24216;24216;4;5;0;0;0;0;3674;2;1;2;2000;24216;0;0;24216;24216;0
"Scene Object Count";0;0;0;25215;24216;24216;5;5;0;0;0;0;2000;1;1;1;2000;24216;0;0;24216;24216;0
"Scenes";0;0;0;25215;24216;24216;5;5;0;0;0;0;2000;1;1;1;2000;24216;0;0;24216;24216;0
"ScheduleJob";0;0;0;25215;24216;24216;4;24;0;0;0;0;49046;26;6;39;2000;24216;0;0;24216;24216;0
"Scripting Reads";0;0;0;25215;24216;24216;5;5;0;0;0;0;2000;1;1;1;2000;24216;0;0;24216;24216;0
"Shapecast Queries";0;0;0;25215;24216;24216;5;5;0;0;0;0;2000;1;1;1;2000;24216;0;0;24216;24216;0
"Solver Continuous Islands";0;0;0;25215;24216;24216;5;5;0;0;0;0;2000;1;1;1;2000;24216;0;0;24216;24216;0
"Solver Discrete Islands";0;0;0;25215;24216;24216;5;5;0;0;0;0;2000;1;1;1;2000;24216;0;0;24216;24216;0
"Solver Simulation Count";0;0;0;25215;24216;24216;5;5;0;0;0;0;2000;1;1;1;2000;24216;0;0;24216;24216;0
"Solver World Count";0;0;0;25215;24216;24216;5;5;0;0;0;0;2000;1;1;1;2000;24216;0;0;24216;24216;0
"Static Bodies";0;0;0;25215;24216;24216;5;5;0;0;0;0;2000;1;1;1;2000;24216;0;0;24216;24216;0
"Static Colliders";0;0;0;25215;24216;24216;4;5;0;0;0;0;3674;2;1;2;2000;24216;0;0;24216;24216;0
"Static Shapes";0;0;0;25215;24216;24216;5;5;0;0;0;0;2000;1;1;1;2000;24216;0;0;24216;24216;0
"System Total Used Memory";0;0;0;25215;24216;24216;5;5;0;0;0;0;2000;1;1;1;2000;24216;0;0;24216;24216;0
"System Used Memory";0;0;0;25215;24216;24216;5;5;0;0;0;0;2000;1;1;1;2000;24216;0;0;24216;24216;0
"Texture Count";0;0;0;25215;24216;24216;5;5;0;0;0;0;2000;1;1;1;2000;24216;0;0;24216;24216;0
"Texture Memory";0;0;0;25215;24216;24216;5;5;0;0;0;0;2000;1;1;1;2000;24216;0;0;24216;24216;0
"Texture Reads";0;0;0;25215;24216;24216;5;5;0;0;0;0;2000;1;1;1;2000;24216;0;0;24216;24216;0
"Total Bodies";0;0;0;25215;24216;24216;5;5;0;0;0;0;2000;1;1;1;2000;24216;0;0;24216;24216;0
"Total Callbacks";0;0;0;25215;24216;24216;5;5;0;0;0;0;2000;1;1;1;2000;24216;0;0;24216;24216;0
"Total Contacts";0;0;0;25215;24216;24216;5;5;0;0;0;0;2000;1;1;1;2000;24216;0;0;24216;24216;0
"Total CPU Cache Size";0;0;0;25215;24216;24216;5;5;0;0;0;0;2000;1;1;1;2000;24216;0;0;24216;24216;0
"Total GPU Cache Size";0;0;0;25215;24216;24216;5;5;0;0;0;0;2000;1;1;1;2000;24216;0;0;24216;24216;0
"Total Joints";0;0;0;25215;24216;24216;5;5;0;0;0;0;2000;1;1;1;2000;24216;0;0;24216;24216;0
"Total Queries";0;0;0;25215;24216;24216;5;5;0;0;0;0;2000;1;1;1;2000;24216;0;0;24216;24216;0
"Total Reserved Memory";0;0;0;25215;24216;24216;5;5;0;0;0;0;2000;1;1;1;2000;24216;0;0;24216;24216;0
"Total Shapes";0;0;0;25215;24216;24216;5;5;0;0;0;0;2000;1;1;1;2000;24216;0;0;24216;24216;0
"Total Transform Sync Calls";0;0;0;25215;24216;24216;5;5;0;0;0;0;2000;1;1;1;2000;24216;0;0;24216;24216;0
"Total Used Memory";0;0;0;25215;24216;24216;5;5;0;0;0;0;2000;1;1;1;2000;24216;0;0;24216;24216;0
"Transform Parent Sync Bodies";0;0;0;25215;24216;24216;5;5;0;0;0;0;2000;1;1;1;2000;24216;0;0;24216;24216;0
"Transform Parent Sync Colliders";0;0;0;25215;24216;24216;5;5;0;0;0;0;2000;1;1;1;2000;24216;0;0;24216;24216;0
"Transform Sync Bodies";0;0;0;25215;24216;24216;5;5;0;0;0;0;2000;1;1;1;2000;24216;0;0;24216;24216;0
"Transform Sync Colliders";0;0;0;25215;24216;24216;5;5;0;0;0;0;2000;1;1;1;2000;24216;0;0;24216;24216;0
"Trigger Enter";0;0;0;25215;24216;24216;5;5;0;0;0;0;2000;1;1;1;2000;24216;0;0;24216;24216;0
"Trigger Exit";0;0;0;25215;24216;24216;5;5;0;0;0;0;2000;1;1;1;2000;24216;0;0;24216;24216;0
"Trigger Overlaps";0;0;0;25215;24216;24216;4;5;0;0;0;0;5348;3;1;3;2000;24216;0;0;24216;24216;0
"Trigger Stay";0;0;0;25215;24216;24216;5;5;0;0;0;0;2000;1;1;1;2000;24216;0;0;24216;24216;0
"Video Reserved Memory";0;0;0;25215;24216;24216;5;5;0;0;0;0;2000;1;1;1;2000;24216;0;0;24216;24216;0
"Video Used Memory";0;0;0;25215;24216;24216;5;5;0;0;0;0;2000;1;1;1;2000;24216;0;0;24216;24216;0
"Virtual Texture Reads";0;0;0;25215;24216;24216;5;5;0;0;0;0;2000;1;1;1;2000;24216;0;0;24216;24216;0
"WaitForCompleted";0;0;0;25215;24216;24216;3;24;0;0;0;0;52825;27;8;46;2000;24216;0;0;24216;24216;0
"Object.Unregister";0;0;0;25307;24221;24221;5;15;0;0;0;0;3805;4;4;3550;59;24221;0;0;24221;24221;0
"TextureStreamingManager.RemoveTexture";0;0;0.0012;25308;25308;26017;10;21;0.0011999998241663;0.0005999999;0;0;38;2;2;36;2;25308;0;0.0003;25308;26017;0
"UnityEngine.CoreModule.dll!UnityEngine::MipmapLimitDescriptor.get_groupName()";0;0;0;25308;25308;25308;18;18;0;0;0;0;1;1;1;1;1;25308;0;0;25308;25308;0
"Object.Register";0;0;0;25426;24287;24287;4;21;0;0;0;0;454;5;1;162;64;24287;0;0;24287;24287;0
"Object.SetName";0;0;0;25426;24287;24287;4;18;0;0;0;0;292;2;1;170;64;24287;0;0;24287;24287;0
"UnityEngine.CoreModule.dll!UnityEngine::Vector3Int..ctor()";0;0;0.0001;25474;24616;24563;6;6;0.000199999994947575;3.333333E-05;0;0;6;1;1;1;6;24563;0;0.0001;24616;24563;0
"Assembly-CSharp.dll!::<AttackLoop>d__3..ctor()";0;0;0.0004;25509;24225;24220;12;17;0.00119999996968545;8.571428E-05;0;0.0001;14;1;1;1;14;24220;0;0.0004;24225;24220;0
"TextureStreamingManager.RemoveRenderer";0;0;0.0041;25546;24217;26017;4;19;0.0293999998320942;6.621621E-05;0;0.0001;1022;1;1;196;444;24217;0;0.0015;24217;24463;0
"Physics2D.EffectorFixedUpdate";0;0;0.0007;25709;24216;24819;4;4;0.0765999979121261;5.076209E-05;0;0.0001;1533;1;1;2;1509;24216;0;0.0007;24216;24819;0
"UnityEngine.UI.dll!UnityEngine.UI::ColorBlock.get_selectedColor()";0;0;0.0003;25744;24640;26010;15;19;0.00199999994219979;5.263158E-05;0;0.0001;38;1;1;1;38;24635;0;0.0003;24640;26010;0
"FixedUpdate.ClearLines";0;0;0.0011;25752;24216;26190;2;2;0.0669999982346781;4.002389E-05;0;0.0001;1698;1;1;2;1674;24216;0;0.0011;24216;26190;0
"EarlyUpdate.ClearLines";0;0;0.0004;25770;24216;24452;2;2;0.081599997873127;4.08E-05;0;0.0001;2000;1;1;1;2000;24216;0;0.0004;24216;24452;0
"Physics.WriteRigidbodyPoses";0;0;0.004;25787;24216;26027;5;5;0.0796999981102999;4.761051E-05;0;0.0001;1698;1;1;2;1674;24216;0;0.004;24216;26027;0
"Assembly-CSharp.dll!::PlayerService.set_Gold()";0;0;0.0005;25804;24251;24358;13;18;0.00279999990016222;6.511628E-05;0;0.0001;44;1;1;2;43;24220;0;0.0003;24251;24220;0
"Physics.WriteColliderPoses";0;0;0.0006;25842;24217;25612;5;5;0.0802999978041044;4.796894E-05;0;0.0001;1698;1;1;2;1674;24216;0;0.0006;24217;25612;0
"mscorlib.dll!System.Collections.Generic::ArraySortHelper`1.get_Default()";0;0;0.0001;25904;25904;25308;26;43;9.99999974737875E-05;5E-05;0;0;3;1;1;2;2;25308;0;0.0001;25904;25308;0
"mscorlib.dll!System.Runtime.InteropServices::SafeHandle.SetHandle()";0;0;0;25904;25904;25904;26;27;0;0;0;0;4;4;4;4;1;25904;0;0;25904;25904;0
"mscorlib.dll!System::String.ToString()";0;0;0;25904;25904;25904;21;24;0;0;0;0;3;3;3;3;1;25904;0;0;25904;25904;0
"Newtonsoft.Json.dll!::<>c__DisplayClass24_0..ctor()";0;0;0;25904;25904;25904;36;36;0;0;0;0;1;1;1;1;1;25904;0;0;25904;25904;0
"Newtonsoft.Json.dll!Newtonsoft.Json.Serialization::JsonArrayContract.set_CanDeserialize()";0;0;0;25904;25904;25904;35;35;0;0;0;0;1;1;1;1;1;25904;0;0;25904;25904;0
"Newtonsoft.Json.dll!Newtonsoft.Json.Serialization::JsonObjectContract.get_MemberSerialization()";0;0;0;25904;25904;25904;33;36;0;0;0;0;4;4;4;4;1;25904;0;0;25904;25904;0
"System.Core.dll!System.Linq::EnumerableSorter`1..ctor()";0;0;0;25904;25904;25904;40;43;0;0;0;0;2;2;2;2;1;25904;0;0;25904;25904;0
"System.dll!System.ComponentModel::TypeConverterAttribute.get_ConverterTypeName()";0;0;0;25904;25904;25904;38;41;0;0;0;0;2;2;2;2;1;25904;0;0;25904;25904;0
"UnityEngine.CoreModule.dll!UnityEngine::Logger.get_filterLogType()";0;0;0;25904;25904;25904;21;21;0;0;0;0;2;2;2;2;1;25904;0;0;25904;25904;0
"UnityEngine.CoreModule.dll!UnityEngine::Vector3.Scale()";0;0;0;25904;25904;25904;18;18;0;0;0;0;1;1;1;1;1;25904;0;0;25904;25904;0
"UnityEngine.UI.dll!UnityEngine.EventSystems::UIBehaviour.Start()";0;0;0.0012;25904;25904;26017;4;5;0.0011999998241663;0.0005999999;0;0;25;3;3;22;2;25904;0;0.0001;25904;26017;0
"GfxResource.Unregister";0;0;0;26017;26017;26017;10;10;0;0;0;0;36;36;36;36;1;26017;0;0;26017;26017;0
"Unity.ResourceManager.dll!UnityEngine.ResourceManagement.AsyncOperations::AsyncOperationBase`1.Destroy()";0;0;0;26017;26017;26017;19;19;0;0;0;0;1;1;1;1;1;26017;0;0;26017;26017;0
"UnityEngine.CoreModule.dll!UnityEngine.SceneManagement::SceneManager.Internal_SceneLoaded()";0;0;0;26017;26017;26017;7;7;0;0;0;0;1;1;1;1;1;26017;0;0;26017;26017;0
"UnityEngine.UI.dll!UnityEngine.EventSystems::BaseInputModule.DeactivateModule()";0;0;0;26017;26017;26017;14;14;0;0;0;0;1;1;1;1;1;26017;0;0;26017;26017;0
"UnityEngine.UI.dll!UnityEngine.EventSystems::EventSystem.get_firstSelectedGameObject()";0;0;0;26017;26017;26017;7;7;0;0;0;0;1;1;1;1;1;26017;0;0;26017;26017;0
"UnityEngine.UI.dll!UnityEngine.UIElements::UIToolkitInteroperabilityBridge.get_createDefaultPanelComponents()";0;0;0;26017;26017;26017;8;8;0;0;0;0;1;1;1;1;1;26017;0;0;26017;26017;0
"UnityEngine.UI.dll!UnityEngine.UIElements::UIToolkitInteroperabilityBridge.get_overrideUIToolkitEvents()";0;0;0;26017;26017;26017;8;8;0;0;0;0;1;1;1;1;1;26017;0;0;26017;26017;0
"CullingGroupSendEvents";0;0;0.0029;26177;24216;24812;5;5;0.14709999626939;7.355E-05;0;0.0001;2000;1;1;1;2000;24216;0;0.0029;24216;24812;0
"RenderTarget.SetActive";0;0;0.0015;26211;24241;25051;4;8;0.0264999993378296;8.30721E-05;0;0.0001;531;2;1;3;319;24226;0;0.0015;24241;25051;0
"UnityEngine.UI.dll!UnityEngine.EventSystems::StandaloneInputModule.ShouldIgnoreEventsOnNoFocus()";0;0;0;26215;26215;26215;6;6;0;0;0;0;1;1;1;1;1;26215;0;0;26215;26215;0
